lm_0_x,lm_0_y,lm_0_z,lm_5_x,lm_5_y,lm_5_z,lm_6_x,lm_6_y,lm_6_z,lm_7_x,lm_7_y,lm_7_z,lm_8_x,lm_8_y,lm_8_z,lm_9_x,lm_9_y,lm_9_z,lm_10_x,lm_10_y,lm_10_z,lm_11_x,lm_11_y,lm_11_z,lm_12_x,lm_12_y,lm_12_z,lm_13_x,lm_13_y,lm_13_z,lm_14_x,lm_14_y,lm_14_z,lm_15_x,lm_15_y,lm_15_z,lm_16_x,lm_16_y,lm_16_z,lm_17_x,lm_17_y,lm_17_z,lm_18_x,lm_18_y,lm_18_z,lm_19_x,lm_19_y,lm_19_z,lm_20_x,lm_20_y,lm_20_z,dist_8_12,dist_8_16,dist_8_20,dist_12_16,dist_12_20,dist_16_20,label
0.0,0.0,0.0,-0.0415189266204834,-0.195474773645401,-0.049795785969223516,-0.028859972953796387,-0.3027039170265198,-0.053610874390329855,-0.03308945894241333,-0.28178298473358154,-0.037637462889875906,-0.036970317363739014,-0.2399185597896576,-0.02340293866964771,0.008394122123718262,-0.19178083539009094,-0.05242822883101894,0.01899397373199463,-0.32994014024734497,-0.06148934555622532,0.017618179321289062,-0.40387338399887085,-0.05794629273387386,0.009660899639129639,-0.4517374038696289,-0.055834299003805654,0.049179792404174805,-0.17232200503349304,-0.05148233664604618,0.0741167664527893,-0.2881684899330139,-0.063138077085938,0.08040237426757812,-0.3476833701133728,-0.06763547850223972,0.06741631031036377,-0.38338902592658997,-0.07072227639528705,0.038607720295958575,0.10691407282592519,-0.12386792603590809,0.09383948017803917,0.15982033655580552,0.1026952858386374,0.05428060177504529,-0.1213770141146453,-0.07448032840921598,0.06192430421459466,-0.1793664222982809,0.1123881819401884,0.21930227139650837,0.1836285991165688,0.17856633492450774,0.0907129544224895,0.32437049519786904,0.27419851362481523,a_minor
0.0,0.0,0.0,-0.04140028357505798,-0.19501477479934692,-0.05042157705939587,-0.02964729070663452,-0.30193793773651123,-0.054175257795222365,-0.03334733843803406,-0.28066548705101013,-0.03808579232610043,-0.03695493936538696,-0.2389506995677948,-0.023746619113452994,0.008728265762329102,-0.19125914573669434,-0.052609004192717634,0.018758654594421387,-0.3296073079109192,-0.06151185941017445,0.017187535762786865,-0.40328149497509,-0.057841338329680525,0.008869707584381104,-0.4509143829345703,-0.055572282635338865,0.04943341016769409,-0.1718125343322754,-0.051268845909007155,0.07416510581970215,-0.28708726167678833,-0.06302824255145367,0.0804598331451416,-0.34711048007011414,-0.06791017588294324,0.06763571500778198,-0.3833591789007187,-0.07115152116931256,0.14415629326020357,-0.09534785774649453,0.14685988721369309,-0.02985208706507167,0.15731419734573554,-0.03190123527681124,-0.10775579629044044,-0.11197414669970428,0.1265354800574527,0.1353219542267216,-0.14496226584969546,0.06414211874499576,0.21918342590873482,0.18449996917176117,0.21502926308035233,0.09088378234779283,0.3520346666558056,0.282345327804664,a_minor
0.0,0.0,0.0,-0.04125985503196716,-0.19572240114212036,-0.05042383035127784,-0.029547691345214844,-0.30239516496658325,-0.05410912220780517,-0.03350478410720825,-0.2812507748603821,-0.03798499663774635,-0.037155866622924805,-0.23951148986816406,-0.023658521077081218,0.008830845355987549,-0.19168663024902344,-0.05272091140453483,0.018511176109313965,-0.32939767837524414,-0.06145848294202949,0.017017841339111328,-0.40312372148036957,-0.05779143010680343,0.009023904800415039,-0.4508610665798187,-0.05565077771846916,0.04946810007095337,-0.17196443676948547,-0.05145557930175926,0.07381892204284668,-0.28727662563323975,-0.06318672706787254,0.0802871584892273,-0.347572922706604,-0.06822332700197364,0.06780952215194702,-0.3839227557182312,-0.07167980780307914,0.05719918661017537,-0.158349232984195,-0.08588435969891065,0.1609629365651632,0.08861068552272316,-0.1245711507435579,-0.004337862690981575,-0.13002118023403714,-0.014944832529298291,0.11703693918315383,0.0974484791696778,-0.19810045631680967,0.21868863562132337,0.18487398552500364,0.4095698119570289,0.09051749043061566,0.576716641418779,0.5001237694168384,a_minor
0.0,0.0,0.0,-0.041401803493499756,-0.19381138682365417,-0.051588344784605056,-0.028839707374572754,-0.30122244358062744,-0.05524051508508876,-0.03289470076560974,-0.2804044187068939,-0.03863149082862094,-0.03676104545593262,-0.23856663703918457,-0.023898830102908164,0.008846461772918701,-0.18980005383491516,-0.053918145062553435,0.01829630136489868,-0.3281038701534271,-0.06268471053444102,0.016877412796020508,-0.4018182009458542,-0.05862348473273471,0.008994221687316895,-0.4491727948188782,-0.056240003021585494,0.049779415130615234,-0.17044860124588013,-0.05256150236927226,0.073597252368927,-0.28698986768722534,-0.06428315809570506,0.08007502555847168,-0.3467252850532532,-0.06894228926502421,0.06750684976577759,-0.38225647807121277,-0.07218926719032481,-0.16127510563727954,0.0249284362936682,-0.10012201571814608,-0.09763319039638324,-0.017110142102086334,-0.18602736574566855,-0.1099369407707238,-0.16623703923359076,0.10909323039129859,-0.06800272727888182,-0.17344770471477566,0.021517187955779005,0.21793221338717025,0.18398513718197135,0.0853178335783577,0.09031002225249635,0.29664631501454586,0.26597903871826284,a_minor
0.0,0.0,0.0,-0.04067182540893555,-0.1949056088924408,-0.050385643866135865,-0.02787601947784424,-0.3012863099575043,-0.05344598847277382,-0.03165590763092041,-0.280254989862442,-0.03673771130688408,-0.03548544645309448,-0.23831892013549805,-0.02201031441636303,0.009430110454559326,-0.19068148732185364,-0.05267746108420113,0.018883943557739258,-0.32801270484924316,-0.0604938949907563,0.017637431621551514,-0.40173307061195374,-0.05621859910733917,0.009817838668823242,-0.4488601088523865,-0.053782035734727174,0.05046737194061279,-0.17100870609283447,-0.0513705994451783,0.0738946795463562,-0.2867967486381531,-0.06245084958918312,0.08068346977233887,-0.34722527861595154,-0.06734182420022705,0.06823557615280151,-0.3829967826604843,-0.07082465025432327,-0.03936712511044488,0.016450442094942425,-0.016355597598338656,-0.17088717072113876,-0.0791386835954262,0.09566401494107768,-0.137145416450492,-0.05371324038255296,-0.14309385396986088,0.10435457821287836,0.020832334002293285,0.19063209641770612,0.21769111618228704,0.18458757763867203,0.36322362244916706,0.08967196049753487,0.5378535618495468,0.4824335893724408,a_minor
0.0,0.0,0.0,-0.041331201791763306,-0.19586792588233948,-0.04983163378409472,-0.028659462928771973,-0.3014490008354187,-0.05351594961456385,-0.031657636165618896,-0.2814181447029114,-0.0374442053513917,-0.0348166823387146,-0.24027082324028015,-0.023054848753133683,0.008980095386505127,-0.19157862663269043,-0.05189948282412615,0.017972946166992188,-0.3289908468723297,-0.0598598619478139,0.01670551300048828,-0.4022098481655121,-0.05608461550644961,0.008952558040618896,-0.44930166006088257,-0.053921220220843225,0.04985851049423218,-0.1716935932636261,-0.05054768673352328,0.07312148809432983,-0.28715935349464417,-0.0618342881577405,0.07970547676086426,-0.3473964035511017,-0.06726441285780993,0.0673949122428894,-0.3840204328298569,-0.0711283361094388,0.09515445495594593,0.16259284823568382,0.1523527340242969,0.17009980480474995,0.047168291370661336,-0.02258753198315877,-0.1908430725252478,-0.19039662837667815,-0.10524085444473125,-0.08625131141858296,0.049543426806149926,0.040382624721113924,0.21578315511848423,0.18281745132964394,0.30110153377117527,0.08929295734096847,0.5165301662267351,0.4733069583402036,a_minor
0.0,0.0,0.0,-0.04037755727767944,-0.19509384036064148,-0.05064362789224219,-0.02790367603302002,-0.3012082278728485,-0.05337292830179763,-0.03184598684310913,-0.28093230724334717,-0.03621381277869773,-0.03558608889579773,-0.23972666263580322,-0.021249099995003462,0.009645223617553711,-0.19082117080688477,-0.05297112966607642,0.01872885227203369,-0.3284018039703369,-0.06129879261087012,0.017579734325408936,-0.4021073132753372,-0.05699420476983619,0.010050773620605469,-0.44917815923690796,-0.05446416641305518,0.050515174865722656,-0.17105665802955627,-0.051486154447303534,0.07440543174743652,-0.28684699535369873,-0.0626224739355905,0.08121693134307861,-0.3472771942615509,-0.06691520790289474,0.06894552707672119,-0.38324807584285736,-0.06996447722147536,0.14024737016526828,-0.10720604817248357,0.16246704209212054,0.16691309638758173,-0.013269996881795254,-0.005897534143189803,0.14646884038503644,-0.1976261687096341,-0.07008510753842256,-0.08556476097022224,0.083515901498253,0.056717435921766424,0.21692370383602447,0.18411529747713415,0.3362475333041765,0.0897531476671473,0.5525094039881525,0.5077305848314378,a_minor
0.0,0.0,0.0,-0.04081466794013977,-0.19596931338310242,-0.050118580517164446,-0.02880042791366577,-0.3024786412715912,-0.052736751791826464,-0.03218773007392883,-0.28091511130332947,-0.03569227462708113,-0.03556373715400696,-0.23909595608711243,-0.02082007384001372,0.009434819221496582,-0.19203272461891174,-0.05239096289574263,0.01809006929397583,-0.3301756978034973,-0.060105972048631884,0.016989588737487793,-0.4037182182073593,-0.05575758596955893,0.009232521057128906,-0.45142099261283875,-0.05324017634688971,0.05043846368789673,-0.1721651554107666,-0.05096996581255553,0.07437354326248169,-0.28789210319519043,-0.06176080932914374,0.08125114440917969,-0.34819886088371277,-0.06629075115620253,0.06865519285202026,-0.3844236731529236,-0.06956535583435652,0.02221426824045397,0.03505214505836746,0.023665363799811157,0.015886476386560044,-0.04777906264496529,-0.16441032309673417,0.10047267588515724,-0.1007839103832343,-0.15157556531963126,0.07343388774320614,0.017404991889379662,-0.047952230978995036,0.21940758631352317,0.18535866107595206,0.28001673610176775,0.09102860112819108,0.4732310023604205,0.4024378699135508,a_minor
0.0,0.0,0.0,-0.040588200092315674,-0.196147620677948,-0.050603122044819315,-0.028313159942626953,-0.3037319779396057,-0.05389729567291113,-0.0320395827293396,-0.2817702293395996,-0.03741386957885595,-0.035606443881988525,-0.23969456553459167,-0.022852568481582125,0.0095328688621521,-0.19179776310920715,-0.0525943046105084,0.01833033561706543,-0.33015191555023193,-0.06025152706028791,0.017039716243743896,-0.40306873619556427,-0.055775147457140406,0.009405076503753662,-0.45025834441185,-0.053222090531605204,0.05038803815841675,-0.17184123396873474,-0.0511655477476296,0.07506060600280762,-0.2866719365119934,-0.06184515037061544,0.08154082298278809,-0.3475976586341858,-0.06629736029030653,0.06893050670623779,-0.3845774978399277,-0.06960237078787657,0.13741500792351374,-0.0837096743784107,-0.03650153231483064,0.061891735590476615,-0.042733593880571574,-0.1227601747161915,-0.1290271463474124,-0.11908776895191027,0.14829799949478917,0.07014263238396873,-0.10736541352646345,-0.07802348729721778,0.21745217821869214,0.18467425951484265,0.1781507841275334,0.09014191049932989,0.3491127640562545,0.27734261147782124,a_minor
0.0,0.0,0.0,-0.0400579571723938,-0.19782376289367676,-0.049089195371252003,-0.02773374319076538,-0.30500322580337524,-0.052816184402090016,-0.032212913036346436,-0.2837770879268646,-0.037178861141782704,-0.036065131425857544,-0.2421393096446991,-0.02331182935891718,0.009885430335998535,-0.19327032566070557,-0.05136246809421152,0.019145071506500244,-0.33059829473495483,-0.05924724990187258,0.017733871936798096,-0.40371696650981903,-0.05542823502479166,0.01014697551727295,-0.45127053558826447,-0.05336914414225191,0.05039137601852417,-0.17271322011947632,-0.050385365427118245,0.07595670223236084,-0.28705859184265137,-0.06138742172775835,0.08262163400650024,-0.3483826816082001,-0.06647427210269541,0.07041573524475098,-0.3863663673400879,-0.07029779830632776,0.19956818446089508,-0.04866106516232577,-0.16839841003204714,0.05878904793046713,-0.18123702638304554,-0.032963805199257346,0.04243520816348506,-0.19580838296002262,-0.18809889584761452,0.17113831396030066,0.03295994669674726,-0.13552195080265367,0.21627498853257718,0.18533024690082284,0.36222089941626723,0.09017457394899614,0.5168621234621802,0.4361579823592509,a_minor
0.0,0.0,0.0,-0.041277676820755005,-0.19966721534729004,-0.04679070913107353,-0.029479026794433594,-0.3066730499267578,-0.05051916965157943,-0.03377756476402283,-0.28595712780952454,-0.03550517686517196,-0.037563055753707886,-0.2447536587715149,-0.02212068007202106,0.008885622024536133,-0.19527879357337952,-0.04928190016062217,0.017478227615356445,-0.3325430750846863,-0.05690972261936622,0.01640939712524414,-0.40555913746356964,-0.05352817975790458,0.009000539779663086,-0.4534837603569031,-0.05179095768244224,0.049585700035095215,-0.17452269792556763,-0.048629449092459254,0.0743747353553772,-0.28837350010871887,-0.05966413148553329,0.08159184455871582,-0.3500462770462036,-0.06524853908331352,0.07013458013534546,-0.38925088942050934,-0.06941668444187599,0.07435973278811836,-0.03833133640092706,0.16299455517557782,-0.12879402787441774,0.06925988825513407,-0.03768643926614476,0.18234517622586555,-0.07948691767192023,0.1415205008041296,0.18934670465826003,0.1479253501776508,-0.06588308279289001,0.215909122341603,0.18632000018965528,0.4556314204830689,0.09040961698149061,0.6280256725727936,0.5502566031977268,a_minor
0.0,0.0,0.0,-0.04056289792060852,-0.20002493262290955,-0.044781024061109065,-0.028543829917907715,-0.30759739875793457,-0.04970930372920179,-0.03424796462059021,-0.2872870862483978,-0.03629019712653303,-0.038522183895111084,-0.24555230140686035,-0.023872660897637843,0.008974194526672363,-0.19545406103134155,-0.04800129165496969,0.018291592597961426,-0.333048015832901,-0.05636328314986372,0.01659977436065674,-0.40635351836681366,-0.0535126053318038,0.00896751880645752,-0.4541061222553253,-0.05201355969157362,0.04924887418746948,-0.1748121678829193,-0.04836818432059431,0.07499831914901733,-0.28992414474487305,-0.05997661729898596,0.08171647787094116,-0.3514474630355835,-0.06526412671055937,0.0700225830078125,-0.3905239403247833,-0.06900956337895536,0.07952638458577965,0.07949814244058467,0.09190692865490668,-0.17898017216917578,-0.11197322881945407,0.1250416326617863,-0.14403280984190234,0.0791767560476328,0.014897252566178076,0.1487858473113836,-0.18452267063329075,0.056737063861124926,0.21573566751491866,0.18664426719877206,0.21285403945543274,0.08977348642567923,0.32256952816015033,0.25387475097086154,a_minor
0.0,0.0,0.0,-0.0420362651348114,-0.19985324144363403,-0.04672647727439028,-0.029820501804351807,-0.30725643038749695,-0.050672546902390536,-0.03429025411605835,-0.2876353859901428,-0.035809957364293155,-0.038094162940979004,-0.24675890803337097,-0.022414258623214778,0.008210599422454834,-0.1955491602420807,-0.0493458518178187,0.016853630542755127,-0.33298519253730774,-0.05725746316620928,0.01500767469406128,-0.40628448128700256,-0.054013621935339984,0.007020235061645508,-0.45379987359046936,-0.052403819689246234,0.048663198947906494,-0.17501816153526306,-0.04872082261154276,0.07389235496520996,-0.2888854444026947,-0.05959495989391428,0.08049160242080688,-0.3504002094268799,-0.06460301665374857,0.06849771738052368,-0.3891134709119797,-0.06841340748378855,-0.10928941684027622,0.08470919888774409,0.08416216236143692,0.09591066595885389,-0.025292155570921848,0.15668025654737366,-0.04068184769738306,0.15592288395019754,-0.009602014759100108,-0.0007199672278147273,-0.18252055297354852,-0.09463266561661979,0.2140108504232625,0.1836915137362925,0.10362864022394008,0.09066486874805949,0.27465552234429536,0.21945197903388977,a_minor
0.0,0.0,0.0,-0.041401028633117676,-0.1980048418045044,-0.04768805068272286,-0.029183268547058105,-0.3056945204734802,-0.050536705668150717,-0.034341633319854736,-0.2856582999229431,-0.03428729113477402,-0.03834977746009827,-0.24502328038215637,-0.020092789570867353,0.008733272552490234,-0.193980872631073,-0.05006244268554383,0.01728832721710205,-0.33148860931396484,-0.05804920804041558,0.015223503112792969,-0.4046211987733841,-0.05411291729944878,0.0074266791343688965,-0.4521481692790985,-0.05190717663901978,0.04898256063461304,-0.17389008402824402,-0.048933031524597936,0.07401198148727417,-0.28709933161735535,-0.05966529857653313,0.08016067743301392,-0.34870487451553345,-0.06402731176751786,0.06804776191711426,-0.3875003457069397,-0.06727968391317063,-0.04193176030829884,0.012100395427618038,0.0717532893488752,-0.10160259677739569,0.05325274400821972,-0.07011511399733147,-0.05159419673410634,0.1084330587108907,-0.046198244753343415,0.012464807668730593,0.10785460365532779,-0.07075523806179165,0.2144955915711043,0.18397487199821544,0.3600994401435285,0.08994760002503269,0.5603425183338955,0.49847574678946266,a_minor
0.0,0.0,0.0,-0.04279246926307678,-0.19934415817260742,-0.04735407622294474,-0.030833423137664795,-0.30712077021598816,-0.05152826027708102,-0.03531205654144287,-0.2870357930660248,-0.036766138093042855,-0.0392153263092041,-0.24609875679016113,-0.02346017041938353,0.00734555721282959,-0.19534099102020264,-0.04958650858836222,0.015978872776031494,-0.33285951614379883,-0.057199161665010934,0.01428920030593872,-0.40553879737854004,-0.05366738902168322,0.006399393081665039,-0.45282500982284546,-0.05182180570201922,0.04789382219314575,-0.17512866854667664,-0.04881202446060229,0.07282030582427979,-0.28896620869636536,-0.05974429117279101,0.07901990413665771,-0.35013389587402344,-0.06522278504209567,0.06676459312438965,-0.3887293338775635,-0.06931243108348895,0.07487677164173284,-0.17173522491270177,0.003494628093009128,-0.016434149229355516,0.12805800701838838,0.17986044979931637,0.035503096504724,-0.17434432891517593,-0.1612768342997828,-0.04418236857811078,0.13128899269937172,-0.00041524985611193777,0.2135903290740159,0.18351472597981205,0.37812333085574473,0.08976711551183802,0.5885493322900549,0.5361670540680116,a_minor
0.0,0.0,0.0,-0.04249930381774902,-0.19780656695365906,-0.046420881729673624,-0.031104981899261475,-0.30594944953918457,-0.04984249008829522,-0.0360962450504303,-0.2869229316711426,-0.03431319279606271,-0.04018983244895935,-0.24579110741615295,-0.020423494484376192,0.007301390171051025,-0.19450801610946655,-0.048926012795519114,0.015831291675567627,-0.3314483165740967,-0.05661656541759896,0.013480782508850098,-0.4043194055557251,-0.05286056382591653,0.005124449729919434,-0.45077528059482574,-0.05081441087658334,0.04783350229263306,-0.17503997683525085,-0.04820808229978013,0.07343143224716187,-0.2886595129966736,-0.05889892039830613,0.07940363883972168,-0.3500578701496124,-0.06365258080894876,0.06687861680984497,-0.38778406381607056,-0.06713539196188378,0.08811279015520568,-0.12850627628255634,0.017366806590923684,-0.14679257920316316,-0.09442346052053502,-0.04339488841639105,-0.12208709399716461,-0.0814789768765043,-0.06778560953244211,0.010143040342715404,-0.044554611764209134,-0.019758229867506583,0.2121214350844565,0.183868577684778,0.2074366598331842,0.08970978188910184,0.4074369944123887,0.3510982453402401,a_minor
0.0,0.0,0.0,-0.042450934648513794,-0.1961033046245575,-0.04883115410927985,-0.030340611934661865,-0.30446600914001465,-0.05281643614296172,-0.03547745943069458,-0.28565460443496704,-0.0368628133845732,-0.039803653955459595,-0.24536395072937012,-0.022660792322199086,0.006996035575866699,-0.1923806071281433,-0.051232129783670644,0.015654802322387695,-0.3299737572669983,-0.06046287760261748,0.013061046600341797,-0.40298694372177124,-0.05696648776654456,0.0045623779296875,-0.4505443572998047,-0.05480476141099189,0.04751121997833252,-0.17266881465911865,-0.05021597117308829,0.07279801368713379,-0.2862854301929474,-0.06199758544687484,0.07892489433288574,-0.34718984365463257,-0.06665399715427611,0.06660467386245728,-0.3852282762527466,-0.06983985796694014,0.06957473319317198,-0.11044802507983742,-0.0657775708241731,-0.009272232319643026,-0.04638996374716689,0.08997269860094959,0.17791086496973396,-0.06211843179748433,-0.1008006891356068,-0.1029231626087316,0.09579306521997294,0.07410245128594417,0.21236896848274228,0.1819632545824158,0.3601878776661697,0.09133176367727676,0.5715372167721743,0.5299439656075629,a_minor
0.0,0.0,0.0,-0.0426325798034668,-0.1948896050453186,-0.04794566105094589,-0.02986198663711548,-0.30478161573410034,-0.05134748439279235,-0.03506118059158325,-0.2860804498195648,-0.03534305985060371,-0.03930595517158508,-0.2454777956008911,-0.02118563982632793,0.0073503851890563965,-0.1916983425617218,-0.050254487944513926,0.0164337158203125,-0.3296140432357788,-0.058649824512869486,0.014057576656341553,-0.4028889685869217,-0.05504423524227775,0.0055310726165771484,-0.45064476132392883,-0.052999058319002756,0.04813450574874878,-0.17278185486793518,-0.04916943381515182,0.07402986288070679,-0.286935955286026,-0.0603384315499369,0.08011215925216675,-0.347905695438385,-0.06505528236714042,0.06726664304733276,-0.3855918347835541,-0.06848326469746269,0.13314385575228288,-0.06519794493635095,-0.13410115331006306,-0.014489693740376453,0.08089598455622382,0.1399054067462892,-0.004371215221954522,-0.006152864150520937,-0.12048452639731631,0.06870144609930573,0.08146437829235509,-0.12688758494158497,0.2124051234812019,0.18228200126634084,0.3601800730197073,0.0910105738639688,0.5409160257522284,0.4706958991278605,a_minor
0.0,0.0,0.0,-0.04110002517700195,-0.1954157054424286,-0.0487764122129164,-0.02889859676361084,-0.30491048097610474,-0.052750507199831986,-0.03497898578643799,-0.28738144040107727,-0.03718026151663878,-0.03984707593917847,-0.2476334571838379,-0.02332399954802611,0.008614838123321533,-0.19180312752723694,-0.050845803523131394,0.017165064811706543,-0.32956600189208984,-0.05947458913333037,0.014669060707092285,-0.40304021537303925,-0.056303145194121385,0.006128907203674316,-0.4502549469470978,-0.054616274142333054,0.04913067817687988,-0.1724858582019806,-0.049672303551503205,0.07419872283935547,-0.2864815890789032,-0.06142793392545798,0.08020639419555664,-0.3484240472316742,-0.06731571798927405,0.06751656532287598,-0.38665610551834106,-0.07156444882757285,0.13466095518827037,-0.11553871899948605,-0.1712572468337608,-0.013124112376162678,0.14610094659457368,0.15861890227187292,0.19780282774756802,-0.14650773631747974,-0.13674731845635782,-0.19023053087949313,-0.17676916698955802,0.10343356838681939,0.21011536257285002,0.18215759430141412,0.2090560024808705,0.09000276565529267,0.3719290973919774,0.375646640600854,a_minor
0.0,0.0,0.0,-0.04119902849197388,-0.19408443570137024,-0.05011300805918495,-0.030221223831176758,-0.30367791652679443,-0.054379203058402936,-0.03655502200126648,-0.2860604524612427,-0.03897198352925102,-0.041351914405822754,-0.24596795439720154,-0.02508525241128723,0.008344948291778564,-0.19114619493484497,-0.051446807272355954,0.016427457332611084,-0.32970619201660156,-0.060630027837675016,0.01394808292388916,-0.4036407172679901,-0.0578195347260646,0.005570530891418457,-0.451171338558197,-0.05626221809498588,0.04900240898132324,-0.17251351475715637,-0.04958974260799209,0.07327914237976074,-0.2883932590484619,-0.06166212324015419,0.07894188165664673,-0.34886497259140015,-0.0672160467874221,0.06563669443130493,-0.38450437784194946,-0.07097215268723289,-0.17081497349585917,0.09008856814477706,-0.019005575545511716,-0.06855292134546742,-0.07839844976585071,-0.12488234279022464,-0.10633365546255674,-0.12607998165515544,0.11674501642681745,-0.14634219400595858,-0.037985175596180365,0.1549765383278816,0.2127960242416202,0.18095444360031893,0.2944521074343083,0.09093299637233047,0.48828484869397687,0.4648262230550098,a_minor
0.0,0.0,0.0,-0.03923866152763367,-0.19297978281974792,-0.05219353381723124,-0.028124630451202393,-0.30259525775909424,-0.05534326676458079,-0.035095155239105225,-0.28384044766426086,-0.038237616607844416,-0.039989084005355835,-0.24328529834747314,-0.023385361025034967,0.010442554950714111,-0.19010397791862488,-0.05322737638086039,0.01799321174621582,-0.32912182807922363,-0.062478166261612955,0.014842331409454346,-0.40284202992916107,-0.05919126067489344,0.0061255693435668945,-0.44985541701316833,-0.057233765909373346,0.0508686900138855,-0.1713920533657074,-0.05067361537545878,0.07483452558517456,-0.2857936918735504,-0.06297948975294787,0.0805472731590271,-0.3480468988418579,-0.06913655270069796,0.06733381748199463,-0.3856646418571472,-0.07325716335505206,-0.06791707448028692,-0.09615995304066219,0.021429841037740482,0.19393521773500438,-0.021227536940043062,0.044754793716129754,0.15934987935231348,0.06361786361500016,0.0879716854765133,-0.17712988519677855,-0.19204298760133898,-0.09138915572274647,0.21434432507595064,0.1851412415145626,0.1614245639774728,0.0901313182029886,0.31814525146750433,0.3123789622740198,a_minor
0.0,0.0,0.0,-0.03997403383255005,-0.19212934374809265,-0.05235233730888922,-0.02993321418762207,-0.30245882272720337,-0.055238725759750196,-0.03544509410858154,-0.2850554585456848,-0.0379289594969805,-0.03937327861785889,-0.24577736854553223,-0.02287937342441637,0.010128915309906006,-0.19045403599739075,-0.052616784491306134,0.016002953052520752,-0.3302803039550781,-0.06144553623414595,0.013105928897857666,-0.402993381023407,-0.05769781968808729,0.004314124584197998,-0.4489717483520508,-0.05525602973318655,0.05075353384017944,-0.17246392369270325,-0.049464391686683484,0.07353830337524414,-0.28887486457824707,-0.061409315236574,0.07954692840576172,-0.35033196210861206,-0.06710332087493498,0.06661766767501831,-0.38695746660232544,-0.07079258761621077,-0.04508291433096395,0.020051704571395934,0.019487181074773124,-0.1441892804492262,0.06405010369449948,-0.19396551212346377,-0.12296918870250631,0.0619453776708222,0.04655302404282052,-0.17188567752734318,-0.14709535578644295,-0.0737210327758902,0.21034446286325445,0.18292505809094087,0.17286569883161512,0.08926862412660219,0.35002383203138937,0.3382694985789005,a_minor
0.0,0.0,0.0,-0.03926581144332886,-0.19235765933990479,-0.05330687142578938,-0.02955186367034912,-0.3012150228023529,-0.05586281172601559,-0.0359421968460083,-0.2842075526714325,-0.038249613117855574,-0.04032498598098755,-0.24553817510604858,-0.023197903629821326,0.010877430438995361,-0.19007864594459534,-0.05390875540344098,0.0166967511177063,-0.3292255401611328,-0.06305321804849484,0.01349574327468872,-0.4019170254468918,-0.05934602148501256,0.004458308219909668,-0.4475165605545044,-0.05701923869220593,0.05128300189971924,-0.1719818115234375,-0.050817159336489226,0.0750952959060669,-0.28808435797691345,-0.06319994233219006,0.08058828115463257,-0.3503384590148926,-0.06902716062633374,0.06699550151824951,-0.3876294195652008,-0.07282943032352307,-0.10981546343133904,0.03443876785803615,0.10827520952726782,-0.02811816522265312,-0.00044413967933634724,-0.13518872442311852,0.07481223248751823,0.0933376887562321,0.1828006746960225,0.018422027364799476,-0.0766077236807222,-0.09230834018901009,0.2096298984716903,0.1848537184667165,0.19174191361623646,0.08801893183245078,0.3728453719812961,0.3153938896550482,a_minor
0.0,0.0,0.0,-0.03872904181480408,-0.19199272990226746,-0.05301193548925198,-0.029137074947357178,-0.3013307452201843,-0.05568254395015515,-0.034339308738708496,-0.2824283838272095,-0.03816269739158429,-0.037906497716903687,-0.24273523688316345,-0.023208212392404448,0.011875033378601074,-0.18990370631217957,-0.05360420076735295,0.018047034740447998,-0.3293865919113159,-0.06295079393871106,0.015559554100036621,-0.40153253078460693,-0.05931072710640706,0.007131338119506836,-0.44812920689582825,-0.057007551478221785,0.052263081073760986,-0.17158806324005127,-0.0505746047068385,0.07572847604751587,-0.2883761525154114,-0.06297270609624661,0.08191359043121338,-0.3494240641593933,-0.06832427187450207,0.0695226788520813,-0.3867641091346741,-0.07181395246274747,-0.10436742723251619,0.04983117685485641,-0.17884308106795663,-0.14356884123889266,0.1062593154585712,-0.11124242350241481,0.034337241691745846,0.16934857531114117,0.17789311954015963,0.16794337376705654,-0.1513940570044744,-0.026758622056632264,0.2129729675264656,0.18613936173769874,0.22523318170371304,0.08875575548525728,0.33886170884492883,0.25906693618700893,a_minor
0.0,0.0,0.0,-0.038637131452560425,-0.1918046772480011,-0.05292826343641366,-0.028923213481903076,-0.30145353078842163,-0.056124406050301445,-0.03488302230834961,-0.28343185782432556,-0.03913362894520844,-0.03932592272758484,-0.24410101771354675,-0.02438947942421521,0.011867702007293701,-0.1894102692604065,-0.05347755376563157,0.0184057354927063,-0.3295341730117798,-0.06266589660511102,0.01587080955505371,-0.4023393243551254,-0.05896539438829507,0.007476627826690674,-0.4487072825431824,-0.05654960323438729,0.05226099491119385,-0.17088410258293152,-0.050547899793244255,0.07544964551925659,-0.2873245179653168,-0.06265106249914254,0.0811612606048584,-0.34889817237854004,-0.06822179455623711,0.06825250387191772,-0.3864981234073639,-0.07187431503400887,-0.15975667584335151,0.16218153824249665,-0.0663668430862209,0.11154208773750962,0.12561451960926517,0.13522420283389935,-0.04897507564278675,-0.09380054785549818,-0.15332735009973977,-0.03598774833516036,-0.14251418127474672,-0.008347915323359878,0.2123404716708666,0.18467502048866766,0.10289975959505251,0.08830930517896657,0.3129964376426567,0.2728182502307437,a_minor
0.0,0.0,0.0,-0.038905560970306396,-0.1917402148246765,-0.052127764397255305,-0.027835428714752197,-0.30049416422843933,-0.056123216473451976,-0.03356051445007324,-0.2840653359889984,-0.04021240102588308,-0.03810691833496094,-0.24594157934188843,-0.026104413741222743,0.011526167392730713,-0.18880590796470642,-0.0528514802688278,0.018491685390472412,-0.32822561264038086,-0.0620961196952976,0.01611870527267456,-0.4016979783773422,-0.05875418039499891,0.007700145244598389,-0.44810909032821655,-0.0565603345864929,0.05185490846633911,-0.17052298784255981,-0.05031495245634687,0.0755046010017395,-0.2865055501461029,-0.06259524899064672,0.08116680383682251,-0.3490277826786041,-0.06881553011476171,0.06812626123428345,-0.3874094486236572,-0.07285639720498693,0.10160245211819169,0.11045965664979451,0.1556509097583132,0.010298037365514212,0.12412456778651187,-0.1594128068458269,-0.04948397597636528,0.11843342225340969,0.04325674994600423,0.05628831285314101,-0.07276165210138039,-0.06796947362582234,0.2095174281216774,0.18298741606545252,0.2016294376057821,0.08718557021392145,0.37865112949603513,0.31490832777217453,a_minor
0.0,0.0,0.0,-0.039449989795684814,-0.19172260165214539,-0.05056594807055603,-0.028772830963134766,-0.30027318000793457,-0.05484313267615448,-0.03448605537414551,-0.28250083327293396,-0.0394552101507486,-0.03876495361328125,-0.24352550506591797,-0.02565097186115395,0.010860323905944824,-0.1888514757156372,-0.051594288380414355,0.01822739839553833,-0.3283722996711731,-0.06108815345314156,0.015877723693847656,-0.4017118662595749,-0.05807493376877915,0.00766909122467041,-0.44882550835609436,-0.05599665019062172,0.05124354362487793,-0.17011621594429016,-0.04941207292822014,0.07511043548583984,-0.2855145335197449,-0.06175200390961777,0.08103364706039429,-0.34709298610687256,-0.06775526452210556,0.06841826438903809,-0.38509371876716614,-0.07149473327544342,0.1705385291596101,0.04661886564966769,0.008032320792223935,0.05772942123120328,0.19640220698206057,0.11926105216000948,0.1673021366606578,-0.11164887610087382,-0.05107660838080888,0.09920209048774425,0.16080859844180678,0.1127043621108701,0.21266187261527364,0.18338879958303145,0.44906922735351185,0.0894001880516243,0.6391338401907043,0.5769629889555635,a_minor
0.0,0.0,0.0,-0.039864152669906616,-0.19309386610984802,-0.05060748345071886,-0.029178380966186523,-0.30212414264678955,-0.05495041943008516,-0.03482985496520996,-0.2825630009174347,-0.039417303715296725,-0.038915932178497314,-0.24189966917037964,-0.02552336974854086,0.010589897632598877,-0.19058817625045776,-0.05191174856240366,0.017514824867248535,-0.32990705966949463,-0.06163001394683931,0.015083074569702148,-0.40304267406463623,-0.058800570283480624,0.007027268409729004,-0.45038041472435,-0.056965689722844104,0.050968945026397705,-0.17165157198905945,-0.049898106221505145,0.07418137788772583,-0.2876109182834625,-0.062485370401688556,0.08011651039123535,-0.34884363412857056,-0.06848759538347338,0.06748461723327637,-0.38665664196014404,-0.07236163652355287,0.10799163671816919,-0.0236593161866622,-0.1164641625891803,-0.15464524420313547,-0.09691544414725893,-0.07317267712685524,-0.1437144430202496,0.1238437027704185,0.16496328093877838,0.04255702407239892,-0.04115160523184086,0.09922037048104276,0.21578604781680347,0.1856595845111991,0.24999725698854766,0.08917872739597987,0.4394595174280761,0.3865688818737813,a_minor
0.0,0.0,0.0,-0.03948983550071716,-0.19224947690963745,-0.05192097940414442,-0.027811706066131592,-0.30188852548599243,-0.05576780729859365,-0.03356510400772095,-0.28336626291275024,-0.03939821490018858,-0.037878453731536865,-0.24319487810134888,-0.024999539488248956,0.010707259178161621,-0.18947851657867432,-0.053490969472818506,0.018500983715057373,-0.3288118839263916,-0.06296225183575643,0.01605808734893799,-0.40190060436725616,-0.05958608829348577,0.007804930210113525,-0.4487573206424713,-0.05751070671647085,0.05122953653335571,-0.17074620723724365,-0.0514894194242288,0.07487022876739502,-0.2872229516506195,-0.06368658983080877,0.08044689893722534,-0.3487175703048706,-0.06919233047335638,0.06750869750976562,-0.38652947545051575,-0.07292746298878683,0.16430983323640636,-0.13774918074508508,0.1065562223785092,0.06775293734787635,-0.09941125214645963,0.05370390651867002,-0.004769528725725086,0.18294229875713486,-0.1536110012478034,0.0314651272070956,-0.13697933517700628,0.02621671312202639,0.21307244154600077,0.18425076470690255,0.13679685050301807,0.08760434304853264,0.32369058987812993,0.2709316871969459,a_minor
0.0,0.0,0.0,-0.039730072021484375,-0.19349655508995056,-0.050823537656199846,-0.028689563274383545,-0.3024173378944397,-0.05511739293588391,-0.03381669521331787,-0.28322550654411316,-0.0395205263282179,-0.03783285617828369,-0.24306544661521912,-0.025557089620363627,0.01044553518295288,-0.19078248739242554,-0.05222353900326482,0.018093764781951904,-0.3301895260810852,-0.061501471349131975,0.01596611738204956,-0.4028636962175369,-0.058167232223880205,0.007883548736572266,-0.44989606738090515,-0.055994743504655276,0.0509105920791626,-0.171860933303833,-0.0503218118335127,0.07458460330963135,-0.28777045011520386,-0.06244687552107564,0.08059722185134888,-0.34880509972572327,-0.06790019760383359,0.06800752878189087,-0.3868118226528168,-0.0714699868346571,0.13066590152272245,0.09217333030405289,0.191851858138403,0.08183744676873705,-0.028943123601989335,0.04081780789336795,-0.11239286122072674,0.1114175916135085,-0.09705842761521839,-0.1081537268740584,0.13757433735642433,-0.04631437159873525,0.21399847228108437,0.18431820811593913,0.38763711735658246,0.08850987552542361,0.5988988523729329,0.5537566593562698,a_minor
0.0,0.0,0.0,-0.03985586762428284,-0.19336089491844177,-0.05095504410189733,-0.028873860836029053,-0.3016563951969147,-0.05387319810313329,-0.03426468372344971,-0.2832705080509186,-0.03670980222148046,-0.03857022523880005,-0.2438262701034546,-0.021845931183520406,0.010129451751708984,-0.19060185551643372,-0.05225193686408147,0.01785033941268921,-0.3293929994106293,-0.06134355626625165,0.015279054641723633,-0.40141911804676056,-0.05732076428455457,0.0067629218101501465,-0.44759099185466766,-0.05459724180025205,0.05054408311843872,-0.1717771589756012,-0.04997611231726751,0.07429933547973633,-0.28702282905578613,-0.06169264576953992,0.08021587133407593,-0.34883612394332886,-0.0664902683309947,0.06758105754852295,-0.38744698464870453,-0.0695914085916911,0.00526607350252134,-0.03523332874823604,-0.15839265638983344,0.04800056843449499,0.03303220513394142,0.19591296318082763,-0.03157179161327442,0.1073687522178392,-0.03719883534720117,0.07176866149627309,0.0017784689334139903,-0.07075857163110713,0.21130027070220395,0.1848638285247185,0.27365818854706053,0.08683877172813753,0.4543345100947241,0.38924972962429877,a_minor
0.0,0.0,0.0,-0.041331708431243896,-0.19251951575279236,-0.05008486139973911,-0.029915988445281982,-0.30054888129234314,-0.05306824895939144,-0.034316062927246094,-0.2822210192680359,-0.03633072081407818,-0.03831326961517334,-0.2428371012210846,-0.021709388526289786,0.009004175662994385,-0.18975788354873657,-0.05179128650030407,0.017304599285125732,-0.32777953147888184,-0.05983486625751766,0.015039324760437012,-0.39939215779304504,-0.055680299582093085,0.006466507911682129,-0.4450031965970993,-0.053034475477545584,0.04983627796173096,-0.17121517658233643,-0.05000203329524311,0.07295221090316772,-0.286335289478302,-0.06111992377242359,0.07858985662460327,-0.3483335077762604,-0.06649784597954067,0.06566500663757324,-0.3872046619653702,-0.07023745629390987,-0.0017965081965275187,-0.018101491537694858,-0.0912626824109088,-0.08712429965297899,-0.13972390234912233,-0.19667356535127425,-0.12423849277754023,-0.07478298016676713,0.14863029379312093,0.09808169245563525,-0.1731047126753451,0.04303862743092246,0.20942210883152304,0.1844137952784612,0.16630844013755497,0.08450488391769272,0.30257588915912004,0.24437901086110786,a_minor
0.0,0.0,0.0,-0.04067942500114441,-0.19167834520339966,-0.04909023608074392,-0.029336273670196533,-0.29890066385269165,-0.05252024869427885,-0.03325766324996948,-0.28171196579933167,-0.036869872016765726,-0.03725472092628479,-0.24294894933700562,-0.022991329086877954,0.009210944175720215,-0.18897318840026855,-0.05067475478158201,0.017257869243621826,-0.3252605199813843,-0.057901475233890665,0.014961481094360352,-0.3965638726949692,-0.054060667408563745,0.006400942802429199,-0.44159403443336487,-0.05190267751918043,0.04999685287475586,-0.17060315608978271,-0.04894905502901281,0.07204258441925049,-0.2854393720626831,-0.05937914143309797,0.07758116722106934,-0.3478565216064453,-0.06501471589312757,0.06534510850906372,-0.3869355767965317,-0.06924583355889524,-0.10535610181246868,0.04118885496547359,-0.13524778746413313,-0.12340247378922276,-0.06485652918826776,-0.19611022500359307,-0.015449587201706194,-0.10907884057025928,-0.18838051871978811,0.05125432976366617,-0.1256303649608296,0.10585191721689113,0.20543016544974196,0.18275216297292576,0.1954433022954738,0.08223592112639448,0.3559935096441874,0.31486217001236,a_minor
0.0,0.0,0.0,-0.041220664978027344,-0.19117328524589539,-0.04857071878024044,-0.03080463409423828,-0.2983565330505371,-0.051461689338168526,-0.03449606895446777,-0.2798207700252533,-0.0352750869245142,-0.03800088167190552,-0.23955950140953064,-0.02097137288757267,0.008616149425506592,-0.18888592720031738,-0.04922352747627201,0.015432775020599365,-0.32556575536727905,-0.055650204584082985,0.01274782419204712,-0.39561721682548523,-0.05132596583672466,0.003932297229766846,-0.43984661996364594,-0.04880462230750027,0.049157679080963135,-0.17064422369003296,-0.046859715297898674,0.07027584314346313,-0.2863016724586487,-0.05703292430945339,0.07590687274932861,-0.34747153520584106,-0.06285487131782475,0.06345051527023315,-0.38513386249542236,-0.06710837797828617,0.1074487726462176,-0.068060501743751,0.08996216950750296,-0.08600085731601981,-0.08167063030066984,-0.17223888954429617,0.06639094767708714,0.002351236612830876,0.040255874208598164,0.039951212008067616,0.1020732930561905,-0.12514788743405153,0.20651394898355363,0.1833382223809795,0.36557111667444636,0.08289108263344719,0.5484549648598475,0.49121442805801885,a_minor
0.0,0.0,0.0,-0.04140534996986389,-0.19036328792572021,-0.05043193770615062,-0.029464364051818848,-0.2980150878429413,-0.05360906271306476,-0.0326770544052124,-0.2812340259552002,-0.03694392440883121,-0.036681532859802246,-0.24169161915779114,-0.022062294912018388,0.00832599401473999,-0.18720212578773499,-0.05174427179662189,0.015885114669799805,-0.32472097873687744,-0.05861953346101245,0.013296246528625488,-0.395480677485466,-0.0538162819859167,0.004250764846801758,-0.4393570274114609,-0.050797291826881974,0.049405455589294434,-0.16879916191101074,-0.04965945405928096,0.07150489091873169,-0.28497055172920227,-0.059745282661594956,0.07760775089263916,-0.3469499349594116,-0.06471327019897899,0.06551307439804077,-0.3848385363817215,-0.0683322332617422,-0.022832951274195906,-0.08074455348141624,-0.01377937023098394,0.05988272298574093,0.13975487657586755,0.10229872011356445,0.038276110518841,0.07765373801504172,-0.16589401732557874,-0.139323833423118,0.19931075193242964,-0.013547975687315195,0.20389400840468366,0.1818672176566926,0.45286976803931944,0.08386185430119932,0.6556658517822097,0.6214417629365155,a_minor
0.0,0.0,0.0,-0.041306376457214355,-0.18984654545783997,-0.0506453438397898,-0.02932959794998169,-0.2976764440536499,-0.05349418508973258,-0.03272294998168945,-0.2806655764579773,-0.03643733623590606,-0.03680312633514404,-0.24084612727165222,-0.021319331481720383,0.00852513313293457,-0.18697115778923035,-0.051674701153899605,0.015995323657989502,-0.3243127167224884,-0.05843440058794158,0.013051033020019531,-0.39500364661216736,-0.053636010616685326,0.003645777702331543,-0.43887457251548767,-0.050670672088529045,0.04961371421813965,-0.16872012615203857,-0.04929686698284286,0.07134711742401123,-0.28485310077667236,-0.05932076635923522,0.07733458280563354,-0.3465432822704315,-0.0643211080428614,0.06495881080627441,-0.38403691351413727,-0.06797613191571372,-0.10123541759923396,0.010181597878151483,-0.18370747601776563,0.15808147413972012,-0.07339544343094279,-0.1419058196786955,-0.07487539951593122,-0.15397865795822888,-0.06117591032662789,0.06109490116818195,-0.05419968937961914,-0.11275360007779218,0.20423731333657064,0.18175794382159072,0.2297414678296566,0.08405912093868151,0.39386477051179464,0.33288518422642605,a_minor
0.0,0.0,0.0,-0.040886491537094116,-0.18964233994483948,-0.0515365918268742,-0.029065251350402832,-0.2970718741416931,-0.054024925558763925,-0.032533109188079834,-0.2806689739227295,-0.0364119802703442,-0.03688991069793701,-0.241102397441864,-0.02098747725685257,0.00910121202468872,-0.1867920160293579,-0.05237562778492588,0.016823649406433105,-0.32381221652030945,-0.058841327308613245,0.013578176498413086,-0.39391957223415375,-0.05382265719671864,0.003520786762237549,-0.43647967278957367,-0.050805734573799555,0.05024242401123047,-0.16859710216522217,-0.049805266885954325,0.07237029075622559,-0.2850048542022705,-0.0596881714751305,0.0781562328338623,-0.3461265563964844,-0.06476006853480953,0.06524372100830078,-0.3823484927415848,-0.068597363411385,0.03239677303055588,0.17796328982969378,0.13234573827499208,0.1402862742513014,0.017776463791063957,-0.025974292059843862,0.027352438219757136,-0.15412085074735118,-0.055035325676300234,0.06357587214657717,-0.025626931811245424,-0.1230087772228611,0.20172861140882364,0.18068879163515028,0.25871102693555076,0.08400266258890868,0.4214497211028948,0.36085129306317726,a_minor
0.0,0.0,0.0,-0.03985649347305298,-0.18838146328926086,-0.05148312135560218,-0.028533756732940674,-0.29633796215057373,-0.05362857936842147,-0.03306955099105835,-0.2799658179283142,-0.03589205502493087,-0.037658870220184326,-0.24042952060699463,-0.02044623776299659,0.010166406631469727,-0.18602502346038818,-0.05177788495046798,0.01778310537338257,-0.3232725262641907,-0.058121123006174,0.014503419399261475,-0.3934323638677597,-0.05310726596934501,0.00464177131652832,-0.4357219785451889,-0.05006991757971946,0.05103939771652222,-0.16809403896331787,-0.04880444391591254,0.07307791709899902,-0.2834908068180084,-0.05883050023538772,0.07912653684616089,-0.3451196551322937,-0.06428755505902473,0.06636720895767212,-0.38146279752254486,-0.06831427349669639,-0.04133277976850533,0.15032268016070732,0.15943154748163402,0.03328000662512243,-0.09353540449874252,-0.09311350812420899,0.013588077674441756,-0.09995131170660652,0.0880646978098093,-0.19441174060456015,0.0741252376866477,0.09517398186944576,0.2020050761932545,0.18166771642660864,0.3699786392844415,0.08418399432234205,0.566270496171813,0.5498131755453107,a_minor
0.0,0.0,0.0,-0.03894484043121338,-0.18787026405334473,-0.05193248952788565,-0.0294644832611084,-0.2954188883304596,-0.054072266472999786,-0.03349727392196655,-0.2784750461578369,-0.03654359097642157,-0.03724777698516846,-0.23886555433273315,-0.021337272627775405,0.01115560531616211,-0.18612134456634521,-0.05213296230000708,0.018011271953582764,-0.32364407181739807,-0.05824686403435919,0.014945924282073975,-0.3935782164335251,-0.053043125225727294,0.0053637027740478516,-0.4357578307390213,-0.04999033550781462,0.0517536997795105,-0.16851872205734253,-0.049065301223222946,0.07348543405532837,-0.2856212854385376,-0.05885360951585028,0.07859832048416138,-0.3470764756202698,-0.06401319245857451,0.06503176689147949,-0.38318920135498047,-0.06796904097360823,-0.03499868759480659,-0.19941092610272287,-0.11779176853634828,-0.1987290286363512,-0.058777171243620085,0.16252476306730823,0.1524848478761308,0.09072484975679296,0.045181584448785644,-0.15609878001908573,0.18412294350583042,0.18229512399475845,0.2034780202580312,0.18293425596229046,0.4842633407353169,0.08152896737396059,0.6813801012096269,0.6583114314295728,a_minor
0.0,0.0,0.0,-0.038775503635406494,-0.18936875462532043,-0.05139709222147815,-0.028940439224243164,-0.296541303396225,-0.053291562525728864,-0.03343939781188965,-0.2805076241493225,-0.03595165121386401,-0.03743806481361389,-0.24271488189697266,-0.021181519655684156,0.011798679828643799,-0.18785744905471802,-0.05155432554910533,0.018760263919830322,-0.32418638467788696,-0.05805902886221759,0.015420496463775635,-0.39428676664829254,-0.05354915889928691,0.005663394927978516,-0.437071830034256,-0.05113485413620822,0.05215674638748169,-0.1703794300556183,-0.048417608766058606,0.07437729835510254,-0.2864914834499359,-0.05872498038242213,0.07913362979888916,-0.3482629954814911,-0.0646873671097552,0.06545549631118774,-0.38506416976451874,-0.0692763734144961,0.023660202020035742,-0.15110547463396595,-0.06250611657028779,-0.19058711843708354,0.030343410769823498,0.10725025472429439,0.17228811325208482,0.13756711429745988,-0.17474287440062422,-0.03763047543486353,0.12425260211198913,0.022608136070750018,0.20131955038593968,0.18210853806294283,0.3695709746318756,0.0812957983925176,0.5678005864209394,0.5277054621366722,a_minor
0.0,0.0,0.0,-0.0393005907535553,-0.19113048911094666,-0.05073249774605415,-0.029669642448425293,-0.2978461980819702,-0.05210108372003219,-0.034362971782684326,-0.2817859947681427,-0.034197483831945874,-0.03880414366722107,-0.2445896863937378,-0.019144304716888882,0.0112687349319458,-0.18929442763328552,-0.05092800843149803,0.01800316572189331,-0.3257768750190735,-0.0577269537988343,0.014361262321472168,-0.3961833119392395,-0.05326414915353439,0.004234492778778076,-0.43986527621746063,-0.05072456287771843,0.051806747913360596,-0.17121100425720215,-0.04766025456220291,0.07389026880264282,-0.2873431444168091,-0.0579451887550988,0.0787651538848877,-0.34882402420043945,-0.06349713417321823,0.065296471118927,-0.385920912027359,-0.06767586680680893,-0.014908075809934113,-0.17810830739065706,-0.1340894350061268,-0.04087904773433362,-0.13805814485136425,-0.07201832045116183,-0.1342931112259022,0.10950472924973409,0.09627605890052798,0.04338867417311115,0.1576528288010563,-0.015571847944228306,0.20244059107214238,0.1821174507202517,0.4105696807877571,0.08322203032601123,0.599830516990237,0.5465045215429132,a_minor
0.0,0.0,0.0,-0.040244340896606445,-0.19314920902252197,-0.048979333099268274,-0.030823886394500732,-0.2991609275341034,-0.05145930355443795,-0.03540205955505371,-0.28203997015953064,-0.0349300414885505,-0.039633482694625854,-0.24372577667236328,-0.020627867859147386,0.010551750659942627,-0.19116303324699402,-0.049624270256899194,0.01728653907775879,-0.327560156583786,-0.05685220515384515,0.01375889778137207,-0.3979051262140274,-0.052905103620432214,0.003808319568634033,-0.44180677831172943,-0.050542651173017816,0.05122190713882446,-0.17277967929840088,-0.04702750822558244,0.07329428195953369,-0.2882598638534546,-0.05760366698756059,0.07818436622619629,-0.3490467667579651,-0.06310968330159028,0.06485706567764282,-0.38607098162174225,-0.06707396587385972,-0.026396501023653374,-0.15213930912983292,0.03865380479238842,0.17841207529635456,-0.010293424009110819,-0.17338063066782625,-0.11988824484799526,-0.14589641307566006,0.13742957096666508,0.11194471682824253,0.11625695493983351,-0.1390218803110631,0.20498333506665992,0.18258606762842117,0.4081429404192088,0.08430132145991588,0.575288783804988,0.5096342856725343,a_minor
0.0,0.0,0.0,-0.04167941212654114,-0.19351190328598022,-0.048399445847024936,-0.03171336650848389,-0.3002411723136902,-0.05081984145974161,-0.03568917512893677,-0.2851540446281433,-0.03423675267433168,-0.0397627055644989,-0.2482733428478241,-0.019858339116325396,0.008661270141601562,-0.1914447844028473,-0.049629302010288256,0.016255676746368408,-0.3280321955680847,-0.05667863903974535,0.012928009033203125,-0.39833390712738037,-0.05245047552918436,0.003009796142578125,-0.44145573675632477,-0.04988419009779932,0.04947376251220703,-0.17322304844856262,-0.04752128316496851,0.07280349731445312,-0.28917574882507324,-0.05768538384174349,0.07753217220306396,-0.35024863481521606,-0.06284188969468119,0.06389814615249634,-0.3871379494667053,-0.06662665797804834,-0.16385386352120454,0.07468832424981653,-0.1338903983380122,0.14877739621353264,0.10172366463382848,-0.0420725245624943,0.16402490507510542,-0.1161303812453976,0.07289904481139065,-0.05321486638645606,-0.15217590476520237,0.0491339547958444,0.20012615007955034,0.1794887929628513,0.11906139112275792,0.08329539851451472,0.3108836227457059,0.28692009275414476,a_minor
0.0,0.0,0.0,-0.042382508516311646,-0.19263911247253418,-0.048797736001219505,-0.03150671720504761,-0.29774874448776245,-0.05062763957401728,-0.03512418270111084,-0.28336241841316223,-0.03332704870125269,-0.0390586256980896,-0.24715396761894226,-0.01860227627774691,0.008210718631744385,-0.19075381755828857,-0.050439002049174064,0.016295194625854492,-0.3272957503795624,-0.05749922810217356,0.012924611568450928,-0.3977193385362625,-0.05272557778378939,0.0029287338256835938,-0.4408740699291229,-0.04973979858776545,0.04921221733093262,-0.17225360870361328,-0.048459405136313194,0.07360965013504028,-0.28740882873535156,-0.0585423019351623,0.07814747095108032,-0.34791451692581177,-0.0630732011618278,0.0644845962524414,-0.3849576562643051,-0.06643588660379862,-0.1290007541213083,0.1363282947088763,-0.17782779210591704,-0.16235312882241326,-0.12474695897571762,0.16328010691732753,-0.08598596512254693,-0.14628506255227844,-0.18650076979886682,-0.116000664620793,-0.13172896539723639,-0.015454872394336044,0.20064885171476152,0.1788829496989291,0.1387548725006402,0.08482056868045677,0.3330020324787234,0.31511706250305516,a_minor
0.0,0.0,0.0,-0.04238694906234741,-0.1906287968158722,-0.0513296986275833,-0.031045377254486084,-0.2980498671531677,-0.05388788155256918,-0.03411465883255005,-0.2821864187717438,-0.0361895786875408,-0.03806689381599426,-0.24349772930145264,-0.02077716610371283,0.007729053497314453,-0.18765342235565186,-0.05288234374462775,0.0158231258392334,-0.32647234201431274,-0.06096261016070059,0.012385249137878418,-0.397866427898407,-0.05582928678929022,0.001900315284729004,-0.4412369579076767,-0.052247025286547455,0.04911452531814575,-0.16902494430541992,-0.050762076144806656,0.07407212257385254,-0.28338485956192017,-0.061450693970314774,0.07912486791610718,-0.34447991847991943,-0.06578999034105948,0.06508111953735352,-0.3813548684120178,-0.06865239909826926,-0.004254933590097487,0.02356481071431732,-0.1602426594734666,0.15725703464366786,0.12247446841752446,0.12287516065013221,-0.11859855441776884,0.08927163360806112,-0.1396827685377363,-0.076867119310281,0.17651282451568573,0.02739793831954876,0.20417769802324864,0.17870685884088275,0.42454112109709574,0.08858224967947519,0.6278235601382025,0.5836020327607678,a_minor
0.0,0.0,0.0,-0.04264059662818909,-0.18962958455085754,-0.051965006054274454,-0.031092047691345215,-0.29771173000335693,-0.05523521861516656,-0.03379321098327637,-0.28296980261802673,-0.03794470092736901,-0.03754386305809021,-0.24449989199638367,-0.022588802860013857,0.007371723651885986,-0.18658417463302612,-0.053516559661261454,0.015483438968658447,-0.32599249482154846,-0.06197594142042817,0.012127399444580078,-0.39765502512454987,-0.056848436952464,0.0015646815299987793,-0.440993532538414,-0.05310171878420533,0.04884821176528931,-0.16828662157058716,-0.05143192073785485,0.0739896297454834,-0.28340089321136475,-0.06229887938582124,0.07904571294784546,-0.34422996640205383,-0.06637958473049821,0.06472611427307129,-0.38052594661712646,-0.06890218740784348,-0.1607173285370581,-0.05798823632258779,0.011310287521997475,0.05131074518572454,-0.1145787897844524,0.11592387048787922,0.17382453004199833,0.0011578997715478712,-0.19450080419013444,-0.08398372318890189,0.08837040367968102,-0.0535561862184602,0.20265800519953794,0.17637223530725218,0.3375178116551911,0.08885578395373335,0.5362321447460168,0.49215231669894377,a_minor
0.0,0.0,0.0,-0.04248669743537903,-0.1892583668231964,-0.05299150773895178,-0.030820846557617188,-0.29830580949783325,-0.05662342736137305,-0.03284275531768799,-0.2832329273223877,-0.03941665792477522,-0.036357581615448,-0.24394521117210388,-0.023956930428866485,0.007376134395599365,-0.1858961284160614,-0.05485357546818648,0.015816688537597656,-0.32620686292648315,-0.06308584117901717,0.012788891792297363,-0.3976329565048218,-0.057544334024314026,0.0022261738777160645,-0.44028785824775696,-0.053549243301276306,0.04898679256439209,-0.16759654879570007,-0.05299429798138533,0.07422018051147461,-0.28483277559280396,-0.06359285318863783,0.07949674129486084,-0.34534651041030884,-0.06717637383950148,0.06509900093078613,-0.38066500425338745,-0.06944327259076033,-0.19860307406201955,-0.1374560448229703,0.16047394569355394,-0.0004847667833808855,-0.15258341236099554,-0.04000983920943346,-0.00022913412746361494,-0.026935223384060597,-0.147517620456131,-0.14093900115889998,0.038812544233514185,0.10202316517283244,0.20227418577210815,0.17622357187793777,0.32674180333033614,0.08809368460414253,0.5236756985763382,0.49780901083550755,a_minor
0.0,0.0,0.0,-0.042668312788009644,-0.1889658272266388,-0.0527367409165862,-0.030557453632354736,-0.2976900339126587,-0.056761779248333255,-0.032184720039367676,-0.2838028073310852,-0.03986852279267339,-0.035515785217285156,-0.24567106366157532,-0.024608293905473033,0.00723576545715332,-0.1853030025959015,-0.05483449286184339,0.01600092649459839,-0.32522374391555786,-0.06344752049407987,0.013073205947875977,-0.3969479352235794,-0.058227181791878024,0.0027864575386047363,-0.44002528488636017,-0.05440036243162183,0.04901331663131714,-0.16678941249847412,-0.05316299235782651,0.0737043023109436,-0.2829027473926544,-0.06381350046358136,0.07879483699798584,-0.3446652889251709,-0.0674498457308772,0.06487143039703369,-0.38175809383392334,-0.06979545241556195,-0.183131928704948,0.17517309744013104,-0.06693668092808089,0.06739818006078002,0.16526947430092886,0.11501057843890289,-0.006087783668223379,0.014475428056328399,0.14792720975725238,0.12881895381527408,0.05368671516063267,0.006435405670323524,0.20032022477795514,0.1750404299987326,0.3429062517330614,0.08652524604753602,0.5131634435427803,0.446668345818396,a_minor
0.0,0.0,0.0,-0.0435580313205719,-0.18926557898521423,-0.05320769140693926,-0.03190207481384277,-0.2978222072124481,-0.05715621600124621,-0.03310191631317139,-0.2828095555305481,-0.040333430862162345,-0.03614228963851929,-0.24375060200691223,-0.02516906300756716,0.006859540939331055,-0.1864807903766632,-0.05516503716084742,0.015342116355895996,-0.3261270523071289,-0.0632333602962234,0.012263476848602295,-0.3973469138145447,-0.058018874025080436,0.001640617847442627,-0.43996043503284454,-0.05436551908228182,0.04887819290161133,-0.16830351948738098,-0.053346052413914435,0.07240009307861328,-0.28572872281074524,-0.06359630042884135,0.07735157012939453,-0.34678229689598083,-0.06740186328265452,0.06313639879226685,-0.3827275037765503,-0.07008958572718882,-0.16065845712414398,-0.08748005421705583,0.1836788782276979,0.012186601506930017,0.10766387748927192,-0.012270693479041445,0.11133957281072493,0.08260355615073839,0.1520583314637161,0.19238698943253818,0.0721958463619059,-0.17096965790892008,0.2019363259086382,0.1766032008867019,0.41629989563197817,0.08546686940595745,0.5588244447377728,0.48356773945895803,a_minor
0.0,0.0,0.0,-0.04295280575752258,-0.18851953744888306,-0.053114928270019846,-0.03104710578918457,-0.29739582538604736,-0.05781524997416909,-0.03208625316619873,-0.28299856185913086,-0.041738145018257455,-0.03485846519470215,-0.24418076872825623,-0.02692955356303628,0.007203459739685059,-0.1853143870830536,-0.054992996121086435,0.01586693525314331,-0.3251659870147705,-0.06351236250463899,0.013219177722930908,-0.3962921053171158,-0.05836587023202355,0.003163456916809082,-0.4387720674276352,-0.05464779209557946,0.04889160394668579,-0.16725102066993713,-0.05325774472419198,0.07359927892684937,-0.2840663492679596,-0.06385573741260941,0.07881057262420654,-0.34469449520111084,-0.06733505424324449,0.06503403186798096,-0.38044849038124084,-0.0696022957212108,0.11450678259816077,0.1098290442567253,0.05244152371378413,-0.15402488758826982,0.011675641192872677,0.07512004992336102,-0.1578639387392777,-0.008939651376158902,-0.19413270865251417,0.19106655404899642,-0.1565131923066454,-0.11846219318201863,0.20019925284054313,0.17426521700331218,0.2590481468598512,0.08633217744829731,0.345036120257656,0.2615693100326312,a_minor
0.0,0.0,0.0,-0.0430932343006134,-0.18805402517318726,-0.05354737658103659,-0.031090378761291504,-0.2978038489818573,-0.0574882233520384,-0.03300070762634277,-0.28283411264419556,-0.04029516670902922,-0.03612837195396423,-0.24316996335983276,-0.024737335555755635,0.007134079933166504,-0.18482819199562073,-0.05551096219619467,0.016054749488830566,-0.325334370136261,-0.06430946458181097,0.01310873031616211,-0.3966165781021118,-0.05879187006553366,0.0031366944313049316,-0.43904709815979004,-0.05459759179552748,0.049028635025024414,-0.16682246327400208,-0.053572812863194486,0.07312232255935669,-0.2834942936897278,-0.06399361211856558,0.07828652858734131,-0.34471559524536133,-0.06701257992585852,0.06479328870773315,-0.3809378147125244,-0.06888478416999533,0.029514190080721064,0.13579969855679158,-0.05421743355555772,-0.13048555187313907,0.08852913428147113,-0.070742703331093,0.14801165233517327,0.06298364283351704,0.11233938321383957,-0.05703841304759588,0.05811362053764346,-0.1910271030429389,0.20199314908774768,0.17639206239567323,0.344762693044921,0.08592059302907419,0.5190403022069225,0.4717286003704796,a_minor
0.0,0.0,0.0,-0.043449461460113525,-0.18899059295654297,-0.05244788201783024,-0.03144162893295288,-0.29799070954322815,-0.05593339400623165,-0.03385519981384277,-0.28350958228111267,-0.038576320281961785,-0.03706783056259155,-0.24497681856155396,-0.02309417957697235,0.00681692361831665,-0.18592166900634766,-0.054368164858559,0.015512228012084961,-0.32512474060058594,-0.06312411325309597,0.012507855892181396,-0.3963506370782852,-0.05776543962095104,0.0030339956283569336,-0.43917107582092285,-0.05372714298103176,0.0485386848449707,-0.16806641221046448,-0.05238362448547207,0.07247674465179443,-0.28385841846466064,-0.0628745784077438,0.07753640413284302,-0.34534186124801636,-0.06599528389308773,0.06446570158004761,-0.3820961117744446,-0.06791994022462688,0.06405332254478896,0.07497772595289842,0.153198300819754,-0.08956298980720967,-0.183540571221805,0.02594246936000627,-0.18327662655557997,-0.08238829389732155,0.16863941274447097,0.12200960711077352,-0.0012470936182508718,-0.14837728898973312,0.20064382488200685,0.17640892136795075,0.3168685334674166,0.08504611402433139,0.4635636530783335,0.393485273758213,a_minor
0.0,0.0,0.0,-0.04305529594421387,-0.18901300430297852,-0.05301152029089451,-0.030677378177642822,-0.2989870309829712,-0.05713561409167767,-0.03294748067855835,-0.28252917528152466,-0.04032564767651081,-0.036330729722976685,-0.2413904368877411,-0.024941321918888093,0.0070836544036865234,-0.1852830946445465,-0.05469374218039036,0.015740036964416504,-0.32540175318717957,-0.06295536317877293,0.012509405612945557,-0.3965728133916855,-0.057695324057860375,0.002337813377380371,-0.43899500370025635,-0.05385305964402676,0.04877108335494995,-0.16715535521507263,-0.052791903251929284,0.07357585430145264,-0.2835034728050232,-0.06350602814011097,0.07877963781356812,-0.3449043929576874,-0.06746430554441929,0.06481802463531494,-0.38088369369506836,-0.07003450998119831,-0.059670567295123794,0.07532328800375243,0.13724825455363338,0.09185552310722422,0.061984233761276264,0.18018112883646542,0.08220078580669066,0.1761521720441896,-0.12211410228844195,0.1641221899656487,0.021959176168089456,0.15298362497817508,0.2034175745331587,0.1781090531460202,0.375754811594839,0.08684780068815529,0.5305038685548468,0.4710422311983254,a_minor
0.0,0.0,0.0,-0.04277968406677246,-0.18942907452583313,-0.05352260754871452,-0.030139267444610596,-0.29937630891799927,-0.057025881721259,-0.03290039300918579,-0.2832498550415039,-0.03916757018733108,-0.03654351830482483,-0.24258998036384583,-0.023143839328170657,0.0073029398918151855,-0.18563944101333618,-0.055381162329197764,0.0162009596824646,-0.3261847496032715,-0.06475590006876075,0.012989282608032227,-0.3980036675930023,-0.05943048582840049,0.003140747547149658,-0.4412378817796707,-0.055243009938479304,0.04910939931869507,-0.16720253229141235,-0.053266654028178095,0.07422137260437012,-0.28265902400016785,-0.0642832352356919,0.0793771743774414,-0.3440992534160614,-0.06740481988954627,0.06559962034225464,-0.38042864203453064,-0.0690902380781182,0.04530274138034818,-0.19268571495406495,-0.1886318616985332,0.14520991576420778,-0.17796368482385524,-0.15071195196461323,0.02185109445374675,0.04011182037104555,0.005466248462399376,-0.1476089908423699,-0.18030946189910535,-0.053613857141128124,0.20510043014823537,0.177605712132046,0.13093060816992716,0.08826448978138511,0.3013499262729532,0.29282267075528495,a_minor
0.0,0.0,0.0,-0.042986512184143066,-0.19030547142028809,-0.05310274792050507,-0.030257701873779297,-0.2997831404209137,-0.05644717198943283,-0.03299373388290405,-0.2843352258205414,-0.03857181725238945,-0.03689783811569214,-0.24458777904510498,-0.022634490776411553,0.007081925868988037,-0.1864127814769745,-0.055176471743337174,0.016166329383850098,-0.3263853192329407,-0.06388813388680603,0.012915849685668945,-0.39781638979911804,-0.058263251009933015,0.0027652978897094727,-0.44092507660388947,-0.05409625304078247,0.04893428087234497,-0.1677296757698059,-0.053275128278485795,0.0737190842628479,-0.2842649221420288,-0.06377715003823425,0.07876884937286377,-0.3452819883823395,-0.06666060668563034,0.06495189666748047,-0.3817015588283539,-0.06844147426222946,-0.1925734323409131,0.008185330350005238,0.13084162450257114,0.1520958873691286,0.12634151353426376,0.17236647607563177,0.050313377190293995,-0.12690959570744925,0.027677099646396863,0.09978899759017035,-0.14675314609018703,-0.10464216349932874,0.20275931854109555,0.17683844835872617,0.1870298501473336,0.08706539781766866,0.3138560371727891,0.24026000530700636,a_minor
0.0,0.0,0.0,-0.04347202181816101,-0.1898595690727234,-0.05313404246747666,-0.030921876430511475,-0.2989373803138733,-0.05632935061633759,-0.03312981128692627,-0.28372839093208313,-0.03843578293502503,-0.03675982356071472,-0.24401742219924927,-0.022422522004248435,0.0066408514976501465,-0.18643569946289062,-0.055058963294627006,0.015881836414337158,-0.3268839120864868,-0.06348019435584717,0.01263427734375,-0.3980470448732376,-0.057687934185864265,0.0022237300872802734,-0.44061894714832306,-0.05332841693937951,0.048611581325531006,-0.16808268427848816,-0.052979021962286765,0.07320922613143921,-0.2857420742511749,-0.06324651434600526,0.07790368795394897,-0.347196489572525,-0.06614981934011155,0.06369274854660034,-0.38377654552459717,-0.06793490394532853,0.12373204031309043,0.10806631902586139,-0.05507622743153104,-0.14836620164235315,-0.10662069372957746,0.100911485626765,0.19230809972823193,0.0838977305559711,0.17276172903730702,0.08092341805335568,0.15220373482510785,0.014864630376511367,0.20279805573296,0.17803007809242766,0.4150070871240417,0.08498734208904374,0.6018992148610567,0.5426117578704989,a_minor
0.0,0.0,0.0,-0.04303324222564697,-0.18984121084213257,-0.05263622350756236,-0.0308874249458313,-0.2979596257209778,-0.055393213999906266,-0.03286087512969971,-0.28345751762390137,-0.037298182619252884,-0.03612571954727173,-0.24485057592391968,-0.02136295348171302,0.007177472114562988,-0.18654462695121765,-0.054528574121633255,0.01570415496826172,-0.32565826177597046,-0.06263442210618564,0.012427806854248047,-0.3969874382019043,-0.056928901595512116,0.002192676067352295,-0.44000302255153656,-0.052915065211692536,0.04893982410430908,-0.16828042268753052,-0.05241343624655315,0.07328283786773682,-0.2852723300457001,-0.06252585969630786,0.07790535688400269,-0.34676122665405273,-0.06557977817718097,0.06380021572113037,-0.3834192156791687,-0.0676432760781438,-0.19557873176239596,0.02078612047280254,-0.07498708130654697,0.17877781029845974,-0.11588756659023042,-0.15936331899012177,0.07548766232675663,-0.07691465382140845,0.0032709075179756797,-0.04680870693088304,0.16931043376447602,0.10698022006900693,0.20136611587316472,0.17699810372575905,0.4337227667100495,0.08493607206415844,0.631846916458806,0.5901167380705171,a_minor
0.0,0.0,0.0,-0.044095784425735474,-0.1898820996284485,-0.05424966643022344,-0.03093421459197998,-0.3000637888908386,-0.05726028213666723,-0.033355534076690674,-0.28510409593582153,-0.03885384628938482,-0.03745737671852112,-0.2446885108947754,-0.022308094225991226,0.00624239444732666,-0.1862148642539978,-0.05588044951127813,0.015701234340667725,-0.32727178931236267,-0.06379749978350446,0.012270689010620117,-0.398697093129158,-0.057597342677581764,0.0014507174491882324,-0.4406583607196808,-0.052980541981924034,0.04855191707611084,-0.16813164949417114,-0.05347435528801725,0.07342654466629028,-0.2864265441894531,-0.0633917188124542,0.07822048664093018,-0.34806615114212036,-0.06630555892752454,0.06377148628234863,-0.3834306001663208,-0.068128730900753,-0.00914287745931136,-0.18242229702961757,-0.06140939649382446,0.1492431847279147,0.14229287048511735,-0.1990571267814036,-0.03268156772053485,0.14917953653218058,-0.19118538633448423,-0.04148536689054033,-0.18699267833471458,0.1253337122894863,0.20213564970954465,0.17775314564069705,0.1585658753666064,0.0859555840735752,0.31302677047598987,0.2951179072820148,a_minor
0.0,0.0,0.0,-0.04352074861526489,-0.19155722856521606,-0.05260683128518906,-0.03046441078186035,-0.3006461560726166,-0.05510939562601891,-0.03351789712905884,-0.2854877710342407,-0.03666527474207726,-0.03751233220100403,-0.24590134620666504,-0.020433441716264156,0.0068492889404296875,-0.18796846270561218,-0.054028547349403766,0.01618129014968872,-0.3271077871322632,-0.062230682912300495,0.012561976909637451,-0.39867182075977325,-0.056709277424047855,0.002326071262359619,-0.44199521839618683,-0.05276010090393868,0.04870927333831787,-0.16957291960716248,-0.05152466425580826,0.0740804672241211,-0.2848879098892212,-0.061754486504028705,0.07901740074157715,-0.34705162048339844,-0.06518140340132561,0.06538146734237671,-0.38413408398628235,-0.06746204102320519,0.07520516909365521,-0.1530131959146014,-0.16065860538755145,0.16564337903820353,-0.17070799503439257,0.042061658591390744,0.19325876218960597,0.017506515050009414,-0.08281653032538228,-0.026398078505467992,0.1356780530603997,-0.13934291936128798,0.202694148891936,0.1786256222698599,0.39983225039263054,0.08683340885442288,0.5848316593578514,0.5327241345459481,a_minor
0.0,0.0,0.0,-0.04250746965408325,-0.1915212869644165,-0.05287464626633209,-0.03047722578048706,-0.30062079429626465,-0.056301205535760346,-0.0338405966758728,-0.2862262427806854,-0.03878192522131485,-0.038380205631256104,-0.24733519554138184,-0.023177207564344826,0.0076712965965271,-0.1886155605316162,-0.05404258810483498,0.016309261322021484,-0.3277684450149536,-0.06196278997265381,0.012839555740356445,-0.39835624396800995,-0.05672931589685959,0.002257406711578369,-0.4406651556491852,-0.05320153303944153,0.04938626289367676,-0.1704886555671692,-0.05163338698946518,0.0742424726486206,-0.28699690103530884,-0.06217841350041908,0.0794718861579895,-0.34797149896621704,-0.06603289686643166,0.06563138961791992,-0.3838844299316406,-0.0687689586778788,-0.03453604223096024,0.00252223129378662,0.11845356032957749,0.17687250537442262,-0.04979835801326474,-0.04375185049174246,0.06597078322082806,-0.17914200708077033,0.11357797592979091,0.05006836732742925,0.026520684685482993,-0.12145612408932416,0.19982329476926824,0.17760268333683102,0.30410349985914775,0.08650235409185447,0.47455999258640336,0.41406581984728186,a_minor
0.0,0.0,0.0,-0.041648685932159424,-0.19169285893440247,-0.05318474670563944,-0.02901071310043335,-0.3018606901168823,-0.05629720439826258,-0.03329366445541382,-0.2859496474266052,-0.03859036689316042,-0.038221001625061035,-0.24582403898239136,-0.02288036135648497,0.008601784706115723,-0.18807080388069153,-0.05430321296368845,0.017110168933868408,-0.3274402916431427,-0.06190718611394175,0.013266205787658691,-0.3987654745578766,-0.05664013227139719,0.0025945305824279785,-0.4416439086198807,-0.05317441275035151,0.050217628479003906,-0.1695614457130432,-0.05186778580461748,0.07438522577285767,-0.285165011882782,-0.06245772814069994,0.07940596342086792,-0.34680628776550293,-0.0669402917257429,0.0654672384262085,-0.38270699977874756,-0.0700961714020849,0.17669739774954096,-0.06607179330465143,-0.01916974567422386,-0.058053671696368075,0.023670193968243602,-0.18135651042956646,-0.1894536015260977,0.17114097063289152,0.18377711882430647,-0.15097819299737636,-0.005334244619496997,-0.05542469928789623,0.20230931408137914,0.17809415711799378,0.2675979434343135,0.08782301823112737,0.4625535300020396,0.435286196903397,a_minor
0.0,0.0,0.0,-0.041089028120040894,-0.1913018524646759,-0.05358712052060355,-0.029354214668273926,-0.30139198899269104,-0.057084031897318255,-0.03401362895965576,-0.28684550523757935,-0.03966816564155806,-0.03893911838531494,-0.2479422390460968,-0.024212670075428377,0.008913516998291016,-0.18802669644355774,-0.0546836932475685,0.01780945062637329,-0.32797789573669434,-0.06239550237609137,0.013658642768859863,-0.39847414195537567,-0.05680890803290595,0.002960681915283203,-0.44075366854667664,-0.053014100092184435,0.05039644241333008,-0.16965574026107788,-0.052275043475162875,0.07454472780227661,-0.28791648149490356,-0.06272852097703208,0.07833713293075562,-0.34934869408607483,-0.06681767528010596,0.06362372636795044,-0.38538116216659546,-0.0697220606083988,0.05160818734354555,0.14125332465051155,0.03313039043523433,0.16470001331098183,-0.06269338052804194,0.032251940420906344,0.1202499347007468,0.11648982765692878,0.17014244137074191,0.06480294355095606,0.08709626343688376,-0.13991167125936613,0.1994025149848847,0.1774251936425241,0.36932299202160174,0.08381691577294997,0.538517598499826,0.4776639924689638,a_minor
0.0,0.0,0.0,-0.04075762629508972,-0.1915625035762787,-0.05142000383868606,-0.029616951942443848,-0.30098721385002136,-0.0540291561855355,-0.03481835126876831,-0.2857818603515625,-0.03634986347690017,-0.03922244906425476,-0.2475055754184723,-0.020904226891545363,0.009542346000671387,-0.1883735954761505,-0.05226749620571525,0.01803356409072876,-0.32681766152381897,-0.05976553327575118,0.014073789119720459,-0.3978351056575775,-0.05439575082793624,0.0043839216232299805,-0.4414815157651901,-0.05075929007664115,0.05069530010223389,-0.17005255818367004,-0.04965532264843375,0.07433795928955078,-0.28615671396255493,-0.059839133836177893,0.07817989587783813,-0.34868061542510986,-0.06394194505348594,0.06429338455200195,-0.38659006357192993,-0.06677893988027961,-0.0947748141202966,-0.08378182464786735,-0.15346502754571978,-0.18312919076833165,-0.03296574593154894,-0.09011834048441841,-0.1423456475224033,-0.02511133554252759,0.053101736367704544,0.194059635041392,-0.08572766762081932,0.07618264891330834,0.20104602904736474,0.1793446735924337,0.3000308045344795,0.08281814083961367,0.42267237028784466,0.35748493245716656,a_minor
0.0,0.0,0.0,-0.04166412353515625,-0.1910431683063507,-0.05172550869373538,-0.03134411573410034,-0.29963260889053345,-0.053561752710621136,-0.035776376724243164,-0.2834968864917755,-0.03545528096346118,-0.039725035429000854,-0.24447956681251526,-0.01988757965354182,0.008925795555114746,-0.1886332929134369,-0.052286455456297176,0.016754090785980225,-0.32792842388153076,-0.058535439942161815,0.012847483158111572,-0.39766333997249603,-0.05244298842934825,0.0027940869331359863,-0.44014865159988403,-0.048513611827175396,0.05019807815551758,-0.17068761587142944,-0.04943568450597979,0.07329106330871582,-0.2896285355091095,-0.059001414153854626,0.07700186967849731,-0.35003960132598877,-0.0629445445278094,0.06253093481063843,-0.38554149866104126,-0.06584668723134257,-0.10910889739417451,-0.004987351174710497,-0.11057487563031931,-0.08130936959688495,0.026087368023921892,-0.0026128015273896854,0.13379077619256863,0.14754607659983893,-0.16586080762861136,-0.19123922089560091,0.15429251073402667,-0.19407446652254917,0.20227139250516565,0.18018599178581018,0.4607784606353783,0.08276996828193531,0.642025842504412,0.61013311089358,a_minor
0.0,0.0,0.0,-0.041100651025772095,-0.19150099158287048,-0.05193546997728049,-0.029729843139648438,-0.3015328645706177,-0.05473235460343062,-0.03474658727645874,-0.2859838604927063,-0.037172245107313984,-0.03906869888305664,-0.2468123435974121,-0.021757699794790142,0.009129047393798828,-0.18773236870765686,-0.05271865265788733,0.017715930938720703,-0.3268827199935913,-0.05979505019607245,0.013684213161468506,-0.39764587581157684,-0.054121053091904514,0.003872811794281006,-0.44068650901317596,-0.05038209842862784,0.05016922950744629,-0.16938567161560059,-0.0501307940703839,0.07396608591079712,-0.28551390767097473,-0.06002725871624648,0.07796478271484375,-0.3478032350540161,-0.06412809552969634,0.06423163414001465,-0.38527560234069824,-0.06709549786867797,0.06522645857334375,0.021194867513949556,-0.0030111772304464157,-0.023905141543668462,0.1171990910677958,0.07329007379247654,-0.17296834759329408,0.08082515687101827,0.15609268935075366,-0.02851532256295841,-0.014836988366089543,0.1843329885917515,0.2006253262977028,0.17860164825296618,0.3104791635940978,0.08362352380803226,0.4873273823185807,0.4572122576056712,a_minor
0.0,0.0,0.0,-0.04135259985923767,-0.19087687134742737,-0.052949936468820624,-0.03069835901260376,-0.29990148544311523,-0.054292538542966895,-0.03471165895462036,-0.28458890318870544,-0.03538586698911672,-0.038737714290618896,-0.24603459239006042,-0.01927508354626184,0.009143948554992676,-0.18875452876091003,-0.0535479908480454,0.017048656940460205,-0.3285345137119293,-0.05959815286539083,0.012935638427734375,-0.398139625787735,-0.053162155081253104,0.002257704734802246,-0.4395216107368469,-0.04909026749871259,0.05040615797042847,-0.170953631401062,-0.05052733175895696,0.0736725926399231,-0.2908427119255066,-0.05992420517347341,0.07742524147033691,-0.35099053382873535,-0.06368920706651693,0.06243067979812622,-0.3852013349533081,-0.06658640258453374,0.004807473243011284,0.025853627489240694,0.18532658313947792,-0.03137660821870045,-0.029102578485421166,0.02891219689484395,0.079216893488947,0.1885985746915126,0.09720262668887364,0.1669583271741914,0.0252898209896954,-0.04331486960698969,0.20001698888823927,0.17843986972451542,0.34132932789903525,0.08293126088582294,0.4931625668239714,0.4242293983454272,a_minor
0.0,0.0,0.0,-0.039592355489730835,-0.19137540459632874,-0.0521928641892373,-0.02831810712814331,-0.30146312713623047,-0.054735859105676354,-0.0337979793548584,-0.2869316637516022,-0.036859871069282235,-0.03833413124084473,-0.24871888756752014,-0.021363482991546334,0.010384142398834229,-0.18792244791984558,-0.05292636639842385,0.01882857084274292,-0.32663750648498535,-0.06038057542809838,0.01469278335571289,-0.3976324200630188,-0.05505824572810525,0.004599034786224365,-0.4406674653291702,-0.05165013782152528,0.05131709575653076,-0.16966307163238525,-0.050218359748214425,0.07535558938980103,-0.2861424684524536,-0.06051667518386239,0.07948720455169678,-0.34853604435920715,-0.06487205735811585,0.06543552875518799,-0.385564386844635,-0.06801486871609086,0.11146646607465949,-0.1429460094213075,0.17339490065025004,-0.10384412391129963,0.05682227120360206,0.14295059527463655,-0.03081741599841345,0.176469207242738,-0.1482263375531912,-0.06446088743988412,-0.13427489895530043,0.050425818638563435,0.19900953422039458,0.1779639986011646,0.13759991914058964,0.0836972680208867,0.3302501755855465,0.3066719453830924,a_minor
0.0,0.0,0.0,-0.041220128536224365,-0.19184213876724243,-0.050670359836360035,-0.0313531756401062,-0.29955753684043884,-0.05223831962182146,-0.03638780117034912,-0.2851104140281677,-0.034334809140702305,-0.040517061948776245,-0.2480297088623047,-0.019134462432404575,0.00954657793045044,-0.18978092074394226,-0.051094454334517536,0.016977906227111816,-0.32726335525512695,-0.05756272058322054,0.012833952903747559,-0.39699767529964447,-0.052368350879689274,0.0025542378425598145,-0.43970106542110443,-0.04915533642603975,0.050560712814331055,-0.1720277965068817,-0.04813503901793581,0.07312560081481934,-0.2893252968788147,-0.058137402491112766,0.07712417840957642,-0.3507281243801117,-0.06311069484188181,0.06306576728820801,-0.38760626316070557,-0.06679007466270548,-0.15256857456245268,0.1758268737192633,-0.1996524188938258,0.1226460285502583,0.1868087520464245,-0.07538746982293985,0.17730743241288438,0.10507019099738762,0.15050100814943818,-0.03257612073722313,-0.1525699972074026,-0.05180121777080268,0.19873172536398764,0.18022784024561103,0.10120638320235119,0.08177100715459806,0.2892842773390496,0.2541930032264201,a_minor
0.0,0.0,0.0,-0.04078918695449829,-0.19005674123764038,-0.0520790962392681,-0.03067249059677124,-0.29906362295150757,-0.05338987315839461,-0.03567206859588623,-0.28532442450523376,-0.03464343379086188,-0.039837002754211426,-0.24815112352371216,-0.018687015202104362,0.009700775146484375,-0.18800657987594604,-0.05259359608238867,0.01728081703186035,-0.32709330320358276,-0.05904833207672766,0.012992441654205322,-0.3970557302236557,-0.052895277541338714,0.002682209014892578,-0.4389650225639343,-0.04884092490023306,0.050927937030792236,-0.1704237163066864,-0.04951699803417853,0.07393991947174072,-0.2886311113834381,-0.05911208296960524,0.07752996683120728,-0.34995365142822266,-0.06297854314392737,0.06302601099014282,-0.38566309213638306,-0.06577816585844687,0.05420029219357353,-0.08154476670249232,0.004536735836942585,0.08976704806160563,0.0306819562533302,0.04716364357041561,-0.14789600782104428,0.10995834987485736,0.06771715773402442,-0.08928454376389126,0.008549163029569845,0.07661468612385103,0.1978056766285561,0.17806717153490628,0.2782490084511761,0.08227600109028346,0.47377836618140085,0.44595687180282423,a_minor
0.0,0.0,0.0,-0.04001167416572571,-0.19068607687950134,-0.05206747599885375,-0.030437052249908447,-0.300701379776001,-0.05437516295359046,-0.03624159097671509,-0.28532204031944275,-0.03646829598591239,-0.040384113788604736,-0.24690908193588257,-0.021067394549106666,0.010149776935577393,-0.18814292550086975,-0.05234870561406524,0.017568647861480713,-0.32662147283554077,-0.05949240424678237,0.013452291488647461,-0.3968961536884308,-0.05402165153071792,0.003772258758544922,-0.4396025538444519,-0.05052321651027114,0.05076801776885986,-0.17042326927185059,-0.04932365440771491,0.07383620738983154,-0.2870617210865021,-0.05962668233559043,0.0775638222694397,-0.34869709610939026,-0.06424203016803176,0.06339824199676514,-0.3852626383304596,-0.06756692626521499,-0.05769825025601155,0.16952845591941063,0.008705884437127859,0.030718556851396878,0.18155197289944708,0.09319938602492278,-0.06364593595635745,0.10622311129044565,-0.14888869953963574,0.05708065308035748,0.17067182318517743,-0.18106253604648087,0.19987047005525627,0.17909408250750739,0.45768071666316645,0.08245345558194095,0.6263522284697713,0.5674365963436085,a_minor
0.0,0.0,0.0,-0.040572285652160645,-0.19010314345359802,-0.05137120395154682,-0.03122001886367798,-0.3001365661621094,-0.052607072733351856,-0.03582566976547241,-0.2875747084617615,-0.03419740333409038,-0.039741575717926025,-0.25189197063446045,-0.018596330873677402,0.009762465953826904,-0.18813291192054749,-0.05157472773642269,0.016685128211975098,-0.3260610103607178,-0.05743120818586078,0.01288372278213501,-0.3956909477710724,-0.0515480546578857,0.002750694751739502,-0.4373954087495804,-0.04791848941893306,0.050659239292144775,-0.1707083284854889,-0.04840962051601139,0.07339310646057129,-0.2881121039390564,-0.057815058372924,0.07736968994140625,-0.3493767976760864,-0.06257325991244045,0.06280797719955444,-0.38540637493133545,-0.06620862915367809,-0.030254019224641354,0.111392911540251,0.11943164500919845,-0.1416459529286742,-0.05144030058295171,-0.19419172495097303,0.07956677790610145,0.13521814218664624,0.04784059002402263,0.04565017643902175,-0.018092892735455418,-0.10576242612968262,0.19255364858644058,0.17495553122387494,0.26372654080512564,0.08151236730636484,0.4254419895579304,0.36983521625856586,a_minor
0.0,0.0,0.0,-0.04031136631965637,-0.190138578414917,-0.051342425050933116,-0.030097246170043945,-0.3005344867706299,-0.05220141738911366,-0.03483849763870239,-0.2900508940219879,-0.0334390673067162,-0.038938283920288086,-0.2562423348426819,-0.017683404612142795,0.009998321533203125,-0.1874523162841797,-0.051622317286927455,0.017144978046417236,-0.32501935958862305,-0.05745055631061291,0.013266265392303467,-0.39527955651283264,-0.0515822368886063,0.003189682960510254,-0.4373364597558975,-0.047968031021554225,0.05086839199066162,-0.1697244942188263,-0.04843267902990078,0.0737108588218689,-0.2871677279472351,-0.05779799551029896,0.07760703563690186,-0.3491222858428955,-0.06279725313444828,0.0631818175315857,-0.3858147859573364,-0.06663621694107746,-0.026845991494997584,0.10373910023723781,-0.09336002136938189,0.07857940754163406,0.08382802769315889,0.15497927150797114,0.07317222739494805,-0.15932837795511953,-0.15801750340272647,0.07835650164661068,0.1433764606179032,-0.13862444151131204,0.1883799518747964,0.17208693455144244,0.43368189126685924,0.08125293992788968,0.5925336541356488,0.5342807791476514,a_minor
0.0,0.0,0.0,-0.04040515422821045,-0.1886996328830719,-0.05175185619540912,-0.030536651611328125,-0.2984994649887085,-0.052024096685130417,-0.03480929136276245,-0.28762155771255493,-0.032724924820144,-0.038324177265167236,-0.253758043050766,-0.016702639373619377,0.00985032320022583,-0.18677037954330444,-0.051764097499329864,0.016972482204437256,-0.32475757598876953,-0.057325799452740966,0.013154447078704834,-0.39453402161598206,-0.05107068313904506,0.0030905604362487793,-0.4363882541656494,-0.04716351671763164,0.050602853298187256,-0.16941681504249573,-0.04826299517102939,0.07358282804489136,-0.28781363368034363,-0.0576400947446416,0.07735246419906616,-0.34907862544059753,-0.06249912126608592,0.0625760555267334,-0.3851448893547058,-0.0661959354455064,0.18826584298300036,-0.1266355061664414,0.1391962277003021,0.15288700218001278,-0.06375942299097881,0.18260139258584984,0.02896360958729524,0.03901845746030483,0.025025123052680787,-0.15805405531039202,0.12405632406353989,0.15329152228439402,0.18972833093481567,0.1728957683554294,0.431250454715724,0.0807876198804042,0.6166424694358393,0.5967732112413818,a_minor
0.0,0.0,0.0,-0.03923940658569336,-0.1889462172985077,-0.05135877616149287,-0.029095888137817383,-0.29835301637649536,-0.052047567436517284,-0.03430771827697754,-0.28810593485832214,-0.03322234562975268,-0.03844517469406128,-0.25447243452072144,-0.017521327355922267,0.01073843240737915,-0.18631386756896973,-0.05193594656330447,0.01824343204498291,-0.32327502965927124,-0.05798371321898799,0.014427244663238525,-0.3939574360847473,-0.05221545509439807,0.004641711711883545,-0.43603555858135223,-0.04867063275915484,0.05126392841339111,-0.16848823428153992,-0.04891508630853991,0.07447278499603271,-0.28558096289634705,-0.058520587155641124,0.07844233512878418,-0.34841275215148926,-0.06373065523249011,0.06435340642929077,-0.3856870234012604,-0.06770718655926089,0.0377444117966558,0.09500408301611296,-0.11120604898028628,-0.017119839587458247,0.191559661564759,0.08290187929156728,0.14150614659052801,-0.12469085358774788,0.057671929758792095,0.11021556978635277,0.05252613965975539,-0.05737261520273296,0.18918754458451714,0.17407882432978622,0.3434185007266878,0.080391864398023,0.4999140896148173,0.44072771375629805,a_minor
0.0,0.0,0.0,-0.040454328060150146,-0.1881682276725769,-0.05145332250560841,-0.030741453170776367,-0.2974247932434082,-0.052719235753670546,-0.03494030237197876,-0.2863413691520691,-0.034626767372742506,-0.03852027654647827,-0.25220024585723877,-0.0194247908499392,0.00976794958114624,-0.18632885813713074,-0.05158573422397694,0.016824543476104736,-0.3235514163970947,-0.05764808539117894,0.013349175453186035,-0.3935216963291168,-0.052445259278670164,0.003488481044769287,-0.43569226562976837,-0.04937313530410847,0.05026698112487793,-0.16891443729400635,-0.04833462122644505,0.07267194986343384,-0.286523699760437,-0.0582987334188374,0.07664966583251953,-0.3479386568069458,-0.0642983432468327,0.06221616268157959,-0.38462263345718384,-0.0688776637967976,0.13164228077874934,0.017847078144391848,-0.18195859160402403,0.1572872559050817,-0.08562853497053134,0.07466652430262494,-0.041566679884841085,0.15604906763198828,0.05515265811965275,-0.08363933238614085,0.031214609821969275,-0.08108130321455267,0.19060682141546814,0.17357737631591394,0.2935323408697867,0.08023387409566952,0.47602383777453083,0.4408439260719081,a_minor
0.0,0.0,0.0,-0.03983345627784729,-0.18752089142799377,-0.05198512104112751,-0.029444217681884766,-0.29690268635749817,-0.05238790687877781,-0.033323705196380615,-0.2862634062767029,-0.032964913814851116,-0.03672307729721069,-0.252202570438385,-0.016771751164981197,0.010106205940246582,-0.1852475106716156,-0.052225383638926814,0.017173707485198975,-0.32322555780410767,-0.057753517001458476,0.013691306114196777,-0.3933691829442978,-0.05131733295280583,0.003977417945861816,-0.4349817484617233,-0.047257485508509944,0.0507928729057312,-0.16749423742294312,-0.04891890537697918,0.0736539363861084,-0.2850576937198639,-0.05810986709553845,0.07796788215637207,-0.34667062759399414,-0.06294162821728833,0.06368225812911987,-0.38283342123031616,-0.0666290025110925,0.14984330060930112,0.0031350166772096677,-0.18891797477932323,-0.037493881860791806,0.15184679078430358,0.03186960638375069,0.07182157124596633,0.04135880480318757,0.1350986982755335,-0.017356446704456824,-0.06516492295220888,0.12445813209191697,0.18972121186199178,0.1721377241411279,0.23516808431935735,0.08160497316538774,0.4082963036065216,0.37946651959054317,a_minor
0.0,0.0,0.0,-0.03897303342819214,-0.18684536218643188,-0.05240061990234324,-0.029423058032989502,-0.29615235328674316,-0.05390134564849802,-0.03465455770492554,-0.2838468551635742,-0.03562643490049311,-0.0387551486492157,-0.2484799325466156,-0.02018484956833788,0.01075601577758789,-0.18469762802124023,-0.05258387065741488,0.01818782091140747,-0.322101891040802,-0.058999248959750616,0.014758467674255371,-0.39233726263046265,-0.05336600280615755,0.005185484886169434,-0.43432484567165375,-0.04989165923807093,0.05108612775802612,-0.1672835648059845,-0.04933214298698374,0.07404911518096924,-0.28384700417518616,-0.059115172543258154,0.0784454345703125,-0.34580618143081665,-0.06424727401945063,0.06439882516860962,-0.38268178701400757,-0.06812907866451212,0.17193252540294063,0.14195157156044608,0.0010869098256041654,0.10223040695866831,0.18929446600638178,-0.12155754219130857,0.1683134582327736,0.08364676732494558,-0.1686524981438398,0.11778350451719105,0.18982333186350536,-0.12163165726777155,0.19326563468629837,0.17592478267862685,0.4763460468190398,0.08065871708784533,0.63826788174135,0.5774725630255554,a_minor
0.0,0.0,0.0,-0.03921520709991455,-0.18746721744537354,-0.05242380810294378,-0.03019273281097412,-0.29630613327026367,-0.053263514613249185,-0.03581893444061279,-0.28315427899360657,-0.03449545366082418,-0.03989332914352417,-0.2475941777229309,-0.018893673395254496,0.010774314403533936,-0.18599668145179749,-0.05197461632404554,0.017421424388885498,-0.323162317276001,-0.058134316777326944,0.013751327991485596,-0.39307500422000885,-0.05249511015925634,0.0042473673820495605,-0.4349590539932251,-0.04914544088158834,0.0509723424911499,-0.16885897517204285,-0.04817343813691366,0.07310348749160767,-0.285478413105011,-0.05791347039256323,0.07733505964279175,-0.34686416387557983,-0.06318312448773611,0.06322222948074341,-0.3831067681312561,-0.06724617940697897,-0.16905423730734803,-0.033840569121595554,0.028859268522761716,-0.19300821114945188,0.06367384872118831,-0.10120022981744028,0.024518346317905004,-0.12089371429543082,0.056410717640103636,-0.02443731127764473,0.193626795038161,-0.04471855146357728,0.19485678686048544,0.17701538189429505,0.44224626580646026,0.0805874099586025,0.6292555742639374,0.5837921650663186,a_minor
0.0,0.0,0.0,-0.039313435554504395,-0.18886905908584595,-0.051127884890973974,-0.0299985408782959,-0.2973700165748596,-0.052026208844125676,-0.035478949546813965,-0.2843036949634552,-0.033562291767538,-0.039547741413116455,-0.2490031123161316,-0.018183445911944318,0.010725975036621094,-0.18704673647880554,-0.0510437790119056,0.017671585083007812,-0.3234993517398834,-0.05713539233440201,0.013966143131256104,-0.39354777336120605,-0.05171319505208771,0.004452347755432129,-0.43576496839523315,-0.04854451527828019,0.05094379186630249,-0.16959857940673828,-0.04761311819785874,0.07338100671768188,-0.2857808768749237,-0.057249419745147634,0.07761907577514648,-0.3473778963088989,-0.06257452851170342,0.06378275156021118,-0.3841352164745331,-0.06671792304152291,0.0477243029134744,-0.059740729141483234,-0.012173656920960813,0.0658285614319038,-0.024309728717211904,-0.06685974180508356,0.15873679973489996,-0.046606065364891924,0.12017326882794127,-0.030479697742478218,0.19521851395760387,0.028036865322761922,0.1942621766222615,0.17689960944736302,0.4467117637089133,0.08072174953976323,0.6365729421358898,0.5945709581136097,a_minor
0.0,0.0,0.0,-0.04029279947280884,-0.18866950273513794,-0.05127269336769302,-0.031367480754852295,-0.2970351576805115,-0.05167959565112312,-0.03556215763092041,-0.2850274443626404,-0.03274381467888077,-0.03896743059158325,-0.25055402517318726,-0.017019790874812202,0.00995337963104248,-0.18737658858299255,-0.05117458412239273,0.01672983169555664,-0.3246760368347168,-0.056818868311140136,0.01338493824005127,-0.39419934153556824,-0.050972669662925796,0.003776848316192627,-0.43576066195964813,-0.047426360936853484,0.05051606893539429,-0.17015638947486877,-0.04761947998592575,0.07274872064590454,-0.28806236386299133,-0.057066618742439346,0.07681208848953247,-0.34878695011138916,-0.06215645680019577,0.06238609552383423,-0.3844488561153412,-0.06604491853902061,0.05571814969754996,0.03904710416491594,-0.15533418085063816,-0.1951218738502315,-0.07265733413731038,-0.10867730812734347,-0.12766943092429184,-0.08898923721567127,-0.12780289333343067,-0.1398704481133299,-0.011575812526889967,-0.1792803490529439,0.19249189902963604,0.17493949282980253,0.305974662030848,0.08009117282469719,0.4668541597136315,0.4390492897188659,a_minor
0.0,0.0,0.0,-0.0394824743270874,-0.1885877549648285,-0.052081084449909554,-0.02933061122894287,-0.297484427690506,-0.053312099178455696,-0.034371256828308105,-0.28559914231300354,-0.034669129748962746,-0.03844869136810303,-0.2507968246936798,-0.01899456476154171,0.010479450225830078,-0.18611282110214233,-0.05250317846717678,0.017895996570587158,-0.32350867986679077,-0.05892482643308483,0.014149665832519531,-0.39379076659679413,-0.05313012619795643,0.0044474005699157715,-0.436027467250824,-0.04952989762010418,0.051002562046051025,-0.16841503977775574,-0.049362814624927864,0.07403218746185303,-0.2854732871055603,-0.05908683930816494,0.07800865173339844,-0.3472389876842499,-0.06384275724472843,0.06375402212142944,-0.384091317653656,-0.06747919191899143,-0.08821383568017618,-0.08257354732312537,0.18321264868298842,-0.08600615869539974,-0.0014927636987462356,0.10618490393866176,-0.15907847057619331,-0.068256563012669,-0.07047336824293585,-0.078180118527442,-0.06974776461031151,-0.14363534923657084,0.1925691361523717,0.17482441353734757,0.22336667973477967,0.08085057922279805,0.38709683995422334,0.3532094703133361,a_minor
0.0,0.0,0.0,-0.040342122316360474,-0.18813183903694153,-0.051671458462450914,-0.03082740306854248,-0.29693445563316345,-0.05256641102788251,-0.03515958786010742,-0.2856462597846985,-0.03388868463990491,-0.03854727745056152,-0.25171318650245667,-0.018219877088640146,0.009741902351379395,-0.18627828359603882,-0.051852455416891985,0.016857028007507324,-0.3240368366241455,-0.05804206995127004,0.013546586036682129,-0.3942183703184128,-0.05237613065001767,0.004183948040008545,-0.43641968071460724,-0.048833711127016954,0.05031639337539673,-0.1689600646495819,-0.04851691244003575,0.07279294729232788,-0.2871115207672119,-0.05832879809496205,0.07682973146438599,-0.34816086292266846,-0.06350662378427785,0.06250542402267456,-0.38398289680480957,-0.06733022449371617,0.14917871911392105,0.11982726785421322,-0.02544648225589277,-0.17601300439577866,-0.12036009008777371,0.007180971474389425,0.13710214488918487,-0.06087994569201488,0.19298037170769766,0.19619063250558488,-0.040893349328264744,-0.1467243033634488,0.19204075991986294,0.17354754668607272,0.3406762065201361,0.08057997191811367,0.4504333621611543,0.3766770398024717,a_minor
0.0,0.0,0.0,-0.039001673460006714,-0.18691077828407288,-0.05374699924219328,-0.029005706310272217,-0.296935111284256,-0.05513613764274794,-0.033403098583221436,-0.28465747833251953,-0.03622071165669638,-0.03692173957824707,-0.2495676875114441,-0.0203286362819739,0.010969996452331543,-0.1845719814300537,-0.054395784624702515,0.01814180612564087,-0.32346880435943604,-0.06107683945525366,0.014617323875427246,-0.394013449549675,-0.05513884592879492,0.00498044490814209,-0.43638403713703156,-0.05139252264130789,0.05144608020782471,-0.16714900732040405,-0.05137512926090437,0.07410824298858643,-0.2861630320549011,-0.06160174030888754,0.07805252075195312,-0.3475674092769623,-0.06655395869243819,0.0635901689529419,-0.3835321068763733,-0.07023995462883192,0.1896067680493228,0.03561853102867146,-0.008261037150889688,0.05913916652088774,0.037080629597182835,0.1827809928939138,-0.07556997575460289,-0.031526061163082014,0.033819624976032164,0.0034216071452413954,0.010189975590379291,-0.06547571062570187,0.19396161111907362,0.17475768684520324,0.26672061691359755,0.08113970654007453,0.44679874104840145,0.39832151846578,a_minor
0.0,0.0,0.0,-0.03866457939147949,-0.18767178058624268,-0.05246153631252071,-0.029967129230499268,-0.2975519895553589,-0.054393591070592606,-0.035578012466430664,-0.28279343247413635,-0.03654636227530261,-0.03940737247467041,-0.24552837014198303,-0.021421001935422623,0.011469721794128418,-0.18586060404777527,-0.052342137033164704,0.018355846405029297,-0.32321757078170776,-0.05884763010782024,0.01460033655166626,-0.39308637380599976,-0.05353690468710681,0.0050051212310791016,-0.4355022609233856,-0.05043596559208652,0.05155092477798462,-0.16849234700202942,-0.04900398262780925,0.07376205921173096,-0.2860794961452484,-0.059284252757251465,0.07771486043930054,-0.34704306721687317,-0.06474589341324588,0.06345409154891968,-0.38293594121932983,-0.06891500734728595,-0.1858841531510529,0.0020125578716513604,0.02653597291542073,0.1262333862051052,-0.1751408840947553,0.14265606749423848,0.015461765442618347,0.19169976604903732,0.18521472025751806,-0.1417530798995361,-0.14455572692951182,-0.13840322167247196,0.19724202618048986,0.17809267789697175,0.18535090569030546,0.08075255465082957,0.33752939632638607,0.3221237676869536,a_minor
0.0,0.0,0.0,-0.03843814134597778,-0.1888807713985443,-0.05228291544926833,-0.029940307140350342,-0.29757556319236755,-0.05422705877435874,-0.03537553548812866,-0.280625581741333,-0.03639243263614844,-0.03896266222000122,-0.2422218918800354,-0.0213589975596733,0.011746764183044434,-0.18698859214782715,-0.05211431626094054,0.01841217279434204,-0.3243379592895508,-0.05884950328481864,0.014533579349517822,-0.39399588108062744,-0.05358373839271735,0.0048583149909973145,-0.43710559606552124,-0.050499876028425206,0.05169135332107544,-0.1697293221950531,-0.04874638188493918,0.07368528842926025,-0.2866002321243286,-0.0591533193351097,0.07767903804779053,-0.34756216406822205,-0.06455124635112952,0.06355845928192139,-0.3844239413738251,-0.06868485081804465,-0.06423534040650278,-0.14113291912218548,0.1893790259594954,0.15829084950245637,0.04502680872839543,-0.11654556680514988,0.02384387911735128,0.15747746951679548,-0.03259344334937736,-0.013755901970112255,-0.018107605475274013,-0.04811491397901824,0.2018641300447243,0.1815812204521136,0.22710894565483275,0.08094292426722371,0.4194180411423873,0.37495105107668597,a_minor
0.0,0.0,0.0,-0.03853142261505127,-0.18950673937797546,-0.05239733846477179,-0.030106306076049805,-0.29780882596969604,-0.05438389794520049,-0.03572136163711548,-0.2807316184043884,-0.036615187093531176,-0.039498329162597656,-0.2420492172241211,-0.021661147266542002,0.011851251125335693,-0.18763452768325806,-0.052391933068548724,0.018308699131011963,-0.3250869810581207,-0.059416183993135974,0.014264583587646484,-0.39469078183174133,-0.05444962696722655,0.004399478435516357,-0.4375791549682617,-0.051594959363256976,0.05185401439666748,-0.17014405131340027,-0.04909477920821814,0.07351183891296387,-0.28806018829345703,-0.05981366501740126,0.07732635736465454,-0.3489704132080078,-0.06530539484313636,0.0631362795829773,-0.385606586933136,-0.06951029391578345,0.04404530050698008,0.19226858136749242,-0.0366555808820917,0.16168529075605081,0.02065959334867523,0.10179678407446907,-0.04810431373448815,-0.06338681014932365,0.11167401630780016,-0.10044354163358511,-0.1248762867419535,-0.10329471429621094,0.20262035231632083,0.1828445299843248,0.15526704037528422,0.08044948010603356,0.3338382951584455,0.30964501353560997,a_minor
0.0,0.0,0.0,-0.038677215576171875,-0.18954476714134216,-0.052235194352576286,-0.030228495597839355,-0.29798516631126404,-0.0538058475229235,-0.03598672151565552,-0.2813933193683624,-0.035571415779301674,-0.03982001543045044,-0.24319198727607727,-0.020339463708111793,0.011540412902832031,-0.18793508410453796,-0.052199159619519264,0.0181654691696167,-0.3248075246810913,-0.059170850423285515,0.014105498790740967,-0.3944613039493561,-0.05403018077940658,0.004424870014190674,-0.43730123341083527,-0.051050678697535545,0.05157637596130371,-0.17029964923858643,-0.04876266872615531,0.07326400279998779,-0.28789424896240234,-0.05924394061894134,0.0769190788269043,-0.34849274158477783,-0.06439437797398284,0.06272059679031372,-0.3845703601837158,-0.0683779948029013,0.16598831901759314,-0.07417977427132824,-0.009122050072501858,0.022436045732707965,0.1341022694914623,-0.005662734738806463,-0.1774158615347875,-0.08646958002674508,0.12061006546717568,0.05207106836480763,0.11091781417621499,0.1779879315660517,0.20144276618717308,0.18113564516782857,0.41613877310565917,0.08049330801418339,0.5960477911593954,0.5534601277977079,a_minor
0.0,0.0,0.0,-0.039011478424072266,-0.189161479473114,-0.05236158596889595,-0.030687391757965088,-0.2984171211719513,-0.05417028891460518,-0.036255061626434326,-0.28318387269973755,-0.03617574723975281,-0.03994297981262207,-0.24554216861724854,-0.0209772855283461,0.011368095874786377,-0.18729427456855774,-0.05210366922037224,0.017955780029296875,-0.3246365189552307,-0.05883953424708466,0.01394510269165039,-0.3944006711244583,-0.053677999252244035,0.004276394844055176,-0.4368569552898407,-0.05068604725019554,0.05150669813156128,-0.16979774832725525,-0.04855536746399025,0.07320737838745117,-0.28738775849342346,-0.05879992696063141,0.0770334005355835,-0.3478509783744812,-0.06394714193956474,0.06306856870651245,-0.38361698389053345,-0.06793500559942345,0.07000275419545943,0.088264967816154,0.015252355963197711,-0.18309347566737202,0.08205787090877631,-0.08590759650419906,-0.11337646734120353,-0.18458798038124136,0.03806940699342465,-0.058361963305083864,-0.11604833252744795,-0.11239703582408311,0.19859333125171313,0.17855268470492236,0.15957908159368078,0.08116982706773408,0.33264092120647076,0.2971787836111089,a_minor
0.0,0.0,0.0,-0.038957178592681885,-0.18892443180084229,-0.05316636996954571,-0.030158936977386475,-0.29803574085235596,-0.054631712908445706,-0.035172104835510254,-0.2836383581161499,-0.035988117630182614,-0.03875201940536499,-0.24666711688041687,-0.020383878673015943,0.01132190227508545,-0.1872955858707428,-0.05331846239656102,0.01803767681121826,-0.32553425431251526,-0.0602561599263538,0.014246344566345215,-0.39487864077091217,-0.054788152749239316,0.004472136497497559,-0.436688557267189,-0.05148168566316258,0.05169320106506348,-0.16980823874473572,-0.049968990559278836,0.07394754886627197,-0.2887955904006958,-0.06043450819939267,0.0777965784072876,-0.34805458784103394,-0.06512538629263531,0.06340253353118896,-0.3824766278266907,-0.0687139062830795,0.13611595849906294,-0.13318782841004775,0.04724001722299839,0.15096526251117548,0.04860606207518292,0.09640417052949418,-0.03811933378065646,-0.1279169362109695,0.0642584405218859,-0.03427736088645733,-0.11586499045021013,-0.11399436521656599,0.19734119960052687,0.17667927868859656,0.1609103540436251,0.08190649800659021,0.32914604612181525,0.2875299061301931,a_minor
0.0,0.0,0.0,-0.036957740783691406,-0.1886332929134369,-0.052318480733390516,-0.028345048427581787,-0.2978074848651886,-0.05392013204431123,-0.034625232219696045,-0.28268882632255554,-0.0354965449604947,-0.03864872455596924,-0.24507683515548706,-0.020070600259657567,0.012933731079101562,-0.18634307384490967,-0.05240723950004167,0.019980669021606445,-0.32357728481292725,-0.05945907247399873,0.015756309032440186,-0.39353372156620026,-0.05427927610611505,0.005996525287628174,-0.43596409261226654,-0.051203013334031766,0.052762389183044434,-0.16839683055877686,-0.04911872458791322,0.07530665397644043,-0.2850956320762634,-0.05980406415795869,0.07915842533111572,-0.34612253308296204,-0.0651632854077775,0.06493008136749268,-0.38228124380111694,-0.06917635438179559,-0.03473628819622082,0.13285807919874598,0.047097394193547804,-0.07910705134682937,0.06747908790909174,0.12050438253963053,-0.1198487543650416,-0.19107261783364615,0.0008254714730065449,-0.15781021232787792,0.057692226761167864,-0.19160340880677595,0.19849526577931653,0.17878756633566847,0.36782070282947416,0.0817193568080324,0.538740642605015,0.508112464804101,a_minor
0.0,0.0,0.0,-0.03746610879898071,-0.1909102499485016,-0.05082317423826055,-0.028976023197174072,-0.2989054024219513,-0.0518633125424941,-0.03432619571685791,-0.2833741307258606,-0.03365840744977788,-0.03807342052459717,-0.24636247754096985,-0.018639221608694356,0.013001441955566406,-0.18923723697662354,-0.05076930654054479,0.019809424877166748,-0.3256663680076599,-0.05721670371299581,0.016009151935577393,-0.39503903687000275,-0.05231802147632436,0.006209313869476318,-0.43745221197605133,-0.04961419832712011,0.05260777473449707,-0.17112964391708374,-0.04737829399114446,0.07465994358062744,-0.2869753837585449,-0.05764475446945028,0.07894521951675415,-0.3474231958389282,-0.0634229516685565,0.06532484292984009,-0.384005606174469,-0.06797346827393369,0.08935958390000864,-0.07432358468383385,-0.18736697474650948,-0.14875999760080827,0.178045783114963,0.19188083285769836,0.0025960565183709983,0.1326992650731223,0.04932155109178957,-0.09798995464822657,-0.1887506528539794,0.1740168323991294,0.1985842298738574,0.1790829406711814,0.20982246912811334,0.0817817109186181,0.3503152736793795,0.35122005285004865,a_minor
0.0,0.0,0.0,-0.03728741407394409,-0.19166690111160278,-0.05111813934320253,-0.02981466054916382,-0.29779449105262756,-0.05247110517495912,-0.034445106983184814,-0.27996277809143066,-0.03472484664791864,-0.03767991065979004,-0.24132713675498962,-0.01999585160785955,0.013040244579315186,-0.19021070003509521,-0.05092818306559366,0.0191192626953125,-0.32640671730041504,-0.05695508809560579,0.01547539234161377,-0.39538460969924927,-0.052077856080472884,0.005690574645996094,-0.43788450956344604,-0.04956978203529161,0.05274909734725952,-0.17240744829177856,-0.047571391032875,0.07404708862304688,-0.28913506865501404,-0.05779740975970071,0.07799118757247925,-0.34891951084136963,-0.06377422453635972,0.06404131650924683,-0.38483330607414246,-0.06860783340209764,0.11064006693486911,-0.17398709482951094,-0.07311623426066302,0.15150950278102737,-0.13102451638708384,0.03856357123946044,0.08580134048265109,-0.13761463642871208,0.06249779753189688,-0.14457928594454206,0.17627003204506136,0.07399667557626649,0.20344634959111094,0.18249480393533263,0.4411909643142607,0.0811275949816113,0.6442324901981619,0.6153824483990876,a_minor
0.0,0.0,0.0,-0.037935614585876465,-0.19201728701591492,-0.0510884062156407,-0.02987813949584961,-0.2979615330696106,-0.05232246823165099,-0.03469693660736084,-0.279428094625473,-0.03441091484877745,-0.03805631399154663,-0.24064284563064575,-0.019648630614611307,0.012586116790771484,-0.19017896056175232,-0.051204467634889284,0.019375622272491455,-0.3265504539012909,-0.05762863762232939,0.01562577486038208,-0.39573508501052856,-0.052670544455978074,0.0057825446128845215,-0.4388904571533203,-0.05001579828116576,0.05237621068954468,-0.17210713028907776,-0.04800501696321646,0.07409745454788208,-0.2886671721935272,-0.058301547984811464,0.07787573337554932,-0.3486967086791992,-0.06380306042287032,0.06407028436660767,-0.3852168917655945,-0.0682337195381848,-0.021710216506195812,-0.14694285572392204,-0.06109131938644238,0.12032632566383455,0.09698976827185335,-0.08241314780711902,-0.18292579714472346,0.1672623368436148,-0.13522960157956337,0.11520848653630827,0.04255721337208124,0.09047731480005966,0.20529521638429188,0.1835538280008063,0.34032351719131354,0.0813031664940252,0.5133266124441807,0.4591241587721167,a_minor
0.0,0.0,0.0,-0.03770947456359863,-0.1920732855796814,-0.05041952931991034,-0.030306458473205566,-0.2987610101699829,-0.05128462368359976,-0.0354081392288208,-0.28134727478027344,-0.0330883016597312,-0.03881615400314331,-0.24290302395820618,-0.01812347525468283,0.012717068195343018,-0.19050517678260803,-0.05048095563164168,0.018727004528045654,-0.3272598683834076,-0.05653277167787962,0.014822840690612793,-0.39649638533592224,-0.05155563110223227,0.004868805408477783,-0.4390299767255783,-0.04891915002575331,0.052539944648742676,-0.17244890332221985,-0.04726356768718176,0.07356947660446167,-0.2889072299003601,-0.05736949423065596,0.07724511623382568,-0.34912580251693726,-0.06303886452427321,0.06305092573165894,-0.38542526960372925,-0.06760564574709349,-0.07999574729710157,-0.09363765495609276,-0.10583470814649076,0.0405044638420442,-0.19163685696420762,0.12592611136967669,-0.09355323835947181,0.019662194945812228,0.1262187012627765,0.02391850361317832,0.12271573531664387,0.17791914247731427,0.20327944034066886,0.18203839604374505,0.41957767143537533,0.08128843013162457,0.6061161167179279,0.5657040294844875,a_minor
0.0,0.0,0.0,-0.037820279598236084,-0.19306358695030212,-0.05055674135557808,-0.030232131481170654,-0.29901593923568726,-0.05153757676355042,-0.03519326448440552,-0.2800882160663605,-0.033494580237785954,-0.03848230838775635,-0.24109017848968506,-0.018685321955601353,0.012606799602508545,-0.1910853385925293,-0.050643659828821797,0.01877617835998535,-0.32791614532470703,-0.05681050911418595,0.01499706506729126,-0.39714963734149933,-0.051717254965225834,0.0051323771476745605,-0.4404059648513794,-0.04898951917759575,0.05230391025543213,-0.1727907359600067,-0.04748367115728058,0.0734473466873169,-0.28961798548698425,-0.057688645719210285,0.07688933610916138,-0.3493361473083496,-0.06310758709780373,0.0625879168510437,-0.38557183742523193,-0.06745348840824761,0.1648442802289094,-0.12759449188986854,0.1672566607787982,0.024741255815830365,-0.17368465091058838,-0.014302710785911776,-0.14305214997172144,-0.04570284789143897,-0.0069041676559707665,-0.09684006785002763,0.18253147970453804,-0.023979189691026775,0.2062701332151716,0.18294391014117545,0.4276551910316063,0.08154041165546605,0.6317237972007173,0.5916491155141257,a_minor
0.0,0.0,0.0,-0.037889719009399414,-0.19188246130943298,-0.05136556308546858,-0.030673503875732422,-0.29748567938804626,-0.05222946908155279,-0.0356326699256897,-0.2790374755859375,-0.03394496198573904,-0.03897041082382202,-0.24062606692314148,-0.019048621317537595,0.012584149837493896,-0.18989259004592896,-0.05144756790080862,0.018640995025634766,-0.3273068070411682,-0.05781492721119719,0.014951586723327637,-0.3966390937566757,-0.05272396039048033,0.005024552345275879,-0.43973875045776367,-0.04997335877099829,0.05225932598114014,-0.1716403365135193,-0.048174062183292676,0.07358801364898682,-0.28883007168769836,-0.058727720191868116,0.07697254419326782,-0.3488714098930359,-0.06429913025179701,0.06255161762237549,-0.38539212942123413,-0.06869778167286711,-0.0832250088797184,-0.08353412631311685,0.15904832842692035,-0.0409980571104446,0.16503658572643748,-0.0807610954379313,-0.16722299740107371,0.052430313172234067,-0.008474234307261325,0.03219919440419988,0.15421804771908304,-0.07490066252767616,0.20624683492159185,0.18365449690933633,0.40507584238418076,0.08132356651359963,0.5951004198823084,0.5404987406086333,a_minor
0.0,0.0,0.0,-0.03830766677856445,-0.19223183393478394,-0.05112061473165852,-0.03090536594390869,-0.29717233777046204,-0.051865642989028515,-0.035382091999053955,-0.2792209982872009,-0.03359502377544743,-0.03842705488204956,-0.2415696382522583,-0.018725372949589314,0.012241899967193604,-0.19047760963439941,-0.051166767353166165,0.01850712299346924,-0.32756155729293823,-0.05739602270161015,0.014969170093536377,-0.39691615104675293,-0.0522677396479736,0.005182445049285889,-0.43989919126033783,-0.049509441578734936,0.051858603954315186,-0.1725325882434845,-0.04784770878588063,0.07351458072662354,-0.28955161571502686,-0.05810478153263432,0.07683247327804565,-0.34938520193099976,-0.06351221921478611,0.06237196922302246,-0.3857164680957794,-0.06785642924343449,0.009055285534475155,0.03469371992885964,0.01284237432462007,-0.013573358963779925,0.028219765603603397,0.04750620090560273,-0.0010842952822859853,-0.04387419952250221,0.13603975302615867,-0.020446102122984033,0.08407139612615105,-0.07391030545833296,0.20538758229749363,0.18262697639456474,0.3307729957374978,0.08088894313263224,0.5251641657942534,0.4770703509220632,a_minor
0.0,0.0,0.0,-0.03827172517776489,-0.19202589988708496,-0.05067457391102437,-0.031119942665100098,-0.2970067858695984,-0.051944450867964065,-0.0359000563621521,-0.27800026535987854,-0.03438080234606389,-0.03903383016586304,-0.23939085006713867,-0.019950916452003753,0.012120664119720459,-0.19047901034355164,-0.0506822405584586,0.018290460109710693,-0.3276241421699524,-0.05690301342089299,0.014378666877746582,-0.3966061919927597,-0.05199258161862019,0.004301488399505615,-0.43964359164237976,-0.049376060647560394,0.05164724588394165,-0.1726122498512268,-0.047560119462801254,0.07322317361831665,-0.2896958589553833,-0.058047772777868545,0.07628381252288818,-0.349007248878479,-0.06358774138767842,0.061433255672454834,-0.3849642872810364,-0.06793949140389088,-0.032926486486034745,-0.09897320374929786,-0.1586470970044216,-0.15021001288369196,0.14128988298431433,0.12739059137290581,0.16074235457963443,-0.18626100946518737,-0.16638644626379323,-0.009925755264256708,-0.1809836481535624,0.1929045770725339,0.2069902158424199,0.18327074039525632,0.2226345489438359,0.08123094311046705,0.35469323117584556,0.33873269349156754,a_minor
0.0,0.0,0.0,-0.03831815719604492,-0.19187790155410767,-0.051245935302048906,-0.030604839324951172,-0.2968304753303528,-0.052587498020201906,-0.03554332256317139,-0.2778455317020416,-0.03484284509328006,-0.03893935680389404,-0.23905885219573975,-0.02023139227536319,0.011995255947113037,-0.19008725881576538,-0.0513748079946339,0.018380463123321533,-0.32735052704811096,-0.05764535818603633,0.014460146427154541,-0.3965349793434143,-0.05254529420641063,0.004337906837463379,-0.43956758081912994,-0.04975817729142307,0.05156970024108887,-0.17223241925239563,-0.04832199592497943,0.0730818510055542,-0.28933095932006836,-0.05880694095399974,0.0761004090309143,-0.3490879237651825,-0.06428134445455669,0.061046302318573,-0.38517171144485474,-0.06857517365720867,0.16856333951350877,-0.007351658424805507,0.02186845981674268,-0.0713534886756155,-0.008315053899267733,0.005299835973533756,0.157547505929093,-0.012588849194016843,-0.032502471468785904,-0.0500646610547181,0.12149864071289507,-0.050224617489978085,0.2072402056451318,0.1835298909344239,0.3619738549205015,0.08080118857575756,0.5636977575828608,0.5190349071585125,a_minor
0.0,0.0,0.0,-0.038122355937957764,-0.19230762124061584,-0.050703078450496264,-0.030681371688842773,-0.2972327470779419,-0.0519706867056442,-0.03526175022125244,-0.2784934937953949,-0.03434127563410527,-0.0383642315864563,-0.2402384877204895,-0.019875775964791842,0.012178659439086914,-0.19078871607780457,-0.050817344279820986,0.018452823162078857,-0.32774513959884644,-0.05697014177017934,0.014600396156311035,-0.3967859297990799,-0.05197499686651952,0.004487931728363037,-0.4399930387735367,-0.049305949302251406,0.05177164077758789,-0.17294389009475708,-0.04777399817281491,0.07303929328918457,-0.2902919352054596,-0.058066096098954745,0.07612699270248413,-0.34950414299964905,-0.06343499192767865,0.061201632022857666,-0.385437548160553,-0.06772539386325604,-0.03322827152908786,-0.01578695785570655,0.16528657093567872,-0.12026774547461061,-0.07110169430373153,-0.14946462181741446,-0.1423953974687583,-0.009199767515784663,0.14056053294118914,-0.16102429172644356,0.18082686392666752,-0.16754330221685276,0.20640814826415477,0.18244372908372253,0.4627604337242893,0.08082092114702132,0.65329298123116,0.6164441259439518,a_minor
0.0,0.0,0.0,-0.03877365589141846,-0.19245865941047668,-0.049857135910173156,-0.03139311075210571,-0.29672396183013916,-0.051162805456300475,-0.03584718704223633,-0.2784402072429657,-0.033890560317416885,-0.0389980673789978,-0.24095523357391357,-0.019647425088663795,0.01145780086517334,-0.1911334991455078,-0.04992334176935742,0.018135666847229004,-0.32752683758735657,-0.055638697046418883,0.014614999294281006,-0.3966302126646042,-0.050549063879628875,0.004805207252502441,-0.43961845338344574,-0.047916725325961806,0.05119115114212036,-0.17370668053627014,-0.04699634765424321,0.07303482294082642,-0.2913128733634949,-0.0569455884877641,0.07574516534805298,-0.3502151370048523,-0.06219355021752904,0.060308218002319336,-0.38524505496025085,-0.06640811269321034,0.18013855448545302,0.07673211521056389,0.17662866651791187,-0.14264459598368645,0.012667519801002586,-0.004062837733429386,-0.02320690057042421,-0.0562661633887592,0.17379912067881909,-0.17237620544580798,-0.08409166522700025,-0.05633768706345274,0.20538976388671276,0.18129493312607142,0.2091460784056791,0.07986852987971808,0.39732035273717276,0.38070568492679363,a_minor
0.0,0.0,0.0,-0.038332998752593994,-0.19205769896507263,-0.0501398106937927,-0.03086066246032715,-0.2962656617164612,-0.051859795851044055,-0.03567337989807129,-0.2778163552284241,-0.03484093005710065,-0.03911304473876953,-0.23985952138900757,-0.020657630441121455,0.01164388656616211,-0.19038426876068115,-0.05020137484126508,0.018257498741149902,-0.32758933305740356,-0.05635330806427419,0.014423549175262451,-0.3966543525457382,-0.051399271739057895,0.004345834255218506,-0.4395647495985031,-0.04867178554587781,0.05137348175048828,-0.17276635766029358,-0.047292548966936465,0.07308799028396606,-0.2900737524032593,-0.057667899680666324,0.07595378160476685,-0.3492359220981598,-0.06305280308180272,0.06066960096359253,-0.38478124141693115,-0.06718824784212529,0.02420631480553795,0.1351085295378346,0.13552998148117773,0.021492900768565804,-0.10918510525880097,-0.08775552290933329,-0.06254067669038205,-0.0014151152304778258,-0.10314834437979453,0.08270966993971812,0.04974111659586819,-0.1973538890020473,0.20629019662566161,0.18199994416189688,0.360459250293723,0.08072458634683771,0.5173659143426076,0.4541349341242637,a_minor
0.0,0.0,0.0,-0.03856182098388672,-0.1923515498638153,-0.05042435986511862,-0.030698716640472412,-0.29643142223358154,-0.05189440784566557,-0.03526163101196289,-0.27808356285095215,-0.034597005821396465,-0.03857356309890747,-0.2402910590171814,-0.020215520761539096,0.011619865894317627,-0.19073328375816345,-0.05039964256398832,0.01825922727584839,-0.3275356888771057,-0.056277081496645565,0.01464390754699707,-0.3967927396297455,-0.05110903469436323,0.004814326763153076,-0.43966102600097656,-0.04835223791711485,0.05137956142425537,-0.17322811484336853,-0.0473694988858,0.0734872817993164,-0.2905730605125427,-0.057498652614285106,0.0763164758682251,-0.34966227412223816,-0.0628537723194853,0.06086629629135132,-0.3848409354686737,-0.06707626966350233,-0.12679259828169434,0.04182269297762162,-0.024823470101518502,0.07320637470084879,0.16248921403365513,0.009866629700060386,-0.08079284508285306,0.13996995466637746,0.06139644516286058,0.1082052695555395,-0.0365278010205507,0.08041843356261458,0.20596739444410792,0.18160088712709796,0.27053776776583244,0.0806080329669424,0.4356466113353318,0.3812055947891427,a_minor
0.0,0.0,0.0,-0.03895694017410278,-0.19259145855903625,-0.04941247970702989,-0.03160184621810913,-0.29653245210647583,-0.05118765131476266,-0.03644794225692749,-0.2785792350769043,-0.03453472823741777,-0.04001361131668091,-0.24153822660446167,-0.020635916003016064,0.011029601097106934,-0.19120416045188904,-0.04950828299763543,0.018303394317626953,-0.32707250118255615,-0.05557741419318063,0.014403760433197021,-0.39635711908340454,-0.050874160685566494,0.004320800304412842,-0.4396834224462509,-0.048486737617281506,0.05065333843231201,-0.1735464632511139,-0.04663444877508027,0.07358825206756592,-0.29067158699035645,-0.05667260856273515,0.07600808143615723,-0.3491383194923401,-0.0618941356325422,0.060340821743011475,-0.38378530740737915,-0.06606459812167031,0.08161109295675295,-0.06390252987316658,-0.1724196869828389,0.13661529554593776,0.18838565917795919,-0.06355266973457199,0.11023824651536901,0.07893040297948428,0.18834596633467876,-0.123870239537957,0.17860117299232775,-0.12938758185397528,0.2049456682966469,0.17991389437928842,0.4420135450589164,0.08106678263500867,0.6365954211669487,0.5951655809129023,a_minor
0.0,0.0,0.0,-0.0390743613243103,-0.1919560730457306,-0.05010725115016612,-0.03143787384033203,-0.2964359521865845,-0.0521626390941492,-0.03629601001739502,-0.27740010619163513,-0.03547349501923236,-0.03971382975578308,-0.238764226436615,-0.021441471991693106,0.011014938354492188,-0.19052457809448242,-0.0502020113594881,0.01800525188446045,-0.32686248421669006,-0.05660384823158893,0.01421201229095459,-0.3959878832101822,-0.05197349492982539,0.004204928874969482,-0.43901579082012177,-0.049503962738072005,0.050843000411987305,-0.17307820916175842,-0.04732569981888446,0.07274389266967773,-0.2895156443119049,-0.057658459288632,0.07566338777542114,-0.348488450050354,-0.06296093319133433,0.060514748096466064,-0.38374945521354675,-0.06706544314101848,0.1446681278317105,-0.1416398453568004,-0.02479651012037895,-0.009698932239757208,0.07728645386349814,0.08599766792363678,-0.1823848588207226,0.032255828961919336,-0.07071440504399643,0.12153372116986039,-0.036135161618344125,0.12637823168276885,0.20692281117508204,0.18206600760498398,0.29817775802874824,0.0808304966338775,0.4549872450978031,0.4024667284583342,a_minor
0.0,0.0,0.0,-0.03981083631515503,-0.19251573085784912,-0.04979212276242606,-0.03180742263793945,-0.29750338196754456,-0.05177690155409209,-0.03607970476150513,-0.2782749831676483,-0.03498885102175109,-0.03917449712753296,-0.23944765329360962,-0.02089476279519431,0.010549604892730713,-0.19094231724739075,-0.05008697948954932,0.017146050930023193,-0.32777565717697144,-0.05634235657356612,0.013331830501556396,-0.39677999913692474,-0.051668387572988195,0.0033547282218933105,-0.4400075376033783,-0.049149938594325704,0.05049574375152588,-0.17322802543640137,-0.04731923035882346,0.07215452194213867,-0.2897784411907196,-0.05754244766734473,0.07534658908843994,-0.3491052985191345,-0.06290072641871802,0.06059771776199341,-0.38517656922340393,-0.06709982893966071,-0.0010058861414382059,-0.006583719970827573,0.09718575129993867,-0.11413635884209823,0.14219990012128486,0.16913961999838456,-0.08727614456489703,0.024150005718422213,0.12100061713293009,-0.07177641891388312,-0.18306841988278166,-0.10561485762504624,0.20695738006316639,0.18255497785447922,0.10685971051867497,0.08127357201688203,0.2735885351510953,0.24465081958826743,a_minor
0.0,0.0,0.0,-0.04027631878852844,-0.1925794780254364,-0.04987826837592024,-0.031931281089782715,-0.2972664535045624,-0.0522190135567655,-0.03633052110671997,-0.27789753675460815,-0.0357087690978517,-0.039694756269454956,-0.23877543210983276,-0.021727098956631608,0.010276854038238525,-0.19074726104736328,-0.050530417695568985,0.01749587059020996,-0.3276612162590027,-0.057277130767630524,0.013442516326904297,-0.3969593793153763,-0.052749994084166474,0.0032023191452026367,-0.44032007455825806,-0.05025046958022017,0.05049675703048706,-0.17266464233398438,-0.04801876364641089,0.07273262739181519,-0.28961244225502014,-0.05841631709031958,0.07565701007843018,-0.3488629460334778,-0.06347701220207114,0.060660481452941895,-0.3848292827606201,-0.067403930112647,0.179158411574998,-0.014705660042277552,0.09302587085391723,-0.007433612465806982,0.08323012936792312,-0.09837803884032006,0.09067221965793076,-0.011156996098072997,0.023549027407140988,0.03270714927905988,-0.19788193906641555,0.103810026974898,0.20802400017912598,0.18300074844845968,0.15057849676330545,0.0817001199408473,0.2887584131082562,0.25503905033448926,a_minor
0.0,0.0,0.0,-0.039376646280288696,-0.19270899891853333,-0.05026007506523911,-0.031078338623046875,-0.29680219292640686,-0.05171992692623917,-0.036151111125946045,-0.2781021296977997,-0.03419583353672806,-0.039768338203430176,-0.23942232131958008,-0.019635134073837435,0.01077282428741455,-0.19049367308616638,-0.051199533673866426,0.017854809761047363,-0.32779550552368164,-0.05790944832835976,0.013475298881530762,-0.39757034182548523,-0.05292926046524826,0.0030942559242248535,-0.4406656473875046,-0.05009687382255379,0.051008641719818115,-0.17220473289489746,-0.04868971991811577,0.07300841808319092,-0.29054272174835205,-0.05892861324821297,0.07566326856613159,-0.3500875234603882,-0.06356218520079437,0.06018918752670288,-0.3854193687438965,-0.06718083533917252,0.10560634246189932,-0.05435364523424391,0.14527741701017977,0.010514008662031366,0.04898877271266752,0.1876819619127027,-0.029316757575170577,0.18922771491322915,0.1126743297040515,0.023947717639336175,0.13802708719531454,-0.0158324168216529,0.20799999002584493,0.18321364172877738,0.3828083755861441,0.08126404038540135,0.5800812020208992,0.5272061233134224,a_minor
0.0,0.0,0.0,-0.04129070043563843,-0.19272470474243164,-0.04973569735852834,-0.03313803672790527,-0.29665133357048035,-0.05048592612115499,-0.036704957485198975,-0.27932533621788025,-0.03258934467999097,-0.03999224305152893,-0.24238130450248718,-0.01784371621874925,0.009103119373321533,-0.19146275520324707,-0.050380939989963736,0.016633033752441406,-0.3280830979347229,-0.055787107348123754,0.01293933391571045,-0.39707377552986145,-0.05022366940943357,0.002407371997833252,-0.43931806087493896,-0.04716452434627172,0.04958689212799072,-0.17398899793624878,-0.04765680655805227,0.07173824310302734,-0.29177457094192505,-0.05670932903854009,0.07444441318511963,-0.35070961713790894,-0.06103987097708341,0.05864918231964111,-0.3855437636375427,-0.06471161767808553,0.18305224123002806,0.1345291022919048,-0.01975285820255937,0.12025133613762973,-0.01619318877783668,-0.1058531704656009,-0.03431000851430682,-0.004351807450300893,0.02893101124101341,0.17469440393747432,-0.1124964477548339,0.08628963700357245,0.20357191151061954,0.1800617135652513,0.2716692615314882,0.0797666393678801,0.39281700747114906,0.33290044921345285,a_minor
0.0,0.0,0.0,-0.039558857679367065,-0.19317203760147095,-0.05054799880699079,-0.03156822919845581,-0.29805728793144226,-0.05168119113758962,-0.03687316179275513,-0.27877628803253174,-0.03375954594329755,-0.04039114713668823,-0.23903462290763855,-0.018816326221980262,0.010649502277374268,-0.19102254509925842,-0.05135557468847196,0.017107725143432617,-0.3284318149089813,-0.05785293917969625,0.012125015258789062,-0.39809006452560425,-0.05259016569570463,0.0014387965202331543,-0.44077156484127045,-0.04953210469201963,0.05094170570373535,-0.17287179827690125,-0.04859092127398412,0.07225126028060913,-0.2913852632045746,-0.0583912324519531,0.07461535930633545,-0.3508937954902649,-0.06252561922983091,0.05891013145446777,-0.38564813137054443,-0.06581150408700864,0.0281680129345791,-0.068920960792545,-0.1356389197446594,0.11667789554288172,-0.09160358992060491,0.0348847996060658,0.17378904285811808,-0.055693814911074,-0.05244406417295652,0.1459620419618769,-0.1508774430000892,0.1730904232068794,0.20830505748563888,0.1832070182504115,0.2816512026120405,0.0812807855608329,0.3930475292876821,0.3460772198594723,a_minor
0.0,0.0,0.0,-0.040198951959609985,-0.193325936794281,-0.04972300869908963,-0.03208816051483154,-0.2964995503425598,-0.050643229908615695,-0.036514341831207275,-0.2791385054588318,-0.0327567700811926,-0.040003448724746704,-0.24201512336730957,-0.018004223755866633,0.00980222225189209,-0.19157302379608154,-0.05056369496074353,0.01737391948699951,-0.32797718048095703,-0.05675285873499547,0.013495087623596191,-0.3973821997642517,-0.05142313060846959,0.0031887292861938477,-0.4400985985994339,-0.04840341401782666,0.05004698038101196,-0.17364904284477234,-0.047968650288254366,0.07237112522125244,-0.29115694761276245,-0.05768512380805646,0.07493853569030762,-0.35015714168548584,-0.061997292614847765,0.05919426679611206,-0.3851430416107178,-0.06546962452617322,-0.08920356932674843,0.14785423273647963,0.007124789545915361,0.17467838178067213,-0.012756913577519263,-0.03851479725348153,-0.16677133109300188,-0.1251613203172237,-0.07837471654517017,-0.039916218889205324,0.19208384926603772,0.025214551655395656,0.20500423939506038,0.1804958504108468,0.43624510105950864,0.08029937121067686,0.6379124460427522,0.5926528425087955,a_minor
0.0,0.0,0.0,-0.03942686319351196,-0.19235649704933167,-0.050815573425254,-0.031169772148132324,-0.29502928256988525,-0.051164800764283314,-0.035572052001953125,-0.2788037657737732,-0.032676024825534,-0.03886216878890991,-0.24275872111320496,-0.01769136311229147,0.010533452033996582,-0.19065135717391968,-0.051421555222233906,0.017321348190307617,-0.3264842629432678,-0.05758932092901148,0.012975871562957764,-0.396273210644722,-0.05255360016342081,0.0023949146270751953,-0.4388502687215805,-0.049914183558186664,0.05059814453125,-0.17292973399162292,-0.04835837566967882,0.07291662693023682,-0.290000855922699,-0.0583400935840217,0.07558411359786987,-0.3503499925136566,-0.06341483304019846,0.059804558753967285,-0.38596826791763306,-0.06753300735469736,-0.07890355917328168,0.05233734751879626,-0.024949469997092744,-0.16884020886616136,0.1813242028387927,0.17499501941320322,-0.07710577206303877,-0.0022351274121103493,0.04611072823195586,0.15900319008332991,0.07859753996074809,-0.13575609790131674,0.20295899125914518,0.18090960980759588,0.39542360624256334,0.08001747434015638,0.5474004209987595,0.4799126466254499,a_minor
0.0,0.0,0.0,-0.04034194350242615,-0.19221791625022888,-0.05191437981079616,-0.03182703256607056,-0.2960999608039856,-0.053116307472691915,-0.03553175926208496,-0.2789386808872223,-0.035162960057959936,-0.03871297836303711,-0.24208295345306396,-0.02046195684920349,0.010082125663757324,-0.1907041370868683,-0.05229451960872211,0.0170365571975708,-0.3278716802597046,-0.05863557464431324,0.013258695602416992,-0.39730335772037506,-0.05376971594046154,0.0027912259101867676,-0.4401729106903076,-0.05116777948092022,0.05041903257369995,-0.17292508482933044,-0.0491534218842844,0.07231634855270386,-0.2900450825691223,-0.059371420061097524,0.07547789812088013,-0.34964650869369507,-0.06473937711666622,0.060297250747680664,-0.3853418827056885,-0.0690518402213911,-0.1534187949038152,0.08462661204930128,-0.12726973875421338,0.00481782099916872,0.051671113070102415,0.1584923603677868,0.17365598835574558,0.09103474509470894,0.12904471053022065,0.08208109016040677,0.0016862597778216082,0.15120455610965816,0.20470729755945916,0.1807958048332098,0.3216893345777979,0.08144460786957848,0.4924235690053709,0.4458454876507509,a_minor
0.0,0.0,0.0,-0.03980681300163269,-0.1919194757938385,-0.053358676956378304,-0.031456589698791504,-0.2964021861553192,-0.05467588000126966,-0.03521066904067993,-0.278220534324646,-0.03643767453857549,-0.038328707218170166,-0.23996129631996155,-0.021434939579449974,0.010463178157806396,-0.18993890285491943,-0.05384371720381864,0.016848623752593994,-0.3276384472846985,-0.0603089361650575,0.012371718883514404,-0.39697693288326263,-0.05517063208051809,0.0013675093650817871,-0.43934890627861023,-0.05243183963128217,0.050786733627319336,-0.17206689715385437,-0.050695723967038475,0.07238537073135376,-0.29010993242263794,-0.060860666559420906,0.07542955875396729,-0.3500784635543823,-0.06582039140292295,0.059970736503601074,-0.3855818510055542,-0.06994577787943967,-0.12637586153119662,0.16544806126966904,-0.08573166070148189,-0.17446872067555505,0.1689807791758347,-0.18176783772268257,0.041009549413313945,-0.11204004245241844,0.1532598134561008,-0.09490669134444762,-0.128100437427959,-0.010159897839611715,0.2056502283705757,0.18226746285477585,0.12586121962735344,0.08143692342386849,0.32852891523726174,0.30636260778182584,a_minor
0.0,0.0,0.0,-0.04046785831451416,-0.19226664304733276,-0.05194890014772113,-0.03213763236999512,-0.2962424159049988,-0.05263467393760379,-0.03593778610229492,-0.28001630306243896,-0.034186209365174136,-0.03904169797897339,-0.24391379952430725,-0.019174204021140895,0.009565889835357666,-0.19064301252365112,-0.052369988336607776,0.01637279987335205,-0.32754698395729065,-0.05825413651709255,0.012482762336730957,-0.3968895673751831,-0.052955875917717776,0.0020638704299926758,-0.4391181617975235,-0.0501440826797932,0.04981279373168945,-0.1731225550174713,-0.04922090358977016,0.07161509990692139,-0.2906333804130554,-0.058991695567414126,0.07439577579498291,-0.3507232069969177,-0.06412819288615879,0.058645784854888916,-0.3862174153327942,-0.06839571408872303,-0.0081935218462596,0.06855298744070976,0.1952945650045394,0.0709938759861472,0.19588412725013687,0.03942743719109884,0.17407401418954155,-0.014480457816763936,0.19390249591566627,-0.001711179140295338,0.03691778032181925,0.006156223950474382,0.20187507074636254,0.1794879395054684,0.284432020800861,0.07958092777543678,0.47936853642617233,0.4338713500218519,a_minor
0.0,0.0,0.0,-0.03924393653869629,-0.19042667746543884,-0.05248040739130033,-0.030972599983215332,-0.29449352622032166,-0.053344849829187524,-0.035728394985198975,-0.2779390215873718,-0.03483903068732275,-0.0393030047416687,-0.24107447266578674,-0.0196766316486503,0.010696113109588623,-0.18889248371124268,-0.052890934382190835,0.01754581928253174,-0.3270481824874878,-0.05950863320063604,0.012922942638397217,-0.3966156393289566,-0.054219562892427575,0.002202928066253662,-0.43905089795589447,-0.05121865529250158,0.05100983381271362,-0.1716354787349701,-0.0496547076446916,0.07298219203948975,-0.2908353805541992,-0.05985540184806837,0.07533019781112671,-0.3501257300376892,-0.06423341516088499,0.059459805488586426,-0.3846960663795471,-0.06770603391956342,0.19293896950320055,0.09046207931712036,0.17447085618711927,0.010437385301646535,0.1704612459751491,-0.013950442157039916,0.16217938102000046,0.05011775522430956,0.17182571224332083,0.0013338070768131316,-0.06189634171360245,0.0072500884138193555,0.20472495374148858,0.1807984467520643,0.18569114502208073,0.0806512949793196,0.3816607245397539,0.33644719379277366,a_minor
0.0,0.0,0.0,-0.04056096076965332,-0.19156163930892944,-0.05060712193250083,-0.03204667568206787,-0.2960585355758667,-0.05173407812714004,-0.03582298755645752,-0.27962008118629456,-0.03396888767480277,-0.039114177227020264,-0.24355408549308777,-0.01926215869485759,0.009321510791778564,-0.1903318464756012,-0.05093116630911254,0.016718745231628418,-0.32771649956703186,-0.056689362424606315,0.01291114091873169,-0.3967946916818619,-0.05126349945663833,0.002545475959777832,-0.4390016794204712,-0.04826043863891982,0.04969710111618042,-0.17316210269927979,-0.04792955090402984,0.07200026512145996,-0.2922949492931366,-0.05741424431204223,0.07441955804824829,-0.35046979784965515,-0.06179303621053123,0.058247268199920654,-0.38399839401245117,-0.06538049449324035,-0.0976404608239811,-0.024047065660359246,0.16551946613846352,0.07653868934899927,-0.03395749570575596,0.09482827857364245,-0.16538289568076434,0.10051445158942801,-0.00516616471185144,-0.0019933466416302836,0.08139339144544816,-0.13137692538351242,0.20193114894775857,0.17700495967039373,0.34574345943447876,0.08013206210310077,0.5270104183608861,0.4738923659845492,a_minor
0.0,0.0,0.0,-0.03943681716918945,-0.1915580928325653,-0.050988814924210146,-0.030739307403564453,-0.2952677011489868,-0.05177824119135721,-0.03522467613220215,-0.27933356165885925,-0.03349692666932924,-0.038615524768829346,-0.242931067943573,-0.018471448812931612,0.01048743724822998,-0.18989205360412598,-0.051653104964941576,0.017361938953399658,-0.32684773206710815,-0.05794047484204157,0.012805461883544922,-0.39667822420597076,-0.05278057152435167,0.002076387405395508,-0.4391900300979614,-0.04992664897844179,0.05080920457839966,-0.172453373670578,-0.048711507711857394,0.07309681177139282,-0.2911562919616699,-0.05867266947433336,0.07550793886184692,-0.3505142629146576,-0.06321613783046587,0.059479713439941406,-0.38506823778152466,-0.06686391973897798,0.16028602975379957,0.1224888294558632,-0.1578727369318821,-0.0022027548299849986,0.09080163970191224,-0.06986215514982233,-0.12162756736025844,-0.01978650086327871,-0.12636161967050635,0.1729020818111487,0.03629033111892563,-0.1951076412839247,0.20288627740624748,0.17935295383992547,0.3923068086057024,0.08069189168799802,0.5256809986093789,0.4548121912926996,a_minor
0.0,0.0,0.0,-0.03993818163871765,-0.19216683506965637,-0.052098888895670825,-0.03141045570373535,-0.29625141620635986,-0.05296133085266774,-0.03576761484146118,-0.2789511978626251,-0.034504950038353854,-0.039106667041778564,-0.24208977818489075,-0.019517330444614345,0.010209381580352783,-0.19046828150749207,-0.052693802855174,0.016516029834747314,-0.32789599895477295,-0.05924737452642148,0.012426376342773438,-0.3975144773721695,-0.054456006727377826,0.0021143555641174316,-0.4406190812587738,-0.05197739227787679,0.0507473349571228,-0.1726894974708557,-0.049607645712058,0.07180595397949219,-0.2911500632762909,-0.06009007989541715,0.07491427659988403,-0.34997737407684326,-0.065260492257039,0.05954080820083618,-0.3845600485801697,-0.06941749154702848,-0.022739580744205734,0.006294862006386348,-0.09067222994376865,-0.04443490508743414,-0.09046978128740149,-0.07620231566665847,-0.0039011501309250407,-0.012541680260501092,-0.08638345901215959,0.14725184739390562,-0.04238561912612676,-0.15983522089936775,0.20534534934567356,0.18033060859513855,0.30708363263077926,0.08212532903931632,0.4373649426871559,0.3646257428511608,a_minor
0.0,0.0,0.0,-0.03937345743179321,-0.1912429928779602,-0.0532907775429976,-0.03090614080429077,-0.29469895362854004,-0.05491489235441804,-0.03475487232208252,-0.2763993442058563,-0.0371118678538096,-0.03770381212234497,-0.23867499828338623,-0.022531407588530783,0.011264383792877197,-0.18995165824890137,-0.05369262833278299,0.017384231090545654,-0.32756513357162476,-0.060380176344324354,0.012756526470184326,-0.3969541937112808,-0.05565529007594705,0.0016928911209106445,-0.43997348845005035,-0.05325907904784799,0.05162280797958374,-0.17249912023544312,-0.05064774368088365,0.07327157258987427,-0.29093050956726074,-0.06163796845953584,0.07579278945922852,-0.3498449921607971,-0.06717575777452112,0.05994004011154175,-0.3847108483314514,-0.0716013206927073,0.10001594722932239,-0.027236573817844,0.12213537353770537,-0.14067306027705995,0.1478642760813536,0.11784464514109932,-0.10625500061504325,0.052313195148721126,0.02021164736182346,-0.13950611882722624,0.12379841674747233,0.11471499691097703,0.20740629730827234,0.18239695104465292,0.40073340489982895,0.08235974494237443,0.6049720751361998,0.5771258209367629,a_minor
0.0,0.0,0.0,-0.039189934730529785,-0.1925477385520935,-0.05250784639846984,-0.0307578444480896,-0.29674381017684937,-0.053515343709108265,-0.03507810831069946,-0.27840176224708557,-0.035241707010385426,-0.038340747356414795,-0.2409985065460205,-0.020400966299888523,0.011327028274536133,-0.19110068678855896,-0.05281764153968993,0.017170190811157227,-0.3282683491706848,-0.05909546349775496,0.012736856937408447,-0.39778080582618713,-0.054232093287822636,0.0020307302474975586,-0.44085341691970825,-0.05182381231915656,0.05149531364440918,-0.17327827215194702,-0.0496552686823577,0.07248109579086304,-0.2909804880619049,-0.06026829291712943,0.07527846097946167,-0.35077792406082153,-0.06610918675195876,0.0598827600479126,-0.3863368630409241,-0.07086703811418715,0.020324987615948753,0.11089414320132779,0.058220845709142044,0.09817100934836781,0.1674582789818061,0.14428624584732758,0.08826135733428131,0.08432572636289287,-0.008690324540326116,0.1855575451316282,0.03211134551688813,0.14898994013892491,0.2062989012485248,0.18253196892548323,0.391679353370902,0.08174078815087978,0.5456225082092157,0.4891115882267254,a_minor
0.0,0.0,0.0,-0.03881937265396118,-0.19280952215194702,-0.05183020124074744,-0.030794799327850342,-0.2967725694179535,-0.05354578310486602,-0.03525787591934204,-0.279024600982666,-0.03631432616946029,-0.038599371910095215,-0.24170371890068054,-0.022214650007455816,0.01178961992263794,-0.19150131940841675,-0.051920561882226934,0.01756042242050171,-0.32747024297714233,-0.05856093281742858,0.013240694999694824,-0.39689314365386963,-0.05452259147402572,0.002592742443084717,-0.43983693420886993,-0.05271581822869109,0.05165189504623413,-0.17345735430717468,-0.048788218589990606,0.07313239574432373,-0.2898803651332855,-0.06011418515679168,0.076199471950531,-0.34949108958244324,-0.06687955820795821,0.0612676739692688,-0.3850136399269104,-0.0721937518739395,0.1119970343591819,0.15995821569997426,0.048416312300641945,-0.03226549699394429,-0.19643039254023345,0.027665766177146445,0.07302247208200052,0.12111160416638433,0.1630983148432697,0.14084672554887434,0.04905386104458637,-0.12523946879226272,0.20465552168487142,0.18168398647265419,0.3568683027035668,0.08263008583208314,0.5132134579482888,0.4444786484560634,a_minor
0.0,0.0,0.0,-0.03914088010787964,-0.19258177280426025,-0.05225725758182875,-0.031115591526031494,-0.2964417636394501,-0.05386162462937705,-0.035469651222229004,-0.2786446511745453,-0.03634543258058898,-0.03874313831329346,-0.24153178930282593,-0.02206336806821696,0.01141268014907837,-0.19150805473327637,-0.052273842574237506,0.01722937822341919,-0.32783085107803345,-0.0589145785878884,0.013099312782287598,-0.39732542634010315,-0.05461452442514769,0.0025334954261779785,-0.44064678251743317,-0.05263002130496375,0.05129384994506836,-0.17355570197105408,-0.049013285965799014,0.07281869649887085,-0.29017457365989685,-0.060058175654290835,0.07615149021148682,-0.34913647174835205,-0.06629898312795035,0.06129056215286255,-0.384363055229187,-0.07131184551226966,-0.014711981972033022,0.0739337925576965,-0.1662699805653424,0.19743977356354286,0.1666385451564814,0.1799828879779703,-0.16559137392337303,0.013517770527577022,-0.0723356958669335,-0.0810420801543324,0.1724848017795545,-0.1292803566473562,0.20563283129357304,0.18119857694153357,0.4297608879508765,0.08348210229441044,0.6235306651675192,0.5776663961185508,a_minor
0.0,0.0,0.0,-0.039067983627319336,-0.19181355834007263,-0.05361189926483689,-0.030261456966400146,-0.294878214597702,-0.05538037280061303,-0.03402775526046753,-0.27738291025161743,-0.03771072486856042,-0.03727161884307861,-0.24035701155662537,-0.023290327288890467,0.011537134647369385,-0.1907966434955597,-0.05390899489142953,0.017483651638031006,-0.327172189950943,-0.06092079217054902,0.013352572917938232,-0.3968147933483124,-0.056664648004556284,0.0024323463439941406,-0.4396743029356003,-0.054685777523303614,0.051869988441467285,-0.17292168736457825,-0.05079257348992883,0.07355004549026489,-0.28986459970474243,-0.06211824948408662,0.07698291540145874,-0.34905922412872314,-0.06830856437304078,0.06181126832962036,-0.38386690616607666,-0.07329028333046494,0.17385366098768001,0.07241687561651539,0.1409775784267524,0.1968711627900661,-0.1662667745416241,0.12716431477887208,-0.19272414445869585,-0.10638493520042235,0.04893582093304025,-0.11541318120382034,0.10031518430221281,-0.031248822423276146,0.20564401715014466,0.18141803654943736,0.34960976308487773,0.08358498397855216,0.5531957208391436,0.5173086957300105,a_minor
0.0,0.0,0.0,-0.037616848945617676,-0.19140857458114624,-0.052361187734760506,-0.03012406826019287,-0.29544797539711,-0.05396562556282447,-0.03531181812286377,-0.2776820659637451,-0.03620313222066329,-0.038872361183166504,-0.24028638005256653,-0.021657859184898598,0.012741327285766602,-0.1902700662612915,-0.05270455519215034,0.01865452527999878,-0.3270159959793091,-0.05985779801861213,0.014303982257843018,-0.3969762474298477,-0.05558412263647483,0.0039034485816955566,-0.44044239819049835,-0.05342462027923034,0.05281716585159302,-0.17230600118637085,-0.04956174010888503,0.07423609495162964,-0.2892596125602722,-0.06074543038860725,0.07711207866668701,-0.3488314747810364,-0.0667342666770594,0.0617215633392334,-0.3842584490776062,-0.07142469773546622,0.13379627875255584,0.06963995732304629,0.16891860383691676,-0.1601039896813346,0.10410045445181865,-0.013133888226660562,-0.06698159687876146,-0.024936711374664272,0.09052317100392626,-0.08957210584535141,0.1667892378104921,-0.10204530720811707,0.20712635903789772,0.18254816495787446,0.41802292349473774,0.08260492310066248,0.6163050464123427,0.5722595121835325,a_minor
0.0,0.0,0.0,-0.03777831792831421,-0.1928548514842987,-0.0503292295234985,-0.030999600887298584,-0.2959170341491699,-0.05193408830936619,-0.03550797700881958,-0.27796632051467896,-0.03519707797940441,-0.03883659839630127,-0.24134042859077454,-0.021545243178564988,0.012871742248535156,-0.1920088529586792,-0.050138744254667245,0.018743455410003662,-0.3268338739871979,-0.05614779024298855,0.01503843069076538,-0.3962603956460953,-0.05208598702128597,0.004879653453826904,-0.43991486728191376,-0.05040847389872738,0.05261385440826416,-0.17432573437690735,-0.046956124444562874,0.07417678833007812,-0.29054519534111023,-0.057627270658571206,0.07723104953765869,-0.34926551580429077,-0.06423279150303074,0.062093913555145264,-0.38432133197784424,-0.06954872860487171,0.1249248522841877,-0.1237459893551237,-0.1829691602705847,-0.04573168791095297,0.19727472917787703,-0.07628474452863553,-0.02191355774843612,-0.1911018966338776,0.03840406250445594,0.015176414711277258,-0.1267085466531638,-0.152081448268128,0.20536797331845627,0.18147959000735397,0.1819273887590932,0.08203939344462644,0.32945654689399184,0.27454917351089936,a_minor
0.0,0.0,0.0,-0.03804236650466919,-0.1930224895477295,-0.04994647219170645,-0.03121960163116455,-0.2965683341026306,-0.051312845343247204,-0.0353245735168457,-0.27909591794013977,-0.03425992667068556,-0.03848332166671753,-0.24250906705856323,-0.02034553340961054,0.01233750581741333,-0.1920766830444336,-0.04980696007002905,0.018132448196411133,-0.3272746205329895,-0.05566292270411566,0.014855802059173584,-0.39673951268196106,-0.05143688260902479,0.004897892475128174,-0.4400721788406372,-0.04957825332273558,0.05216342210769653,-0.17438384890556335,-0.046656076007977276,0.073577880859375,-0.2904501259326935,-0.057204675072327404,0.07713770866394043,-0.3493349552154541,-0.06380208223451689,0.0622333288192749,-0.3844085931777954,-0.06906215488304213,0.028406109022475368,-0.026809207986465244,-0.11987087860854505,0.17186510693022472,-0.06223957084167933,0.13527636903434453,-0.01252820782665709,0.1515540032974782,0.12359122151803448,-0.015555077546631185,0.16111608588713228,-0.10219162324674165,0.20437138936494056,0.18070038297072263,0.41247757622747705,0.08225210908925037,0.6038326095234158,0.5520378368444514,a_minor
0.0,0.0,0.0,-0.03821563720703125,-0.1934126615524292,-0.05034917183003529,-0.0308496356010437,-0.29699528217315674,-0.05193980745754345,-0.03532755374908447,-0.27911609411239624,-0.034853398425198634,-0.03862786293029785,-0.24178573489189148,-0.020872033757783015,0.01221078634262085,-0.19213852286338806,-0.050306480003214915,0.017960667610168457,-0.327273964881897,-0.05667877904853924,0.014216780662536621,-0.3970024883747101,-0.0527060177155505,0.004004776477813721,-0.44077499210834503,-0.05096779726228817,0.052174150943756104,-0.17401084303855896,-0.04716205931983097,0.07335633039474487,-0.2898861765861511,-0.058080739898301204,0.07675981521606445,-0.3491107225418091,-0.06477352194271191,0.06172668933868408,-0.3845617175102234,-0.07005732469043835,0.1315462896225429,-0.0005657364350434568,-0.051718103997252296,0.19396596405087269,-0.025748111565912696,-0.10097833838336744,-0.09587933334570811,0.042528946575211946,0.19404861724883915,-0.1359263102867183,-0.1372296259421244,-0.15501726940066587,0.20571830597051174,0.1813152233483664,0.19594364501654615,0.08280194153998949,0.3500668379272207,0.3278079681544284,a_minor
0.0,0.0,0.0,-0.03792458772659302,-0.19271302223205566,-0.051374037913973325,-0.03077852725982666,-0.2963291108608246,-0.05281269287317514,-0.035263240337371826,-0.2785976231098175,-0.035342865787441724,-0.0385013222694397,-0.2412644624710083,-0.02109390606730699,0.012519657611846924,-0.19151467084884644,-0.05127593239396333,0.01799023151397705,-0.32706645131111145,-0.057768491260702604,0.014154553413391113,-0.39690326154232025,-0.053671696387226575,0.0038527250289916992,-0.4404321312904358,-0.051841614000494474,0.052404046058654785,-0.1735222041606903,-0.04792929177730798,0.0734938383102417,-0.2891060709953308,-0.05876248066871881,0.07704764604568481,-0.34856706857681274,-0.06524109204858064,0.062150418758392334,-0.38408106565475464,-0.07041848560422181,-0.11263430375997174,-0.199359810084094,0.1205435106976227,0.01659422356689344,-0.0008047007014994334,0.07804610437918574,0.19651451515853108,0.15577450013733374,-0.05732463628656373,0.05988138502717916,0.029971585238591253,-0.03819137835946376,0.20592971414700578,0.18154963305765964,0.2890336904772823,0.08318151147355532,0.47392530656061127,0.4153111275504733,a_minor
0.0,0.0,0.0,-0.03749287128448486,-0.1929430365562439,-0.05131009796306785,-0.030251801013946533,-0.2971257269382477,-0.052560551256391363,-0.034951865673065186,-0.2791455388069153,-0.03466285222813781,-0.03825491666793823,-0.24134069681167603,-0.02005486206755336,0.012847423553466797,-0.1913846731185913,-0.0512915609185427,0.018017053604125977,-0.32753580808639526,-0.05804880166098769,0.014158427715301514,-0.39759300649166107,-0.053809756577464896,0.004097402095794678,-0.44127145409584045,-0.05173172259375747,0.052688002586364746,-0.17325112223625183,-0.04794053190991576,0.07353436946868896,-0.28906312584877014,-0.05897138842985328,0.07720452547073364,-0.3483627438545227,-0.06536172160551246,0.06246751546859741,-0.383602499961853,-0.07030577787801917,-0.06865297196563233,-0.08658469796629241,-0.1304512797154324,0.0797579746600533,-0.14276608516553058,-0.1975821050679498,-0.17721461361236687,-0.10030484093665085,0.003752282467428314,0.09373455154620286,-0.0856576822135934,0.18930997695367702,0.20680776123173156,0.18140723114261256,0.29239024705380356,0.08412950692690764,0.438858831783786,0.3964203351556947,a_minor
0.0,0.0,0.0,-0.037737250328063965,-0.1920730471611023,-0.052211815358020885,-0.03045499324798584,-0.2968270480632782,-0.05327609354338847,-0.0350986123085022,-0.27855536341667175,-0.03505085209093295,-0.03847867250442505,-0.2404688596725464,-0.02015899667225085,0.01259005069732666,-0.1906397044658661,-0.052071651310541256,0.0182303786277771,-0.32755380868911743,-0.05848818817815982,0.014545917510986328,-0.39764872193336487,-0.053805874527313335,0.0044806599617004395,-0.44135551154613495,-0.05145123773894511,0.05254185199737549,-0.17255541682243347,-0.04854778745851718,0.07396847009658813,-0.2892071008682251,-0.05926856198988162,0.07760602235794067,-0.34892135858535767,-0.06547903442464076,0.06252574920654297,-0.384249746799469,-0.07034764611802302,-0.12444148545743793,-0.17729587569458977,0.16533362313405642,0.04379270076049341,-0.02877111384379205,0.08521636983871933,-0.03683700973032317,-0.05561566737671911,-0.06312565970864364,-0.12630679252226445,-0.08652485142545263,0.0725699165074295,0.20779835297203772,0.18273953387639613,0.20002796724591781,0.08359051981159213,0.3979841727877223,0.38042511989619054,a_minor
0.0,0.0,0.0,-0.03736943006515503,-0.19168585538864136,-0.052947084253219145,-0.029785752296447754,-0.2959432899951935,-0.05439367780604698,-0.03460007905960083,-0.2782684862613678,-0.03647709528127052,-0.037921130657196045,-0.24080049991607666,-0.02180580126264431,0.012923002243041992,-0.19018346071243286,-0.05298197904744484,0.018854260444641113,-0.3267818093299866,-0.060134946202424544,0.015107691287994385,-0.3973545581102371,-0.0557448741249118,0.005312204360961914,-0.4409298896789551,-0.05355591589727737,0.05284935235977173,-0.1722080111503601,-0.04951232189455368,0.07480108737945557,-0.2893863022327423,-0.06061483064809181,0.07788252830505371,-0.3491610288619995,-0.06666076073565819,0.06267881393432617,-0.3840460181236267,-0.07138631383099892,0.11613713520325869,-0.016023399872425653,0.05424392301393749,-0.009488836305162673,-0.0461022291798035,-0.054722335160551444,0.14770754026297223,-0.015024013137729553,0.15713356707562792,0.1596165681882427,0.1427290196962842,-0.07696945097767514,0.20719305896425858,0.18192815770217555,0.43492420388973774,0.08273225385265873,0.6041653356608575,0.5356491763181942,a_minor
0.0,0.0,0.0,-0.03689807653427124,-0.1913185715675354,-0.05314462980057044,-0.02950608730316162,-0.295425683259964,-0.05466469725395484,-0.03390711545944214,-0.27763640880584717,-0.03682766085292144,-0.037358105182647705,-0.24011677503585815,-0.022190252074850036,0.013218402862548828,-0.18971171975135803,-0.05300433164264007,0.019036471843719482,-0.3261682391166687,-0.06006767576361938,0.01569366455078125,-0.3969230204820633,-0.055828522646677925,0.005882441997528076,-0.44085025787353516,-0.05380331327940269,0.053072214126586914,-0.17163559794425964,-0.04943355148459716,0.07492774724960327,-0.2879343628883362,-0.06064104264403625,0.07861882448196411,-0.3474864363670349,-0.06699503188754363,0.06375908851623535,-0.3820745646953583,-0.07191292917157455,0.17129826986113927,0.18461893665279117,0.03706840170369291,0.010162786291151304,0.08353288983708618,-0.08504926428564584,-0.19499126467546013,0.10780788435250671,0.17459239838562512,0.1568012477514355,-0.19734940321084143,-0.13509362539111253,0.20775721814490047,0.18124305648552014,0.2286352425388362,0.08445262878435805,0.2977872848105962,0.21626841899689078,a_minor
0.0,0.0,0.0,-0.03656363487243652,-0.19185075163841248,-0.052342753126893626,-0.029343605041503906,-0.2953634262084961,-0.05400322304633676,-0.034149885177612305,-0.2783850431442261,-0.03659800739553987,-0.03784012794494629,-0.24173042178153992,-0.022272697850738155,0.013342142105102539,-0.1899939775466919,-0.052022780492578136,0.019360601902008057,-0.3260180950164795,-0.05937343762782632,0.01624751091003418,-0.39703892171382904,-0.055545821055446254,0.006682395935058594,-0.44095197319984436,-0.053676619395290004,0.05302029848098755,-0.17159432172775269,-0.048397611096177684,0.07513517141342163,-0.2863423526287079,-0.059837511941466914,0.07934582233428955,-0.3463847041130066,-0.0664942406263691,0.0649917721748352,-0.3815980851650238,-0.07146388964322625,0.04385935989230441,-0.01882743777208934,0.14305081104876738,-0.05930779574045217,0.019631653100538854,0.16453045153584528,-0.05851581279825477,0.10800043424539602,-0.01478218056263908,0.11975882924800002,-0.06015791374114374,0.031953764113122396,0.20653737669133423,0.18043596174977322,0.24646808345402832,0.08508380789077884,0.40635324296676933,0.3420795601229876,a_minor
0.0,0.0,0.0,-0.036417603492736816,-0.19221651554107666,-0.052145329995624934,-0.02936851978302002,-0.2969497740268707,-0.05324448807405702,-0.033963680267333984,-0.279005229473114,-0.03519079251455537,-0.03735297918319702,-0.2414916455745697,-0.020410969613664065,0.013787686824798584,-0.19053426384925842,-0.0518288516836094,0.01919698715209961,-0.3269154131412506,-0.058779531850092326,0.01622331142425537,-0.397347629070282,-0.054436737431757365,0.006718933582305908,-0.4408501833677292,-0.0522156448500084,0.05370354652404785,-0.17220541834831238,-0.048157596720926676,0.07511895895004272,-0.28798094391822815,-0.05926608829068414,0.07932358980178833,-0.3471590280532837,-0.0654736140208172,0.06468707323074341,-0.38144028186798096,-0.07012191204594842,-0.15428403658948664,-0.020896419530160498,0.15832088463417227,-0.03786935039836781,0.016789752016389242,-0.15571906895168364,-0.03639623600698222,0.08268098739775775,0.030654479936897516,-0.020197653693650064,-0.0858063627673142,0.06638641911339482,0.2066342117189843,0.18019148396783657,0.17906981645510112,0.08491452181695977,0.3752959722585669,0.3365105577300025,a_minor
0.0,0.0,0.0,-0.03602921962738037,-0.19230613112449646,-0.052331786804487024,-0.029412269592285156,-0.2949950695037842,-0.05272868668346575,-0.03457540273666382,-0.2766079902648926,-0.03393550609855822,-0.03827553987503052,-0.23940828442573547,-0.018979607351710115,0.01422739028930664,-0.19064012169837952,-0.05201594551711253,0.019237220287322998,-0.32636183500289917,-0.05923106541543177,0.01629173755645752,-0.3967141956090927,-0.05480538328795603,0.006867349147796631,-0.44083230197429657,-0.052599173240949426,0.05412167310714722,-0.17201349139213562,-0.048238598012019906,0.07577741146087646,-0.2874269187450409,-0.05981625636725596,0.08017581701278687,-0.34624654054641724,-0.06590630879311732,0.06571459770202637,-0.3809041976928711,-0.07043278982548884,0.10073496948295357,-0.11529864502395554,-0.10662388868160813,0.026674722438081166,0.024154700880098134,0.1392105980117932,0.17934424208550398,-0.012059162026896442,-0.1624559710209874,0.007281555694793912,0.13108262547437838,0.17790157358990832,0.2091405998014523,0.18298216353315958,0.422020334444134,0.08586276390644003,0.6166177503893883,0.5720269954714042,a_minor
0.0,0.0,0.0,-0.036168813705444336,-0.19257059693336487,-0.05282463138513549,-0.02930396795272827,-0.2958027124404907,-0.05293198307566627,-0.03401058912277222,-0.2775176167488098,-0.03377939020805343,-0.0374566912651062,-0.24038690328598022,-0.018600286967682678,0.014374911785125732,-0.19078227877616882,-0.052345469645786125,0.01923847198486328,-0.32635557651519775,-0.05938927461915,0.016535282135009766,-0.39663034677505493,-0.05488860984854682,0.007346391677856445,-0.4409637898206711,-0.05274578934125884,0.05432450771331787,-0.17210784554481506,-0.048329863749074775,0.0756911039352417,-0.28735262155532837,-0.059627957693862754,0.08023172616958618,-0.34587275981903076,-0.06541207065396293,0.06596887111663818,-0.3803974986076355,-0.06986928363852485,0.11484194004603432,-0.1364938522919935,0.07232187459374945,-0.18978363840796628,-0.1255201975910735,-0.009454803959153463,-0.05820493559028514,-0.175588554064535,0.16730965396554498,0.17601516409148504,0.1306005557754375,-0.0032651557342242565,0.20833703219900232,0.18146163169094243,0.428295568574063,0.08601211998201835,0.5979826828984113,0.5269395677254501,a_minor
0.0,0.0,0.0,-0.03647035360336304,-0.19191130995750427,-0.053268519954357885,-0.028531908988952637,-0.2962482273578644,-0.05325570123044088,-0.032554447650909424,-0.2790635824203491,-0.03374853895751073,-0.03558307886123657,-0.24232712388038635,-0.018240906091008924,0.01425623893737793,-0.1905147135257721,-0.053016243295346044,0.019786179065704346,-0.3271991014480591,-0.059914057867203496,0.016996383666992188,-0.3970249593257904,-0.055034300105248235,0.0073899030685424805,-0.44029492139816284,-0.05256006659713819,0.05442678928375244,-0.17208769917488098,-0.04915884675232007,0.07635945081710815,-0.28909415006637573,-0.060318248139296315,0.08076661825180054,-0.34698888659477234,-0.0656699927314861,0.06602674722671509,-0.38055264949798584,-0.06982574777451589,0.15800215999698097,0.01905190802282619,-0.024052531818569506,-0.11224153191856168,0.12167805620476413,0.14976117299949682,-0.09030709238054735,-0.0948375059668154,0.06353595162187409,0.11114602697011317,-0.03856325462139423,-0.1691569945151156,0.2054646704614249,0.17914197883633504,0.29295871835242565,0.0854723481082821,0.4309855089654741,0.35896962572293245,a_minor
0.0,0.0,0.0,-0.03633040189743042,-0.19358253479003906,-0.05265105663778513,-0.028671860694885254,-0.2967388331890106,-0.05329872815849512,-0.03245335817337036,-0.2782220244407654,-0.03471234216334551,-0.035614013671875,-0.24119216203689575,-0.019922693809292014,0.014193236827850342,-0.19197902083396912,-0.052591343959591086,0.02002131938934326,-0.32718560099601746,-0.05960802881958216,0.017431914806365967,-0.3969540148973465,-0.055237436285040076,0.007899701595306396,-0.4407244920730591,-0.05332182495834559,0.054212212562561035,-0.1735410988330841,-0.04897708593847483,0.07621407508850098,-0.29053980112075806,-0.060280950357935126,0.080813467502594,-0.3488028049468994,-0.06606707870008677,0.06643921136856079,-0.3827913999557495,-0.07066871373893946,0.010548045946531026,-0.1871428570860897,0.18947236799846978,0.021098914328868096,-0.13339947955818982,-0.1991796723880136,-0.10286592368861808,0.16704910178200588,-0.01265516127446914,-0.08662022971460792,-0.17545664581410758,0.131474758352898,0.20693500454859112,0.1817700840596553,0.17275410469588562,0.08416669125688568,0.3368246203548711,0.32753148869843124,a_minor
0.0,0.0,0.0,-0.03609323501586914,-0.19303196668624878,-0.0530856514427569,-0.02891993522644043,-0.2970760464668274,-0.053567473039379365,-0.032684266567230225,-0.2788490056991577,-0.034498974874964006,-0.035551249980926514,-0.24196237325668335,-0.019325487509718187,0.014247596263885498,-0.19160029292106628,-0.052882816836586244,0.019573569297790527,-0.3276752829551697,-0.06009008382295633,0.01694554090499878,-0.397409126162529,-0.05554956217144991,0.007533550262451172,-0.4412344992160797,-0.053399823800077684,0.054138004779815674,-0.17317834496498108,-0.049094446197500474,0.07569116353988647,-0.29045432806015015,-0.06050429885124231,0.08027505874633789,-0.34831884503364563,-0.06598430146311784,0.06572103500366211,-0.38220223784446716,-0.07027704288100267,0.1781825625636762,-0.18207719450691076,-0.13309731094261115,0.033090419955358635,0.14172209841553934,-0.08809908402998189,-0.10225205216990951,0.09072585760039537,0.02220187472979998,0.11687241926996311,0.1662895587540133,-0.1041632034969767,0.20670447646342302,0.18033124055568614,0.44395951728992794,0.08458978535887518,0.6193685413439581,0.5519130247869488,a_minor
0.0,0.0,0.0,-0.03640937805175781,-0.19315755367279053,-0.052584509673224034,-0.029244601726531982,-0.29564809799194336,-0.05379475590835625,-0.03305041790008545,-0.277610182762146,-0.03579178762684876,-0.03639572858810425,-0.24112457036972046,-0.021343884366260113,0.014009296894073486,-0.19134873151779175,-0.052380427094803395,0.01988399028778076,-0.32602888345718384,-0.05963867840419823,0.01692485809326172,-0.39578278362751007,-0.055819585296021046,0.007036805152893066,-0.43975892663002014,-0.05430542242775971,0.05399119853973389,-0.17275533080101013,-0.04875817460070664,0.07607918977737427,-0.2888481914997101,-0.06036369440208489,0.08052664995193481,-0.347237229347229,-0.06670691383133942,0.06613892316818237,-0.3818858563899994,-0.07170551580439621,-0.025073171145540918,0.12617323893150129,0.10292308732266325,0.027386639109822142,-0.07600479762891439,0.004841444190842925,0.18009795779728177,-0.04035547499017805,0.13701018492527584,-0.11401249274068387,-0.1602855429787376,-0.1578831508384965,0.2059816872090483,0.18128262016524474,0.17664167604451,0.08452878718173608,0.32169341073878593,0.2983082572407431,a_minor
0.0,0.0,0.0,-0.03675377368927002,-0.19353806972503662,-0.052311007924132014,-0.029625356197357178,-0.2972862720489502,-0.05337327445273843,-0.03353363275527954,-0.27960875630378723,-0.03517988423233476,-0.03655421733856201,-0.24265608191490173,-0.0204078155231997,0.013635218143463135,-0.1918812394142151,-0.05196451494818177,0.01912379264831543,-0.32802414894104004,-0.05911631981258836,0.01641172170639038,-0.3981490135192871,-0.05499830568557229,0.006929337978363037,-0.4417588412761688,-0.05300875852232423,0.0536234974861145,-0.1733418107032776,-0.04821482399826493,0.07503998279571533,-0.28951847553253174,-0.05958999047403779,0.07924777269363403,-0.3480534255504608,-0.0655726353300139,0.06423711776733398,-0.3822404146194458,-0.0700950334442183,0.17931859866339478,0.18043756097832503,-0.02454436296090981,0.1113336853005939,0.014119833251471814,-0.1451635295884672,0.18974139058491168,-0.021696356974999637,-0.05663449052694655,0.15788972000509832,-0.07783448128874593,0.09698700583943709,0.20638689360689277,0.17919681580243738,0.2806352595192534,0.08437159194147904,0.42157882544120057,0.35965287431636683,a_minor
0.0,0.0,0.0,-0.03692507743835449,-0.1932155191898346,-0.051648263105903425,-0.029310524463653564,-0.2974403202533722,-0.05267886839226321,-0.033365726470947266,-0.2794852554798126,-0.034637253949199476,-0.03648465871810913,-0.24217569828033447,-0.020003887111101903,0.013465821743011475,-0.19150331616401672,-0.05162994585350589,0.019100189208984375,-0.32789698243141174,-0.05847725666478709,0.015822768211364746,-0.39808250963687897,-0.054328430661712446,0.005950033664703369,-0.44188758730888367,-0.05239385388210849,0.05344092845916748,-0.17291584610939026,-0.04822637907579974,0.07528460025787354,-0.289730966091156,-0.059515066662584104,0.07943880558013916,-0.3487868905067444,-0.06578043870047168,0.0648113489151001,-0.38334304094314575,-0.07058633140638904,0.06866869678229631,0.05652765271128446,0.15521558760070658,-0.19017003854505754,-0.19885945648181305,-0.005474442258434131,-0.167196944578335,0.056507934381426705,0.10139952428603832,0.14027835103927705,-0.005540417764956229,-0.01520959194537791,0.20672361182120047,0.18096321026051837,0.2954054888948708,0.08498873208048274,0.45806726422378247,0.38922573625502244,a_minor
0.0,0.0,0.0,-0.03605538606643677,-0.19282320141792297,-0.0528948184402509,-0.028590619564056396,-0.29674261808395386,-0.053823928192429094,-0.03286463022232056,-0.278584361076355,-0.03538100312667325,-0.03591799736022949,-0.2411133050918579,-0.02048239561932519,0.014269769191741943,-0.19117066264152527,-0.05282664562778905,0.01987510919570923,-0.3273538053035736,-0.059911890730433015,0.01662278175354004,-0.39742039144039154,-0.055522880360655336,0.0068395137786865234,-0.4408615082502365,-0.05342076237516835,0.0541042685508728,-0.1726502776145935,-0.04927934224920705,0.07600444555282593,-0.28940102458000183,-0.06078769157844022,0.0802200436592102,-0.34824109077453613,-0.0668394331188722,0.0655103325843811,-0.3823537230491638,-0.0714727703781648,-0.12854747534878014,-0.04443925134220511,0.17757863766923654,0.10454026801567301,0.0335120550552197,0.09399338715705341,-0.05267606093035834,0.09743447945161754,-0.13992236887733853,-0.1894814796336669,0.07713927122291248,0.1679844997524046,0.20691178175333044,0.18120866452284823,0.4004824791048812,0.08480153831980734,0.5965626790933057,0.5774897577461847,a_minor
0.0,0.0,0.0,-0.03566008806228638,-0.19385015964508057,-0.05199803077336185,-0.02790546417236328,-0.29697245359420776,-0.05339572244044177,-0.03274279832839966,-0.27789413928985596,-0.035584498575886414,-0.036422669887542725,-0.24006882309913635,-0.021221522620876954,0.01462852954864502,-0.19168680906295776,-0.05206828602310054,0.020769059658050537,-0.32693418860435486,-0.0597852211510741,0.01799166202545166,-0.39747753739356995,-0.05617443510051601,0.008393168449401855,-0.4419530928134918,-0.05460868813749187,0.0542718768119812,-0.1727435290813446,-0.04875317998882167,0.07622045278549194,-0.28790971636772156,-0.06084641852136485,0.08101475238800049,-0.3472437858581543,-0.06760491096135013,0.06703978776931763,-0.3828084170818329,-0.07268620692845218,-0.01664864057348714,-0.017030352273574495,0.1042675885188658,-0.1948579066585189,0.19030121242156783,-0.05252901015929115,0.14170054096166945,-0.04609638637085833,-0.09621979311827294,-0.04809582391585651,-0.0011789389615037282,0.13839792983296795,0.20947653936700314,0.18365098846894634,0.2875465333992492,0.08523095277360054,0.48448365869528903,0.45105851110563017,a_minor
0.0,0.0,0.0,-0.03517383337020874,-0.19189417362213135,-0.05476619672300842,-0.027526497840881348,-0.29646024107933044,-0.054451033438468244,-0.031922757625579834,-0.2787257134914398,-0.03428446498038795,-0.03474855422973633,-0.24130120873451233,-0.01831934225084808,0.015612006187438965,-0.19005301594734192,-0.054191581870341565,0.020955026149749756,-0.3263501524925232,-0.06157342713596847,0.01802647113800049,-0.3963766545057297,-0.05683085691454437,0.00850522518157959,-0.44007793068885803,-0.054511751945042874,0.05567574501037598,-0.17150059342384338,-0.04977024343135383,0.07737213373184204,-0.2875448763370514,-0.06136923279883888,0.08141458034515381,-0.34651654958724976,-0.06680625673654106,0.06638598442077637,-0.38081589341163635,-0.07096786793592003,-0.06885945294620002,0.12118527714787458,-0.11284298409794724,0.04184448455445139,0.005461499665555397,-0.14982044146781695,-0.14068663491060174,0.013794306806005852,-0.0061365161179539884,0.09323044957957283,0.0026490908645424027,-0.15177794015610255,0.20662276046880818,0.18017882618504616,0.3061071241335754,0.08445694231889926,0.4611358700339247,0.39280566091621305,a_minor
0.0,0.0,0.0,-0.03451645374298096,-0.19354146718978882,-0.053724557549884366,-0.02699911594390869,-0.29647892713546753,-0.052891724200179624,-0.03160589933395386,-0.277629017829895,-0.032503825069596815,-0.03497648239135742,-0.2404424250125885,-0.016577104495098638,0.016069412231445312,-0.19168302416801453,-0.0533558506678844,0.021442770957946777,-0.3275292217731476,-0.06075875499956851,0.01892983913421631,-0.3975716531276703,-0.05588313230984454,0.009685873985290527,-0.4416109174489975,-0.053446852059295225,0.056034862995147705,-0.17262178659439087,-0.04907942974679713,0.07887023687362671,-0.2885593771934509,-0.06070951783769374,0.08349090814590454,-0.3464083969593048,-0.06574167722575908,0.06859272718429565,-0.3797110915184021,-0.06948436462991481,-0.16019152343870863,0.04140411470478017,0.19381463310683356,-0.14453556704428616,0.0442242174623621,-0.06349335504673423,-0.026278456776043985,-0.06315375837363144,0.1253714499873439,-0.0423570097304975,0.03715891751802172,0.19152871425609802,0.20933911892357773,0.18144288582748616,0.3470230674706033,0.08694140333293414,0.5403166152464215,0.5042006306075448,a_minor
0.0,0.0,0.0,-0.03412628173828125,-0.19307714700698853,-0.05340463269702411,-0.02664506435394287,-0.29611334204673767,-0.05338612918011165,-0.031306684017181396,-0.27842968702316284,-0.03385471526733852,-0.034879326820373535,-0.2417551875114441,-0.018427008504190212,0.016518056392669678,-0.19112837314605713,-0.053209703156866794,0.022141993045806885,-0.32721197605133057,-0.06067877609483219,0.019857823848724365,-0.39760568737983704,-0.056336909273781544,0.010523319244384766,-0.441697359085083,-0.054362948725142246,0.05639302730560303,-0.1719086468219757,-0.04926188264242626,0.08009403944015503,-0.2872123420238495,-0.061020970085778004,0.0850324034690857,-0.3456811308860779,-0.06681196365705944,0.07025468349456787,-0.37999266386032104,-0.07122296814075924,0.08517080511219677,-0.1596151750326119,0.1054136481246497,0.09402862545278967,0.04480290716010957,0.18991518577275668,-0.13575290608025942,0.04039554978024501,-0.01685686607945397,-0.16543907926310375,-0.1946794440698308,0.07833647107558944,0.2081577864093198,0.18152182608753897,0.16918967332220378,0.08751894390738382,0.33104342923918817,0.3350530780200308,a_minor
0.0,0.0,0.0,-0.03401601314544678,-0.19346359372138977,-0.053670323948900034,-0.02623450756072998,-0.29627591371536255,-0.05295047492865734,-0.03102898597717285,-0.2766398787498474,-0.032560221414605905,-0.03467607498168945,-0.23891648650169373,-0.016569036554137995,0.01673954725265503,-0.1913330852985382,-0.053102038364450266,0.022084593772888184,-0.3275216817855835,-0.06052647487405949,0.019410669803619385,-0.39798393845558167,-0.05568664849881344,0.009934306144714355,-0.44262123107910156,-0.053278076957504084,0.0567592978477478,-0.17196312546730042,-0.04870274246815853,0.0803796648979187,-0.2868855595588684,-0.06033352346305065,0.08481669425964355,-0.34475353360176086,-0.06548622579459362,0.06949871778488159,-0.378165066242218,-0.06925309033278637,0.18029248774953305,-0.019624065760867865,0.05617885114774945,-0.06834409758378576,0.17088689746831648,-0.07251016497898385,0.1278095078433103,0.075799317441821,0.07851337402931369,0.11791487641381132,-0.04102709367871418,0.08206632517199686,0.21173866608375036,0.18170900894084116,0.26865059989227097,0.08920603887551135,0.4373279798249738,0.37269787022375217,a_minor
0.0,0.0,0.0,-0.03336513042449951,-0.19341197609901428,-0.0539854214486013,-0.025449752807617188,-0.29554522037506104,-0.053167805909765775,-0.030747830867767334,-0.2764437198638916,-0.03257484817470413,-0.035095274448394775,-0.23919525742530823,-0.016456813454283292,0.017404913902282715,-0.19139569997787476,-0.05360919320548874,0.022978663444519043,-0.3278132379055023,-0.06177777880395752,0.020311594009399414,-0.3986991047859192,-0.05735993841256004,0.01084071397781372,-0.44353099167346954,-0.055109017431391294,0.05745154619216919,-0.17189395427703857,-0.04915449479187828,0.0816887617111206,-0.2856726050376892,-0.06112469071115356,0.08641701936721802,-0.34376949071884155,-0.06625539892877441,0.07140582799911499,-0.3773720860481262,-0.06988845103944641,0.005632920365853528,0.07050693136114833,-0.19455448176345508,-0.09311489052169485,-0.06811343349199492,-0.09991394808166257,0.1538375151654724,-0.09727705044887247,-0.03560118444098426,-0.06324647088421892,0.12137673285946399,0.12843146806277045,0.21297229912764695,0.18245618840101532,0.38961168380793615,0.09090415550309687,0.5985789488556963,0.5533646322895897,a_minor
0.0,0.0,0.0,-0.04441365599632263,-0.20528733730316162,-0.07154456338503223,-0.014415323734283447,-0.32572680711746216,-0.09208426436998707,0.0006709694862365723,-0.3005087375640869,-0.08962829968550068,0.008399009704589844,-0.25493377447128296,-0.08185551873066288,0.009188234806060791,-0.18541103601455688,-0.07648380658247333,0.019846677780151367,-0.34522372484207153,-0.09129656663753849,0.02878040075302124,-0.4407351166009903,-0.09391750207760197,0.03425765037536621,-0.509033590555191,-0.09681129268028599,0.05495673418045044,-0.1514657735824585,-0.07832127621986729,0.08016359806060791,-0.27780866622924805,-0.09758005848743778,0.09931081533432007,-0.3496585190296173,-0.10905332675793034,0.1050567626953125,-0.39614930748939514,-0.11676300874569279,-0.03222960754377793,-0.08914179119011939,0.1302273585356007,0.008464494270384648,-0.1648387483068722,0.020428476513688704,0.19638096746080053,0.09056175930082733,0.12665733070169266,0.1519541996851052,-0.07997709331535044,0.18736397680221167,0.255849684396226,0.17465131215640636,0.351705941983379,0.13473472693602684,0.527918118015087,0.4412000248757754,a_minor
0.0,0.0,0.0,-0.041736334562301636,-0.2073773741722107,-0.07421474432322839,-0.012879490852355957,-0.33267509937286377,-0.09580114012334207,0.0010170340538024902,-0.30317214131355286,-0.09254153346392968,0.007091879844665527,-0.2546696364879608,-0.0841787186798797,0.011402666568756104,-0.1871621012687683,-0.07978626614186624,0.023922443389892578,-0.34730368852615356,-0.09620847081515649,0.03321105241775513,-0.4439731538295746,-0.09925574337813714,0.037977397441864014,-0.5145506858825684,-0.10241835837933877,0.05626535415649414,-0.15178942680358887,-0.08236830210063317,0.08088177442550659,-0.2765915095806122,-0.10236096655700067,0.10066694021224976,-0.3479020893573761,-0.11436370288703301,0.10617595911026001,-0.39576253294944763,-0.12269548600289681,0.07577790547423308,0.027210335190432644,-0.13103400595638864,-0.043456698220543905,0.1764986362440812,0.03383561784674488,0.10321811312389051,-0.13838449718277668,0.17209605540643103,-0.115160036917375,-0.16007401742042499,0.03867503506423131,0.26234473405817654,0.17665899796166026,0.19745102458022826,0.13846599219867148,0.41111084631711264,0.36135736405848445,a_minor
0.0,0.0,0.0,-0.04244816303253174,-0.20556557178497314,-0.07197414063193719,-0.012465178966522217,-0.3272862732410431,-0.09302744739034097,0.004071176052093506,-0.30908048152923584,-0.09119701855161111,0.012922883033752441,-0.26977208256721497,-0.08431540899255197,0.01045912504196167,-0.18673092126846313,-0.07661365442254464,0.020732343196868896,-0.34689438343048096,-0.09123109750726144,0.029215097427368164,-0.44241592288017273,-0.09434071652867715,0.03390312194824219,-0.5099457204341888,-0.09778852485396783,0.05604058504104614,-0.15251684188842773,-0.07847720854260842,0.08024352788925171,-0.28161174058914185,-0.09790108077504556,0.09952038526535034,-0.35196453332901,-0.11058278106429498,0.1048077940940857,-0.3964294195175171,-0.11941373072841088,0.17086675606605772,-0.19525208511325745,-0.17626632341212686,-0.13518339919831418,-0.06867007213489376,0.0303253307893164,0.09246698684752219,0.1877327571994979,0.116677761242367,0.09294748547087495,0.19243735409254398,-0.09516182529150569,0.24146443133964993,0.16036461602417657,0.4692111945372589,0.13557681451865572,0.7048653203243936,0.5894852830223001,a_minor
0.0,0.0,0.0,-0.041306763887405396,-0.2075287401676178,-0.07149773240817581,-0.012293756008148193,-0.3297794461250305,-0.09262980670465026,0.0034443140029907227,-0.31272968649864197,-0.091201455898414,0.011519968509674072,-0.27490684390068054,-0.08470626325143371,0.01157677173614502,-0.18789947032928467,-0.0765440329982141,0.022324442863464355,-0.34806621074676514,-0.09148134440911804,0.030288398265838623,-0.4436487555503845,-0.09485404343141113,0.034381330013275146,-0.5113739967346191,-0.09848526269925628,0.056977927684783936,-0.15307945013046265,-0.07866718024743591,0.08140712976455688,-0.2824920415878296,-0.09787615538371597,0.10048532485961914,-0.3533884584903717,-0.10982887596620117,0.1060631275177002,-0.39905399084091187,-0.11816865355504547,-0.024380277866209527,0.031826818077816954,-0.023744770030291018,-0.1620261843514945,-0.009389381541382052,-0.13877971428857588,-0.16395511060760556,-0.00102465550308245,-0.10829160912340519,0.10295508042640383,-0.07723202344268057,-0.15751131275711872,0.2379689413452325,0.15959528368171644,0.22964383198303556,0.13469038456033006,0.4434700517565687,0.3242327612840511,a_minor
0.0,0.0,0.0,-0.039225637912750244,-0.20784354209899902,-0.06726224075433151,-0.009738743305206299,-0.3275564908981323,-0.09078499774810211,0.008158862590789795,-0.31453120708465576,-0.09337861190911667,0.01896291971206665,-0.2821599841117859,-0.0899119014608516,0.012682199478149414,-0.18866610527038574,-0.07263760368701355,0.023797810077667236,-0.34706467390060425,-0.08778324078198807,0.03242230415344238,-0.4414942264556885,-0.09311322967883484,0.03735560178756714,-0.5076264142990112,-0.09807160596724884,0.057236433029174805,-0.1545393466949463,-0.07607188920852082,0.08182018995285034,-0.2814122438430786,-0.09715658526297943,0.10084420442581177,-0.3532879054546356,-0.11262802879687683,0.10701513290405273,-0.4003816545009613,-0.12306474994298355,0.18605099586422125,-0.025054325948277695,0.09177090796577175,-0.030583926558542446,-0.19994616119030748,-0.02900025392309194,-0.05444301643637167,0.10551938567910257,0.12740831399790203,-0.11273404268171353,-0.17147432732340936,-0.11128930593394015,0.22636250279790845,0.15109158467662256,0.173356274603572,0.13030174989347554,0.36837458455677574,0.31753255846889916,a_minor
0.0,0.0,0.0,-0.04144933819770813,-0.20640990138053894,-0.0695885103685896,-0.010376274585723877,-0.32412683963775635,-0.08995887455773754,0.008965849876403809,-0.31555694341659546,-0.08870931533408566,0.020612359046936035,-0.28756994009017944,-0.08292776164842053,0.011035621166229248,-0.18815207481384277,-0.07453895923924847,0.021913528442382812,-0.34755516052246094,-0.08928417233062191,0.030362248420715332,-0.4423762261867523,-0.09202652243209286,0.03527820110321045,-0.5078276097774506,-0.0946780499560873,0.056992411613464355,-0.1546282172203064,-0.07670140085053845,0.08061546087265015,-0.2860008776187897,-0.09695250359607144,0.09872335195541382,-0.35695093870162964,-0.10971057978701992,0.10442972183227539,-0.40161561965942383,-0.1179111358268301,0.1567393382028967,-0.07647463453692788,0.18230373945313044,0.02041897758599337,-0.1371699925370245,-0.13086299273649563,0.1436237382548899,0.08395681784582304,0.18455254986375103,0.12509157409605648,-0.02685347027376822,0.14889691506691688,0.22105790475484,0.14579301698506197,0.36418630499372534,0.12885144913058377,0.546563197101321,0.4604998553450881,a_minor
0.0,0.0,0.0,-0.04210948944091797,-0.20590758323669434,-0.06841975428847036,-0.011232316493988037,-0.32422783970832825,-0.08881759621885976,0.007966101169586182,-0.3144164979457855,-0.08801429697064123,0.01968073844909668,-0.2853116989135742,-0.08240535088566503,0.010295271873474121,-0.18722617626190186,-0.07335280605343542,0.021884679794311523,-0.3458910584449768,-0.08773178585556707,0.030749976634979248,-0.44016793370246887,-0.09067876615313253,0.035864949226379395,-0.5051966607570648,-0.09363281705168447,0.055879294872283936,-0.15402400493621826,-0.07564248122957906,0.08110213279724121,-0.28405773639678955,-0.09567108728674611,0.09974783658981323,-0.3552347421646118,-0.10855548807171544,0.10548299551010132,-0.40028175711631775,-0.11692445703533849,-0.07482217337356742,0.04975808552330338,0.10023380000403215,0.17137647192373612,-0.15506822771126816,0.16431261029076938,0.1312607127352569,-0.11667157922062286,-0.0004820982029091758,-0.010834498648836288,0.09140796375700261,-0.17352100921225114,0.22076544367247775,0.1475523984531508,0.3887813616032325,0.12804807639100965,0.6037383867786651,0.5084208008905735,a_minor
0.0,0.0,0.0,-0.04302099347114563,-0.20755541324615479,-0.0698122796563041,-0.012711405754089355,-0.32728835940361023,-0.09125249506510613,0.0057089924812316895,-0.3129650950431824,-0.0903036263731849,0.016084134578704834,-0.2782541513442993,-0.08404126436985848,0.009342670440673828,-0.18883651494979858,-0.07495094509400246,0.02181798219680786,-0.34746524691581726,-0.09009130717791436,0.031600773334503174,-0.4414243698120117,-0.09312024386204598,0.037170350551605225,-0.5064902007579803,-0.09606313379086373,0.05521714687347412,-0.15535759925842285,-0.07742838235176919,0.08062779903411865,-0.28340721130371094,-0.09742980124033807,0.09987354278564453,-0.35408321022987366,-0.10996564151324151,0.10600066184997559,-0.39932769536972046,-0.11821636231221078,0.07674981140348658,0.046973276252168905,-0.0702648581106379,-0.06579821402796235,0.14168082222645273,0.03508591928770616,0.14594394166743746,-0.1693119876626133,-0.051587152841332834,-0.053929639082587466,0.057960579436454496,0.0786370373435219,0.22952308838196595,0.15463415618410487,0.3800085571992018,0.12927559649229403,0.5978495138141703,0.522916368444905,a_minor
0.0,0.0,0.0,-0.04376956820487976,-0.207379549741745,-0.06992015096238902,-0.013118863105773926,-0.3259076774120331,-0.09241628500512888,0.004192769527435303,-0.3065347969532013,-0.09203344437173655,0.013196587562561035,-0.26598185300827026,-0.08559724542192271,0.008826613426208496,-0.18767374753952026,-0.07537812593272974,0.022197425365447998,-0.34582293033599854,-0.09100964519075205,0.031767189502716064,-0.44115519523620605,-0.09444018307021906,0.037376344203948975,-0.5079369843006134,-0.0975906759767895,0.054662108421325684,-0.15329676866531372,-0.07819621118596842,0.08031266927719116,-0.28055793046951294,-0.09824430051139643,0.09924781322479248,-0.35146427154541016,-0.11062464716724207,0.10527199506759644,-0.397003710269928,-0.11869038495115092,0.022281943222011075,0.14109790014068196,0.011270229700134443,0.10506099348739423,0.14108637853497202,-0.05121658631059592,0.056042642727480996,-0.08347631754062018,-0.004988752243390238,-0.11124695305314512,0.022435244515380898,-0.0407352544076654,0.2434559273593604,0.16352297585175457,0.31730618522604237,0.13176193840471612,0.5537292881441425,0.4784208336441429,a_minor
0.0,0.0,0.0,-0.044375061988830566,-0.20861122012138367,-0.07154762640783474,-0.014828503131866455,-0.32959219813346863,-0.0919991050679414,0.0007429122924804688,-0.3039005994796753,-0.08839324757644818,0.007936477661132812,-0.25727447867393494,-0.07965180918762371,0.008451640605926514,-0.18910574913024902,-0.07680486783573315,0.021047890186309814,-0.3475767970085144,-0.09182789072582409,0.03066575527191162,-0.44353967905044556,-0.09409454360792324,0.03608822822570801,-0.5120167136192322,-0.09657719627210781,0.05380606651306152,-0.1546611189842224,-0.07897213742324993,0.07931894063949585,-0.2794947624206543,-0.09779094055483029,0.09878122806549072,-0.35081425309181213,-0.10906944319793865,0.10455524921417236,-0.3974756896495819,-0.11680604413339779,-0.07836954709803817,-0.033695586201157146,-0.09834703374630674,-0.007320665277469857,0.18132059622020424,-0.06708563375381194,0.08814393512103319,0.08228167349501664,-0.019251505111210043,-0.0450021433457998,-0.17114716596902269,0.1164643361816895,0.2568513111758137,0.17427565449557805,0.22063987414427833,0.13496883129391776,0.4100663256439451,0.3577807773387281,a_minor
0.0,0.0,0.0,-0.04235374927520752,-0.20812448859214783,-0.07225446348138576,-0.013640820980072021,-0.3304259777069092,-0.0936612332338882,-0.00013935565948486328,-0.30134034156799316,-0.09059037213273768,0.005600929260253906,-0.251841276884079,-0.08225842510410075,0.010113954544067383,-0.18759101629257202,-0.0783128062362266,0.023456037044525146,-0.34618520736694336,-0.09405447487779384,0.03288745880126953,-0.4427851438522339,-0.09706277345367198,0.03827226161956787,-0.5125112235546112,-0.10022795890517955,0.05467259883880615,-0.15207475423812866,-0.08140221928306346,0.08011472225189209,-0.27655988931655884,-0.10101607387014155,0.09966093301773071,-0.34881696105003357,-0.11328542177625422,0.10533285140991211,-0.3976224660873413,-0.1218895012611938,-0.09160881096437451,0.06704795182659595,0.10414645944278789,-0.04900676425798131,-0.17283940751669868,0.05528171227545248,0.014430608360630426,0.1683730895258892,0.033147262906903396,-0.005722549674149813,-0.14770450099257948,0.08905748137634573,0.2633232636900488,0.18102274337373236,0.20080296083840835,0.1347804574582064,0.4133381982708492,0.34538517754954523,a_minor
0.0,0.0,0.0,-0.04376181960105896,-0.20715001225471497,-0.07106880093164136,-0.013418316841125488,-0.32619327306747437,-0.09369640791959455,0.0032643675804138184,-0.30320513248443604,-0.09306981409139325,0.011445999145507812,-0.259227454662323,-0.08639534557408979,0.00917595624923706,-0.18722355365753174,-0.07671903068370511,0.021404504776000977,-0.3454532027244568,-0.09237034613437345,0.031047701835632324,-0.4418342113494873,-0.09611520165748288,0.036670684814453125,-0.5110373198986053,-0.09971926355905225,0.05485081672668457,-0.15248900651931763,-0.07961619639939954,0.07916659116744995,-0.2791290879249573,-0.09971880162305524,0.09857100248336792,-0.3506890833377838,-0.11237686867065122,0.10493957996368408,-0.397810697555542,-0.12093789125032117,0.0574235896960944,0.025086559224239358,0.143138302908977,0.014934463700249034,-0.12126213631185895,0.08054195162903394,-0.035800791182597796,-0.009053013125997017,0.16780979680486902,0.10941573599179327,0.002132707778684212,-0.1952367477507364,0.2534206380464736,0.1707031116494375,0.2995891431222077,0.13390720747299628,0.527028376430921,0.40681086947179085,a_minor
0.0,0.0,0.0,-0.04328945279121399,-0.2078796923160553,-0.07122706875742324,-0.013422966003417969,-0.3301638662815094,-0.09379744038523086,0.0008043646812438965,-0.3019295632839203,-0.09257877126873382,0.006810426712036133,-0.2535240650177002,-0.08547716096580871,0.009570479393005371,-0.18740111589431763,-0.07718231037796386,0.02302604913711548,-0.34628480672836304,-0.09262999401033767,0.032881736755371094,-0.4428182542324066,-0.0962377663010443,0.038533568382263184,-0.5131753087043762,-0.09987767294586547,0.054772019386291504,-0.1518656611442566,-0.08056275800407775,0.07904070615768433,-0.2772473692893982,-0.10040109858454116,0.0986098051071167,-0.3497869074344635,-0.11337141201437362,0.10501652956008911,-0.399283766746521,-0.12244323149860747,-0.057298154026710346,-0.15178639492170226,0.03912303808021833,-0.04151262019598012,-0.1043778415026781,-0.11253495437620759,0.08952818022329573,-0.043175655171543065,0.1698743042228309,0.06384814320356175,0.18974470878947142,-0.18391841756062038,0.2619780540632262,0.17960183644749578,0.4576365238210852,0.13379264512411523,0.708378589066141,0.5936569544179657,a_minor
0.0,0.0,0.0,-0.04395335912704468,-0.20686942338943481,-0.07207793465377677,-0.013462483882904053,-0.32878419756889343,-0.09386199435712683,0.002033412456512451,-0.3025054335594177,-0.09155764898778784,0.009050071239471436,-0.25516313314437866,-0.08362820467473853,0.009329259395599365,-0.18685531616210938,-0.0775613310051142,0.02327209711074829,-0.34608444571495056,-0.09302238842965949,0.03309202194213867,-0.44277191162109375,-0.09599038681508887,0.038610637187957764,-0.5122695565223694,-0.09898216745378363,0.055184245109558105,-0.15211594104766846,-0.08024366667987692,0.08015090227127075,-0.2785574793815613,-0.09979973456384528,0.09961605072021484,-0.35059332847595215,-0.11184525212766516,0.10567384958267212,-0.39868825674057007,-0.12010226121665823,0.08675617974321936,0.017524288587095482,-0.17508862668177616,0.08231900451640273,0.13109292944060746,0.020297325713137138,0.002040485956158161,0.13402022187284585,-0.04738038113271781,-0.07389459776745633,-0.01253173356700979,0.010559830462069264,0.25925524907788794,0.17682186642279613,0.2731688125326062,0.13358235092022505,0.5238270410087017,0.4454596164357533,a_minor
0.0,0.0,0.0,-0.045436590909957886,-0.20708295702934265,-0.07213807962276064,-0.015779078006744385,-0.32888156175613403,-0.09409116319753252,0.0004616379737854004,-0.3031660318374634,-0.09170544258691393,0.008146882057189941,-0.25607427954673767,-0.08360378555394732,0.007666230201721191,-0.18764179944992065,-0.07751908264495455,0.02052992582321167,-0.347051203250885,-0.09361512325145327,0.03032541275024414,-0.4441242218017578,-0.09658952168561541,0.03607553243637085,-0.5140431821346283,-0.09946093819476687,0.053596675395965576,-0.15364080667495728,-0.07999517879821383,0.07803124189376831,-0.2802087664604187,-0.09944522492028796,0.09741836786270142,-0.3518561124801636,-0.11086072138883196,0.10365259647369385,-0.3991287350654602,-0.11861114315129839,-0.020030163870452172,0.08396145152144119,0.12255752484887772,-0.10222571252942214,-0.1812934376463561,0.01357662938436896,0.15897276930394205,-0.07976721260230435,0.015580639552888353,0.02403788051683345,0.08122472653430118,-0.19675414615684966,0.25996040757060945,0.17553185983152397,0.3561265890661183,0.1346800656333158,0.6032866287846681,0.4931371817116314,a_minor
0.0,0.0,0.0,-0.04289636015892029,-0.20512056350708008,-0.07182035296514755,-0.013209104537963867,-0.32748347520828247,-0.09424744247749572,0.004022121429443359,-0.3039620518684387,-0.09312390237406021,0.013081848621368408,-0.25983089208602905,-0.0862838521535707,0.009714901447296143,-0.1860637068748474,-0.07719339131668335,0.022442221641540527,-0.3463042974472046,-0.09290954171970611,0.03220492601394653,-0.4426690936088562,-0.09634180813387161,0.03794032335281372,-0.5116106271743774,-0.09969548582390075,0.05496573448181152,-0.15182018280029297,-0.0799832016165567,0.0791521668434143,-0.27978092432022095,-0.10040580182626968,0.09797358512878418,-0.3524954617023468,-0.11364789008453613,0.10340625047683716,-0.40108245611190796,-0.12257091402366882,-0.01648975309655812,0.09572434638447119,0.04520353783452252,-0.10278230862205047,0.1640707864793975,0.021764672572418375,-0.12223988747545618,0.10586126293509646,-0.09658363450123804,-0.09792211294360187,-0.1385657510997844,-0.15251829974892928,0.25335913380977587,0.17154373427633404,0.17724027744785747,0.13048198890247345,0.4005138335099854,0.33218214316810013,a_minor
0.0,0.0,0.0,-0.04599255323410034,-0.2076224684715271,-0.07190931733671846,-0.015882372856140137,-0.33086487650871277,-0.09336906071726503,0.0010210871696472168,-0.30710116028785706,-0.09100674238030138,0.0096435546875,-0.26224714517593384,-0.08299937989536943,0.007760465145111084,-0.1884695291519165,-0.07672677334372224,0.02051544189453125,-0.3490029573440552,-0.09121846552912416,0.029768824577331543,-0.44562047719955444,-0.09333512332264604,0.03534930944442749,-0.5147836208343506,-0.09581910219017686,0.053891777992248535,-0.1546792984008789,-0.07874125387493791,0.0777856707572937,-0.284614622592926,-0.09720254834715547,0.09670013189315796,-0.3561398386955261,-0.108197757564227,0.10295349359512329,-0.40245282649993896,-0.11579239513699235,-0.03967260223294483,0.07754361720470848,0.18035640547124987,0.0778133253301238,0.09228408760023299,-0.1149216226543734,0.044235879168883774,0.08615045714695913,0.1431075612935125,0.044310890859832364,-0.10591129565052633,-0.1945391656357879,0.25416491230166566,0.17158018423789556,0.19515082845618367,0.13261774203182763,0.42071669704136694,0.3123729953726351,a_minor
0.0,0.0,0.0,-0.04308232665061951,-0.20670536160469055,-0.07168333298099583,-0.01366645097732544,-0.33178043365478516,-0.09300248390567845,0.0015669465065002441,-0.30514976382255554,-0.09048653459680622,0.008836686611175537,-0.2580094039440155,-0.08249841696155613,0.009786069393157959,-0.18723487854003906,-0.07679598099124973,0.023109078407287598,-0.34915465116500854,-0.09122383660209721,0.033332884311676025,-0.44563430547714233,-0.09307394242418354,0.03940892219543457,-0.5148320496082306,-0.09536592728031223,0.05508530139923096,-0.15277308225631714,-0.07926029032600468,0.08017200231552124,-0.2818320095539093,-0.09797976976764744,0.0992845892906189,-0.3544248938560486,-0.10965400999916142,0.10444074869155884,-0.40256625413894653,-0.11769199437034672,-0.12956625311443895,0.03286145299592086,0.052590706592784975,-0.17058444368435333,-0.014216812890119085,0.08707013049921025,0.16821823417307918,0.058835531187803214,-0.08995398140506193,0.14922056366070113,0.0858083488989253,0.12017826726736425,0.25895579880819375,0.1768485440012952,0.42307932877352367,0.13164801768914658,0.6475235785076385,0.5450662767890365,a_minor
0.0,0.0,0.0,-0.04455488920211792,-0.20782360434532166,-0.07063889181679883,-0.014919400215148926,-0.33158349990844727,-0.09264564192361036,0.0009944438934326172,-0.3080499768257141,-0.09118176674908796,0.008549392223358154,-0.2630220055580139,-0.08399659818476835,0.008103668689727783,-0.18829196691513062,-0.07637814855641523,0.02072620391845703,-0.34837862849235535,-0.09093903428382077,0.030084192752838135,-0.4437701106071472,-0.09388256496256986,0.03508549928665161,-0.5108701586723328,-0.09718040055102506,0.053646862506866455,-0.15335386991500854,-0.07955390638178983,0.07894062995910645,-0.28411197662353516,-0.09913587993449369,0.09894955158233643,-0.3553180694580078,-0.11187673038310209,0.1045721173286438,-0.4010743796825409,-0.12079181200331846,0.17616014586458684,0.1645550027639447,0.13847774018834774,-0.19813806975421128,0.11050775557030845,0.09676564505816132,0.13875767041881282,0.01667224206537074,0.17193510227252212,-0.020818182617530878,-0.16327497317344697,0.07888269773167977,0.24961306982024384,0.17214153914153446,0.19323972148551896,0.13206438551577193,0.39363161612014125,0.3348748943927879,a_minor
0.0,0.0,0.0,-0.03945264220237732,-0.20864051580429077,-0.06853463938898585,-0.0119284987449646,-0.3328903913497925,-0.09127750685877345,0.003510713577270508,-0.30762070417404175,-0.09141710093683741,0.011326849460601807,-0.26231318712234497,-0.08549663862652324,0.012529850006103516,-0.18930763006210327,-0.07376838168568156,0.025485634803771973,-0.34835249185562134,-0.08794586798615,0.03510868549346924,-0.444030225276947,-0.09151200643248103,0.0405498743057251,-0.5126329064369202,-0.09539176216787837,0.05681103467941284,-0.15435272455215454,-0.07701009205050013,0.08144789934158325,-0.28111374378204346,-0.09647445818848155,0.10059964656829834,-0.35330796241760254,-0.11051995745367549,0.106292724609375,-0.4015212655067444,-0.12039342960781596,0.014915511160215777,0.13475878735550878,-0.11447954923897284,-0.18338638237467328,-0.1978068013822939,-0.18108499335849323,0.039112341000215295,-0.18310682481225565,-0.05855797357524836,-0.12578605877425897,-0.12684231753977837,0.07199394266443676,0.2522139181899466,0.17209065213149,0.248908797163625,0.1315028611514657,0.4522388697330243,0.4078259275265481,a_minor
0.0,0.0,0.0,-0.04011371731758118,-0.20572364330291748,-0.0685226311090048,-0.010872900485992432,-0.32717686891555786,-0.09057649868751128,0.0073094964027404785,-0.3128986656665802,-0.0907726203205641,0.01772332191467285,-0.2776753902435303,-0.08545487272763808,0.011806130409240723,-0.1873154640197754,-0.07333780723834593,0.023911118507385254,-0.34645557403564453,-0.08759837496305067,0.03260773420333862,-0.44097012281417847,-0.091256319463497,0.0370556116104126,-0.5063416957855225,-0.09500425207639296,0.05728119611740112,-0.15355610847473145,-0.07599874484563429,0.08156991004943848,-0.284584641456604,-0.09595798599744398,0.10009270906448364,-0.35525938868522644,-0.1098771159651335,0.10507309436798096,-0.3998109996318817,-0.11938495087647993,0.1454645890531061,-0.1449848698640909,-0.06212787645004783,0.10914972947962259,-0.17080817383898161,-0.17811090336805224,-0.15663241361059949,0.18435882101566653,-0.07237482285073016,0.0590728158171282,-0.07772459780712251,0.19347202573985317,0.2296806638815078,0.15394265176193106,0.345673711367571,0.12872290261502028,0.517122748313417,0.45137031768237607,a_minor
0.0,0.0,0.0,-0.040498316287994385,-0.2044939398765564,-0.06812469859050907,-0.00913548469543457,-0.3232351839542389,-0.08816006977485813,0.010907888412475586,-0.318305641412735,-0.0876873602383057,0.02329152822494507,-0.29497116804122925,-0.08277583320068516,0.010955274105072021,-0.18635910749435425,-0.07264693279194034,0.023013591766357422,-0.34590205550193787,-0.08610961038993992,0.03180670738220215,-0.4400527775287628,-0.08859992225097812,0.036248207092285156,-0.5043485164642334,-0.09142704505848087,0.05661255121231079,-0.15383487939834595,-0.07480048586057819,0.0821150541305542,-0.2860821485519409,-0.09448829491066135,0.10010820627212524,-0.35702821612358093,-0.10763872612642444,0.10423499345779419,-0.40188366174697876,-0.11640170414375461,-0.07114228307076806,0.054588473681692506,0.1682599244647322,0.09314848831966038,0.037799039219302666,-0.05977215039338443,-0.17603489790657384,0.16222181984752365,0.06544543580340179,0.11681307145966163,-0.17391935940341133,0.040985004456454366,0.20995616929856556,0.13824914130280647,0.19676525191477964,0.1254790148549275,0.36497544583602454,0.2773021947861531,a_minor
0.0,0.0,0.0,-0.04145115613937378,-0.20588374137878418,-0.06648117796024167,-0.010301351547241211,-0.3256770968437195,-0.08676207557758175,0.010634660720825195,-0.3238581717014313,-0.08670202389797055,0.023385465145111084,-0.30291157960891724,-0.08194137111743771,0.010190486907958984,-0.18761438131332397,-0.07167303309282147,0.024192392826080322,-0.34763839840888977,-0.08609938368638836,0.03379178047180176,-0.4417823553085327,-0.08891547218402707,0.038612186908721924,-0.5055537223815918,-0.09154750898917996,0.056285083293914795,-0.15524864196777344,-0.07437298194011532,0.0836678147315979,-0.28719624876976013,-0.09388036773046338,0.10191255807876587,-0.35743236541748047,-0.10629624620517575,0.10665208101272583,-0.4018322825431824,-0.11431510493596875,0.09440560304759654,-0.15875359738812156,0.05351731262838483,-0.007163133469781646,-0.010553171367353065,-0.04784572108235996,-0.19398101546764768,-0.07032283528640729,-0.0253193690756382,-0.09270750061188236,0.05143926518715003,-0.0015546089953715203,0.20344033269727604,0.1332917605420798,0.38145003530005167,0.12611870478653467,0.5792967897205692,0.5078526048098594,a_minor
0.0,0.0,0.0,-0.041715800762176514,-0.205999493598938,-0.06757036733515065,-0.010884761810302734,-0.32707276940345764,-0.0880300937879781,0.008592665195465088,-0.31670790910720825,-0.08688379961139958,0.020309388637542725,-0.28478455543518066,-0.08056476104147237,0.010885834693908691,-0.18811607360839844,-0.07148803907520573,0.02449101209640503,-0.3472195565700531,-0.08489123123771947,0.03343445062637329,-0.44178521633148193,-0.08696580070144933,0.03823453187942505,-0.5061888694763184,-0.08930177378542226,0.056764304637908936,-0.15609246492385864,-0.0731394751656751,0.08193516731262207,-0.28825390338897705,-0.09179618346578877,0.10014677047729492,-0.35904359817504883,-0.10400924968607228,0.10553306341171265,-0.4029273986816406,-0.11208803343660634,0.17117823959963857,-0.15177314574974426,-0.02873987153728569,0.16690547070475586,-0.1259815184463497,-0.09020350398574868,0.07990833685352988,0.014851399989164321,-0.18178928984088102,0.11657357443491662,0.10454273167823241,-0.12503518391500573,0.2223005092840695,0.14904537179955946,0.40350978732723725,0.12534447465274873,0.6167714089002515,0.5077553099639927,a_minor
0.0,0.0,0.0,-0.042969316244125366,-0.20619988441467285,-0.0690888751226737,-0.011537313461303711,-0.32632607221603394,-0.08809827900708456,0.007580935955047607,-0.31597447395324707,-0.08525927997411031,0.019163072109222412,-0.2845212519168854,-0.07792979366362829,0.009621083736419678,-0.1892353892326355,-0.0727379087287261,0.02297985553741455,-0.3495686650276184,-0.08599294609607,0.03193938732147217,-0.44341808557510376,-0.08677935487807531,0.03684544563293457,-0.5066596269607544,-0.08805753923238058,0.05574214458465576,-0.15772217512130737,-0.07359381652653951,0.08159369230270386,-0.29109156131744385,-0.09139918423474569,0.09912526607513428,-0.3618283271789551,-0.10203998423398275,0.10393708944320679,-0.40527260303497314,-0.10909876859963674,0.16320111164854983,0.06659786937080553,0.024295502032219474,0.09712200775560631,-0.08202729639040625,-0.015087810338673041,0.1362977235143058,0.07462128508547172,0.14308076019671118,0.15989273388959419,0.11595906193611594,0.07471981875101513,0.22307105422010284,0.15079465444884949,0.45110001513961084,0.12338294299852334,0.6552031251322218,0.555520256848959,a_minor
0.0,0.0,0.0,-0.04288175702095032,-0.20550575852394104,-0.0698645560326554,-0.0111236572265625,-0.33000895380973816,-0.08891146613979117,0.005121409893035889,-0.31409257650375366,-0.0850690899672486,0.014102518558502197,-0.2756572365760803,-0.07655012591504828,0.01038825511932373,-0.18766003847122192,-0.07322140767001883,0.024403095245361328,-0.3487672805786133,-0.08600033803605811,0.03263145685195923,-0.4426611661911011,-0.08644811792993323,0.037093400955200195,-0.5068989396095276,-0.08762110008620994,0.05601930618286133,-0.15610051155090332,-0.07380159928226249,0.08132880926132202,-0.28970399498939514,-0.09112787230634467,0.0995226502418518,-0.3600180149078369,-0.10136115534925239,0.10534220933914185,-0.40391603112220764,-0.10831442459249274,-0.023307522351591947,0.17989465161586277,-0.13517779750481976,0.017387911285343838,0.04005178937777512,-0.01308306741753934,-0.15120278580782198,-0.17523048211322745,0.1614923305363523,-0.10010800646432592,0.17356407061171136,-0.13004891550365205,0.23264537898760496,0.16057387777170462,0.46658969914148773,0.12526608864915525,0.6954525533768249,0.613323281122995,a_minor
0.0,0.0,0.0,-0.04176759719848633,-0.20544633269309998,-0.06669180775585914,-0.010387897491455078,-0.3258844017982483,-0.08776216144266868,0.005393624305725098,-0.306335985660553,-0.08681773329678322,0.014292478561401367,-0.2647615373134613,-0.08007502491179253,0.010779142379760742,-0.18727773427963257,-0.07097441638413216,0.023720145225524902,-0.3454434275627136,-0.08464077050390983,0.03230786323547363,-0.4399147033691406,-0.0873436027258947,0.03790879249572754,-0.5054088532924652,-0.090155317732723,0.0556754469871521,-0.15450513362884521,-0.07291975552740837,0.08179670572280884,-0.2857787013053894,-0.09157623285952354,0.10049998760223389,-0.35609346628189087,-0.10345021570626045,0.10676848888397217,-0.4002782702445984,-0.11135726357403541,-0.007972695682556319,0.11961851937940376,0.16652089555790894,-0.14648762738733417,0.1218239436826733,0.1629183383854957,0.006037944629057407,0.09163377764758629,-0.16557594655136298,0.08680389768855379,-0.05106207587017769,0.16816916171411417,0.24201337416576568,0.16701848953104229,0.3354855316083557,0.12745046012519373,0.5249316737893748,0.4477561364731083,a_minor
0.0,0.0,0.0,-0.045474737882614136,-0.20467478036880493,-0.06680115751305493,-0.014505624771118164,-0.3203478455543518,-0.08733366868773373,0.0014774799346923828,-0.30285006761550903,-0.08547910741845044,0.009275436401367188,-0.2619536221027374,-0.07837228170910748,0.006527066230773926,-0.18741410970687866,-0.07217529855051907,0.01950603723526001,-0.34557852149009705,-0.08601716599741849,0.02957916259765625,-0.4390176832675934,-0.0884367420462695,0.03539121150970459,-0.5011245608329773,-0.09108990124741467,0.05269843339920044,-0.15414458513259888,-0.07498529247322949,0.07997649908065796,-0.2872971296310425,-0.09385851464548978,0.09943735599517822,-0.35514509677886963,-0.10582403532544049,0.10441374778747559,-0.3958374857902527,-0.11400834164896878,-0.10668411319742016,-0.10290261962866115,0.19606753228543683,-0.18600040519160999,-0.18880117825236475,-0.13765699994059521,0.15723252527872267,-0.1095527554055865,-0.0776415540366088,-0.10110346978506862,-0.15374847796826657,-0.17953366096763854,0.24092843229750727,0.16806580859096437,0.1847308333807975,0.1279637979887598,0.38356647351096884,0.324249875711322,a_minor
0.0,0.0,0.0,-0.044717609882354736,-0.20606112480163574,-0.06608152836633963,-0.015006959438323975,-0.32200562953948975,-0.08730984181238455,-0.0010824203491210938,-0.3014172911643982,-0.08671647757364553,0.006127715110778809,-0.25747987627983093,-0.08039612025095266,0.007539093494415283,-0.18817514181137085,-0.07169201672149939,0.01912558078765869,-0.3440796732902527,-0.08558389991594595,0.02826845645904541,-0.43987852334976196,-0.08859699666572851,0.03433561325073242,-0.5039227604866028,-0.09215311408115667,0.053285300731658936,-0.15511471033096313,-0.07481174618078512,0.08021551370620728,-0.2873994708061218,-0.09316233992649359,0.09849566221237183,-0.35538148880004883,-0.10479202568603796,0.10247683525085449,-0.39499086141586304,-0.11304004192425054,0.0555282840225535,0.15913503162424814,-0.15658565855795753,-0.18846433884965058,0.10676724293699946,-0.025630708799190133,-0.041083969972035395,-0.005300786590063389,-0.1269908832432377,-0.0773917882844037,-0.08660861701774257,-0.14030072072861693,0.24833044033615737,0.17104984538742263,0.19940174484587214,0.13017545285325632,0.43468643712315264,0.3580439568005099,a_minor
0.0,0.0,0.0,-0.050251901149749756,-0.204896479845047,-0.06802257058959071,-0.018965482711791992,-0.3245941996574402,-0.0854198103938586,-0.003281891345977783,-0.30611294507980347,-0.07966879663806026,0.004192769527435303,-0.26441121101379395,-0.07012840268950526,0.0021038055419921875,-0.18948179483413696,-0.07350455878119533,0.014559328556060791,-0.34771692752838135,-0.08595569340329234,0.02364039421081543,-0.4417058527469635,-0.08603800741772716,0.02854609489440918,-0.5032612383365631,-0.08724681941609447,0.04881727695465088,-0.15804582834243774,-0.07591783163886134,0.07480627298355103,-0.29273420572280884,-0.09291466234068935,0.09288686513900757,-0.357974112033844,-0.10243400839905803,0.09601098299026489,-0.39390063285827637,-0.10917209742407863,-0.11396722704573095,0.02735241422025178,0.024873922266512694,0.1496110971598596,0.18708179900723237,-0.1245136606299885,-0.10330686815083055,-0.10748271578245437,0.06407313913722412,0.12499053525400472,-0.10530917607716855,-0.06797778041497984,0.24069786081255987,0.16347019542305138,0.19977533106385784,0.13035325455120486,0.40992520024610235,0.29295360576428303,a_minor
0.0,0.0,0.0,-0.04604905843734741,-0.20736777782440186,-0.06674422728315221,-0.017574459314346313,-0.32780301570892334,-0.0853120203544222,-0.003990590572357178,-0.3038365840911865,-0.08063844995990621,0.002345144748687744,-0.25697124004364014,-0.07143740760579931,0.005871295928955078,-0.1899140477180481,-0.07248993622556554,0.01756763458251953,-0.34745997190475464,-0.0859330187965952,0.02562648057937622,-0.44282376766204834,-0.08662756191984045,0.03016608953475952,-0.5071969032287598,-0.08820663797155248,0.05132538080215454,-0.1571233868598938,-0.07525860922828542,0.078335702419281,-0.2883009910583496,-0.09207581388250219,0.09662002325057983,-0.3540763854980469,-0.10063678430810796,0.10041791200637817,-0.39197883009910583,-0.10663786190048086,-0.13384882359592293,-0.039990067433980064,0.15699610848083295,-0.003099330943136136,-0.06277855356925241,-0.17450646946734039,-0.11186672900359365,0.08529687378958906,-0.10582030950628862,0.02075720066858211,-0.12173715166454535,0.1346411332738242,0.2523253744122503,0.17054145839858928,0.24717529705453334,0.1361992399090847,0.44534130328847077,0.37093388522254794,a_minor
0.0,0.0,0.0,-0.05190339684486389,-0.20599496364593506,-0.0654608595086188,-0.02276921272277832,-0.3262048363685608,-0.0845997321320624,-0.00589144229888916,-0.3106321394443512,-0.08174823102484652,0.0034717917442321777,-0.27173444628715515,-0.07422002282868334,0.0008741021156311035,-0.19101905822753906,-0.07102066156397768,0.011165082454681396,-0.3484035134315491,-0.08356060710679003,0.019531965255737305,-0.441368043422699,-0.08491758880148836,0.024424374103546143,-0.5023037195205688,-0.08701316890250155,0.047802746295928955,-0.16006922721862793,-0.07381210354100176,0.07182145118713379,-0.2953330874443054,-0.09067696955929705,0.09032696485519409,-0.3616396486759186,-0.10087608423958727,0.0956302285194397,-0.39920997619628906,-0.1081692191673369,-0.04603902982010327,0.12433338961618601,-0.16411776559321112,0.11836456219456054,-0.04927792251419266,-0.07574337121956108,0.06636316543632548,0.05357254007664508,-0.06727096220410486,0.10753744759759049,-0.08807890215327077,0.045756745507210844,0.23187251896974437,0.16092152163866977,0.24280330426011007,0.12706758862321324,0.4428519306505959,0.3473291374220242,a_minor
0.0,0.0,0.0,-0.04991641640663147,-0.204241544008255,-0.06565721324369633,-0.025516360998153687,-0.3253242075443268,-0.08379067471906865,-0.011161208152770996,-0.3055914640426636,-0.07953735432312214,-0.004067957401275635,-0.26328667998313904,-0.07095467290565693,0.0015583038330078125,-0.1907290816307068,-0.07100669285938466,0.010671079158782959,-0.3497599959373474,-0.0821036099521848,0.018557727336883545,-0.44194331765174866,-0.08152671149656499,0.02307438850402832,-0.501882791519165,-0.08238828918621266,0.04808074235916138,-0.16063761711120605,-0.07363808146402562,0.07161122560501099,-0.29464221000671387,-0.08903057119533742,0.08861303329467773,-0.36264127492904663,-0.09852704397127354,0.09278291463851929,-0.40244266390800476,-0.10575996330663884,0.128584343121049,0.00481735731980093,0.15865219159974286,0.07308832489847028,-0.09695556507321923,-0.14867649699796015,-0.021075033174148328,-0.06040703507901163,0.14581812472563677,0.1180118493020767,0.1465431358749556,0.057284903294629264,0.24040702768972025,0.17307769214102348,0.44644075315212506,0.1236683174720116,0.6700581358938168,0.5732412546499249,a_minor
0.0,0.0,0.0,-0.05234745144844055,-0.20629039406776428,-0.06662932719984838,-0.027766376733779907,-0.33103644847869873,-0.08233386214772054,-0.013746559619903564,-0.3132614493370056,-0.07505030866661855,-0.006096303462982178,-0.2728009819984436,-0.06467458542385884,0.0005522370338439941,-0.193264901638031,-0.07187868591347524,0.007771492004394531,-0.35397881269454956,-0.08319035854140111,0.013682782649993896,-0.44622156023979187,-0.08165259595909902,0.016362786293029785,-0.5065807104110718,-0.08165205206671544,0.04781991243362427,-0.16408061981201172,-0.07374516811171361,0.07011258602142334,-0.2986486256122589,-0.08913911070624181,0.08733326196670532,-0.36468642950057983,-0.0968840413908083,0.09135067462921143,-0.4014723300933838,-0.10253121640482732,-0.13766382263610974,0.012612088547183042,0.13572351109951952,0.04340924429101284,0.18783067415894983,-0.12193930896022875,0.018446904999180086,0.13554257795988067,0.15235678107982625,0.057911306734790446,-0.1776894354619828,-0.1993931033233364,0.23546890772023404,0.16578707389027333,0.17689618286672895,0.13079332748112676,0.3517935551421471,0.24612842256066483,a_minor
0.0,0.0,0.0,-0.05105435848236084,-0.2053217589855194,-0.06586373647706978,-0.028304338455200195,-0.32626861333847046,-0.08150062760370247,-0.015955686569213867,-0.30584874749183655,-0.07460515996473305,-0.008925318717956543,-0.26428914070129395,-0.06464644571798317,0.0027874112129211426,-0.1945468783378601,-0.07039514234321587,0.009172022342681885,-0.35325273871421814,-0.0819849525954055,0.014114916324615479,-0.4457889795303345,-0.08122140964525215,0.016685545444488525,-0.5075792670249939,-0.08192348530548088,0.05038255453109741,-0.16720926761627197,-0.07168119451063149,0.07065606117248535,-0.29958897829055786,-0.08744811316984169,0.08617842197418213,-0.36506569385528564,-0.09586764177339546,0.08948451280593872,-0.4020013213157654,-0.10197922637718193,-0.16117267441326089,-0.15519691216541234,-0.06885576482299319,0.0660024654980968,0.11999119633656113,-0.06950455748034987,-0.010973304901839315,-0.12325020573227015,-0.1808749146392845,-0.023923389062760203,-0.012809901424420955,0.017666707269530846,0.24524375226834436,0.17332880932465353,0.26503246038190925,0.12980225352053565,0.5063240238777292,0.4226658999274661,a_minor
0.0,0.0,0.0,-0.05966654419898987,-0.20151448249816895,-0.07040704302244194,-0.03357693552970886,-0.32524603605270386,-0.08425950519495018,-0.01754581928253174,-0.30956751108169556,-0.07388137541465767,-0.007867157459259033,-0.2701990306377411,-0.061401943487453536,-0.0041065216064453125,-0.19290408492088318,-0.07471467070035942,-0.00011652708053588867,-0.3560184836387634,-0.08641164265327461,0.004837334156036377,-0.448944628238678,-0.08307335786275871,0.0072212815284729,-0.5100574493408203,-0.081561798972416,0.04618334770202637,-0.16761165857315063,-0.0748777266567231,0.06491565704345703,-0.30583420395851135,-0.08977451435976036,0.08077949285507202,-0.36980780959129333,-0.09511997811250694,0.08329534530639648,-0.4032285213470459,-0.09889347366743095,-0.1593437873120093,-0.19998946465285827,-0.010979857525246661,-0.17675677940271012,0.042910706350904715,0.016111445204078173,0.08440434647062622,0.1721063704404756,-0.14701938274727855,0.0673547462302212,0.14423540120771255,0.13638304461056716,0.24117657802324574,0.16556890452047848,0.4653312095815921,0.13228783006656525,0.6922536548840837,0.5960921818401639,a_minor
0.0,0.0,0.0,-0.05581259727478027,-0.20385214686393738,-0.0696083637441518,-0.03473755717277527,-0.32660889625549316,-0.08431028151167652,-0.020759224891662598,-0.3103634715080261,-0.07595376246823093,-0.011966466903686523,-0.27062419056892395,-0.06526268595112583,-0.0011572837829589844,-0.19583874940872192,-0.07375362091912052,0.0013054609298706055,-0.3574749231338501,-0.08446935885800144,0.0045326948165893555,-0.449543759226799,-0.08258612775458118,0.00547027587890625,-0.5083381235599518,-0.0830273958410146,0.04787790775299072,-0.17053461074829102,-0.07426891052378437,0.06597673892974854,-0.3086279332637787,-0.08977041715039036,0.08053207397460938,-0.3714142441749573,-0.09732473218096516,0.08146196603775024,-0.4017444849014282,-0.10312956148041508,-0.04454193572055859,-0.06466771626447462,0.1259799834305833,-0.13341050841888885,0.07035214318294158,-0.19413793711563124,-0.15486914850808559,-0.19036563219645167,-0.18658102974623,0.04449182807039048,0.0681590106563551,-0.19636900617952016,0.23901367922025107,0.16539438905260898,0.3676281595684124,0.1324425831787327,0.5888276045916775,0.48048900121287563,a_minor
0.0,0.0,0.0,-0.06071358919143677,-0.20115935802459717,-0.07402228407846678,-0.0373212993144989,-0.32496944069862366,-0.08504362993227232,-0.021929442882537842,-0.31377482414245605,-0.07071488939510573,-0.0124664306640625,-0.2793276011943817,-0.055933682548868546,-0.0051171183586120605,-0.19523882865905762,-0.07738400094496001,-0.004138827323913574,-0.3601418733596802,-0.09017589532123793,-0.0016021728515625,-0.45134881138801575,-0.08475143306242217,-0.0011034011840820312,-0.5104711353778839,-0.08118499659286726,0.04597949981689453,-0.17235374450683594,-0.07575686864839781,0.06319355964660645,-0.31151503324508667,-0.09082986258255232,0.0771685242652893,-0.37402886152267456,-0.09332518123375166,0.07807952165603638,-0.4049755930900574,-0.09455010138736952,-0.1519054022057288,0.08243126964910463,0.022298588030832095,0.0019219397395609794,-0.017220270080080036,0.02988387055717362,0.08765129665556348,-0.007147793947222203,0.04179266021670208,0.10879570704023861,-0.18881966542135992,0.09344561981846339,0.2327962213927696,0.15961583615944858,0.2126272994096974,0.13258156258799625,0.3821430809289826,0.288113276859247,a_minor
0.0,0.0,0.0,-0.05831265449523926,-0.2099055051803589,-0.06868398677715959,-0.038244783878326416,-0.33002156019210815,-0.07790286582121553,-0.024948835372924805,-0.3109869956970215,-0.06404366087326707,-0.017406880855560303,-0.2688997983932495,-0.05015105497250261,-0.0034661293029785156,-0.2033865749835968,-0.07240341346869172,-0.004754781723022461,-0.3620873689651489,-0.08149711530813875,-0.003903508186340332,-0.45247428119182587,-0.07726674270043077,-0.006375372409820557,-0.509426087141037,-0.07628492009052934,0.04553931951522827,-0.17874568700790405,-0.07171385478386583,0.06247270107269287,-0.3173641264438629,-0.08512136083254518,0.07578235864639282,-0.3804124593734741,-0.09034977596411409,0.07343333959579468,-0.408605694770813,-0.09482185285696687,0.07525534592372607,-0.03785444169378671,-0.19655419117730047,-0.18991699531110698,-0.17745436273317583,-0.05657105170063623,0.06250163195480507,0.0714536757267108,0.16369979056600542,-0.13384795700748925,0.11490863766470966,0.09089436422778807,0.24219324652718885,0.17252583376973993,0.4251602639970739,0.1299145869641611,0.6587807082235044,0.592894008634951,a_minor
0.0,0.0,0.0,-0.06145203113555908,-0.20664992928504944,-0.07002741089522146,-0.042017221450805664,-0.33183401823043823,-0.07841147473513388,-0.029943227767944336,-0.3173038959503174,-0.06240773192106985,-0.02280348539352417,-0.279899537563324,-0.047079376787536376,-0.006432950496673584,-0.20312222838401794,-0.07299178084790015,-0.00850820541381836,-0.36520248651504517,-0.0845101102298429,-0.007808506488800049,-0.4534378945827484,-0.07902968666016363,-0.00956118106842041,-0.510204553604126,-0.07601599386393332,0.0431557297706604,-0.18155574798583984,-0.07126007965266012,0.06039309501647949,-0.317333847284317,-0.08491245648323797,0.07217687368392944,-0.38024646043777466,-0.08740331223665976,0.06895750761032104,-0.41065600514411926,-0.08926957091748022,0.15225749807110361,-0.0753816397376475,-0.1599906514546035,0.14605134282481363,0.062227617633093646,-0.07325094217139277,-0.10557402561112778,-0.11880704226411819,-0.02820714511722372,0.1648332209764376,-0.12761623089227458,-0.11227196885597711,0.23249319741708305,0.16521908525343448,0.2502954516738933,0.1274784502456699,0.42202100405391557,0.29972116463959947,a_minor
0.0,0.0,0.0,-0.06154927611351013,-0.20944029092788696,-0.07144153518059682,-0.04503437876701355,-0.3307651877403259,-0.07839822424033116,-0.034204065799713135,-0.3095855712890625,-0.06048142564871739,-0.028602123260498047,-0.26596686244010925,-0.04387974766471814,-0.006145954132080078,-0.20724990963935852,-0.07466353875973653,-0.011182308197021484,-0.36744993925094604,-0.08557010096886586,-0.01203984022140503,-0.45527659356594086,-0.07951017869093846,-0.015379667282104492,-0.5104750990867615,-0.07658556503632497,0.04365277290344238,-0.18525755405426025,-0.07265909416058491,0.05863124132156372,-0.32176387310028076,-0.08604969484188985,0.06917834281921387,-0.3831578493118286,-0.08836978328803013,0.06423938274383545,-0.4101836085319519,-0.0904285798726363,0.16826895004936054,-0.02103969605580605,-0.04722765141623614,-0.13993101300803562,-0.05374948276852823,-0.18758558903851125,0.09522790331611242,-0.14781439495699866,-0.133126568082426,0.11687412061923402,-0.1084659388268427,0.03540788427854008,0.24704004051995446,0.17772115481954484,0.22859660332462706,0.12879908875646956,0.43777272874926615,0.3311174769678635,a_minor
0.0,0.0,0.0,-0.06268912553787231,-0.21364682912826538,-0.06545980664890294,-0.04868307709693909,-0.3327322006225586,-0.07238313200872426,-0.03900173306465149,-0.313331663608551,-0.0562942178825665,-0.033875614404678345,-0.2719038128852844,-0.0412650370876122,-0.007790505886077881,-0.21298259496688843,-0.0689880812446404,-0.01361304521560669,-0.3698754906654358,-0.07855900767248158,-0.014570772647857666,-0.45515279471874237,-0.07346759381692891,-0.01799565553665161,-0.5085076987743378,-0.07147732767265325,0.04166603088378906,-0.19229656457901,-0.06791255268257146,0.05579555034637451,-0.3260979652404785,-0.08056140336196904,0.06417989730834961,-0.389490008354187,-0.08439562114875798,0.05717790126800537,-0.4197283387184143,-0.0879569465200234,-0.18121890970599663,-0.04086936732347998,-0.08664819248851635,0.04426383578238671,-0.044294068570824324,0.19778650302683293,-0.010206793006765358,0.005567926842318854,0.18362050373134425,0.08708589069877914,0.16496587683117592,0.04619175493287159,0.239053036822052,0.1797858936640743,0.46166600695780524,0.11749219655771563,0.6917042730815897,0.6006310744795343,a_minor
0.0,0.0,0.0,-0.06321722269058228,-0.2127458155155182,-0.06674958037687873,-0.0496613085269928,-0.33362069725990295,-0.07285465317322348,-0.04068472981452942,-0.3117263913154602,-0.05514664220167731,-0.03660675883293152,-0.2682092487812042,-0.03880739229275321,-0.008176922798156738,-0.21176832914352417,-0.07004413770987128,-0.013247668743133545,-0.37007537484169006,-0.08026549982382392,-0.015475869178771973,-0.45608219504356384,-0.0746403785283718,-0.02088719606399536,-0.5109529495239258,-0.07205789553476905,0.04121732711791992,-0.19097906351089478,-0.06841602938725089,0.05537068843841553,-0.3269188702106476,-0.08093458431316947,0.06287068128585815,-0.3896133303642273,-0.0833110140497837,0.054358065128326416,-0.4189392328262329,-0.08557410555435752,0.0035726932448518767,-0.1601752031332323,0.02044250727959432,0.17023943850987217,0.10126305919584117,-0.12922503044037487,-0.10881238129460452,-0.19246651203092108,0.11610353173459614,0.18088627109486016,0.11457851467400681,0.10817345743346007,0.2455141642955978,0.18215721988933176,0.4641476705795835,0.11962884821696493,0.6815317199835041,0.5815399315322701,a_minor
0.0,0.0,0.0,-0.06371796131134033,-0.2162468433380127,-0.06711813412725576,-0.05047386884689331,-0.3372902572154999,-0.07307456784069188,-0.0423283576965332,-0.31323355436325073,-0.054997913317080815,-0.039062321186065674,-0.2673966884613037,-0.03840925149738439,-0.008038580417633057,-0.21585756540298462,-0.07031739108383306,-0.01374506950378418,-0.3727589249610901,-0.08090643935024389,-0.016221582889556885,-0.4594891667366028,-0.07528435044109472,-0.021751344203948975,-0.514925479888916,-0.0729265397053922,0.04153931140899658,-0.1949484646320343,-0.06840091548978933,0.055861473083496094,-0.330249547958374,-0.08049397520839818,0.06387192010879517,-0.3903493881225586,-0.08182204119979986,0.05538344383239746,-0.41633886098861694,-0.0834878196579183,-0.03809091931067901,0.14662927368577655,-0.007962098554987918,-0.05231326692946467,-0.1763926895448841,-0.1858218554575649,0.16835102976594862,-0.03634223452250129,0.13439262850296213,0.10921790683810545,0.10526192022136688,-0.10157494161730601,0.25052268499065,0.1820325536668719,0.4060189269683495,0.12562100774090507,0.6345124797087726,0.5246833982000499,a_minor
0.0,0.0,0.0,-0.062376946210861206,-0.2165343165397644,-0.06716111888090381,-0.04914742708206177,-0.3363152742385864,-0.07334438552061329,-0.04096466302871704,-0.3144955039024353,-0.055629542366659734,-0.03770190477371216,-0.2704077959060669,-0.03937179435888538,-0.006559550762176514,-0.21645060181617737,-0.07046186764637241,-0.01171940565109253,-0.3727002739906311,-0.08185151060024509,-0.014286458492279053,-0.46017710864543915,-0.07709337611595402,-0.019867241382598877,-0.5153258740901947,-0.07530310590664158,0.04335629940032959,-0.195562481880188,-0.06860546608368168,0.05769699811935425,-0.3311671018600464,-0.08152446736494312,0.06569445133209229,-0.39078497886657715,-0.0831349401632906,0.05704611539840698,-0.41485729813575745,-0.08475586612621555,-0.0627727597356044,-0.04227114755862993,0.1662382025732007,-0.039727623919538685,0.18774157826488985,-0.16323148464375295,-0.10819429098357564,-0.17328754507419047,-0.12767163094242542,-0.08428432788205327,0.07433300294052614,0.005916396244705802,0.24818138405050202,0.17861287745043425,0.35080929397634103,0.12688165305277035,0.5987017285960695,0.5172068290620471,a_minor
0.0,0.0,0.0,-0.06227633357048035,-0.21822747588157654,-0.06551550778992521,-0.050978899002075195,-0.3383946716785431,-0.07228091064341413,-0.04335099458694458,-0.3124927580356598,-0.055460505964830986,-0.040502339601516724,-0.2649194300174713,-0.039561965348795525,-0.005601823329925537,-0.2185695469379425,-0.06865141245968687,-0.011345505714416504,-0.3746892213821411,-0.07935552749283659,-0.014010190963745117,-0.46198315918445587,-0.0748040125096594,-0.019577980041503906,-0.5187245607376099,-0.0733236790025984,0.044041991233825684,-0.197538822889328,-0.0668423220837866,0.05848151445388794,-0.3310774266719818,-0.07916839871056425,0.06596356630325317,-0.3928379416465759,-0.08107287141926633,0.057601749897003174,-0.4208582639694214,-0.08309065255768644,-0.0909229345833667,-0.1581793463691039,0.19262655254155764,-0.01303176657018651,-0.0539773633533594,0.13529812267965402,-0.18008660039093818,-0.02176812044309767,-0.03404372685436652,-0.14102807009859497,-0.13229307655040567,-0.014718148630043976,0.2568943878556024,0.18930419678590574,0.1682628519759996,0.12501966456892216,0.4092847719330019,0.3569292255825948,a_minor
0.0,0.0,0.0,-0.062483251094818115,-0.2170242965221405,-0.0682764860819276,-0.04791337251663208,-0.3402552604675293,-0.07204896090730983,-0.03956851363182068,-0.3157503604888916,-0.050879860950558964,-0.03722164034843445,-0.2705260217189789,-0.032122230810969654,-0.005881071090698242,-0.2170868217945099,-0.07160625485882122,-0.009076178073883057,-0.37557145953178406,-0.0834769147466119,-0.011510610580444336,-0.46293528378009796,-0.07708553103908855,-0.017526626586914062,-0.5197522640228271,-0.07368742553695995,0.04418063163757324,-0.19550412893295288,-0.06875795750126201,0.06096714735031128,-0.3306967616081238,-0.07976887999281246,0.06951683759689331,-0.39171910285949707,-0.07817429928287822,0.060917556285858154,-0.41816428303718567,-0.07757510123953182,-0.17599716637210072,-0.015726584206666422,-0.062152798918397256,-0.19787607893023065,0.13033964471224463,-0.009988216309817222,0.03974758080389526,0.0780553604376143,0.1888177568455826,-0.027689267574764198,-0.16694048592680022,-0.03601541187368004,0.2534349597679303,0.18301453918004199,0.10409604322372673,0.12840841767456038,0.35496282995346773,0.2696141191581286,a_minor
0.0,0.0,0.0,-0.06109541654586792,-0.21787214279174805,-0.06731653542227889,-0.049682050943374634,-0.33942627906799316,-0.07403340519375945,-0.04217571020126343,-0.3156156539916992,-0.05660771534748221,-0.03937360644340515,-0.26964977383613586,-0.0403268668145671,-0.004224300384521484,-0.2181621491909027,-0.07107924998707915,-0.009158611297607422,-0.37589895725250244,-0.08135433078713561,-0.010808229446411133,-0.4628877192735672,-0.07596141428656722,-0.015655696392059326,-0.5181614756584167,-0.07407453984923507,0.04562407732009888,-0.19706231355667114,-0.06957102150626326,0.06202495098114014,-0.3328271210193634,-0.08086918623156691,0.06963211297988892,-0.3940563201904297,-0.08187569261498595,0.05965346097946167,-0.4204256534576416,-0.08374914110608245,-0.11568207482997549,0.10410935313395492,-0.06553266108778252,0.025729493677473014,0.1731293907440215,-0.10763468550981853,0.03205389267870476,-0.07270677513138679,-0.11375421597567668,0.16944577048874887,-0.17427178662370837,-0.03697314094628634,0.25191171198470474,0.1855403456465989,0.22959473013165302,0.12376331457564087,0.392299866258416,0.2735581685412265,a_minor
0.0,0.0,0.0,-0.0616021454334259,-0.2169988453388214,-0.06500594989240938,-0.04936856031417847,-0.3413051962852478,-0.07106321976364427,-0.04269036650657654,-0.3123247027397156,-0.053460668035157255,-0.04146948456764221,-0.2628816068172455,-0.036712355174429945,-0.005005896091461182,-0.21720129251480103,-0.06831635461033159,-0.00779271125793457,-0.3757205009460449,-0.07768651024282747,-0.009595334529876709,-0.4625746011734009,-0.07162397281111055,-0.01556241512298584,-0.5197245478630066,-0.06899283007562929,0.04434001445770264,-0.1959470510482788,-0.06652705297649675,0.059888482093811035,-0.33018818497657776,-0.07650396154106431,0.06710290908813477,-0.3908211588859558,-0.07631245926798158,0.057222962379455566,-0.41800054907798767,-0.0770659141320067,0.14333221016557857,0.08939006251414983,-0.19681624234288717,-0.1886965397996971,0.17543245751453584,-0.0848091787568111,-0.058995784441621985,0.020195674521107015,0.1029035553967641,0.14699316582749983,0.009617389348861416,-0.11797677274248303,0.26015668677182513,0.18822989946615762,0.3411418752779734,0.12534216287095404,0.5559016370083404,0.4388501897501904,a_minor
0.0,0.0,0.0,-0.0597115159034729,-0.2174588441848755,-0.06553086006472597,-0.04783245921134949,-0.33892300724983215,-0.07100466751883516,-0.04291582107543945,-0.30750328302383423,-0.05357315876911173,-0.041599273681640625,-0.2568092346191406,-0.03718270474503527,-0.0037034153938293457,-0.21693336963653564,-0.06862170362303743,-0.005871474742889404,-0.3731371760368347,-0.07924234235117922,-0.006509661674499512,-0.46203914284706116,-0.0742164414508153,-0.009999990463256836,-0.5204495787620544,-0.07231845074723253,0.045095622539520264,-0.19467809796333313,-0.06625931078026781,0.06205403804779053,-0.33044642210006714,-0.07740859055350313,0.06930309534072876,-0.3919318914413452,-0.07786537074873934,0.059436917304992676,-0.4189932942390442,-0.07890448832343111,0.03246476248662514,-0.021957417033796472,0.023009597157460787,0.14981594864601527,0.1334945749523096,-0.11717022054772569,-0.08201453168615842,0.1224339861623675,0.1713000937840123,0.15539275452515794,-0.1080056450504614,0.08254010798139616,0.2678418682858238,0.1955829448311953,0.27437550789507476,0.12311879515567678,0.4705804200790805,0.3632976717796201,a_minor
0.0,0.0,0.0,-0.05906343460083008,-0.21888744831085205,-0.06667112605384773,-0.046421974897384644,-0.343260258436203,-0.07129506068042701,-0.04270198941230774,-0.31043580174446106,-0.05247734905890411,-0.04170191287994385,-0.25851988792419434,-0.035161588804044186,-0.0026076436042785645,-0.2181617021560669,-0.0694039841156382,-0.005085647106170654,-0.37540069222450256,-0.0812489171486277,-0.0053313374519348145,-0.46353280544281006,-0.07585648493579811,-0.007362425327301025,-0.5219498574733734,-0.0733782728176493,0.04609638452529907,-0.19505402445793152,-0.06612932728342003,0.06360191106796265,-0.32918959856033325,-0.07716550724319404,0.07022202014923096,-0.3909311890602112,-0.07603298173955864,0.06080210208892822,-0.4184240698814392,-0.07575953798107093,-0.03376306052614858,0.17362136322504623,0.15245957233884078,-0.10395618736533058,0.0363245335248957,-0.11268743638511497,-0.020377881736940606,0.002374552585240386,0.12268769583208577,0.1276657406242485,-0.07755706159167755,-0.043341829382975844,0.26839348762415094,0.1942282522434233,0.24799165893976755,0.12397444058428606,0.46542426942091686,0.34887242844533506,a_minor
0.0,0.0,0.0,-0.05760887265205383,-0.21678698062896729,-0.06798489225099047,-0.04575067758560181,-0.34268683195114136,-0.07402164322326144,-0.04210713505744934,-0.30874866247177124,-0.05665071886966189,-0.04110592603683472,-0.2567124664783478,-0.04019563478419741,-0.0014199018478393555,-0.2160327136516571,-0.06958179009149035,-0.004021108150482178,-0.37344732880592346,-0.07993194294164141,-0.005190432071685791,-0.46048760414123535,-0.07460232657382448,-0.008533656597137451,-0.5187426209449768,-0.07259349358270129,0.04666775465011597,-0.19291114807128906,-0.0659730790276285,0.06289368867874146,-0.32709139585494995,-0.0767600668687578,0.06904876232147217,-0.38903558254241943,-0.07734028828332384,0.05860435962677002,-0.4168033301830292,-0.07859142703006228,-0.04112957761480876,0.04821689990596437,0.18892399207233435,-0.02593823112982324,0.052135834679922166,-0.18042318339893795,-0.03673249967903977,-0.15249056990568982,-0.07550190974394333,0.15036852636740367,-0.04935505162564793,-0.1660229145192328,0.2660270208850701,0.19247197866446988,0.3090179084509771,0.12220927718127432,0.5042852869943163,0.3886941789079876,a_minor
0.0,0.0,0.0,-0.05729132890701294,-0.21457907557487488,-0.06843566029451154,-0.04503372311592102,-0.3422704339027405,-0.07362342505834363,-0.041728198528289795,-0.30887967348098755,-0.0552860635437753,-0.040715813636779785,-0.2569483816623688,-0.03817850603840611,-0.0013785362243652344,-0.21319231390953064,-0.07013688861511014,-0.0031618475914001465,-0.3704923689365387,-0.08087959765575192,-0.0032570958137512207,-0.4575951099395752,-0.07505084454200528,-0.0053688883781433105,-0.5158108472824097,-0.07244430362365506,0.04653424024581909,-0.18972158432006836,-0.06622993080995343,0.0629647970199585,-0.3234535753726959,-0.07644253849170468,0.06885075569152832,-0.38651758432388306,-0.07615858941457532,0.058293163776397705,-0.4153212904930115,-0.07675886779210828,-0.14900575106593483,0.12750230463520107,-0.15214714965989212,0.13964732215073294,0.006361670336745284,-0.005290243949675144,0.18983568872980344,0.18231552589974592,-0.1523510531080887,-0.10175046322225097,-0.00775436688699771,0.139470121949139,0.2635020419584633,0.19071759272004427,0.3120607640760791,0.11903622714208009,0.5588546492667402,0.4883438704080079,a_minor
0.0,0.0,0.0,-0.05731073021888733,-0.2155243158340454,-0.0680035023001011,-0.044714152812957764,-0.34202539920806885,-0.07164175491602975,-0.04224139451980591,-0.3077937960624695,-0.05198705997140962,-0.04226526618003845,-0.2564088702201843,-0.034341157039719405,-0.0015395283699035645,-0.21381458640098572,-0.07057565133841592,-0.0021538734436035156,-0.37034082412719727,-0.0802279977110203,-0.0015711784362792969,-0.45775577425956726,-0.074424062481242,-0.0034796595573425293,-0.5149372518062592,-0.07221216391594965,0.04623687267303467,-0.19004881381988525,-0.06710102837355691,0.061931490898132324,-0.32209908962249756,-0.07680244426997263,0.06900638341903687,-0.386129766702652,-0.0777151254919346,0.058566510677337646,-0.4140731692314148,-0.0793969823029812,0.17228683818355955,-0.10947302476155284,0.04498468389255317,-0.1663433276554276,-0.017529427137126852,0.16656700122973922,0.16210981848993877,-0.17111388439134473,-0.17779756553521403,-0.0828170980937363,-0.13546994917837663,-0.14823524120694134,0.26415045055502956,0.19249702802140078,0.17100449146909458,0.11863773434161055,0.39505616208077193,0.31991840356875745,a_minor
0.0,0.0,0.0,-0.0566369891166687,-0.21856039762496948,-0.06190379615803465,-0.0441286563873291,-0.34235554933547974,-0.0676756268360208,-0.04167461395263672,-0.3092357814311981,-0.0516759259619306,-0.042548179626464844,-0.25818005204200745,-0.03622876014490828,-0.0016932487487792969,-0.21634599566459656,-0.06505068298359618,-0.00023919343948364258,-0.36967992782592773,-0.07281331624766096,0.0008685588836669922,-0.45730869472026825,-0.06832450535078749,-0.0015853047370910645,-0.5147145688533783,-0.06760354991932616,0.04553145170211792,-0.19259858131408691,-0.063326618633468,0.06161379814147949,-0.3222850561141968,-0.07198849972267851,0.06947159767150879,-0.38573306798934937,-0.0744643127538751,0.05881983041763306,-0.41414734721183777,-0.07770904060383543,-0.0004298962199501266,0.011179262418531177,-0.16871489124694639,0.14292097185045738,-0.014662814937280888,-0.015522492989589853,0.10490384885190568,-0.07501657523310623,0.16353347642740074,0.03824899772161916,-0.10297764939948802,-0.08050825244294929,0.2616721094580676,0.19058301154574236,0.1804900082874416,0.11774832212704318,0.4138605971108805,0.31186146857436026,a_minor
0.0,0.0,0.0,-0.05620330572128296,-0.2157668173313141,-0.06243738178646652,-0.041781216859817505,-0.3409055471420288,-0.06944271196162788,-0.04021191596984863,-0.312527060508728,-0.05363341067469207,-0.042172908782958984,-0.2639285624027252,-0.0379129165831813,-0.0015056729316711426,-0.21318286657333374,-0.06570011396443931,0.004043519496917725,-0.3673873543739319,-0.07504861820972053,0.005934774875640869,-0.45448534190654755,-0.07043699194228736,0.004061460494995117,-0.5105302929878235,-0.06893365104234306,0.04585534334182739,-0.1908646821975708,-0.06435063500440208,0.06317204236984253,-0.3209386467933655,-0.07367218304908363,0.06938385963439941,-0.3828928470611572,-0.0753420071724662,0.057813048362731934,-0.411310613155365,-0.07767362166678993,-0.04950902519215497,0.0007093299651358687,0.10046901547045956,0.13286472165193225,-0.05636017889589495,0.08511778965197181,-0.13970515890317656,-0.009099508058348471,-0.19213902139737088,0.06438570696308366,0.059734185125164985,0.0646426396734821,0.2528088534772496,0.18248170916324552,0.35585102900810783,0.11318200011872381,0.5887981106889019,0.4921181972555928,a_minor
0.0,0.0,0.0,-0.05369362235069275,-0.21494397521018982,-0.05946825909406073,-0.03587830066680908,-0.3380987346172333,-0.06586967500835783,-0.03473943471908569,-0.3128318190574646,-0.05000371578127272,-0.038022756576538086,-0.26729655265808105,-0.03460780995875723,-5.424022674560547e-05,-0.21178695559501648,-0.06343727651029951,0.009143531322479248,-0.36277443170547485,-0.07240435573250181,0.01114732027053833,-0.44965745508670807,-0.0681215235868109,0.008878588676452637,-0.5056822597980499,-0.06708081158787138,0.04636669158935547,-0.1888880729675293,-0.0629829252043379,0.06482315063476562,-0.31687551736831665,-0.07168545666128523,0.0714714527130127,-0.378292441368103,-0.07348177674204237,0.06037735939025879,-0.40763354301452637,-0.07626431527525313,-0.11128438187413395,-0.04447183835783522,0.12183648952727527,0.04360486445212386,-0.1862921077069879,-0.09859526670211222,-0.06689205205459023,-0.12457979190115293,0.05467006877477043,-0.11200637633225474,-0.021432278667877197,0.12039250221280612,0.24511625280663804,0.17638684225238385,0.299913177420017,0.1111306032913749,0.5331580088277174,0.46641341403215625,a_minor
0.0,0.0,0.0,-0.05296957492828369,-0.21251079440116882,-0.06241479201989364,-0.0343514084815979,-0.3375493586063385,-0.06960120110588264,-0.0349268913269043,-0.3111855983734131,-0.053422071624567025,-0.04017654061317444,-0.26433610916137695,-0.03737121506409835,0.0008824467658996582,-0.20851075649261475,-0.06614121108131599,0.01464700698852539,-0.3614838123321533,-0.07736903487520408,0.0177193284034729,-0.4493945688009262,-0.0737642800696392,0.015524625778198242,-0.505910724401474,-0.0726191556342144,0.04734015464782715,-0.1863539218902588,-0.06507462321596336,0.06632423400878906,-0.315206378698349,-0.07495770661907386,0.0729445219039917,-0.3761584758758545,-0.0763357511051197,0.06151968240737915,-0.4046308100223541,-0.07825008838253211,-0.11043611661076885,0.04882104624280234,0.07367918173162352,-0.0918961714312252,-0.1619629990036061,0.02192281042157057,0.19414780414266397,0.14404818003801795,0.01538664528218664,0.07045863860096996,0.1867180480696915,0.09317239872173882,0.25040633374616295,0.17803316306267716,0.4824226681401291,0.11137716864142079,0.7143102979206508,0.6157589187251868,a_minor
0.0,0.0,0.0,-0.05336162447929382,-0.21531766653060913,-0.06048308748225395,-0.03358715772628784,-0.3379453122615814,-0.06939302820185844,-0.03323698043823242,-0.314923495054245,-0.05613878059605781,-0.038156986236572266,-0.2697594165802002,-0.041823175432483595,-0.00014823675155639648,-0.20965099334716797,-0.06429395514945213,0.0168306827545166,-0.36223888397216797,-0.07207969266394798,0.02187526226043701,-0.44981849193573,-0.06742573964814369,0.02067744731903076,-0.5046124756336212,-0.06622083920458977,0.045735716819763184,-0.1869288682937622,-0.06440788942794029,0.06701421737670898,-0.3188738226890564,-0.07236100423554603,0.07404077053070068,-0.38328853249549866,-0.07475895124892418,0.06279826164245605,-0.41529399156570435,-0.07828952807406608,-0.0015597905848319105,-0.18013075578571414,-0.14478789821034838,0.06904076029626594,0.1978349732268117,-0.055992158883746396,-0.05672584268402453,0.12980607876927552,-0.0016720894114866935,0.15230198230853048,-0.16367795663994503,-0.16687796451576273,0.24333658976014083,0.18083713519492514,0.25132965426901743,0.09948672196070896,0.37906888731279514,0.28137067387347986,a_minor
0.0,0.0,0.0,-0.052761971950531006,-0.2130814492702484,-0.06206292911716105,-0.03257042169570923,-0.3358602821826935,-0.07178925602980257,-0.02986055612564087,-0.3158986270427704,-0.05864266931362749,-0.0337451696395874,-0.27282199263572693,-0.04461330428071619,0.0003541707992553711,-0.2074679732322693,-0.06606945275612475,0.019053339958190918,-0.3597472310066223,-0.07320742934294344,0.026186764240264893,-0.4468543976545334,-0.06839731960840822,0.026421666145324707,-0.500328928232193,-0.06757280110664965,0.04620295763015747,-0.18393701314926147,-0.06657438605375887,0.0674436092376709,-0.31667593121528625,-0.07420632868357302,0.076557457447052,-0.3793509006500244,-0.07686395823307635,0.06717318296432495,-0.4098668396472931,-0.0812472167546332,0.12334118558309864,-0.1708525282281185,0.139688956493918,-0.06230881012201436,-0.11628183203193024,0.15296287883106485,0.09330974098422884,0.1872788897150794,-0.1332028521935823,0.16529405487011473,0.0357001569331937,-0.031749671816402314,0.23644574931125995,0.1740914918307548,0.36737991603819065,0.10015520574341283,0.5548837870090605,0.4589201029593497,a_minor
0.0,0.0,0.0,-0.05345138907432556,-0.212625652551651,-0.06100335551099079,-0.03271740674972534,-0.3356258273124695,-0.07016676498250263,-0.02946758270263672,-0.3160092830657959,-0.057285400309126544,-0.03247290849685669,-0.2737463414669037,-0.04355741126136081,-7.802248001098633e-05,-0.20733794569969177,-0.06467697603301303,0.018542349338531494,-0.35920464992523193,-0.07061479074553745,0.026023030281066895,-0.4462648928165436,-0.06570955199794071,0.026706457138061523,-0.5001998245716095,-0.06493154747084873,0.0456693172454834,-0.18397670984268188,-0.06506834758118885,0.06690120697021484,-0.3156335651874542,-0.07209290397958057,0.07570105791091919,-0.37972426414489746,-0.0755059702475478,0.06621766090393066,-0.41197746992111206,-0.08063093406752841,-0.09923414555608795,0.04708274861173872,-0.02108564067193322,0.05937677631160654,-0.17356059536953455,-0.07274806416433985,-0.04754180321661866,-0.046959532032692625,-0.16928837290632381,0.07083690473384607,0.09692493794392865,-0.1446804391475477,0.23503240420398708,0.17384510190291502,0.39786427542404024,0.09793257794328802,0.6040408629702994,0.5129379467785473,a_minor
0.0,0.0,0.0,-0.054030805826187134,-0.21408608555793762,-0.0591763773839773,-0.03307610750198364,-0.334162175655365,-0.06713506522586954,-0.028109610080718994,-0.31723445653915405,-0.05386870297601831,-0.030399739742279053,-0.2778972387313843,-0.040187183199435594,-0.0009317994117736816,-0.2088622748851776,-0.06267481240442407,0.018708527088165283,-0.3588569164276123,-0.0672698313277067,0.026326656341552734,-0.44405774772167206,-0.06166808250358713,0.026726722717285156,-0.4958744943141937,-0.060512519804746034,0.04503154754638672,-0.18562382459640503,-0.06296955737283838,0.06661641597747803,-0.31835734844207764,-0.06914704236200464,0.07583886384963989,-0.380854994058609,-0.07211371454408777,0.06725430488586426,-0.41184282302856445,-0.0769758591335119,0.03215643714332014,-0.12027417108414934,0.01763560663837188,-0.13586137116499492,0.07035683750781474,-0.09222353089636376,0.12434933797737674,-0.06631629310627268,-0.04226077762048669,-0.13716003311798666,0.048657837596069925,0.047675765926668306,0.2262534772609619,0.16979734586244535,0.35462074945782984,0.09473567563141708,0.5788601164386277,0.5190222612252975,a_minor
0.0,0.0,0.0,-0.05463126301765442,-0.21596193313598633,-0.059290933033054216,-0.03226876258850098,-0.33640652894973755,-0.06825600059849535,-0.026977717876434326,-0.3206368088722229,-0.055996565689866884,-0.029286086559295654,-0.28291046619415283,-0.042981012334649904,-0.0006300806999206543,-0.21038582921028137,-0.06268247457367693,0.019652485847473145,-0.36045128107070923,-0.06863965334517275,0.027629494667053223,-0.4463769942522049,-0.06402178349119936,0.028380632400512695,-0.499711275100708,-0.06326848508936678,0.04542058706283569,-0.18711525201797485,-0.06292928250653063,0.06737881898880005,-0.3177042007446289,-0.07032560797554765,0.07636404037475586,-0.38074809312820435,-0.07391750307900224,0.06834596395492554,-0.413570374250412,-0.0789777213535956,0.1731441664042902,0.10558344889567528,0.11515188379528252,-0.07722474498786572,0.07304728581729114,-0.06501581292256106,-0.13747756696003577,-0.19563504034104567,0.11432207985135578,0.09798300781859953,-0.1794802496428913,-0.07455078761546272,0.2252545732474694,0.16703230801577335,0.1670086308874229,0.09625103962846343,0.32790195284550455,0.23600029353808805,a_minor
0.0,0.0,0.0,-0.05265268683433533,-0.21079537272453308,-0.06016767932325706,-0.0301668643951416,-0.3301844000816345,-0.0688273252382885,-0.02398824691772461,-0.3128100633621216,-0.05591580433994636,-0.025281012058258057,-0.27370357513427734,-0.04247354505807266,0.0008102655410766602,-0.20505574345588684,-0.06300752027183876,0.020503759384155273,-0.35389795899391174,-0.06839000595957145,0.028464674949645996,-0.4400658458471298,-0.06316089792400703,0.02905905246734619,-0.49468740820884705,-0.062034694238008115,0.04654192924499512,-0.18205970525741577,-0.06296111060530052,0.06749999523162842,-0.3123089075088501,-0.0703117863670002,0.07662719488143921,-0.3765338659286499,-0.07426945282369957,0.06844621896743774,-0.41154614090919495,-0.07972370250374183,0.1302607147305112,0.17391075142189244,0.03642911668516971,-0.15650245439338417,-0.0849546245851844,-0.09998170660790776,0.10185440578114074,-0.1187289243773273,0.1982563806966115,0.051825946555134395,-0.058297908154025996,0.15184522577265835,0.22840607621124226,0.17080088115956482,0.30017473100009684,0.0936841514159323,0.48651695490318764,0.4227111495368791,a_minor
0.0,0.0,0.0,-0.05331140756607056,-0.21055293083190918,-0.06057582601707168,-0.03110802173614502,-0.33130863308906555,-0.06789769410889335,-0.025743842124938965,-0.31257200241088867,-0.05308481484453864,-0.027649343013763428,-0.272562712430954,-0.038252634851147604,-0.0002275705337524414,-0.20554190874099731,-0.06362199961941428,0.019261598587036133,-0.3556863069534302,-0.06992057889502235,0.026723623275756836,-0.4412791430950165,-0.06417022824089713,0.02717047929763794,-0.49530112743377686,-0.062295811174323035,0.04562103748321533,-0.183130145072937,-0.06307005315821357,0.06746089458465576,-0.3132394552230835,-0.07022080004017539,0.07634973526000977,-0.3767663240432739,-0.07281299859087653,0.06793791055679321,-0.41064712405204773,-0.0769690442065496,0.02686690388321425,0.15517916916621538,0.1680185261647006,0.08414031664486477,0.04899261980276429,0.13156069112402707,0.019120186245527693,-0.15291074644890293,-0.1254558081431737,0.16855526861228237,-0.057409807242540634,-0.07036105133008128,0.23064190591462488,0.17234612885493136,0.292947047507099,0.09509777866828321,0.46022115884337633,0.3673474109051295,a_minor
0.0,0.0,0.0,-0.054419517517089844,-0.20925283432006836,-0.059949897016622344,-0.03240782022476196,-0.32932087779045105,-0.06831204124841861,-0.02642834186553955,-0.31414636969566345,-0.05516537630114726,-0.027813255786895752,-0.276934415102005,-0.04148151704225711,-0.0009295940399169922,-0.2040761411190033,-0.06267786749754123,0.018448829650878906,-0.35421091318130493,-0.06808501460704974,0.02636098861694336,-0.4397444576025009,-0.062531642402746,0.027265191078186035,-0.4930344223976135,-0.06104553469572238,0.04506784677505493,-0.1817302107810974,-0.06234284096512965,0.06703019142150879,-0.3125046193599701,-0.06944195904884509,0.07591396570205688,-0.37556514143943787,-0.07260889538679294,0.0675727128982544,-0.4089682102203369,-0.07731288650188617,0.09819575686264514,0.07378420078176423,0.1560687947180841,0.06848914570549286,-0.10322024354171609,0.12527738081167739,-0.0005475935995174763,0.05484727970462233,-0.08140415669149688,-0.019996106638986377,0.046202467389669655,-0.19237368206597988,0.22386513629633534,0.16677917469728207,0.35671697199991115,0.09463852851717253,0.5570073032385464,0.47758520767182533,a_minor
0.0,0.0,0.0,-0.05389925837516785,-0.20963558554649353,-0.060119384862730385,-0.03151196241378784,-0.3295027017593384,-0.06798106241996038,-0.02652984857559204,-0.31195777654647827,-0.05431439537579763,-0.028634190559387207,-0.273113876581192,-0.04033836904937971,0.00021308660507202148,-0.2044897973537445,-0.06262738812739599,0.019270360469818115,-0.3533843755722046,-0.06839815337235677,0.027318894863128662,-0.4387720078229904,-0.06264854032571066,0.028790593147277832,-0.49296724796295166,-0.060910785533735634,0.0461081862449646,-0.18237602710723877,-0.06188450563723791,0.06689369678497314,-0.3111666142940521,-0.06900685835654485,0.07557499408721924,-0.3737192153930664,-0.07166472632462728,0.06833112239837646,-0.4079885482788086,-0.07598574269587743,-0.05697989813510515,0.1832742875020279,0.004894138118977376,0.1335061182641642,0.050267660703750106,-0.05171630036160205,0.033974887607102044,0.11837625464034679,0.03881043379900334,-0.005285694235332622,0.05763869953134615,-0.1994525504261287,0.22815857426730426,0.16989462684390558,0.36777675511221164,0.09493201349863582,0.5687898763140697,0.4873112169913999,a_minor
0.0,0.0,0.0,-0.05210825800895691,-0.20636269450187683,-0.06264252123108349,-0.030524253845214844,-0.326528936624527,-0.06875299569836102,-0.023582875728607178,-0.3097216486930847,-0.05261527281871281,-0.02446603775024414,-0.27238401770591736,-0.0370343802558466,0.0016906261444091797,-0.20121687650680542,-0.06453541573753796,0.019878864288330078,-0.34967607259750366,-0.07021710929146252,0.02810359001159668,-0.4353747218847275,-0.06369613763561688,0.029378771781921387,-0.4897322952747345,-0.06126838084927044,0.04798626899719238,-0.1797972321510315,-0.06255364325514279,0.06696873903274536,-0.30716800689697266,-0.06888302323093853,0.0763741135597229,-0.3710450530052185,-0.07128715422621212,0.06928861141204834,-0.40571877360343933,-0.07544189599028073,-0.1174312472700164,0.018504670325566297,0.021983463521618646,-0.018791368458703273,0.0016466976469874106,0.07098703781446647,-0.09027474420527622,0.15018957590611176,-0.13658617190454325,-0.029041716505182613,0.1684500175775423,-0.04552315240425081,0.22522616202486076,0.16746112574172886,0.44093950010512156,0.09408483222267064,0.6609575043995354,0.5832956243383851,a_minor
0.0,0.0,0.0,-0.05247014760971069,-0.20787891745567322,-0.06012587738629804,-0.030401885509490967,-0.3304002285003662,-0.06808618945476042,-0.025611937046051025,-0.3147730231285095,-0.0543617915868424,-0.027853071689605713,-0.2767205536365509,-0.040054680085148675,0.0009179115295410156,-0.20246544480323792,-0.0631343845784329,0.019269227981567383,-0.3529292643070221,-0.06939175469275938,0.0263519287109375,-0.43807971477508545,-0.06383238477107511,0.027004003524780273,-0.49142566323280334,-0.06206153077479826,0.04669708013534546,-0.18094247579574585,-0.06257651490565763,0.06756287813186646,-0.3115163743495941,-0.06950550270673261,0.07589340209960938,-0.37649741768836975,-0.0720944528042935,0.06814748048782349,-0.4124114513397217,-0.07628532243367658,-0.06889631294982174,-0.09794037919183261,0.1749901924944416,0.06355719755922096,0.11411994555257876,0.134144172351833,-0.12211557581780266,0.08278122232777957,-0.10736216971315155,0.19686057979817928,0.05033346459195598,0.01904604477015509,0.2226923534050779,0.17011991412780164,0.4011900443465771,0.09021279081620551,0.5735265014762136,0.4896815176496298,a_minor
0.0,0.0,0.0,-0.05342036485671997,-0.20985954999923706,-0.05918729303107284,-0.031174778938293457,-0.331389844417572,-0.0672243982337477,-0.025937378406524658,-0.3155561685562134,-0.054093677528953776,-0.027744650840759277,-0.27688729763031006,-0.040282178648567424,0.00010401010513305664,-0.2042805552482605,-0.06224093584046386,0.019128620624542236,-0.3538402020931244,-0.06709268686995529,0.026803433895111084,-0.43886731564998627,-0.061230286934232936,0.02757817506790161,-0.49116888642311096,-0.05953969431743644,0.04622447490692139,-0.18218129873275757,-0.06205623967275642,0.0685465931892395,-0.3131110370159149,-0.06838823852763198,0.07767617702484131,-0.37588268518447876,-0.07147180286870025,0.06983041763305664,-0.4087347388267517,-0.0762404277704718,-0.08406583387286731,0.004898921788474675,0.07977405867000031,0.11214346820844734,-0.08930993836155135,-0.048953930799989914,-0.1135384555671482,-0.08728674076433265,-0.03377873086498123,0.19595818693360811,0.0452955758701743,-0.07653756222686092,0.22214424654224957,0.16792152160349172,0.3939025468865913,0.09412521017024278,0.5625254440582981,0.4712237569790046,a_minor
0.0,0.0,0.0,-0.05423206090927124,-0.20989015698432922,-0.05874603174001436,-0.030736684799194336,-0.3307691216468811,-0.06807454607755403,-0.025309979915618896,-0.31553247570991516,-0.0563742846933053,-0.02678549289703369,-0.2771618366241455,-0.0434689850297616,-0.0008193850517272949,-0.20376801490783691,-0.062084882774655625,0.019304931163787842,-0.35398685932159424,-0.06776828996211748,0.026844680309295654,-0.43949052691459656,-0.06274697861940126,0.027531087398529053,-0.4918457269668579,-0.061531714418237016,0.0450553297996521,-0.18121910095214844,-0.06255973807841997,0.06848537921905518,-0.3131958246231079,-0.06995349309713106,0.07739949226379395,-0.3772280812263489,-0.07339205525190096,0.06935989856719971,-0.4111109972000122,-0.0781757079747365,0.16642449787677643,-0.07753820637573267,-0.19670523334579562,0.1514731187987381,-0.09217435659654383,0.07473611007617065,-0.03852508807583699,0.1680807876864161,-0.09073169553010758,0.18976013136277797,0.14111567549838827,0.14954969976221194,0.22218399100890993,0.16849590658638938,0.5090228847628672,0.09243791730571771,0.6866685977447518,0.6093516024642383,a_minor
0.0,0.0,0.0,-0.05204874277114868,-0.20839795470237732,-0.060897874720382106,-0.028999388217926025,-0.3271559178829193,-0.069121643044042,-0.024166226387023926,-0.30858856439590454,-0.05552894536404551,-0.0258752703666687,-0.26859989762306213,-0.041555228717612636,0.0013523697853088379,-0.2017236351966858,-0.06334841910748423,0.019933760166168213,-0.35067009925842285,-0.06919120166449488,0.027987003326416016,-0.4372725635766983,-0.06358165208249034,0.029930830001831055,-0.4917010962963104,-0.06210177678613604,0.047303080558776855,-0.17857563495635986,-0.06267262164502085,0.0693158507347107,-0.3075806796550751,-0.07057315025477351,0.07918697595596313,-0.37085986137390137,-0.07409694705157222,0.07246583700180054,-0.4043108820915222,-0.07882051829247416,-0.14968112362352334,-0.02607387418249138,0.0221876406737688,0.11185515168235138,-0.10085979680152501,-0.15689204591903572,-0.05456928675836123,-0.17879409215609054,0.10458238326444957,-0.12524252618770104,-0.043498739306280315,-0.11686425736661926,0.23089094032748755,0.1716890984045105,0.2573243727302493,0.09861943356561105,0.47745476493786254,0.4131843720896172,a_minor
0.0,0.0,0.0,-0.051499754190444946,-0.2092369794845581,-0.05846580763486031,-0.028128743171691895,-0.3271279036998749,-0.06650484253790978,-0.02348726987838745,-0.3063396215438843,-0.05327232827571038,-0.025205552577972412,-0.265129953622818,-0.03970264171388749,0.0007152557373046875,-0.2029496133327484,-0.06207492103007439,0.020350992679595947,-0.35143256187438965,-0.06810337205556038,0.027975022792816162,-0.4370080828666687,-0.06303490598824624,0.029162287712097168,-0.4903066158294678,-0.06193013017204407,0.04582369327545166,-0.17940139770507812,-0.06247440998581055,0.06915390491485596,-0.3095005452632904,-0.07035805930522088,0.07903802394866943,-0.3725626766681671,-0.07384703208830956,0.07163375616073608,-0.40599068999290466,-0.07863484223511819,0.03459892632312128,-0.10701245347007822,0.0006328439344086279,0.00922201776568951,0.15262678448753103,-0.06672416571072129,-0.12528893130222934,0.036940076864652394,-0.19716537946784382,-0.05253453584939902,0.04892451967636799,-0.03641624175362129,0.232711092351636,0.17531490240461384,0.3152584431075207,0.09587517085758313,0.545981269808021,0.47344273461081726,a_minor
0.0,0.0,0.0,-0.05312436819076538,-0.2099141776561737,-0.05801446933239163,-0.02970665693283081,-0.3280009925365448,-0.06622312415331066,-0.02342391014099121,-0.3085078299045563,-0.0535013322898692,-0.02410721778869629,-0.26842793822288513,-0.04033984813779057,-0.0004323720932006836,-0.203731507062912,-0.06160548154204548,0.018731415271759033,-0.3519470691680908,-0.06669755477398098,0.02697896957397461,-0.4379558116197586,-0.06171234149425686,0.028629541397094727,-0.4921400249004364,-0.06086463306039036,0.045048654079437256,-0.17980599403381348,-0.06209997285097302,0.06748449802398682,-0.31004905700683594,-0.06931048083990277,0.07815688848495483,-0.3725636601448059,-0.07309973437278927,0.07122159004211426,-0.4056071937084198,-0.07829427916496456,-0.13934735141810928,-0.02550568368294487,0.0042018728753470125,0.022918441434277875,0.19495304772081246,-0.06059953632407003,0.17709755456513765,0.1466348574239465,-0.09839070755223984,0.10359546533664288,-0.015394919062733547,-0.083473558288856,0.23075859743715574,0.171307526316288,0.2866953104152709,0.09800921408325061,0.48313243442383264,0.391587170395034,a_minor
0.0,0.0,0.0,-0.0524311363697052,-0.21052169799804688,-0.058024312859373595,-0.029257893562316895,-0.3283047676086426,-0.06661988005598118,-0.02379477024078369,-0.30759918689727783,-0.05413410768468907,-0.02477210760116577,-0.26650866866111755,-0.04108140200932553,0.0003161430358886719,-0.20372408628463745,-0.06153958246667912,0.018965959548950195,-0.3513132929801941,-0.0672217305060201,0.027057647705078125,-0.437686488032341,-0.06246802539189389,0.028795957565307617,-0.4929147958755493,-0.061759613012867476,0.045518696308135986,-0.17978453636169434,-0.06205157518942883,0.0673263669013977,-0.3082183301448822,-0.06960008994300892,0.07777118682861328,-0.37025320529937744,-0.07306105599363377,0.07135766744613647,-0.4035801887512207,-0.07790909663398793,-0.12250883977999134,0.09186569610006934,-0.13154488980190832,-0.16717342510948732,-0.009608907900921393,0.1949940453853713,-0.067826846907596,0.09476105170124244,-0.12658123922939335,0.021592642673193163,0.13755227392834007,0.017741308116377363,0.23357410056815803,0.1714229108428155,0.4109440918431814,0.10026453510223257,0.6355005982002974,0.5517697887572376,a_minor
0.0,0.0,0.0,-0.05025887489318848,-0.20766928791999817,-0.05883115109946857,-0.028254598379135132,-0.32496345043182373,-0.06653419834520946,-0.023408085107803345,-0.3024669289588928,-0.05283504676964412,-0.024885594844818115,-0.2603413760662079,-0.03904908475425373,0.0020279288291931152,-0.20127546787261963,-0.0621962505295528,0.02043527364730835,-0.3477904498577118,-0.06850014579441677,0.028084993362426758,-0.43447376787662506,-0.06372007680084835,0.02956843376159668,-0.49009308218955994,-0.06283849430229793,0.04693281650543213,-0.17709070444107056,-0.062206796826387745,0.06857991218566895,-0.3037209212779999,-0.0700625325455917,0.07883495092391968,-0.36587607860565186,-0.07340361130383144,0.07204645872116089,-0.3991314470767975,-0.07798282754566799,-0.17641663921656314,0.12192046675067664,0.01729033769018473,0.12505865887527173,0.18033966271502372,0.060629751633652196,-0.017494102420893887,0.05232275994997593,-0.07476527895802995,0.1741434453442629,-0.14307582463945567,0.023291010006165985,0.23731208082334102,0.17370763698637526,0.23926983889480344,0.10152710227441214,0.38566981023168667,0.29367442284231643,a_minor
0.0,0.0,0.0,-0.05059167742729187,-0.20750239491462708,-0.05632716691974338,-0.027692705392837524,-0.32548245787620544,-0.0654153031754845,-0.02256643772125244,-0.304703950881958,-0.05375765538695987,-0.02433493733406067,-0.26371198892593384,-0.0412240502882355,0.0012153387069702148,-0.20052939653396606,-0.06050460315231021,0.020209431648254395,-0.3473108410835266,-0.06655285037044223,0.02833843231201172,-0.43310171365737915,-0.06244331500414546,0.029847323894500732,-0.487754225730896,-0.0621520941603535,0.04578852653503418,-0.17667698860168457,-0.06172860688451465,0.06796300411224365,-0.3046531081199646,-0.06953626400712665,0.07856464385986328,-0.36585596203804016,-0.07326840138915713,0.07213318347930908,-0.3983825445175171,-0.07824149257425006,0.15831029775735783,-0.048137721593754124,-0.07001529602171327,0.0021667110047005056,0.0658160346095738,-0.10855057363892091,0.09263261691821773,0.15144311929874793,-0.14521075597625763,0.09381421538721846,-0.12162048510786283,-0.08807280443818688,0.23144896699861095,0.1697425930932099,0.19064108558083595,0.10017115385705133,0.37258228950281974,0.27778401567806377,a_minor
0.0,0.0,0.0,-0.05127662420272827,-0.20831117033958435,-0.058646724429536334,-0.029246866703033447,-0.3265422582626343,-0.06419522767941999,-0.024004757404327393,-0.303041011095047,-0.04860039880554723,-0.025065571069717407,-0.26162558794021606,-0.03377670129816579,0.000824272632598877,-0.20283299684524536,-0.06140516405980634,0.0176427960395813,-0.34929442405700684,-0.06701367801110791,0.02501446008682251,-0.434351846575737,-0.06139960965197133,0.02666318416595459,-0.4890068769454956,-0.05987942298929738,0.045944809913635254,-0.17986473441123962,-0.06035322031061696,0.06714653968811035,-0.30678409337997437,-0.06731756484191465,0.07705044746398926,-0.3663620352745056,-0.06958093201797055,0.0704393982887268,-0.39714640378952026,-0.07340192502419995,-0.04150194826497974,-0.0968706725541257,0.17690752175739838,-0.18229563574980823,-0.16555490637506232,-0.016910207738214778,0.09130327391942161,0.11792616374377446,0.06280303623310035,-0.031322339950964284,-0.014994633469806867,0.18972168561942293,0.2346475373568178,0.17046186980071715,0.332892631060801,0.10265262545422991,0.538841944720965,0.4750046961938284,a_minor
0.0,0.0,0.0,-0.05070298910140991,-0.20886796712875366,-0.058718780723467034,-0.02917531132698059,-0.32588493824005127,-0.0647686186405565,-0.02461877465248108,-0.30180108547210693,-0.049372772422685784,-0.026684314012527466,-0.2599271535873413,-0.03482130050386445,0.0008994340896606445,-0.20335286855697632,-0.062134469595804376,0.01821458339691162,-0.35020434856414795,-0.06902427851881043,0.025787651538848877,-0.43521690368652344,-0.06404986858095185,0.027092456817626953,-0.4896852970123291,-0.06285873681034104,0.04561412334442139,-0.1801084280014038,-0.061707543877020044,0.06720423698425293,-0.3068199157714844,-0.06955414890970246,0.07678741216659546,-0.3623886704444885,-0.07146221279825227,0.06920534372329712,-0.38870835304260254,-0.07477298259462373,-0.1919639943389474,0.14995164485532286,-0.18837580692806274,-0.16562928901865692,0.01107095260767238,-0.07433530336009353,-0.1338674671332624,0.18950140474841326,0.013590622775587535,0.0637292532167385,0.09346240213339774,0.1938490339404001,0.23762753078222215,0.16545561548557502,0.4305216755129457,0.11005356745514142,0.6382024548943385,0.5519750107401358,a_minor
0.0,0.0,0.0,-0.050654083490371704,-0.20935460925102234,-0.059771879807271944,-0.028727710247039795,-0.32702481746673584,-0.06542417337016104,-0.023573696613311768,-0.30136874318122864,-0.0498472333403015,-0.02539759874343872,-0.2594497799873352,-0.035281400427379594,0.001089632511138916,-0.2040853500366211,-0.06283842702225684,0.01709192991256714,-0.351823627948761,-0.0702085115464115,0.023525893688201904,-0.4373386949300766,-0.06553216953591345,0.02388942241668701,-0.4934774935245514,-0.0644547410757923,0.045807600021362305,-0.1810331642627716,-0.06166743417099951,0.06620031595230103,-0.3079732060432434,-0.06963752140120505,0.07440036535263062,-0.3631215989589691,-0.07121141184882163,0.06633728742599487,-0.38960447907447815,-0.07417977531270026,0.14017945445961544,0.0937687404259212,0.07185334839377233,-0.06865419407997725,0.08305580309403215,-0.06931028610085802,-0.15510527645901298,0.0919295715071779,-0.060131287046500476,0.09340880703510146,-0.07913915270081998,-0.1578243731582774,0.24093415067790686,0.16391649887580753,0.24828142204401302,0.11263214756765752,0.43038017346237534,0.32267321674256866,a_minor
0.0,0.0,0.0,-0.051672011613845825,-0.2087109386920929,-0.05919573394635336,-0.029604285955429077,-0.32694733142852783,-0.06431910334208624,-0.024813562631607056,-0.3011420965194702,-0.04790986267903463,-0.026469528675079346,-0.2580556869506836,-0.03243919400551931,0.00039571523666381836,-0.20432263612747192,-0.062403596323520105,0.016751646995544434,-0.3534903824329376,-0.07101206420043127,0.02340608835220337,-0.44005322456359863,-0.06589329926350729,0.024245917797088623,-0.49554240703582764,-0.0637265288648905,0.04600042104721069,-0.18206259608268738,-0.06118563501217977,0.06746470928192139,-0.3092959225177765,-0.06996150998452322,0.0755457878112793,-0.3626653850078583,-0.07020492790320532,0.06711196899414062,-0.3857380151748657,-0.07131043760159628,-0.08931936127974041,-0.1286422079138469,-0.017416578174360264,0.10247015425602585,0.1566438531373684,0.18200301455875129,-0.07765766326638279,-0.026061276394326344,0.1597687392767716,-0.1831367397941581,-0.13781675223322074,0.13170652530704946,0.24484872074461267,0.16300689318390052,0.2567992087808311,0.11811866274603114,0.45735029182950626,0.40657749088881134,a_minor
0.0,0.0,0.0,-0.05349054932594299,-0.21002718806266785,-0.056602307580988054,-0.030270934104919434,-0.3282313644886017,-0.06549865099100316,-0.023502618074417114,-0.3053467273712158,-0.053805706076900606,-0.024635761976242065,-0.26359376311302185,-0.04156121330765927,-0.001599729061126709,-0.2039029896259308,-0.06126849817542279,0.015358209609985352,-0.35234224796295166,-0.06785217764286244,0.022680997848510742,-0.4379727393388748,-0.06423467489389623,0.02316957712173462,-0.49330461025238037,-0.06415639909414494,0.0436897873878479,-0.180158793926239,-0.06279307695535863,0.06488043069839478,-0.3068934679031372,-0.07136062624363149,0.07376211881637573,-0.3616318702697754,-0.0748933637371465,0.06561285257339478,-0.38768285512924194,-0.07942964973358357,-0.038336537597989245,-0.18095540898207618,0.14506242845015133,0.019463056418495495,-0.13371044899802353,-0.1868149351871387,0.011834823381401988,-0.06904436976329881,0.05664086112030858,0.1832397943643631,0.006340747502212751,0.12245311816868526,0.23571798013830017,0.1580409240130009,0.3781237732206672,0.11485059412755699,0.5568582134681002,0.4580909831481599,a_minor
0.0,0.0,0.0,-0.05282208323478699,-0.2098393440246582,-0.060534763176519846,-0.030246764421463013,-0.32721996307373047,-0.06613812505133865,-0.025257855653762817,-0.3019704222679138,-0.04974006025918243,-0.02700290083885193,-0.2598207890987396,-0.03453331350215194,-0.00038993358612060547,-0.20492485165596008,-0.0641439250005078,0.015220880508422852,-0.35329318046569824,-0.0736492118132901,0.021184265613555908,-0.43909867107868195,-0.06920158772595641,0.021241188049316406,-0.49423080682754517,-0.06749017446168182,0.04537445306777954,-0.18167054653167725,-0.06332275926001785,0.0641322135925293,-0.3074553608894348,-0.0736467605722737,0.07163834571838379,-0.36187314987182617,-0.07511035262473342,0.06309366226196289,-0.3864724040031433,-0.07702626942523239,0.12085613848529453,-0.11731176597255244,-0.11781323690813134,0.015452524980489907,-0.15920486982557516,0.09520665408860729,0.08624944490441205,0.10902118100538555,0.024957444218829228,-0.08240936129635888,-0.039227004552233324,0.075643519418225,0.24158166985219345,0.16113247203327247,0.2527259942177385,0.11599327602986369,0.4881179681064386,0.4062739983434104,a_minor
0.0,0.0,0.0,-0.05202889442443848,-0.21207046508789062,-0.05976139666807967,-0.030411064624786377,-0.32825571298599243,-0.06537745060694533,-0.025921612977981567,-0.30208393931388855,-0.04919235321057158,-0.02812132239341736,-0.2596730589866638,-0.034228804580095584,0.0003185272216796875,-0.20710498094558716,-0.06354644807350951,0.015579283237457275,-0.3542240858078003,-0.07340840163004714,0.021769940853118896,-0.43989168107509613,-0.06940442236435729,0.02279585599899292,-0.49670156836509705,-0.0681674546219142,0.045134663581848145,-0.18324226140975952,-0.06263536872637587,0.06384676694869995,-0.30679214000701904,-0.0723064756609233,0.07190972566604614,-0.36158257722854614,-0.07321504416239577,0.06539380550384521,-0.3886631727218628,-0.07509170385372954,-0.08154695503944419,-0.0027026638155827065,0.10286860878317533,0.019164277304430127,-0.1957818700084126,0.11168722331524045,-0.04647513774549811,0.1564585102772933,0.018036689125241034,0.1855073226219734,-0.11903596274777609,0.08420364029103306,0.2447997248369932,0.1644788896001797,0.28185498897087297,0.11633926879006184,0.4385467838234246,0.3354118304697905,a_minor
0.0,0.0,0.0,-0.05245593190193176,-0.20969688892364502,-0.06362979464785212,-0.030222922563552856,-0.328125923871994,-0.06812535577074641,-0.025098711252212524,-0.30103760957717896,-0.05055955775634402,-0.02724096179008484,-0.25946691632270813,-0.034957676907936275,-8.827447891235352e-05,-0.20511046051979065,-0.06661465369717234,0.014519035816192627,-0.35442447662353516,-0.07422691189304942,0.020569682121276855,-0.43970996141433716,-0.06826188766018504,0.020573198795318604,-0.49568429589271545,-0.065991554191271,0.04541712999343872,-0.18241721391677856,-0.06496151142374629,0.06336349248886108,-0.3072844445705414,-0.073705237140814,0.07139205932617188,-0.3615296483039856,-0.07526703529612178,0.06353145837783813,-0.38675278425216675,-0.07796348237053508,-0.1629900080845202,-0.04947487335533621,-0.012023582831151763,0.07701502724051273,-0.03331808342254869,0.1332242458081198,0.15698752357878515,0.038183014922470726,-0.09068876645543296,-0.15709970700904946,0.02193839150838736,0.15669869923561341,0.24299783106572112,0.1621444533161231,0.36439594879997694,0.11770647118567265,0.5908399588218773,0.5203584608331812,a_minor
0.0,0.0,0.0,-0.054328322410583496,-0.2123141586780548,-0.05649752061984259,-0.03176608681678772,-0.3309693932533264,-0.06423652436754423,-0.025701195001602173,-0.30571797490119934,-0.051530188733551086,-0.026810884475708008,-0.26374784111976624,-0.038706022167417586,-0.0020887255668640137,-0.20722666382789612,-0.06068477299234587,0.013521194458007812,-0.3548213243484497,-0.06863249357959944,0.01959693431854248,-0.4402761459350586,-0.06549664106390196,0.019548892974853516,-0.49672454595565796,-0.06520984586498457,0.04333585500717163,-0.18406331539154053,-0.06118550788781363,0.06177055835723877,-0.30835846066474915,-0.07047731694004256,0.07014685869216919,-0.36307191848754883,-0.0736776914837094,0.06324410438537598,-0.3903369605541229,-0.07739848908207136,-0.10239058376406224,0.03443230753344931,-0.14283397731026137,0.0809802518101625,-0.14899415461971982,-0.028426409590317447,-0.1308554256464045,-0.1951286969370301,0.10502370324358895,-0.15665132129430331,-0.01026191975769511,0.019989823155641295,0.23901846504412064,0.1600993853013726,0.2907900507586362,0.1156553191654089,0.5243580702126552,0.4497727406499463,a_minor
0.0,0.0,0.0,-0.05320322513580322,-0.20852017402648926,-0.05840139116068599,-0.03284430503845215,-0.3252744674682617,-0.06607499371190784,-0.02585923671722412,-0.30111634731292725,-0.05351123611350772,-0.02561590075492859,-0.2610902786254883,-0.04109864707012889,-0.001209259033203125,-0.20401933789253235,-0.06105709100981471,0.011870622634887695,-0.35060951113700867,-0.06701922814269778,0.018064498901367188,-0.4349202513694763,-0.06306703786273715,0.018520236015319824,-0.4904126822948456,-0.0627259055795264,0.043304443359375,-0.18108922243118286,-0.060671765607793304,0.05936551094055176,-0.3060150146484375,-0.07015747229476688,0.06776535511016846,-0.3627158999443054,-0.07489463339467761,0.06082773208618164,-0.3917360305786133,-0.0800247753681731,0.14294698195175076,0.1896003749044241,0.16135333351976416,0.09484449360739855,-0.04635211144931736,0.012157407544057891,-0.09620324994655133,0.09034579266317555,0.11212147750601281,0.016206562784500056,0.0070124930749244085,-0.17872585046383818,0.2345303854606606,0.1614188886916334,0.30425229952117677,0.10874859407678406,0.5107770016246119,0.41319890620712607,a_minor
0.0,0.0,0.0,-0.05307120084762573,-0.2080601453781128,-0.058279757425651724,-0.03319734334945679,-0.32646456360816956,-0.0660971487318136,-0.02697053551673889,-0.3017166256904602,-0.053889387324915106,-0.027158111333847046,-0.2614668011665344,-0.04174623362766283,-0.0010883808135986328,-0.2034386396408081,-0.06101312957750338,0.010968983173370361,-0.3502930700778961,-0.06694868303881663,0.016946732997894287,-0.43434226512908936,-0.06315989889250773,0.017647922039031982,-0.49012836813926697,-0.06300092585431116,0.04352283477783203,-0.18069332838058472,-0.06058295540557879,0.05946660041809082,-0.30634164810180664,-0.06975663550244349,0.06790637969970703,-0.3630307912826538,-0.07445495672570246,0.061517179012298584,-0.39274418354034424,-0.07966543085919398,-0.021555330858000266,0.1513364149233551,0.0005012630123755746,-0.10951376892613035,0.023520020538013442,-0.011338853430506612,0.15377053011363573,-0.0821228014066962,0.12627850418922315,-0.17326987473829722,0.07065569907590075,0.12983779018143154,0.23397746639086112,0.16289543811775842,0.4013665155427944,0.10810132674690595,0.622988880776382,0.5601392786120537,a_minor
0.0,0.0,0.0,-0.05545666813850403,-0.20904597640037537,-0.06026426542942431,-0.03461393713951111,-0.3284766674041748,-0.06974578489010241,-0.025900840759277344,-0.30945727229118347,-0.05807071019356158,-0.023954451084136963,-0.27198731899261475,-0.04575699407999423,-0.003479301929473877,-0.2030186653137207,-0.06333825577442553,0.00988614559173584,-0.34971725940704346,-0.07103998054211047,0.016441702842712402,-0.4344005584716797,-0.06790887404625323,0.017662644386291504,-0.48934152722358704,-0.06766418952886966,0.04215991497039795,-0.18000531196594238,-0.06306790400688556,0.05918389558792114,-0.3054695725440979,-0.07305039305632022,0.06824487447738647,-0.3618587851524353,-0.07780168045704272,0.062082529067993164,-0.3903391361236572,-0.08267719883863833,-0.08780545371490184,-0.1791779586706238,-0.07408054778493237,0.07321981007511591,-0.044479920724547206,0.18603928199117575,0.10949772671969432,-0.174629049834022,-0.19402426683676022,0.18743567789985377,0.11649693092810448,0.1086945112769469,0.22238426132157565,0.1509059842794114,0.46846671874889606,0.10954446607279775,0.6534259802257113,0.556074942988015,a_minor
0.0,0.0,0.0,-0.05436474084854126,-0.20700883865356445,-0.06088673841321679,-0.033947527408599854,-0.3265533745288849,-0.07196230586731645,-0.025535166263580322,-0.30657094717025757,-0.0620202213164589,-0.023695647716522217,-0.2681199610233307,-0.050801900738122185,-0.0024106502532958984,-0.20136290788650513,-0.06331817206108781,0.009913444519042969,-0.34919998049736023,-0.07057501521074983,0.016198277473449707,-0.4335353970527649,-0.06752794381344529,0.01734858751296997,-0.48804938793182373,-0.06760215159619065,0.042422711849212646,-0.1786932349205017,-0.06306222971642228,0.05843907594680786,-0.3044564723968506,-0.07309620972836228,0.067280113697052,-0.3627157211303711,-0.07812911417448731,0.06135523319244385,-0.3936435878276825,-0.08346355106795045,-0.05103725675082452,-0.06105926991115554,0.08222452515264622,0.0077296585683862,-0.15392072806322343,-0.10532729580910521,0.14052374346947322,-0.07897478817182409,-0.19824140612157312,0.061152840674354114,-0.11801752552120709,0.04901810999227005,0.2243564808396809,0.15510195560268505,0.19923363588536316,0.10535949862477788,0.3904390825814664,0.3058122916146105,a_minor
0.0,0.0,0.0,-0.05611881613731384,-0.20549076795578003,-0.06314337207572862,-0.03458291292190552,-0.3271714746952057,-0.07246366842286989,-0.02566748857498169,-0.3064405918121338,-0.05961878179209634,-0.023839354515075684,-0.267066091299057,-0.045975043909720625,-0.0035040974617004395,-0.20023608207702637,-0.06463318272130891,0.009989380836486816,-0.3484853506088257,-0.07132074190872117,0.016205668449401855,-0.43339449167251587,-0.06657076581018373,0.01658487319946289,-0.4889887571334839,-0.06515580369728013,0.0426446795463562,-0.17869925498962402,-0.06288631214397356,0.05854672193527222,-0.30276960134506226,-0.07109484030502244,0.06757009029388428,-0.3604486584663391,-0.07439606590764924,0.06155359745025635,-0.39032435417175293,-0.07849124027984544,0.15752730262946496,-0.1656087481696969,0.00537800577824904,-0.16696889556859384,0.061149221220887895,0.1625548964325894,0.08415815615263994,0.19519489520625805,0.14359386776040511,0.17505738461177323,-0.08381703096318112,0.17407284458348216,0.2263883595580913,0.15343356424892382,0.3486562837230849,0.1092459813511982,0.4964957308168806,0.413059881667708,a_minor
0.0,0.0,0.0,-0.05648401379585266,-0.2071889042854309,-0.06019212835948906,-0.034003257751464844,-0.3282579481601715,-0.0712616794697567,-0.025226175785064697,-0.30856090784072876,-0.061107838242463686,-0.0236089825630188,-0.26899412274360657,-0.049183966308049776,-0.003981232643127441,-0.20172208547592163,-0.06195480534356079,0.010435700416564941,-0.34987854957580566,-0.06847663009088478,0.016539275646209717,-0.4347355365753174,-0.06507156574647865,0.016559183597564697,-0.48894524574279785,-0.0647890546314045,0.04191070795059204,-0.17973804473876953,-0.06118048885386429,0.05927556753158569,-0.3065003454685211,-0.07041263365667305,0.06839257478713989,-0.3636493682861328,-0.07517711603563271,0.06206333637237549,-0.3919789791107178,-0.08014881396215401,-0.14962901419888777,0.020093644997608184,-0.010047221725230593,0.147340888121191,0.15905575363836083,-0.02987951365077804,0.01507376000148919,-0.06971848403159436,0.016963557037404542,0.037204140824903476,0.01150809512981335,-0.18536784016530072,0.22413276615187105,0.15304849858018463,0.31768817684463774,0.10820816508478237,0.5151883191322431,0.4177210099547182,a_minor
0.0,0.0,0.0,-0.055794477462768555,-0.20800352096557617,-0.05920560613290604,-0.03196856379508972,-0.32853594422340393,-0.06967599645273026,-0.02213340997695923,-0.3114495575428009,-0.05844377681628998,-0.02023458480834961,-0.2737340033054352,-0.04571406126038369,-0.00425797700881958,-0.20160049200057983,-0.061541158259075246,0.011475682258605957,-0.35036033391952515,-0.06844131603853043,0.018321454524993896,-0.43550682067871094,-0.06442233875409897,0.018703997135162354,-0.4889577627182007,-0.06339150622503098,0.04134643077850342,-0.1787121295928955,-0.06125173300520714,0.06148630380630493,-0.30690786242485046,-0.07084739908592042,0.0715290904045105,-0.3638875484466553,-0.07475310519353684,0.06495749950408936,-0.3913251459598541,-0.07875256940738495,0.07698473819133372,0.07676022076818123,0.14036901789119827,-0.03525521762054168,0.01788977815666737,-0.1300957522935801,-0.11591581789229624,-0.051102913399209804,0.12043421430989637,-0.1077461798248606,0.10451259114496264,0.05406505980795939,0.2194310184090064,0.1489191427615976,0.40085488456151885,0.10912138469872337,0.6180556229595777,0.5415922313155598,a_minor
0.0,0.0,0.0,-0.05632007122039795,-0.20925962924957275,-0.0592552781782274,-0.03233325481414795,-0.3297927677631378,-0.07017010308123872,-0.024122178554534912,-0.30912768840789795,-0.05951773233033464,-0.023217856884002686,-0.2683942914009094,-0.047295665808690046,-0.0042539238929748535,-0.20250892639160156,-0.062418928810132,0.011536657810211182,-0.35141074657440186,-0.06944157040931032,0.017932236194610596,-0.43703317642211914,-0.06582616127349183,0.01796424388885498,-0.49091091752052307,-0.06533420688725755,0.04128485918045044,-0.17909520864486694,-0.0628791064701204,0.06075173616409302,-0.3074911832809448,-0.0726244137368326,0.07056355476379395,-0.36369991302490234,-0.07669088102198884,0.06414288282394409,-0.3904615342617035,-0.08100984848357484,0.05436679808031214,0.014743844304216353,-0.12584196803077785,-0.11955044818353887,-0.19563975579580123,-0.02323236246149843,0.09886918674852235,-0.08553513002944131,0.046575466308722474,-0.0682806858340419,-0.10316874634714548,-0.17086851256969574,0.22701322271613364,0.15384718630963393,0.21118803883722406,0.11166141245045552,0.4109983806355283,0.3288582172231338,a_minor
0.0,0.0,0.0,-0.05495569109916687,-0.20779764652252197,-0.05840196381302576,-0.031167596578598022,-0.3272114098072052,-0.06874410356374483,-0.022579938173294067,-0.306010365486145,-0.05762625779004793,-0.021535634994506836,-0.26521533727645874,-0.04501309539170961,-0.0030485987663269043,-0.20136499404907227,-0.06097831497879724,0.013058781623840332,-0.34923797845840454,-0.06771719749065142,0.019657254219055176,-0.434879869222641,-0.06376693691106539,0.01989370584487915,-0.48962488770484924,-0.06291948552222948,0.04246985912322998,-0.17825967073440552,-0.060901994956452654,0.062210142612457275,-0.30505672097206116,-0.07016191179843645,0.07173430919647217,-0.36151745915412903,-0.07364145214648943,0.06502199172973633,-0.3891598582267761,-0.0774157523641179,-0.00503130367799387,-0.12026255909499742,-0.111627490969863,-0.03901794970130887,0.17686737556523857,-0.147145002907459,0.053053740909829894,-0.08712970954706996,0.08973325096034823,0.05470383503037096,-0.027509738845455545,0.1960421115635797,0.2289032009679304,0.15461047570138525,0.3470216435834701,0.1110852199317566,0.5308702898679518,0.45351568501000633,a_minor
0.0,0.0,0.0,-0.0550021231174469,-0.20802181959152222,-0.05735588630122379,-0.031622886657714844,-0.3279784023761749,-0.06695028950852588,-0.02399277687072754,-0.3032039701938629,-0.05494458039683536,-0.023959308862686157,-0.26001444458961487,-0.04186016877574161,-0.003680288791656494,-0.20216906070709229,-0.06101044078749851,0.012763738632202148,-0.3499758839607239,-0.06819005866927341,0.019068896770477295,-0.43579933047294617,-0.06425252368134693,0.01888352632522583,-0.491376131772995,-0.06336594929379658,0.041519343852996826,-0.17886650562286377,-0.06165998240393833,0.061087846755981445,-0.30451565980911255,-0.07078574409169391,0.07083827257156372,-0.35941123962402344,-0.07364276607913212,0.06427597999572754,-0.3854118585586548,-0.07694462498110965,-0.0058524722561260345,0.18563133380079833,-0.19569861329919394,0.09565547834275945,0.02230383843529188,-0.028795372754811727,0.19011607637895728,0.017042096866923956,-0.07538963076785295,-0.031100667673610832,-0.15111969232661293,0.08295130920878313,0.23627576561926444,0.15729239236936052,0.16579195129067165,0.11607446955077248,0.3737400224355876,0.2992594757878226,a_minor
0.0,0.0,0.0,-0.053953707218170166,-0.20649674534797668,-0.05789494813262763,-0.030950963497161865,-0.3253266513347626,-0.06690388471662345,-0.022721946239471436,-0.3023519515991211,-0.0544046454209024,-0.022028058767318726,-0.2607065737247467,-0.04107490853249374,-0.0024933218955993652,-0.20074239373207092,-0.06063903421937766,0.013026654720306396,-0.348566472530365,-0.06726035029470268,0.01957625150680542,-0.4340735673904419,-0.06261418313562217,0.019549667835235596,-0.48905664682388306,-0.061176817126863625,0.04282861948013306,-0.17772066593170166,-0.060494094349735406,0.06223970651626587,-0.3048468828201294,-0.06973533631145301,0.07168060541152954,-0.3603033721446991,-0.07276154608308616,0.06423008441925049,-0.3870812654495239,-0.07606839687406364,0.06295167114829325,0.06888017897072457,-0.08331344106251444,0.1267424414833938,0.03519922001328166,0.17893143664751865,0.09080759570531799,0.07534876088266035,0.17775536149504728,-0.16245749733869141,-0.1733084014079371,-0.19960609428998502,0.23297328165039455,0.15695723685398752,0.22910915433361864,0.11232576365168555,0.3898541104487701,0.33518302434138,a_minor
0.0,0.0,0.0,-0.05366078019142151,-0.20784705877304077,-0.06031222218604171,-0.03029114007949829,-0.32788798213005066,-0.06857456961603248,-0.023495852947235107,-0.3037233352661133,-0.05465621450872504,-0.023839205503463745,-0.2611333727836609,-0.04058110663623893,-0.0026477575302124023,-0.20179483294487,-0.06423625299663627,0.013128399848937988,-0.35146546363830566,-0.07194473544092261,0.019306957721710205,-0.4369960129261017,-0.06691999683113181,0.019201159477233887,-0.49150073528289795,-0.06520479867191398,0.04246026277542114,-0.17820054292678833,-0.06457034448118293,0.06300079822540283,-0.30628231167793274,-0.0739804799291619,0.07228386402130127,-0.3610077500343323,-0.07598309913606727,0.06505495309829712,-0.3862755000591278,-0.07868412086696708,-0.08737457208461259,0.053986058448023955,0.06693764242205924,-0.10057234510876084,0.004324797458958335,-0.028133441740199355,-0.16906327838045987,-0.12226690116651447,-0.08637868970523975,-0.03525682489882659,0.10678107545550891,-0.0985961868456347,0.23564363121458284,0.15815992901494122,0.37263541536935635,0.11557081225023413,0.6016824593811078,0.5035511193858114,a_minor
0.0,0.0,0.0,-0.05465051531791687,-0.20797398686408997,-0.06110118103939044,-0.03167542815208435,-0.327590674161911,-0.06782692072707164,-0.02434760332107544,-0.304570734500885,-0.05203944219070422,-0.023898988962173462,-0.26323679089546204,-0.036807993033704633,-0.0033109188079833984,-0.20227286219596863,-0.06491513697224605,0.012035191059112549,-0.35154664516448975,-0.07301829157191264,0.01784193515777588,-0.4372348189353943,-0.06730745879727351,0.017574667930603027,-0.49150940775871277,-0.06482335326987254,0.04229533672332764,-0.17929202318191528,-0.06467197237330424,0.06240803003311157,-0.3082924783229828,-0.0741284057291125,0.07099968194961548,-0.3622855842113495,-0.07521014062481868,0.06308698654174805,-0.3864977955818176,-0.07700568584519374,-0.14057342080598514,-0.008087430184076233,0.07839615214011164,0.00419150442529434,-0.08746327766350902,-0.0749694630162479,0.028456636306414984,-0.0006043229860356603,0.16301446929137564,-0.13170760048958785,0.09905657379995653,0.17434841853662242,0.23369491272772386,0.1561271588098158,0.4329736816124669,0.11509656408567868,0.6544131039856174,0.5804195573479808,a_minor
0.0,0.0,0.0,-0.0564132034778595,-0.20831537246704102,-0.05682740285024579,-0.03282842040061951,-0.32786810398101807,-0.06461030541882451,-0.025417745113372803,-0.30394214391708374,-0.051004997631167726,-0.024501830339431763,-0.26164719462394714,-0.03723877965435918,-0.00440603494644165,-0.20333003997802734,-0.06124973594174321,0.011096417903900146,-0.35218408703804016,-0.06912327854857381,0.017297208309173584,-0.4379783272743225,-0.06438171415553029,0.01796591281890869,-0.49336567521095276,-0.06269203423485692,0.04103630781173706,-0.18051350116729736,-0.06206685974225934,0.061205267906188965,-0.3080998957157135,-0.07131478487477239,0.0701819658279419,-0.36340397596359253,-0.07271787076220448,0.06379550695419312,-0.3905071020126343,-0.0749383374951833,-0.163567445539597,-0.07537457841023745,-0.12652189536133102,-0.14501131880640702,-0.12320253566426481,-0.10579530520857579,-0.020439769435924904,-0.19110351564708386,-0.03499380175932254,-0.14408803159425898,-0.007525769492368661,0.16395058644582716,0.23694900637743324,0.1606939705364169,0.345478970811914,0.1132705156805716,0.5600614005602574,0.49694887527804904,a_minor
0.0,0.0,0.0,-0.05232292413711548,-0.20646390318870544,-0.060838580641359385,-0.031100720167160034,-0.3253861367702484,-0.06959191388210684,-0.025106042623519897,-0.3021446168422699,-0.056829683992475566,-0.02548965811729431,-0.260649174451828,-0.04390536672195822,-0.0008049607276916504,-0.20072859525680542,-0.06309178895077139,0.012806713581085205,-0.348235547542572,-0.07093229568323522,0.018827378749847412,-0.4335736036300659,-0.06698286956867605,0.019517898559570312,-0.48932820558547974,-0.06626289016327291,0.043932318687438965,-0.17782938480377197,-0.06218904680332571,0.060569584369659424,-0.3025623559951782,-0.07241356796345144,0.06872278451919556,-0.3585105836391449,-0.07607027566751867,0.06153839826583862,-0.38585221767425537,-0.08006152189096838,-0.14615700224163436,-0.10185024177695433,0.13092177300741387,-0.19542952039877354,0.07835513611461997,-0.18163026758954867,0.017714013553109614,0.1468712146035117,-0.11038568242444656,0.15665514341703757,-0.07308848554925645,0.1701113124531563,0.23413593977148356,0.1567065799084018,0.3378740589520484,0.11253179420645931,0.49793060974947423,0.4116488726872564,a_minor
0.0,0.0,0.0,-0.05508670210838318,-0.20823559165000916,-0.0623538157551593,-0.03335893154144287,-0.32965511083602905,-0.06912249686411087,-0.02627032995223999,-0.30746549367904663,-0.05294733109167282,-0.02597951889038086,-0.266534686088562,-0.03714942919305031,-0.0034644007682800293,-0.2026929259300232,-0.06517868848732178,0.010783135890960693,-0.3523763418197632,-0.07440038385084335,0.01709270477294922,-0.4378371238708496,-0.0691909676997966,0.017651259899139404,-0.4924441874027252,-0.06654482694557373,0.04258310794830322,-0.18108171224594116,-0.06373085441282456,0.06084400415420532,-0.30670931935310364,-0.07349697860172455,0.06919276714324951,-0.361208438873291,-0.07486454012087052,0.061875760555267334,-0.38635194301605225,-0.07647987814834778,-0.01013698932524093,-0.0717293421812264,0.07248588061755007,0.19021965901823418,0.003912526208885936,0.06048665364352751,-0.0646034262663999,0.021764399285473857,0.021658552877528076,0.03175748986494381,0.06029464939428747,0.15454659706740598,0.23195438571155108,0.15369323146816324,0.3832731965533501,0.11536930276155415,0.5954835221898671,0.503759387993672,a_minor
0.0,0.0,0.0,-0.05483466386795044,-0.20955538749694824,-0.05970859353880087,-0.035797446966171265,-0.32960277795791626,-0.06756608759502569,-0.029303699731826782,-0.3073040544986725,-0.05367139925698439,-0.02868807315826416,-0.2675365209579468,-0.040077688298026715,-0.0032414793968200684,-0.204842209815979,-0.06360088860134283,0.009927093982696533,-0.35278207063674927,-0.07238472079376379,0.015453994274139404,-0.4377404749393463,-0.06865005766491095,0.01643526554107666,-0.4927893280982971,-0.0677307826791207,0.04151874780654907,-0.1819624900817871,-0.0635399130497376,0.058916687965393066,-0.30727800726890564,-0.07356651698688665,0.06716054677963257,-0.3638380765914917,-0.07684541319946447,0.061163902282714844,-0.39268988370895386,-0.08056784992555777,0.110623720517949,-0.1043808519034981,0.1396185643858977,0.16313122373803485,0.1233909590640706,-0.16625785253106515,0.12125191874390212,-0.062031319644524574,0.027317111747814954,0.1383442905010241,0.10618340663154008,-0.1664525310750475,0.23138633591643432,0.159299073717191,0.42841217965181233,0.11038722755513972,0.6191737485736728,0.5120620573688596,a_minor
0.0,0.0,0.0,-0.055465102195739746,-0.2068098783493042,-0.060414106366522446,-0.03618612885475159,-0.32786840200424194,-0.06887545135367645,-0.027703553438186646,-0.3054938316345215,-0.055788346347696915,-0.025776922702789307,-0.2649683356285095,-0.04223250296462311,-0.003318488597869873,-0.20206832885742188,-0.0629319220458342,0.00919872522354126,-0.3509937524795532,-0.07101167437184586,0.015281081199645996,-0.4360901713371277,-0.06681108918536438,0.016105949878692627,-0.49129539728164673,-0.06526570465911163,0.04226565361022949,-0.18033814430236816,-0.06184168603766693,0.058260560035705566,-0.30634427070617676,-0.0719045594011618,0.06619226932525635,-0.36182355880737305,-0.07497358765948547,0.05952632427215576,-0.3889102637767792,-0.0780320509945227,0.008374363112768013,-0.0845853456542423,-0.04043408542908292,0.13696371659727075,0.09681388114885747,0.024166489450261924,0.06209745874125627,0.11680513438664492,0.022147848258744357,0.15645048964322633,0.018881163625710823,0.17390916973182635,0.2313193511847174,0.15466044464155793,0.4006177613551545,0.11194205677060666,0.5806731728613769,0.48904245295978327,a_minor
0.0,0.0,0.0,-0.056237101554870605,-0.20420414209365845,-0.06334894561121018,-0.036274343729019165,-0.3262311518192291,-0.0706968572075084,-0.028380900621414185,-0.305014431476593,-0.055129979186745004,-0.027340084314346313,-0.26464176177978516,-0.039601952218504266,-0.0045105814933776855,-0.1999165415763855,-0.06570251696655305,0.008443653583526611,-0.3504349887371063,-0.07432306968519242,0.013487100601196289,-0.435599684715271,-0.06883489751169236,0.012797534465789795,-0.4896937608718872,-0.06608637832948716,0.041487157344818115,-0.17950129508972168,-0.06392426454374345,0.05850487947463989,-0.3068927228450775,-0.07342877649614366,0.06628203392028809,-0.3626464903354645,-0.07487085872242005,0.05865812301635742,-0.38876765966415405,-0.07666512989351304,-0.04097023089590612,0.12690831173593597,-0.022115688001105804,-0.02497376985101729,0.1502101504696594,-0.0671767039599745,-0.05652022101357379,0.14356622174063927,0.017478042173090957,-0.19757681679367775,-0.18219210271499475,0.013347880856195676,0.23013225667671872,0.1554882932219167,0.19642346139852596,0.11136059209546001,0.3809520166234304,0.3412215515065467,a_minor
0.0,0.0,0.0,-0.055764228105545044,-0.20483440160751343,-0.059220881599173936,-0.03479641675949097,-0.3247664272785187,-0.06846239923237363,-0.026884257793426514,-0.30256199836730957,-0.05578527359961072,-0.025878548622131348,-0.2608341872692108,-0.042140827912078294,-0.0045043230056762695,-0.200575590133667,-0.0620971223592619,0.009248137474060059,-0.3495468497276306,-0.06964971630571881,0.014613986015319824,-0.43500083684921265,-0.06520237534044782,0.014230430126190186,-0.4895019829273224,-0.0636881714939932,0.040937185287475586,-0.17965614795684814,-0.061799155014739426,0.05887746810913086,-0.3060098886489868,-0.07115050910709897,0.06715226173400879,-0.3615691363811493,-0.07378315685986081,0.05998492240905762,-0.38805317878723145,-0.0767242660999159,-0.13024968058512348,0.01909163284307569,0.1371493887238095,0.12702911444657572,0.10579427496155391,0.06432291087593628,0.03114107475025274,-0.06306636270686103,-0.09194089738544822,0.15901259348958008,0.06764813741751624,0.0014514716651144732,0.23315655462116064,0.15733156599131026,0.3794544249911933,0.11205031543057822,0.579328321886085,0.4728441764529604,a_minor
0.0,0.0,0.0,-0.0531841516494751,-0.20525851845741272,-0.06029509567804325,-0.030499428510665894,-0.3231411576271057,-0.06928979792780865,-0.021508336067199707,-0.30528080463409424,-0.056052470590543635,-0.0202905535697937,-0.26682859659194946,-0.04216586985774029,-0.001521766185760498,-0.19943201541900635,-0.06285888143963803,0.013692200183868408,-0.34678977727890015,-0.07061975636668194,0.019668936729431152,-0.4322196841239929,-0.06622783281989086,0.019385218620300293,-0.485309898853302,-0.064746664847803,0.04375392198562622,-0.1773359179496765,-0.06223875471539486,0.0627894401550293,-0.30510008335113525,-0.0723632294792651,0.07153719663619995,-0.3598582148551941,-0.07565266081280697,0.0641472339630127,-0.38450244069099426,-0.07894081809706677,-0.06525592717795045,-0.178307091103468,0.06977012962225448,-0.05763967353471511,-0.04844143878313184,-0.1513996207120755,-0.015217005106627463,-0.12217659989406089,-0.10523617910763705,-0.11034660355253947,0.046940233284002625,-0.06204884932161589,0.2231997729368916,0.1494298175281185,0.32704174597836877,0.11120816348249903,0.5478392346784565,0.4656997088969567,a_minor
0.0,0.0,0.0,-0.05474144220352173,-0.20612367987632751,-0.05498346027388834,-0.030717432498931885,-0.3284798860549927,-0.06574549239530825,-0.02298453450202942,-0.3092365860939026,-0.055836562928107014,-0.022192955017089844,-0.2679937481880188,-0.043880545463707676,-0.0029942989349365234,-0.19923096895217896,-0.059185401466038456,0.013634204864501953,-0.3468913733959198,-0.06615318071499132,0.019671976566314697,-0.43091368675231934,-0.06310952168360018,0.019733130931854248,-0.4829018712043762,-0.06279600125208162,0.04247349500656128,-0.1766606569290161,-0.060628813620951405,0.06269484758377075,-0.30327993631362915,-0.06920041602506899,0.07218867540359497,-0.35842329263687134,-0.07306938331976198,0.06618893146514893,-0.3845091462135315,-0.07730484467401766,-0.17993353074454804,0.05117114624358732,0.14919984338743808,-0.06121759155390402,-0.17560189466510434,0.09569823708949982,0.11770925920243785,-0.07169568880096078,-0.12338417187506262,-0.05455011119875272,0.18111005551631842,-0.048873465456693216,0.21977509524305522,0.1500145979993391,0.4502956154660233,0.10977147294154123,0.6682990916436573,0.5790607404349801,a_minor
0.0,0.0,0.0,-0.055617839097976685,-0.20685052871704102,-0.05638701949439451,-0.03216871619224548,-0.32664188742637634,-0.06354495991192266,-0.024649351835250854,-0.30478420853614807,-0.04936178881845876,-0.023809194564819336,-0.26326894760131836,-0.03507019315085813,-0.003744661808013916,-0.2013900876045227,-0.06016985435209676,0.011649847030639648,-0.34899431467056274,-0.06778201569042608,0.017768025398254395,-0.43301719427108765,-0.06297218907795354,0.018179118633270264,-0.4864403307437897,-0.06087048832497999,0.041850268840789795,-0.1791846752166748,-0.06046902869067594,0.06138509511947632,-0.3044511079788208,-0.06964735794983312,0.06987982988357544,-0.3584021329879761,-0.07166331369600698,0.06293225288391113,-0.3843001127243042,-0.07406730313024923,0.08325722780328382,-0.08143687293460422,-0.10272359240613907,-0.15222616956738422,-0.18857801537400656,0.059730019406120716,0.01649511115784938,0.019405170257012994,-0.18473308729778945,0.17081952353361768,0.0026027218374845007,-0.1555316912699484,0.22854789417103893,0.15392659361940372,0.3508262462358147,0.11229257804204373,0.5209826713328779,0.40984132672921775,a_minor
0.0,0.0,0.0,-0.054972678422927856,-0.20492500066757202,-0.05376924835621821,-0.03260043263435364,-0.32431548833847046,-0.06439838074624049,-0.02480447292327881,-0.3016660809516907,-0.055070045222635144,-0.023088455200195312,-0.2603491246700287,-0.04415735863625514,-0.003430604934692383,-0.20016449689865112,-0.05808753408967959,0.01104724407196045,-0.34705525636672974,-0.06551736854493129,0.017087817192077637,-0.43184754252433777,-0.06307801120459544,0.01828843355178833,-0.4863797426223755,-0.06326452158867824,0.041419267654418945,-0.17729872465133667,-0.059638502826089734,0.05968737602233887,-0.30198609828948975,-0.06926525645434367,0.06878221035003662,-0.35671699047088623,-0.07356583588301646,0.06333887577056885,-0.38370031118392944,-0.07795966677844035,-0.1266021651599462,0.16264074369995196,-0.11715430386770405,0.026219464678973875,0.18040935455620227,-0.16040129745255946,0.0971244346571527,0.10094337242499968,0.08002368995976411,0.05326501028633268,0.048981041653122365,-0.09073870699645835,0.2305796410154293,0.154362543347978,0.32200128183652516,0.11308649467013474,0.5372051387728571,0.4329872281344907,a_minor
0.0,0.0,0.0,-0.05573895573616028,-0.20460069179534912,-0.05859594655288447,-0.03500673174858093,-0.32431459426879883,-0.06579916042340983,-0.0272025465965271,-0.3013181984424591,-0.051946515711676966,-0.026046335697174072,-0.2609368562698364,-0.037811236950290095,-0.003679215908050537,-0.20122462511062622,-0.060274543734919916,0.00891578197479248,-0.34803253412246704,-0.06724108618749369,0.014410674571990967,-0.4324178695678711,-0.06218392265094508,0.014551997184753418,-0.4876755475997925,-0.05999922988070239,0.04207611083984375,-0.18096578121185303,-0.05849379164232005,0.057262957096099854,-0.3048604130744934,-0.06710827213777293,0.06459563970565796,-0.3600289225578308,-0.06904867899669398,0.0577431321144104,-0.3869304955005646,-0.07134152812017192,0.0006133188588132721,-0.1288398171986645,0.1917200209911089,0.02705638348713771,-0.10622092879705525,-0.1466869864127328,-0.16657971868487179,-0.19244720154684575,0.048524767241458655,-0.06680251509727506,-0.08898196761332558,0.05859775829897562,0.23141081610221445,0.15498178108632152,0.2013063443042449,0.11019840011697563,0.4238400323192262,0.34809361049101106,a_minor
0.0,0.0,0.0,-0.05459052324295044,-0.20299476385116577,-0.06315847833181465,-0.036086201667785645,-0.3242027759552002,-0.06992467839742744,-0.029101252555847168,-0.3012692928314209,-0.05391041908885086,-0.028531193733215332,-0.2601516842842102,-0.03839234982157791,-0.003371596336364746,-0.19938653707504272,-0.06555267770315254,0.00868368148803711,-0.34951138496398926,-0.07420157243038261,0.013469278812408447,-0.4345254898071289,-0.068606238556157,0.012881278991699219,-0.48847272992134094,-0.06591019381309593,0.04222232103347778,-0.17907953262329102,-0.06378200997139061,0.059113919734954834,-0.30610164999961853,-0.07330758471513832,0.06623613834381104,-0.36082398891448975,-0.07468399752403343,0.05816394090652466,-0.38552868366241455,-0.07654399771715248,-0.1012639442635328,0.059820151738169236,-0.1695674073201972,-0.15832125133924896,0.16552424231607027,0.06698204616714093,-0.0712082446957735,0.19046444528693335,0.01075656004891129,0.06756648834642376,0.05262167644410609,0.06236403841440946,0.233672258764206,0.15713365833083884,0.34236499449085894,0.1129649233865198,0.5587735743355278,0.4597386088439393,a_minor
0.0,0.0,0.0,-0.05493703484535217,-0.20435595512390137,-0.0605157890603607,-0.0341515839099884,-0.3275304138660431,-0.06855812457061461,-0.026236295700073242,-0.3047644793987274,-0.054610127328402314,-0.025023937225341797,-0.2632375657558441,-0.040197180329329285,-0.002698957920074463,-0.19995230436325073,-0.06282202687717131,0.009769797325134277,-0.3496260643005371,-0.07077473935342482,0.014784932136535645,-0.4332283139228821,-0.06577866312719038,0.014024674892425537,-0.48755601048469543,-0.06346247878528288,0.04332566261291504,-0.17938780784606934,-0.06167606425142935,0.060046374797821045,-0.30507612228393555,-0.07117676523185423,0.06723320484161377,-0.36066728830337524,-0.07338072892881087,0.05933535099029541,-0.38854771852493286,-0.07581691232181242,-0.12365699046150387,-0.015688381792989953,0.1728299485150046,0.09836717906170567,0.07318459833778146,-0.0497315958693651,0.07528102681843724,-0.0521394536940393,0.006819045870572221,0.0948103340134967,0.037936029430779616,0.10989951301847806,0.2288773314816021,0.1552027358086114,0.35720414940888573,0.10958253178880377,0.5592160467442975,0.4665162937476287,a_minor
0.0,0.0,0.0,-0.05473792552947998,-0.20572012662887573,-0.058104335035693566,-0.03234878182411194,-0.3286705017089844,-0.06847099837244741,-0.023962706327438354,-0.30993130803108215,-0.05712959792793981,-0.022386670112609863,-0.2694840133190155,-0.04415703814805738,-0.002732992172241211,-0.19941574335098267,-0.06152099248350851,0.011948764324188232,-0.3479715585708618,-0.06972023722113363,0.01780390739440918,-0.4321213960647583,-0.06627078976811163,0.017650842666625977,-0.4849233627319336,-0.06531548377455465,0.04320639371871948,-0.17720937728881836,-0.061954251195800225,0.06259661912918091,-0.3038773834705353,-0.0716513830083727,0.0716516375541687,-0.35972166061401367,-0.07483436044634573,0.06498223543167114,-0.387135773897171,-0.07819446053684942,0.17578038670286616,0.13743041508238685,0.1094877152981022,-0.020232871531454755,-0.019939817923912168,0.07851309880380486,0.1888423457358041,0.07841204981273103,-0.12269949167133998,0.12037320964292053,0.05182397102466796,0.04779015117637794,0.22014721330586567,0.1504453673132482,0.3634191652836677,0.10940082866980158,0.5580703088587375,0.4600281948690209,a_minor
0.0,0.0,0.0,-0.05503323674201965,-0.20523357391357422,-0.05715583951973713,-0.03357452154159546,-0.3281550109386444,-0.06656010018491543,-0.02593103051185608,-0.3085947334766388,-0.05415637733244694,-0.024781465530395508,-0.26722249388694763,-0.040443188863036994,-0.003564894199371338,-0.1997469663619995,-0.06054576055908001,0.010955631732940674,-0.34845149517059326,-0.06870119588279522,0.016393303871154785,-0.4324532151222229,-0.064622546898363,0.01587820053100586,-0.48496755957603455,-0.06304347084665096,0.04210996627807617,-0.1781080961227417,-0.060892529206512336,0.061801910400390625,-0.30511415004730225,-0.07025817351245678,0.0707806944847107,-0.359747052192688,-0.0725546883215884,0.06375366449356079,-0.38539624214172363,-0.07507716433906353,-0.14874712066124007,-0.14002440720599957,0.12203814754156256,-0.1336368066117164,-0.11479019496453571,0.0673088573123064,0.11187565166848251,-0.17552183542165609,-0.1850996112275646,-0.07574801299544741,-0.019533507339639822,-0.12208027726589372,0.2226586958147117,0.1516674529429964,0.2657292554842911,0.1111364795389144,0.4780267403593332,0.39436727978360414,a_minor
0.0,0.0,0.0,-0.05620506405830383,-0.2059738039970398,-0.05684857747235128,-0.03355813026428223,-0.3289170265197754,-0.06550856983938047,-0.02662670612335205,-0.3068716824054718,-0.05273112213887998,-0.02565065026283264,-0.2643545866012573,-0.03920456698813268,-0.0041519999504089355,-0.20087498426437378,-0.06057356974758932,0.01008749008178711,-0.34946155548095703,-0.06805830008067915,0.014840960502624512,-0.43348807096481323,-0.06399709290542432,0.014301836490631104,-0.48693251609802246,-0.06291928446569273,0.04141110181808472,-0.17943239212036133,-0.06109777024664709,0.06069505214691162,-0.30654698610305786,-0.06993225521125623,0.06887251138687134,-0.3606899678707123,-0.07221816039361784,0.061792612075805664,-0.3865970969200134,-0.07523569023885557,-0.06822642901398623,0.027706559525305513,-0.04184780140132399,0.0468526347558095,-0.19682313258020875,0.17638579360454065,0.06811313750483683,0.04886730326802241,0.03681493573505876,-0.16648108003360182,0.10505476945747055,0.13959503748768126,0.22737529268126988,0.15455677694673856,0.4338960484423096,0.11168824449545885,0.6512629728171282,0.5830803356290086,a_minor
0.0,0.0,0.0,-0.05522450804710388,-0.20519113540649414,-0.05804428331617828,-0.03281211853027344,-0.3256654441356659,-0.06653629489306923,-0.024708688259124756,-0.30495280027389526,-0.05323679991130348,-0.02310892939567566,-0.26395732164382935,-0.03922925017837997,-0.0037415623664855957,-0.2004351019859314,-0.06090770535234924,0.009916305541992188,-0.3489118218421936,-0.06885199494723793,0.015027880668640137,-0.4330477714538574,-0.06437755622033592,0.014729976654052734,-0.4861130714416504,-0.06265204645757194,0.04160869121551514,-0.17948436737060547,-0.06054357685212608,0.06074637174606323,-0.30612942576408386,-0.07003528870706077,0.06915295124053955,-0.36128538846969604,-0.0720428252971601,0.06214398145675659,-0.38721007108688354,-0.07438352204923149,0.013494408741322378,0.17628023267328857,-0.10159378818136476,0.06893453581786202,0.16769909905636127,-0.15061593844320123,-0.16781442755647227,-0.08704902163302518,-0.1386467059934831,-0.19575022853478308,0.05065716617916477,-0.05442686305919922,0.22656916684493672,0.1539321989866149,0.3591911212068568,0.11030647691846358,0.5766210700397426,0.5085620997048509,a_minor
0.0,0.0,0.0,-0.054687947034835815,-0.20577725768089294,-0.05750647884539717,-0.03159892559051514,-0.3253287076950073,-0.06601349961690062,-0.023113518953323364,-0.3052867650985718,-0.05272183519534224,-0.021564781665802002,-0.26433461904525757,-0.03869824436239355,-0.0034207701683044434,-0.19970917701721191,-0.06086568486622923,0.011776447296142578,-0.34775030612945557,-0.06850528669289702,0.017775893211364746,-0.43197697401046753,-0.06404689651660078,0.017994701862335205,-0.4844460189342499,-0.06235268291763418,0.04213821887969971,-0.1774752140045166,-0.061029042571107084,0.0625234842300415,-0.3040902316570282,-0.07049853306941145,0.07159805297851562,-0.3594450354576111,-0.07313095730475538,0.06485182046890259,-0.38536882400512695,-0.07594198685816878,-0.15990540325555747,0.05351381387555476,0.11956618778327449,0.15966423744144603,0.0475965154559454,0.10117834781029078,-0.05752790163282606,-0.19098917016681072,-0.07053381298311132,-0.02012636149762917,-0.12460112568420373,-0.19923179237683103,0.22488555658705273,0.15331080930536867,0.21283453257769894,0.11043798848549159,0.38688170449915865,0.30070161296999814,a_minor
0.0,0.0,0.0,-0.05568698048591614,-0.20638447999954224,-0.0561211350487838,-0.031650811433792114,-0.3262796700000763,-0.06523226379624703,-0.02349257469177246,-0.30590930581092834,-0.052839146845258256,-0.022443771362304688,-0.2644129991531372,-0.039419719867623826,-0.004465222358703613,-0.1995716691017151,-0.060303455136931916,0.011827826499938965,-0.3473740518093109,-0.06789802937976219,0.018258213996887207,-0.43270325660705566,-0.06387780039779045,0.01864755153656006,-0.4860227704048157,-0.06259193449488976,0.04119420051574707,-0.1766405701637268,-0.061364283703483125,0.06209844350814819,-0.3038976490497589,-0.07073803424111702,0.07153362035751343,-0.3590696454048157,-0.07368008970490791,0.06490880250930786,-0.38477373123168945,-0.07680855869523384,-0.07895635691306319,0.11243882290914659,0.08750922839871278,-0.09160846380858004,0.01681060115840144,-0.03227856639049498,0.12409570904888884,-0.13866581635146447,-0.16954985573307124,-0.16809216077036915,0.023512395655088364,0.10048081977391254,0.2265752392970867,0.15334635064897228,0.351691124859057,0.1122211373970992,0.566648505503175,0.5024127128322289,a_minor
0.0,0.0,0.0,-0.054332613945007324,-0.2073766589164734,-0.056071624440079404,-0.030760347843170166,-0.32618358731269836,-0.06473917914641447,-0.02429407835006714,-0.30005204677581787,-0.05252283094537802,-0.024600088596343994,-0.2549721896648407,-0.039316475671654416,-0.002854585647583008,-0.20119023323059082,-0.05946352360857077,0.013837337493896484,-0.3484141230583191,-0.06595009965909071,0.01976490020751953,-0.43345510959625244,-0.06140854982746191,0.01956731081008911,-0.4869944453239441,-0.06006078822625227,0.04235464334487915,-0.17834818363189697,-0.059945099336033536,0.0632813572883606,-0.3064380884170532,-0.06886390997183867,0.07169502973556519,-0.3593548834323883,-0.0711189846516902,0.06390649080276489,-0.38207364082336426,-0.07375327153218336,0.19290949126552498,-0.02337399528782047,0.05682474515113123,-0.14252835967647753,0.11420259011308703,0.06950107294622149,-0.17170701517674997,0.11028091441842403,-0.1201774510693206,0.12181943010407215,0.025911593400189725,-0.13707606068508427,0.23709789706960407,0.15866343747906467,0.331498584472668,0.11472498506670199,0.5286392462272373,0.4169120237041237,a_minor
0.0,0.0,0.0,-0.05558621883392334,-0.20623207092285156,-0.05558798847107482,-0.03232446312904358,-0.32614758610725403,-0.06355196249990058,-0.026323169469833374,-0.3004756569862366,-0.050798077260537866,-0.026440680027008057,-0.25618594884872437,-0.03756627452878547,-0.004499077796936035,-0.19981041550636292,-0.059973891948743585,0.010294020175933838,-0.348418653011322,-0.06661768270043922,0.016199052333831787,-0.4333227872848511,-0.061900641893430475,0.01689547300338745,-0.4877801537513733,-0.060460474466367486,0.04033803939819336,-0.17679572105407715,-0.06099745643643928,0.05992096662521362,-0.3037690222263336,-0.06933860493211341,0.06892883777618408,-0.3578302264213562,-0.0713525490215261,0.06280815601348877,-0.3833167552947998,-0.07416506124047828,-0.14921966970602743,0.1930926630655706,-0.162044357204198,0.04119726928717887,0.04537779936318248,0.08743037415053523,-0.04081730645662765,-0.02053763364985528,0.058421877654323384,0.022005108478466262,-0.028134416339855278,-0.10099716662195157,0.23672355669587675,0.15958404641749427,0.2416153430047351,0.11492776764965036,0.4614580541134622,0.35852384087094247,a_minor
0.0,0.0,0.0,-0.05434674024581909,-0.20450806617736816,-0.05860974748864578,-0.03404250741004944,-0.3232426047325134,-0.06492741142645286,-0.02771472930908203,-0.2988743484020233,-0.05050320660009788,-0.027289897203445435,-0.256511390209198,-0.036425759245304334,-0.002465963363647461,-0.19969287514686584,-0.06009660397901939,0.009900271892547607,-0.3465508818626404,-0.06589400504961418,0.01555490493774414,-0.4302574694156647,-0.0604041900230925,0.016051888465881348,-0.4839062988758087,-0.05843902488484787,0.042569756507873535,-0.1778736710548401,-0.05835397650733398,0.05848956108093262,-0.3037819266319275,-0.0669453639282267,0.06603103876113892,-0.3574579358100891,-0.06932631616726326,0.05839723348617554,-0.38129889965057373,-0.07213806842699455,-0.1608042465102154,0.16704313658157416,-0.1164797755468844,0.14272342167683028,0.11400135937160594,0.06069044454077577,-0.07844764544365113,-0.07799593471580622,-0.025423491397513043,0.0263645414445986,0.1399145116306561,-0.1943204978042553,0.2325328766790176,0.15552998394358,0.43007329945112593,0.1118439556463564,0.638531541206188,0.5363003444967906,a_minor
0.0,0.0,0.0,-0.054412633180618286,-0.20400205254554749,-0.05871768163299862,-0.03251117467880249,-0.324309766292572,-0.06515109406566921,-0.02620801329612732,-0.29861676692962646,-0.04983897374725643,-0.02632153034210205,-0.25487443804740906,-0.034895038770201836,-0.0030838847160339355,-0.19893842935562134,-0.062440978901150856,0.011068165302276611,-0.34768182039260864,-0.06976570801592175,0.01720494031906128,-0.43186837434768677,-0.06412020938253704,0.01782602071762085,-0.4853234887123108,-0.061704101578953896,0.042327880859375,-0.17657864093780518,-0.06223284320688549,0.06132209300994873,-0.3025895357131958,-0.07088608907318417,0.06966924667358398,-0.3557324707508087,-0.07202382253265682,0.06222867965698242,-0.3795425295829773,-0.07391798363781277,-0.11307372836537982,0.024037898166282268,-0.19872556885905557,-0.12024925094494865,0.024691968785821,0.09893096022477804,0.1427720153088669,-0.018556964983180574,0.010263482363163184,-0.15551402526236596,-0.06143957921493573,-0.05441053287029521,0.2361662487859112,0.15781654844832776,0.23342793291556194,0.11537064769756086,0.4580147775079214,0.3859817524364258,a_minor
0.0,0.0,0.0,-0.0559140145778656,-0.206415057182312,-0.058024883341460054,-0.03556615114212036,-0.3263603448867798,-0.06373041130271417,-0.02824530005455017,-0.3011923134326935,-0.04812002561655504,-0.027149587869644165,-0.2587684392929077,-0.033309884440569704,-0.0037728548049926758,-0.2023768424987793,-0.06121236465540392,0.009025037288665771,-0.35024094581604004,-0.06803004450765116,0.014559507369995117,-0.4340619146823883,-0.06259062148299677,0.014986813068389893,-0.48745816946029663,-0.060389317643313234,0.04189354181289673,-0.18028271198272705,-0.060564115714697664,0.058811068534851074,-0.3047540783882141,-0.06926123805013162,0.06686079502105713,-0.35876983404159546,-0.07153822488751871,0.05983412265777588,-0.3839532434940338,-0.07437036938634378,-0.038228823007425417,-0.18993454370973636,-0.05085990920532005,-0.007986141137593966,-0.1682679059712182,0.1987784286632246,0.042449384674578095,-0.17270765081722106,-0.07608305056589018,-0.1325110538767162,0.00805424417190706,0.19792163689796793,0.23411058214148664,0.15787135434895852,0.36846085191110695,0.11366626889508195,0.577938337587148,0.5145964185734131,a_minor
0.0,0.0,0.0,-0.055711060762405396,-0.20494455099105835,-0.05787456736786112,-0.034021973609924316,-0.32530727982521057,-0.065283372559378,-0.026389598846435547,-0.3005051016807556,-0.051698617198297825,-0.024692952632904053,-0.2582627832889557,-0.03813104660136446,-0.003327488899230957,-0.2010498046875,-0.06094911650640711,0.010059475898742676,-0.3492618799209595,-0.06781111613733515,0.01586371660232544,-0.432767391204834,-0.0631580348394607,0.016546964645385742,-0.48597800731658936,-0.06169257269127115,0.04210054874420166,-0.1791704297065735,-0.06062575385792002,0.059706926345825195,-0.3048320412635803,-0.06995285258514627,0.06748825311660767,-0.35814303159713745,-0.07286642447931513,0.05989283323287964,-0.3825327754020691,-0.0761313881061767,-0.0988366872395658,-0.04175366322449081,0.16135260215396074,0.1409395510906305,0.162556581998842,-0.14284841096849663,0.07224605435692827,-0.13483782019040225,-0.018340941419874357,0.13816295370870246,0.15328201478264297,0.0033848949983302234,0.2326157766420002,0.1550542229828257,0.44453879522157375,0.11308518788965638,0.6539716365799445,0.5473084508928608,a_minor
0.0,0.0,0.0,-0.05586200952529907,-0.20554423332214355,-0.0574724033899372,-0.03417655825614929,-0.3263940215110779,-0.06458849017096213,-0.02687680721282959,-0.3022540807723999,-0.05046388809157065,-0.02562198042869568,-0.2595580518245697,-0.03634439711046866,-0.003722846508026123,-0.20082339644432068,-0.060658472818857945,0.010015606880187988,-0.3488655090332031,-0.06751905683947257,0.01589757204055786,-0.43226468563079834,-0.06244923849178008,0.016308307647705078,-0.4849086403846741,-0.060504867923981465,0.04172372817993164,-0.17880237102508545,-0.060381706101424015,0.059659600257873535,-0.3050144910812378,-0.06921689514589957,0.06729626655578613,-0.35771703720092773,-0.07146895234060935,0.05925077199935913,-0.38138076663017273,-0.07421924476099662,-0.15004893159562985,-0.06240997191796768,-0.12702225520210247,0.1551722494355222,0.05144721575754818,0.021378178133225845,-0.007449621926973349,-0.1719351643259971,-0.09189450527460896,0.13251111620186057,0.08297204739455921,0.14886064929188336,0.23048810201935804,0.15322748458377786,0.4202783058092964,0.1129166064879241,0.6162998361735588,0.5203414773550158,a_minor
0.0,0.0,0.0,-0.05600103735923767,-0.20532318949699402,-0.05712614764809132,-0.03420698642730713,-0.32524996995925903,-0.06310176288127423,-0.027724742889404297,-0.2994966506958008,-0.047468701353068354,-0.02699032425880432,-0.2559998035430908,-0.032296979775424006,-0.004080772399902344,-0.2009788155555725,-0.06059958597063542,0.009752333164215088,-0.3492553234100342,-0.06833356802701473,0.015267670154571533,-0.4329264760017395,-0.06261464392184735,0.015886783599853516,-0.48670434951782227,-0.05983458270668507,0.04133325815200806,-0.17911022901535034,-0.06014849801897526,0.05977833271026611,-0.3043370246887207,-0.06885594313382626,0.0672113299369812,-0.3570927083492279,-0.06914732043981076,0.05977290868759155,-0.38154008984565735,-0.07019944672822476,0.07821440767635374,0.05873911930837161,0.1295118858558666,-0.07367043338559828,0.0670398017282664,-0.14174158507074403,-0.09117416598874528,-0.012710518963071488,-0.12376252536778437,-0.0380292278211351,0.0267155274849471,-0.0421704661526118,0.23626543015627519,0.15724127663355153,0.2831029874858123,0.11442440252759081,0.5165451842798681,0.42074164369571576,a_minor
0.0,0.0,0.0,-0.05613449215888977,-0.20504921674728394,-0.058101714068442334,-0.034621477127075195,-0.32500168681144714,-0.06329312216618632,-0.027882277965545654,-0.30049461126327515,-0.046626765692025174,-0.026732534170150757,-0.2578027844429016,-0.03083199117460822,-0.003994345664978027,-0.20124265551567078,-0.061153084450751294,0.009157896041870117,-0.34946149587631226,-0.06938572269061183,0.014577984809875488,-0.43345996737480164,-0.0635615442333517,0.015191853046417236,-0.4870419204235077,-0.06055085774639224,0.04183804988861084,-0.17996126413345337,-0.06004671421030139,0.05982100963592529,-0.30581972002983093,-0.06918270927050685,0.06686103343963623,-0.35906022787094116,-0.06950099062302684,0.05890709161758423,-0.38336181640625,-0.07041059475520228,-0.08217166961685321,-0.019620254129043058,-0.049952824953717945,-0.13473282764979091,-0.008015801375556908,-0.17451435396899187,0.19389015269266557,0.1335167735221089,0.0988658113787349,0.043978474128245015,0.019436365935001143,-0.13586013284992193,0.23492859923587642,0.15705311800160554,0.3047827156198444,0.11295043367002323,0.5128551559871262,0.40835386780875604,a_minor
0.0,0.0,0.0,-0.05653390288352966,-0.20713859796524048,-0.055629766291446,-0.03393298387527466,-0.32684868574142456,-0.06101608530289582,-0.02731958031654358,-0.3009878695011139,-0.045129365032977375,-0.02651384472846985,-0.25654637813568115,-0.029765973544186863,-0.004719972610473633,-0.2026311159133911,-0.05960821986801079,0.009565949440002441,-0.35096967220306396,-0.0668781648636525,0.015246033668518066,-0.4352375864982605,-0.06087504953748635,0.016033530235290527,-0.4888037145137787,-0.057887847280568394,0.040860652923583984,-0.18067091703414917,-0.0595808352590268,0.06050562858581543,-0.3070315718650818,-0.06759332374340943,0.06827634572982788,-0.3598155081272125,-0.06737086430794648,0.06076151132583618,-0.38341444730758667,-0.06814228252179078,0.06572034317901748,-0.05439247397738886,-0.13074289098621222,-0.04328041624470136,-0.053833874896350054,-0.04589337585703235,-0.019444305784491356,0.0750900220383709,0.04506889534028008,-0.1975581699634192,0.1241540905376779,-0.05459104367254561,0.23779106206962564,0.15869856911944044,0.4180972281061814,0.1149462629962835,0.6491144383552909,0.5696828191424694,a_minor
0.0,0.0,0.0,-0.056211769580841064,-0.20673656463623047,-0.05445946949754443,-0.033033519983291626,-0.3262024521827698,-0.060398018092257644,-0.026937156915664673,-0.30072662234306335,-0.04574181708727565,-0.02639472484588623,-0.256600558757782,-0.03134693774615016,-0.004112958908081055,-0.2022889256477356,-0.057984775036914016,0.010478317737579346,-0.3500956594944,-0.06423417675529208,0.01576441526412964,-0.43411827087402344,-0.05889456915889468,0.016013622283935547,-0.48708271980285645,-0.05674202191863742,0.04142123460769653,-0.18017834424972534,-0.05801106068525996,0.060675978660583496,-0.30779480934143066,-0.0664544125202724,0.06817477941513062,-0.36057350039482117,-0.06815689998899188,0.06002044677734375,-0.38369882106781006,-0.07039936083589282,-0.15428240696701134,-0.008778885957258925,0.020347784635790955,0.18774831173364642,0.023812189437623005,0.06311317600203903,0.08745186272789829,-0.004724102983965611,0.05256122414960207,0.10173817343916064,-0.015275343211711784,0.03483066541849414,0.23572315280094744,0.15857692744558163,0.28113230771631453,0.1131872520470072,0.4881971490522318,0.38542130996989776,a_minor
0.0,0.0,0.0,-0.05643531680107117,-0.20629769563674927,-0.05517660963948856,-0.03379124402999878,-0.32666122913360596,-0.06225129354413639,-0.026739031076431274,-0.3010921776294708,-0.048458544049822194,-0.025624454021453857,-0.25713422894477844,-0.034535599384867055,-0.004407823085784912,-0.20215100049972534,-0.05889204654511104,0.009583890438079834,-0.3507462739944458,-0.06587902594026218,0.0153236985206604,-0.435128778219223,-0.06100498649891506,0.0159146785736084,-0.4891922175884247,-0.05913961443718563,0.04115092754364014,-0.180151104927063,-0.059145310406051976,0.06003957986831665,-0.30730101466178894,-0.06763125348504673,0.06808829307556152,-0.36008524894714355,-0.06916149843152652,0.060585737228393555,-0.384183406829834,-0.07140645522292743,-0.02507275743429424,-0.0145325068789805,0.0817603971056799,0.11878585667811603,0.029305972290600002,0.16816927285335537,0.16459858681159156,0.10450569651974811,-0.11745009837613987,-0.14513797791008703,-0.028264710696059098,-0.02370862013791708,0.23702693346280193,0.15790234541271003,0.2584220622456482,0.11477294629456677,0.48953802725375867,0.41385438103243744,a_minor
0.0,0.0,0.0,-0.055900007486343384,-0.20617011189460754,-0.05705212635464818,-0.03304797410964966,-0.3269558250904083,-0.06346006152696759,-0.02650749683380127,-0.3020414710044861,-0.049091147459222384,-0.025471001863479614,-0.2590535879135132,-0.035095783150865145,-0.0033785104751586914,-0.20187139511108398,-0.06020643768377454,0.010465502738952637,-0.3498691916465759,-0.06670975146360547,0.01572108268737793,-0.4336175322532654,-0.061845043874455996,0.01618826389312744,-0.4865722954273224,-0.06026976389355809,0.04213649034500122,-0.1800473928451538,-0.05974164066381604,0.060206592082977295,-0.3058166205883026,-0.06843340603180081,0.06727886199951172,-0.3595258593559265,-0.07119362262554318,0.05898374319076538,-0.3835548758506775,-0.07451513615913541,-0.1328459445399494,-0.13038262326638483,-0.07778977207540852,0.18353859621013907,0.01658190167586332,0.1818831134227491,0.02780439196582013,-0.12073176799080945,0.16965744128629268,0.17550965715982197,0.1144539108219581,0.17093769951808763,0.23266711413211655,0.15552189573105402,0.47154095569077176,0.11245875873194554,0.6633797540535066,0.567307795443941,a_minor
0.0,0.0,0.0,-0.056483060121536255,-0.20471704006195068,-0.057646001257325,-0.03460782766342163,-0.32654625177383423,-0.06386247140946466,-0.028156965970993042,-0.3006972074508667,-0.04845734921875078,-0.02738252282142639,-0.25687336921691895,-0.03355099124493677,-0.00401383638381958,-0.20026171207427979,-0.06153280151667673,0.009674251079559326,-0.35027846693992615,-0.06928826732220728,0.01535731554031372,-0.4347214698791504,-0.06396418673577386,0.016134142875671387,-0.48829448223114014,-0.06155957517805177,0.04198658466339111,-0.17828810214996338,-0.06146257979455072,0.05970728397369385,-0.3050602674484253,-0.07057314229788858,0.06725972890853882,-0.35719114542007446,-0.07185760749163705,0.059807658195495605,-0.38047510385513306,-0.07375265521588403,0.024753076796054124,-0.16497003315476402,0.09682164011658967,-0.18477990492832894,0.07916412529717709,0.06496314331078112,0.06900672605371072,-0.002039457953271151,0.03141064994057982,0.021297341076442627,-0.14541999190629237,0.06863111422092649,0.23713690669331133,0.15651099085167178,0.15884825192773366,0.1169660869422778,0.3667958428572573,0.27750150986422917,a_minor
0.0,0.0,0.0,-0.05651751160621643,-0.20600661635398865,-0.058622474176985406,-0.03446763753890991,-0.32746076583862305,-0.06514996881614366,-0.027650386095046997,-0.3029274046421051,-0.050028415722948694,-0.02630692720413208,-0.26066312193870544,-0.035529053164822244,-0.004040896892547607,-0.2015899419784546,-0.062376601947647714,0.009242236614227295,-0.3514947295188904,-0.07012186045776048,0.01431053876876831,-0.43551963567733765,-0.06505155409703889,0.014759242534637451,-0.48894619941711426,-0.0629232733977858,0.04162639379501343,-0.17952591180801392,-0.06215776349435487,0.0591239333152771,-0.3066897690296173,-0.07186862672696748,0.06628042459487915,-0.3595865070819855,-0.07423963989148774,0.05825608968734741,-0.3835694193840027,-0.0769274666441504,0.18011479757596555,0.1617965132560859,-0.04268315306264686,0.0106558816181192,-0.09740442880386763,0.1711070530050665,-0.08177344613557024,0.05650777941979823,-0.0249985055332535,-0.11447699038713433,-0.008574615130924362,0.05127199796209114,0.23355949362464104,0.15482470867437775,0.28081488169790486,0.11485799454480528,0.5103914408475032,0.4323111413023597,a_minor
0.0,0.0,0.0,-0.05598226189613342,-0.20572307705879211,-0.05950795914620244,-0.034513920545578,-0.32691505551338196,-0.06590277757138097,-0.02760264277458191,-0.30281153321266174,-0.05073047112315976,-0.026888519525527954,-0.2604852616786957,-0.03605404179185712,-0.0035573840141296387,-0.20129895210266113,-0.06235183085888707,0.009617805480957031,-0.3504117727279663,-0.06920608188599431,0.015079319477081299,-0.43435680866241455,-0.06362734790533864,0.015023887157440186,-0.4873165190219879,-0.061307732571066254,0.04225260019302368,-0.17989003658294678,-0.06145691554635846,0.05922931432723999,-0.3077450096607208,-0.07057619895428502,0.06628638505935669,-0.36022859811782837,-0.07276635672539555,0.057772696018218994,-0.3832249641418457,-0.07541096266001546,0.05419164559017403,0.13957222649176443,-0.027619604027184858,0.1878844036108483,-0.12266977640992596,-0.007766002775724923,-0.04126685098060637,0.04463264736922859,0.01705548873735338,0.14764992290829787,-0.08668995718258539,0.13836609355684043,0.23204917159918778,0.154212590920164,0.3018126229420824,0.1134081723480407,0.4668628752115614,0.37644595366469813,a_minor
0.0,0.0,0.0,-0.055346667766571045,-0.20629477500915527,-0.05783292133418172,-0.033134639263153076,-0.3277430236339569,-0.06424914900270551,-0.02788880467414856,-0.30216148495674133,-0.04876055795756429,-0.02831512689590454,-0.25752612948417664,-0.03346363309827893,-0.0033164024353027344,-0.20114636421203613,-0.06142425764409154,0.011080026626586914,-0.3517865538597107,-0.06959403906074613,0.016849219799041748,-0.4362095594406128,-0.06378684047666638,0.017428696155548096,-0.4892682135105133,-0.06069873500672429,0.04270446300506592,-0.17938166856765747,-0.061175091602478915,0.062224388122558594,-0.3071773648262024,-0.07033488009182065,0.0696668028831482,-0.35974639654159546,-0.0706726223608598,0.061734139919281006,-0.38319116830825806,-0.0715934843203172,-0.04293990525483485,-0.04840314285269595,0.05433072320113064,-0.042953959188982094,-0.08325068236764102,-0.12952646173360507,-0.06180437412625933,-0.15061729327551757,-0.13398451793052274,-0.10481845372062391,0.006927013525551112,0.19442321495470438,0.2377785558712049,0.1592308324126491,0.3573802448072597,0.11547297271893815,0.57117534815356,0.500696361619169,a_minor
0.0,0.0,0.0,-0.05688723921775818,-0.20650067925453186,-0.057200410213624764,-0.03311166167259216,-0.32867270708084106,-0.0621405325795763,-0.027139663696289062,-0.30306416749954224,-0.04511447325006657,-0.026835858821868896,-0.25840842723846436,-0.028882593658124733,-0.004562556743621826,-0.201185405254364,-0.06139918118373089,0.010726690292358398,-0.3518226742744446,-0.0694378584589117,0.01603400707244873,-0.43633776903152466,-0.06304187029257946,0.01655822992324829,-0.4895283579826355,-0.05944164171472721,0.04154783487319946,-0.17895781993865967,-0.06123256012455158,0.062011659145355225,-0.307820200920105,-0.06968576907769375,0.06955504417419434,-0.35978585481643677,-0.06891832202330761,0.06177234649658203,-0.38208842277526855,-0.06905984580174618,0.05104770915289636,-0.1027612398896145,0.0883024759282397,-0.038520568108851766,0.06572597934522872,-0.06637719645024798,-0.14038715671818822,-0.06355709290746217,-0.022349510433695263,-0.03762741780561196,0.07837260761759385,0.16875872072237186,0.23713566737910877,0.15736062701817374,0.3906405154794717,0.11696224119231714,0.6144290004271384,0.5276953138292727,a_minor
0.0,0.0,0.0,-0.054970622062683105,-0.2077169418334961,-0.057728474141441666,-0.03202611207962036,-0.32781070470809937,-0.06387981876858362,-0.02585458755493164,-0.30331936478614807,-0.04873440519102701,-0.025157958269119263,-0.260635107755661,-0.0341806831968654,-0.002724289894104004,-0.20308274030685425,-0.060818889291368805,0.011195003986358643,-0.35155433416366577,-0.06815079704054483,0.01643890142440796,-0.43632394075393677,-0.06284871056803354,0.017156481742858887,-0.4901081621646881,-0.06064584583171495,0.04265093803405762,-0.18065327405929565,-0.060131662638269745,0.06113755702972412,-0.30741602182388306,-0.06915150687225946,0.06865036487579346,-0.361217200756073,-0.07079808518417963,0.06106758117675781,-0.385662317276001,-0.0730581443024505,0.0608927501087691,0.14859537433395936,0.03639704397617999,0.055346866564709774,-0.02231829522391454,-0.03306214438983246,0.1621995172697127,0.011303962667924994,0.11140718413542788,0.17204282005548927,-0.12083049129850831,0.18884324733614155,0.23483781502693438,0.15677405319500984,0.3288968703787777,0.11397887664533317,0.47180566296512866,0.3886434595319927,a_minor
0.0,0.0,0.0,-0.05528748035430908,-0.2058463990688324,-0.0573769202009089,-0.0320151150226593,-0.32805582880973816,-0.06354958466442895,-0.025999009609222412,-0.3028810918331146,-0.04773977301272225,-0.02587541937828064,-0.2588379383087158,-0.03224418959769082,-0.0035554170608520508,-0.20113885402679443,-0.061032137788856744,0.011273682117462158,-0.3514152765274048,-0.06901626936348748,0.016942858695983887,-0.4356916546821594,-0.06290692738446069,0.017526686191558838,-0.4893828332424164,-0.05956444791706872,0.04227203130722046,-0.17914825677871704,-0.06083737588676286,0.06208604574203491,-0.3060540556907654,-0.06943809143456292,0.07017320394515991,-0.35846614837646484,-0.06918693981322122,0.06297987699508667,-0.3826562166213989,-0.06974250725659203,-0.007731846043196544,-0.15946898046307828,-0.07885905126546677,0.05265675902707534,0.026831961342105082,-0.0705990796289011,0.09036709329778841,-0.03338858053564228,0.15195743008214474,-0.07711778367720146,0.07608764181430777,-0.16732156049941016,0.23618020209688206,0.15694697692266601,0.3647558364843637,0.11644808346001408,0.5833746901860752,0.4894843754504244,a_minor
0.0,0.0,0.0,-0.05620041489601135,-0.2060079276561737,-0.05723355386723483,-0.03273001313209534,-0.32698723673820496,-0.06224236313570941,-0.025832295417785645,-0.3021143972873688,-0.04546123791803325,-0.025053858757019043,-0.2589164078235626,-0.029563015814318305,-0.004050076007843018,-0.2014201283454895,-0.06104329277147258,0.010341405868530273,-0.35149678587913513,-0.06841851819623912,0.01592499017715454,-0.4366537034511566,-0.061935745667113906,0.01670128107070923,-0.4906783998012543,-0.058456212769641525,0.041839659214019775,-0.17903810739517212,-0.06069274667967761,0.06072497367858887,-0.3056451976299286,-0.06888281602729762,0.06857407093048096,-0.35913920402526855,-0.06872913290132487,0.061315953731536865,-0.3832666575908661,-0.06949219901432002,0.13985115471657167,0.12846862050598234,0.0771118398040026,-0.11050880260556056,-0.10690162980743341,-0.005439082722702437,-0.10370566619994093,0.1340031769886469,-0.0013702768660256714,0.1945454848972935,0.0803391322168695,-0.0035738149482830717,0.2372592031045368,0.15657927320535872,0.4049612719053332,0.11683126453863461,0.6005844322802603,0.48685282136984603,a_minor
0.0,0.0,0.0,-0.055396080017089844,-0.20721295475959778,-0.05774847082406609,-0.03284749388694763,-0.3261306583881378,-0.06465471572786896,-0.025439083576202393,-0.3033323287963867,-0.050160769741836475,-0.024321168661117554,-0.26207852363586426,-0.036133122067752765,-0.003415226936340332,-0.20201408863067627,-0.06116651407987206,0.010226070880889893,-0.34947869181632996,-0.0690539929977092,0.015820205211639404,-0.4347939193248749,-0.06473800576836197,0.01635652780532837,-0.48922020196914673,-0.06326930261761277,0.04203099012374878,-0.17890256643295288,-0.06088269538790314,0.059634506702423096,-0.3049933612346649,-0.07080155647904007,0.06772875785827637,-0.35981661081314087,-0.07387986816078751,0.0602073073387146,-0.3856978416442871,-0.07713469899803727,-0.1740620083203465,0.0819959610487313,0.160692001672395,-0.10683389266028423,0.15651804930040542,-0.05733990023045271,0.123396141125662,0.19452361286108116,-0.07665731075340357,0.014352134294291607,0.14113353826453945,0.18660997487700237,0.23234540951073526,0.15526728036032517,0.46226624196451593,0.11327850268123252,0.678077804341932,0.5909443736503659,a_minor
0.0,0.0,0.0,-0.055122554302215576,-0.20541852712631226,-0.059550563576635795,-0.03232073783874512,-0.3259371519088745,-0.06558199855965086,-0.024810761213302612,-0.30232375860214233,-0.04972783732694097,-0.02365782856941223,-0.2602040767669678,-0.034390277001079994,-0.0028288960456848145,-0.2007390856742859,-0.06221815082710691,0.01121145486831665,-0.3493195176124573,-0.0695680591790051,0.016984283924102783,-0.4339255392551422,-0.06352253142279096,0.017334282398223877,-0.48804086446762085,-0.060590411308226066,0.04314780235290527,-0.179074227809906,-0.06099315989297338,0.061808884143829346,-0.30728021264076233,-0.06970845046919294,0.06938302516937256,-0.3598383665084839,-0.07028465602081724,0.061360180377960205,-0.3832116425037384,-0.07159875217359968,0.03041120779228712,0.01948452443836074,-0.12969491144719275,-0.08409556177928522,0.09497232510498216,0.15433680938823524,0.13911282059845476,-0.16683988901281285,0.013299267342261445,-0.1274201878140694,0.0982959180429554,0.07053607756935792,0.232972964159037,0.15408891491124682,0.38768339319369033,0.11423059589743607,0.6180120025182843,0.5363672884362037,a_minor
0.0,0.0,0.0,-0.05666530132293701,-0.2070169448852539,-0.05475108313763144,-0.03373566269874573,-0.3284509778022766,-0.06005772936546805,-0.027570992708206177,-0.302817702293396,-0.04416438180410864,-0.026955217123031616,-0.2582436800003052,-0.02884666982495787,-0.004528820514678955,-0.20207291841506958,-0.05968080821835997,0.010710358619689941,-0.35217198729515076,-0.06713265913927557,0.016369521617889404,-0.4367690682411194,-0.06123355019295218,0.017165064811706543,-0.4900020360946655,-0.058296006055712724,0.04143017530441284,-0.17962056398391724,-0.060402464004397416,0.0623355507850647,-0.30786558985710144,-0.06827816355431082,0.06965434551239014,-0.35950523614883423,-0.06794295448267462,0.06154954433441162,-0.38199010491371155,-0.06874439108574393,-0.17824319925794374,-0.052828700246123544,0.16376845173414772,-0.07744989921250389,-0.10564517135044538,0.025045163692905492,0.10589300660068329,0.11243108337935065,-0.1521170967676383,-0.0037553003343834823,0.08328326086178583,0.042688107082270055,0.2377515474229204,0.15728349767630306,0.34970860981792434,0.11724217692313779,0.582487325605079,0.4828677140638414,a_minor
0.0,0.0,0.0,-0.05606988072395325,-0.20686355233192444,-0.05816671733850853,-0.03317803144454956,-0.32660260796546936,-0.06409899626964943,-0.02603369951248169,-0.30291610956192017,-0.048224208104556965,-0.02439671754837036,-0.26106539368629456,-0.03305814896816628,-0.0033679604530334473,-0.20235562324523926,-0.06162969877118485,0.010589241981506348,-0.35121846199035645,-0.07006241117710488,0.016062140464782715,-0.4361006021499634,-0.06481683735842125,0.01734524965286255,-0.48991304636001587,-0.062215038734620975,0.042417168617248535,-0.18008780479431152,-0.060938508409208225,0.06086850166320801,-0.3051518499851227,-0.07035618011946099,0.06874018907546997,-0.35965192317962646,-0.07166069482559578,0.06199955940246582,-0.3851613402366638,-0.07338542227739708,0.1930871355949501,0.08610931009730494,-0.12204315943811027,0.0734006889650235,0.13844896117467864,0.08785524598317973,-0.07437439114604416,-0.13401420965158767,-0.1936354961301564,0.13294759142555684,-0.199405147491669,-0.10987305381451606,0.23444352023665355,0.1564941199973823,0.18563336751192736,0.11441898786241446,0.31627523951392084,0.20216412551749577,a_minor
0.0,0.0,0.0,-0.05525517463684082,-0.20583835244178772,-0.058529633964695904,-0.03397372364997864,-0.32665255665779114,-0.06481162824789521,-0.026753872632980347,-0.302562952041626,-0.04973949113050935,-0.025520801544189453,-0.26014772057533264,-0.035090967948832485,-0.0030717849731445312,-0.20157748460769653,-0.06152627983252046,0.009945094585418701,-0.35028767585754395,-0.06855424859682557,0.015700221061706543,-0.434652179479599,-0.06308026232878206,0.015960693359375,-0.4879298210144043,-0.060709267790713284,0.04267078638076782,-0.18004083633422852,-0.060743268515267346,0.060614705085754395,-0.3080490529537201,-0.06989158311048982,0.0680050253868103,-0.360198438167572,-0.07196209945837495,0.05963850021362305,-0.3828991651535034,-0.07439158477941987,-0.15866034856339925,-0.08524674108954194,-0.08647941053453789,0.16062800811638167,0.13048929840635942,0.1540667329122946,-0.0359015486939081,-0.1910889750768718,-0.15873812673132048,-0.1641341037230113,-0.04114413891691995,-0.10481035306852259,0.2329414024742237,0.15448159212401505,0.2683971106059044,0.11457048171473942,0.48373183416655646,0.40962907330263537,a_minor
0.0,0.0,0.0,-0.056695759296417236,-0.2059122920036316,-0.056968730977388304,-0.03272339701652527,-0.32829347252845764,-0.06308020009717552,-0.025791466236114502,-0.30293378233909607,-0.04754007338604538,-0.02509486675262451,-0.2592978775501251,-0.0323069031449279,-0.004679858684539795,-0.20063966512680054,-0.061119292965742034,0.010681629180908203,-0.3520827293395996,-0.06807989730558006,0.016795575618743896,-0.4366028904914856,-0.061677859267803115,0.01766228675842285,-0.49077895283699036,-0.058408842525096816,0.041225552558898926,-0.17842435836791992,-0.061324996045442504,0.06123322248458862,-0.30558454990386963,-0.06907535447797386,0.06918007135391235,-0.3582591712474823,-0.06885659053048698,0.06179976463317871,-0.3828081488609314,-0.06978519364318458,0.05502416338106231,0.14246964201317547,-0.059657508885145843,-0.1399065434322473,0.03082637531953933,0.13311177708132127,0.13429158139848169,-0.08997166685356094,-0.15748779613901737,0.016523327232970286,0.004168815581812424,0.18380279198433286,0.23683955250704358,0.15559590721357458,0.34329312953999414,0.11719740965201889,0.5510363568615804,0.4648741692626055,a_minor
0.0,0.0,0.0,-0.05521067976951599,-0.20667332410812378,-0.05764470602844085,-0.03228852152824402,-0.3266174793243408,-0.06445521097157325,-0.025777310132980347,-0.30200743675231934,-0.04996376465533103,-0.024634867906570435,-0.2589515149593353,-0.035820729839542764,-0.0026353001594543457,-0.20176255702972412,-0.061130117434004205,0.011538922786712646,-0.3504987955093384,-0.06866806726429786,0.017032504081726074,-0.43512463569641113,-0.06378242354367103,0.01814103126525879,-0.4885290861129761,-0.06191448103163566,0.0428541898727417,-0.1794080138206482,-0.06078530083868827,0.06140565872192383,-0.3066459596157074,-0.06989856045220222,0.06895393133163452,-0.358477920293808,-0.07153385858509864,0.06143152713775635,-0.3805674910545349,-0.07376879434559669,0.1489780836233242,-0.020760496645631343,-0.19764853074821842,0.051159198714666065,0.1612479310175325,0.00699603942676591,-0.10263896587645048,-0.011133276757961191,0.009844123023017015,-0.13435853420713045,0.19667182601990063,-0.08130044240418428,0.23498196223973944,0.15374630271089418,0.4708506302921131,0.11692004868539488,0.7022337381209562,0.6095865016718085,a_minor
0.0,0.0,0.0,-0.0557730495929718,-0.20608952641487122,-0.058847073522542814,-0.03308594226837158,-0.3277533948421478,-0.06444177409741769,-0.02644866704940796,-0.30191361904144287,-0.047851417270635466,-0.02622222900390625,-0.2576795816421509,-0.0319989100668181,-0.0040441155433654785,-0.20109021663665771,-0.06260176381204019,0.010031044483184814,-0.35170483589172363,-0.07040449610087762,0.01577603816986084,-0.43615639209747314,-0.06416552147004495,0.016029953956604004,-0.4895265996456146,-0.06088197236988435,0.04189103841781616,-0.17876219749450684,-0.062130548116897444,0.061132729053497314,-0.30695056915283203,-0.07064707955453287,0.06881099939346313,-0.35823285579681396,-0.07048482826087366,0.060421526432037354,-0.38009411096572876,-0.07117266586158166,-0.1232577202867621,0.19509312579500038,0.09107383885637738,0.10565182014595548,-0.029204764046922044,0.16881512407497212,0.015206860251319565,-0.06307117539558726,-0.040173188868991516,-0.049020598911398705,-0.17101205960333649,-0.05258010432038668,0.23742897466406598,0.15500658208161514,0.09194895651224304,0.11854104630065934,0.3251953376970342,0.23672466357829625,a_minor
0.0,0.0,0.0,-0.05714607238769531,-0.2070886492729187,-0.05624859374637481,-0.034060388803482056,-0.32781893014907837,-0.06330113080019828,-0.026507675647735596,-0.3025740683078766,-0.049168623654793464,-0.024861156940460205,-0.258794367313385,-0.0352934521126258,-0.004075527191162109,-0.20254403352737427,-0.06087139960999366,0.010447859764099121,-0.3515441119670868,-0.06841570106024619,0.01605623960494995,-0.43632715940475464,-0.06397800859684821,0.017247557640075684,-0.48993435502052307,-0.06256873127694007,0.041808247566223145,-0.1798609495162964,-0.061458561240385734,0.06110495328903198,-0.30656176805496216,-0.06990956482167121,0.06894302368164062,-0.3576650321483612,-0.07136590000862952,0.06190067529678345,-0.3797335624694824,-0.07385988500590202,0.15999489190603838,-0.09631154292494136,-0.05013675694063055,0.1378704344686592,-0.13074146839182893,-0.13128618796848782,-0.1792691760780993,0.04142427142013688,-0.143570822119333,0.08949243930095285,0.11885906833494342,-0.18823890211528363,0.2365222581795892,0.1537571923660152,0.4231916505637201,0.11943871126176946,0.625812869063589,0.5122874939799413,a_minor
0.0,0.0,0.0,-0.05411022901535034,-0.20560699701309204,-0.057641732604309937,-0.03334707021713257,-0.32661357522010803,-0.06456964752177896,-0.02710554003715515,-0.30177122354507446,-0.050370170832678696,-0.026863068342208862,-0.2585727572441101,-0.036311037004992386,-0.0025190114974975586,-0.20064473152160645,-0.06052145278553667,0.010488152503967285,-0.3498342037200928,-0.06794266691903772,0.016023457050323486,-0.4338523745536804,-0.06294662794570627,0.016533732414245605,-0.487451434135437,-0.06089685773949327,0.042449891567230225,-0.17829596996307373,-0.059887393475577255,0.059334397315979004,-0.304419606924057,-0.06959536960820856,0.06639105081558228,-0.3564639091491699,-0.07152257403831186,0.058324575424194336,-0.37909284234046936,-0.07368459841708841,0.01464140920722462,-0.1370058271756717,-0.08325708324502085,-0.19582715672445433,-0.11945154275087565,-0.16542912624373038,-0.029428483185156284,0.07272786013630578,0.10996262835376597,0.07514140849006717,0.18954870516489702,-0.1680358314629995,0.2342502798986777,0.1522458822258553,0.4780890919487891,0.11683999866016788,0.6879264553701989,0.5766612268923125,a_minor
