lm_0_x,lm_0_y,lm_0_z,lm_1_x,lm_1_y,lm_1_z,lm_2_x,lm_2_y,lm_2_z,lm_3_x,lm_3_y,lm_3_z,lm_4_x,lm_4_y,lm_4_z,lm_5_x,lm_5_y,lm_5_z,lm_6_x,lm_6_y,lm_6_z,lm_7_x,lm_7_y,lm_7_z,lm_8_x,lm_8_y,lm_8_z,lm_9_x,lm_9_y,lm_9_z,lm_10_x,lm_10_y,lm_10_z,lm_11_x,lm_11_y,lm_11_z,lm_12_x,lm_12_y,lm_12_z,lm_13_x,lm_13_y,lm_13_z,lm_14_x,lm_14_y,lm_14_z,lm_15_x,lm_15_y,lm_15_z,lm_16_x,lm_16_y,lm_16_z,lm_17_x,lm_17_y,lm_17_z,lm_18_x,lm_18_y,lm_18_z,lm_19_x,lm_19_y,lm_19_z,lm_20_x,lm_20_y,lm_20_z,label
0.0,0.0,0.0,-0.02848905324935913,-0.09082573652267456,-0.006872290291312311,-0.019411206245422363,-0.1976960003376007,-0.032367240649136875,0.014174491167068481,-0.26943492889404297,-0.05442071334687171,0.03969821333885193,-0.3121703863143921,-0.07520934568015036,-0.04573598504066467,-0.18672174215316772,-0.09942094610300956,0.012041568756103516,-0.30531442165374756,-0.13828405366507468,0.05277976393699646,-0.3576667904853821,-0.1545348726328939,0.08573171496391296,-0.39323118329048157,-0.16263909266558585,-0.01218143105506897,-0.13084310293197632,-0.11384192482796607,0.06879350543022156,-0.26593783497810364,-0.15320956335631308,0.06288474798202515,-0.23495638370513916,-0.14126301930514273,0.04228627681732178,-0.19129467010498047,-0.12922896073428092,0.02846476435661316,-0.08134150505065918,-0.12484299765196738,0.10382688045501709,-0.20611891150474548,-0.1489852778729528,0.09209412336349487,-0.1771301031112671,-0.11901539192763266,0.06944701075553894,-0.14128053188323975,-0.09611586109963355,0.07168936729431152,-0.03820163011550903,-0.13645723090735373,0.1331864595413208,-0.14906224608421326,-0.14076763020125327,0.12005212903022766,-0.13893860578536987,-0.11509979889956412,0.09467685222625732,-0.10868024826049805,-0.09694024549094138,am7
0.0,0.0,0.0,-0.028907209634780884,-0.08960455656051636,-0.005809134225444268,-0.021435528993606567,-0.19421592354774475,-0.030828192251817654,0.011453121900558472,-0.2634996473789215,-0.05244569422592349,0.03730994462966919,-0.3048349618911743,-0.07287663536061473,-0.046474337577819824,-0.18439966440200806,-0.10006056295623011,0.0098341703414917,-0.3026784658432007,-0.13901693688620753,0.050223201513290405,-0.3548683524131775,-0.15523966716517634,0.0831519067287445,-0.39081405103206635,-0.16331316100348658,-0.013289809226989746,-0.12893491983413696,-0.11501505540599055,0.066704660654068,-0.263837605714798,-0.15317610965956874,0.060795336961746216,-0.23229050636291504,-0.14026984142054744,0.04056653380393982,-0.1893520951271057,-0.12804445193995662,0.027010351419448853,-0.08013671636581421,-0.12654609547843165,0.10196992754936218,-0.20430272817611694,-0.14978287683715052,0.0901826024055481,-0.1749413013458252,-0.11953632848252482,0.06754899024963379,-0.13953638076782227,-0.09689602570523448,0.07044169306755066,-0.03765231370925903,-0.13865114318122096,0.13191157579421997,-0.14820945262908936,-0.14249945746649928,0.1191571056842804,-0.13776683807373047,-0.1167646007417602,0.09378808736801147,-0.10740071535110474,-0.09882329719056315,am7
0.0,0.0,0.0,-0.029139727354049683,-0.08949464559555054,-0.005002668985696346,-0.020875662565231323,-0.1939055323600769,-0.029409340509744197,0.012020647525787354,-0.263638973236084,-0.050473089256854564,0.03679394721984863,-0.30524682998657227,-0.07040116090473703,-0.04622626304626465,-0.18400508165359497,-0.09841067988571695,0.0091630220413208,-0.30193689465522766,-0.136978982874723,0.04935312271118164,-0.35479748249053955,-0.15327286619839242,0.08251756429672241,-0.3912220746278763,-0.16139078039822152,-0.013416796922683716,-0.12843221426010132,-0.11350940812525323,0.06544852256774902,-0.2636902332305908,-0.15121939677891305,0.059240877628326416,-0.23363932967185974,-0.13834971089062265,0.03963357210159302,-0.1913619041442871,-0.1261342902868705,0.026647597551345825,-0.07961916923522949,-0.1251400550096946,0.10077354311943054,-0.2046709656715393,-0.14791183073219827,0.08882567286491394,-0.1770712435245514,-0.11766264487204126,0.06641650199890137,-0.1424841284751892,-0.09501187402901223,0.07003375887870789,-0.03754472732543945,-0.13732935387787393,0.13065004348754883,-0.14840400218963623,-0.14071755010780862,0.11786317825317383,-0.14015555381774902,-0.11488448728022149,0.09266099333763123,-0.11152422428131104,-0.09685107220110467,am7
0.0,0.0,0.0,-0.029552161693572998,-0.08854424953460693,-0.005508563758667151,-0.022597670555114746,-0.19332599639892578,-0.030344077197696606,0.009966105222702026,-0.263474702835083,-0.051812180129672925,0.03497594594955444,-0.30538123846054077,-0.07212299182810966,-0.04809248447418213,-0.18230614066123962,-0.09906622841754142,0.006805092096328735,-0.30053508281707764,-0.13803132697739784,0.047293394804000854,-0.35327035188674927,-0.15463044568696205,0.0808817446231842,-0.3892967998981476,-0.1629911743084449,-0.015603125095367432,-0.12646353244781494,-0.11416331752934639,0.0628092885017395,-0.2632518410682678,-0.15295439287820045,0.05721694231033325,-0.23317819833755493,-0.14063043221631233,0.038199156522750854,-0.19039079546928406,-0.1285392276922721,0.024426579475402832,-0.07775682210922241,-0.1258180968443412,0.09830468893051147,-0.20409554243087769,-0.1494534842649955,0.08679795265197754,-0.17715537548065186,-0.11944292560019676,0.06461888551712036,-0.14260825514793396,-0.09670582487979118,0.0680181086063385,-0.03621262311935425,-0.1380495659986991,0.12897121906280518,-0.14845028519630432,-0.14234366342225258,0.11669886112213135,-0.14162009954452515,-0.11699237003722374,0.09173345565795898,-0.1140710711479187,-0.09911246672072593,am7
0.0,0.0,0.0,-0.030677735805511475,-0.08961498737335205,-0.0067109046105429115,-0.02343672513961792,-0.19639188051223755,-0.03154756776729073,0.008750677108764648,-0.26962393522262573,-0.05278862543144669,0.034468382596969604,-0.3156996965408325,-0.07266902081408944,-0.04790389537811279,-0.17860949039459229,-0.09959930084386315,0.006683766841888428,-0.2967754006385803,-0.13907617233434166,0.047880619764328,-0.3494110703468323,-0.15631793342271294,0.08180612325668335,-0.38563746213912964,-0.16511176429429497,-0.015404433012008667,-0.12323927879333496,-0.11442299835124459,0.06112104654312134,-0.2595228850841522,-0.15374787054696526,0.0551149845123291,-0.23130732774734497,-0.141948386055617,0.036168843507766724,-0.18905511498451233,-0.13033622406163659,0.024252593517303467,-0.07514083385467529,-0.1260067810837313,0.09606733918190002,-0.20172828435897827,-0.15023428104558434,0.08438795804977417,-0.17580252885818481,-0.12062580786385979,0.06206217408180237,-0.14179226756095886,-0.09816740356126274,0.06777492165565491,-0.03437185287475586,-0.1383288940016314,0.12746068835258484,-0.14657649397850037,-0.14314640961327996,0.11462059617042542,-0.1401941180229187,-0.11808189652600731,0.0891927182674408,-0.11219513416290283,-0.10039082072415795,am7
0.0,0.0,0.0,-0.029468178749084473,-0.08982115983963013,-0.00680507853672907,-0.0214652419090271,-0.19244986772537231,-0.03178688179747269,0.010678589344024658,-0.26168200373649597,-0.052853636853853914,0.0347173810005188,-0.30398687720298767,-0.07257130783096954,-0.04528367519378662,-0.17679330706596375,-0.10072256665722534,0.009223997592926025,-0.29431021213531494,-0.14063607942358658,0.05107012391090393,-0.34682655334472656,-0.15854222368494675,0.08541989326477051,-0.3834746181964874,-0.16763525497214005,-0.013507932424545288,-0.12140119075775146,-0.11513219069735214,0.06325611472129822,-0.2543396055698395,-0.15274512063757584,0.05734667181968689,-0.22757360339164734,-0.14008270990149185,0.03915512561798096,-0.18779310584068298,-0.12849866639868424,0.025393694639205933,-0.07306796312332153,-0.12636021565691635,0.09841650724411011,-0.1970374584197998,-0.14902191650168106,0.0865856409072876,-0.17355641722679138,-0.11901850294367478,0.06446278095245361,-0.14102956652641296,-0.09678579162851975,0.06872394680976868,-0.03183698654174805,-0.13843721937433884,0.1285361349582672,-0.14218229055404663,-0.14273365628019974,0.11605724692344666,-0.13929620385169983,-0.11758319329516098,0.09089097380638123,-0.1138184666633606,-0.09988726716534302,am7
0.0,0.0,0.0,-0.028542369604110718,-0.08988350629806519,-0.0072696312031723664,-0.020035237073898315,-0.19213205575942993,-0.03286152898138539,0.011960327625274658,-0.2599893808364868,-0.054287886310277145,0.035575032234191895,-0.3007352948188782,-0.07439319981997983,-0.0446895956993103,-0.17668595910072327,-0.10176096304124371,0.010069549083709717,-0.2927514612674713,-0.14184635325139539,0.05088907480239868,-0.34545743465423584,-0.15998412116235272,0.0846744179725647,-0.3829764127731323,-0.16939515813058392,-0.013020455837249756,-0.12035530805587769,-0.11606881215041653,0.06556111574172974,-0.25357580184936523,-0.15530660196012036,0.058476537466049194,-0.2260148525238037,-0.14337393089002148,0.03928345441818237,-0.1850062608718872,-0.13163710578149335,0.025830894708633423,-0.07113373279571533,-0.12703483744328992,0.09971949458122253,-0.19483882188796997,-0.15042776807015912,0.08721071481704712,-0.17299571633338928,-0.12038137956326977,0.06470930576324463,-0.14121171832084656,-0.09768624796336667,0.06882482767105103,-0.028988003730773926,-0.13883529051011578,0.12972408533096313,-0.13982030749320984,-0.14360175474351422,0.11756941676139832,-0.13976523280143738,-0.11857831670707242,0.0926227867603302,-0.11713802814483643,-0.10078160657351987,am7
0.0,0.0,0.0,-0.028095006942749023,-0.09003329277038574,-0.008376959718901844,-0.019075006246566772,-0.19249752163887024,-0.034111737281222076,0.015199631452560425,-0.2598288357257843,-0.05569650140418503,0.04194217920303345,-0.2999238967895508,-0.0759132569731662,-0.043780386447906494,-0.17793524265289307,-0.1004842808546016,0.011042594909667969,-0.29328179359436035,-0.14053339418782684,0.05164274573326111,-0.34511393308639526,-0.15893766936673615,0.08524593710899353,-0.3819023370742798,-0.16851480957879517,-0.012447386980056763,-0.12143158912658691,-0.11437852588309738,0.06639915704727173,-0.254169762134552,-0.15457018372430298,0.059763431549072266,-0.22681519389152527,-0.14392390009774658,0.04052114486694336,-0.18574783205986023,-0.13257210609330627,0.02657341957092285,-0.07216495275497437,-0.12507427391423676,0.10098621249198914,-0.1955030858516693,-0.14941366669549438,0.08847677707672119,-0.17318999767303467,-0.12039684411897156,0.06537997722625732,-0.1413993537425995,-0.09783186671151611,0.0697888433933258,-0.029641330242156982,-0.13666101452722046,0.13046979904174805,-0.1400335729122162,-0.14179526922120544,0.11805641651153564,-0.1392875611782074,-0.1170359319151828,0.09267950057983398,-0.11596560478210449,-0.09913230595006439,am7
0.0,0.0,0.0,-0.0277959406375885,-0.08939987421035767,-0.006845824472179629,-0.01827913522720337,-0.19058457016944885,-0.031031619343480088,0.016224801540374756,-0.254274845123291,-0.05162931378515623,0.04374435544013977,-0.2887197434902191,-0.07093715440066717,-0.040534645318984985,-0.18135681748390198,-0.09551694761546514,0.013328373432159424,-0.2946935296058655,-0.1353867925289478,0.05327996611595154,-0.34629544615745544,-0.1543803639295902,0.08656945824623108,-0.3834508955478668,-0.16436137031348608,-0.009896427392959595,-0.1254110336303711,-0.11006771545442007,0.06960844993591309,-0.2576202154159546,-0.1503130323770847,0.062278926372528076,-0.22701436281204224,-0.14065433810981176,0.04204180836677551,-0.18482133746147156,-0.12960220645697973,0.028637081384658813,-0.07564747333526611,-0.12145692627461813,0.10304731130599976,-0.19757378101348877,-0.14602891873153112,0.09013032913208008,-0.1719084084033966,-0.11746775876315496,0.0675986111164093,-0.13877838850021362,-0.09474171470435522,0.07120609283447266,-0.03126400709152222,-0.13362397025855444,0.13178732991218567,-0.14193063974380493,-0.13795085023673437,0.11909827589988708,-0.1372452676296234,-0.11228777240546606,0.09431955218315125,-0.11092805862426758,-0.09364683698447607,am7
0.0,0.0,0.0,-0.02616932988166809,-0.08826303482055664,-0.005646307378071924,-0.017521053552627563,-0.18810585141181946,-0.030851729105222603,0.01627647876739502,-0.25098955631256104,-0.052446348483670135,0.042273521423339844,-0.285589337348938,-0.07299934130440988,-0.03926292061805725,-0.18341797590255737,-0.09786513250600137,0.016004055738449097,-0.2985322177410126,-0.13762041729222574,0.05604523420333862,-0.349994421005249,-0.15634637873898782,0.08927088975906372,-0.3856663703918457,-0.16629603307973184,-0.007823079824447632,-0.12688994407653809,-0.11206307810078897,0.07001268863677979,-0.2591851055622101,-0.15089040797482767,0.06405463814735413,-0.22870242595672607,-0.13987530570756235,0.04534912109375,-0.18787279725074768,-0.1286020855260972,0.031016170978546143,-0.07661557197570801,-0.12268709939252176,0.10397502779960632,-0.1989240050315857,-0.14537787240277567,0.0919797420501709,-0.17382246255874634,-0.11463380407820978,0.07020315527915955,-0.14040231704711914,-0.0912158618522767,0.0725354254245758,-0.032454609870910645,-0.13396017056237497,0.1338443160057068,-0.14226529002189636,-0.13785704773198404,0.1225329041481018,-0.14047515392303467,-0.11185173493157663,0.09881576895713806,-0.11825239658355713,-0.09317113261948862,am7
0.0,0.0,0.0,-0.024730563163757324,-0.08887988328933716,-0.004469618054855573,-0.014317989349365234,-0.19005423784255981,-0.028441545407105195,0.019683510065078735,-0.2543739080429077,-0.04918460067622732,0.046005457639694214,-0.2908661663532257,-0.06888999682180952,-0.03571796417236328,-0.18557029962539673,-0.09619296979420255,0.021082162857055664,-0.3010188937187195,-0.1343642685961015,0.0613541305065155,-0.3509977459907532,-0.15095681589357923,0.09490084648132324,-0.38429464399814606,-0.15920071941130232,-0.004515022039413452,-0.13007187843322754,-0.11036724489443372,0.07493212819099426,-0.2596779465675354,-0.1466423187803514,0.06828573346138,-0.22759774327278137,-0.13362162452452253,0.04874062538146973,-0.1866174340248108,-0.12143249701969694,0.03373241424560547,-0.08039450645446777,-0.12108178328983854,0.10834065079689026,-0.20078974962234497,-0.14280793708078932,0.0960383415222168,-0.1728169322013855,-0.11236459654085706,0.07487022876739502,-0.13821351528167725,-0.08946747225039076,0.07482069730758667,-0.03609573841094971,-0.13218025010340284,0.13743922114372253,-0.14452385902404785,-0.13440852504484724,0.12510430812835693,-0.136355459690094,-0.1079045821379907,0.10109630227088928,-0.10781776905059814,-0.0893644232701547,am7
0.0,0.0,0.0,-0.023388564586639404,-0.08880656957626343,-0.004696966012915027,-0.009992003440856934,-0.190214604139328,-0.02817330775221194,0.026281744241714478,-0.2542532980442047,-0.047853286242087734,0.05507659912109375,-0.28905197978019714,-0.0662908208127817,-0.03056827187538147,-0.18496060371398926,-0.09788771984537448,0.025443583726882935,-0.3028567135334015,-0.13622492817600573,0.0659227967262268,-0.35331788659095764,-0.15225313869675006,0.10011520981788635,-0.3850782960653305,-0.15962378946503009,0.0007867515087127686,-0.12983167171478271,-0.11115186182220782,0.07979270815849304,-0.2604043483734131,-0.14724929896553363,0.07195654511451721,-0.2292833924293518,-0.13342955974300708,0.05206167697906494,-0.1881573498249054,-0.12018571314771975,0.03840196132659912,-0.08084022998809814,-0.12085403022726382,0.11186292767524719,-0.20097431540489197,-0.14233887461384143,0.0987357497215271,-0.17435404658317566,-0.1116288181897005,0.07786187529563904,-0.1405162215232849,-0.08804473546703662,0.0786832869052887,-0.036473631858825684,-0.1308868703003725,0.1415984332561493,-0.14452707767486572,-0.1322446492071947,0.12953969836235046,-0.13914403319358826,-0.10524452743490542,0.10600772500038147,-0.11241602897644043,-0.08613050249775256,am7
0.0,0.0,0.0,-0.02012801170349121,-0.08895480632781982,-0.0023602378680038782,-0.005967855453491211,-0.18933138251304626,-0.02319748966345969,0.02911686897277832,-0.2524653971195221,-0.041170642584063444,0.05871349573135376,-0.2890734374523163,-0.0579367660577077,-0.022581130266189575,-0.19244760274887085,-0.08869772484848681,0.033576130867004395,-0.3098665475845337,-0.12568135639975253,0.07468128204345703,-0.35973910987377167,-0.1419623353178281,0.10866272449493408,-0.3902469128370285,-0.14949320337126437,0.0070514976978302,-0.13760557770729065,-0.1018653669054288,0.086220383644104,-0.2642759382724762,-0.13730439624140445,0.07806825637817383,-0.2343037724494934,-0.12580284556696597,0.05675390362739563,-0.1946815848350525,-0.1135656990701932,0.043541789054870605,-0.08711844682693481,-0.11140026232550326,0.11823901534080505,-0.20505917072296143,-0.13311255058596316,0.10447248816490173,-0.17883118987083435,-0.10430421760628406,0.08224311470985413,-0.1454717516899109,-0.08114763429711047,0.08208265900611877,-0.04076993465423584,-0.12090992262909595,0.14729729294776917,-0.14427679777145386,-0.12381395778010074,0.13550326228141785,-0.13953882455825806,-0.09817995956490222,0.11217740178108215,-0.11470222473144531,-0.07889746954987231,am7
0.0,0.0,0.0,-0.02179589867591858,-0.08787578344345093,-0.0016839516434572488,-0.008639872074127197,-0.18974390625953674,-0.022197022041467562,0.027595549821853638,-0.2550903856754303,-0.040541517486957446,0.05757451057434082,-0.2947269082069397,-0.05753231694379224,-0.02516460418701172,-0.1940315067768097,-0.08522426610269918,0.029878318309783936,-0.3146311640739441,-0.11947198485412969,0.07121852040290833,-0.36501431465148926,-0.13176504050770177,0.10472181439399719,-0.3937871754169464,-0.13641460513153447,0.004007607698440552,-0.14172837138175964,-0.09833047812261952,0.08170360326766968,-0.2678930461406708,-0.13399775599518193,0.07548186182975769,-0.23656073212623596,-0.12151111190595998,0.055092304944992065,-0.19544416666030884,-0.10762477194347753,0.04036903381347656,-0.09271770715713501,-0.10769952361860646,0.11424589157104492,-0.20967862010002136,-0.1297147152332343,0.10208415985107422,-0.18124553561210632,-0.10038863395729436,0.08047661185264587,-0.14662566781044006,-0.0762668279317893,0.07795760035514832,-0.047844767570495605,-0.11690046166458501,0.14226961135864258,-0.14739060401916504,-0.11935299163141622,0.13043487071990967,-0.13927209377288818,-0.09374252980032338,0.10675409436225891,-0.11317551136016846,-0.07430002366581334,am7
0.0,0.0,0.0,-0.02256426215171814,-0.08886682987213135,0.00029706733278089814,-0.009055405855178833,-0.18839585781097412,-0.019859154015080094,0.02889925241470337,-0.2511281669139862,-0.03803082393039858,0.061257004737854004,-0.2854000926017761,-0.0551053604625622,-0.022649258375167847,-0.19765877723693848,-0.08583239675988352,0.03320509195327759,-0.31863167881965637,-0.12024177820910609,0.07471537590026855,-0.36722150444984436,-0.13365752459992564,0.10932481288909912,-0.3943699598312378,-0.13918719650735056,0.00628092885017395,-0.14501136541366577,-0.09945821227063334,0.08523616194725037,-0.2691275477409363,-0.13239953876961863,0.07845783233642578,-0.2384556233882904,-0.11920304061402476,0.05779954791069031,-0.19913995265960693,-0.10608466924657023,0.0426672101020813,-0.09610891342163086,-0.10910955281485712,0.11885061860084534,-0.2131013572216034,-0.12863107980717814,0.10643267631530762,-0.18604153394699097,-0.09962755651702082,0.08406445384025574,-0.15160635113716125,-0.07693336369027293,0.08045291900634766,-0.05155974626541138,-0.11850486905802882,0.1458665132522583,-0.15004417300224304,-0.11947793723572886,0.1341927945613861,-0.14279288053512573,-0.09379079402913248,0.11022761464118958,-0.11727827787399292,-0.07477700175275004,am7
0.0,0.0,0.0,-0.022623330354690552,-0.08868604898452759,0.0005365644396704283,-0.008845359086990356,-0.19063514471054077,-0.018471959985191688,0.02937033772468567,-0.2557825744152069,-0.03602933139293896,0.06316423416137695,-0.29160305857658386,-0.05242029578178631,-0.022274523973464966,-0.20027384161949158,-0.08112780750482784,0.03267639875411987,-0.3212882876396179,-0.11365125328987347,0.07438328862190247,-0.36850686371326447,-0.12583024055450664,0.10826608538627625,-0.3948759436607361,-0.13102024049251781,0.0062992870807647705,-0.14911594986915588,-0.09488271177499996,0.08373439311981201,-0.2727596163749695,-0.1284587159821342,0.0796162486076355,-0.24136698246002197,-0.11707453430383907,0.06028968095779419,-0.20093965530395508,-0.10488374531954037,0.042727261781692505,-0.09994819760322571,-0.10466532409876095,0.1183006763458252,-0.21563398838043213,-0.12515544146984325,0.10804745554924011,-0.18698972463607788,-0.09767027945011364,0.08581826090812683,-0.15159904956817627,-0.07561059296816097,0.08056437969207764,-0.05555880069732666,-0.11410617083996044,0.14649748802185059,-0.1518484652042389,-0.11660321057527767,0.1358948051929474,-0.14351609349250793,-0.09255695343702541,0.11176913976669312,-0.11836850643157959,-0.07439590991228329,am7
0.0,0.0,0.0,-0.022007226943969727,-0.08886128664016724,0.0013483518413011097,-0.006134599447250366,-0.19106045365333557,-0.016838233787126455,0.034356147050857544,-0.25519514083862305,-0.033768681678481016,0.06911295652389526,-0.2898758351802826,-0.04966381737918368,-0.01904165744781494,-0.20190566778182983,-0.07922792235345355,0.03630870580673218,-0.3230043053627014,-0.11129053482741824,0.07793742418289185,-0.3694596290588379,-0.12325201729268542,0.11218288540840149,-0.39578868448734283,-0.12835475603074542,0.00963437557220459,-0.15108278393745422,-0.0934313292238187,0.08727222681045532,-0.27403271198272705,-0.12652146616906634,0.08115342259407043,-0.2418767213821411,-0.1148219535681676,0.06124868988990784,-0.20226749777793884,-0.10235515782565585,0.04545325040817261,-0.10211974382400513,-0.10370722958774081,0.12105286121368408,-0.21653041243553162,-0.1236015687319707,0.10881498456001282,-0.1870405077934265,-0.09560669759244433,0.08629292249679565,-0.15267029404640198,-0.0732466037008237,0.08256796002388,-0.05711621046066284,-0.11368427226275912,0.1483055055141449,-0.15302735567092896,-0.1153238023254346,0.13712158799171448,-0.14400091767311096,-0.09052473852366916,0.1134798526763916,-0.11927187442779541,-0.07191154906482211,am7
0.0,0.0,0.0,-0.02333354949951172,-0.08856505155563354,0.0016315465109357774,-0.008286058902740479,-0.19222578406333923,-0.01648221621141488,0.03278261423110962,-0.2582325339317322,-0.03359249690399224,0.06845468282699585,-0.29423102736473083,-0.049830165597057885,-0.022591769695281982,-0.2031014859676361,-0.0769161739371782,0.03290355205535889,-0.32398730516433716,-0.10678257131800706,0.07388049364089966,-0.3701079189777374,-0.11702583068833405,0.10723370313644409,-0.3965340405702591,-0.12166950935349519,0.006443291902542114,-0.1540355086326599,-0.0913245835326677,0.08405536413192749,-0.2769155502319336,-0.12379466825947816,0.0806041955947876,-0.24304580688476562,-0.11247097039446885,0.06265977025032043,-0.2038964033126831,-0.10058170640692765,0.04288160800933838,-0.10610198974609375,-0.10165190035328919,0.11938142776489258,-0.22070825099945068,-0.1200067558310991,0.10895732045173645,-0.189159095287323,-0.09111642176137025,0.08718949556350708,-0.15400707721710205,-0.0688367568872934,0.07993710041046143,-0.06197422742843628,-0.11183609152064378,0.145158052444458,-0.15738579630851746,-0.11332371914610917,0.13430193066596985,-0.14640402793884277,-0.08909769439921433,0.11099672317504883,-0.12186187505722046,-0.0712159358881479,am7
0.0,0.0,0.0,-0.023261696100234985,-0.08968043327331543,0.0011940151347999972,-0.008230865001678467,-0.1932470202445984,-0.016638653130527814,0.03230729699134827,-0.259673535823822,-0.03326870665073045,0.06763485074043274,-0.2973552644252777,-0.04875897035121568,-0.02123183012008667,-0.20325088500976562,-0.07720730245232232,0.03312298655509949,-0.32413196563720703,-0.10826518923163064,0.07401213049888611,-0.3694308251142502,-0.11924472242712625,0.10779067873954773,-0.394861564040184,-0.12387082517265924,0.00777849555015564,-0.15447890758514404,-0.09151416808485635,0.0852237343788147,-0.2788087725639343,-0.12369574397921212,0.0802023708820343,-0.24525263905525208,-0.1113400661957229,0.06162828207015991,-0.20610323548316956,-0.09849502682804712,0.043925732374191284,-0.10706597566604614,-0.1020816022169555,0.12012624740600586,-0.22240445017814636,-0.12053943216919549,0.10803467035293579,-0.19155848026275635,-0.0916562134039367,0.08601126074790955,-0.1569378674030304,-0.06906538248180993,0.08145055174827576,-0.062332093715667725,-0.11258447706818231,0.14616543054580688,-0.15929678082466125,-0.11374668568491586,0.13479024171829224,-0.15032655000686646,-0.08920050948977121,0.11144787073135376,-0.12630024552345276,-0.07089370280623086,am7
0.0,0.0,0.0,-0.02272149920463562,-0.09036433696746826,-0.0010579181784038383,-0.008899033069610596,-0.1960839033126831,-0.019622858957873746,0.03053608536720276,-0.26460134983062744,-0.03653221053026812,0.06591787934303284,-0.30485567450523376,-0.05210331675552027,-0.022618263959884644,-0.20280787348747253,-0.0790868386342396,0.03131401538848877,-0.3226070702075958,-0.11144028452180521,0.07207894325256348,-0.3688562959432602,-0.12396078404925959,0.10641017556190491,-0.396011620759964,-0.12990616855167048,0.007151186466217041,-0.15408983826637268,-0.09293604490302698,0.08535751700401306,-0.27698665857315063,-0.12616994080089228,0.08076387643814087,-0.24402719736099243,-0.11471672949336664,0.06152591109275818,-0.20465770363807678,-0.10280197706960337,0.04333093762397766,-0.10647696256637573,-0.10337813791774408,0.11959686875343323,-0.22150608897209167,-0.12293125537179606,0.1082746684551239,-0.1892867386341095,-0.09418991056226389,0.08586162328720093,-0.15378952026367188,-0.07183208164714472,0.0804452896118164,-0.06141477823257446,-0.11403534409545557,0.14525660872459412,-0.15789031982421875,-0.11671317216895716,0.1342604160308838,-0.14751991629600525,-0.09284502861045496,0.1106952428817749,-0.12177860736846924,-0.0751251041605343,am7
0.0,0.0,0.0,-0.022023290395736694,-0.0914849042892456,-0.0027165400409501217,-0.00866323709487915,-0.19878628849983215,-0.021830370564515533,0.02984979748725891,-0.2698128819465637,-0.03851388013785595,0.06299299001693726,-0.31155216693878174,-0.05352608105962986,-0.02333948016166687,-0.1999914050102234,-0.08416099092787022,0.031346797943115234,-0.32207536697387695,-0.11602190873449558,0.07190439105033875,-0.3681294918060303,-0.12671967587297672,0.10569310188293457,-0.3952195793390274,-0.13130403301542515,0.0077446699142456055,-0.14952388405799866,-0.0973625405771088,0.0858488380908966,-0.27279895544052124,-0.12846056363409275,0.07898777723312378,-0.23941296339035034,-0.11374220243519062,0.05809330940246582,-0.20034313201904297,-0.10022663316553349,0.044114381074905396,-0.10126262903213501,-0.10733643165653461,0.11911067366600037,-0.21672865748405457,-0.12562384447878117,0.1077372133731842,-0.1844707429409027,-0.09551664433305973,0.0856960117816925,-0.14905768632888794,-0.0728707238179993,0.08161306381225586,-0.05559343099594116,-0.11771985134905094,0.1452445089817047,-0.15289238095283508,-0.11984781167333836,0.13513264060020447,-0.14384245872497559,-0.09574615201776737,0.11179423332214355,-0.11795544624328613,-0.07833111277645344,am7
0.0,0.0,0.0,-0.022500693798065186,-0.09191209077835083,-0.0037165579726519127,-0.010965526103973389,-0.1988128125667572,-0.025152716074657633,0.025578856468200684,-0.26975372433662415,-0.04408706839807053,0.05600288510322571,-0.3147660791873932,-0.06153129528887291,-0.028555363416671753,-0.19743579626083374,-0.09100369106657524,0.027589619159698486,-0.3192548155784607,-0.1237222750080349,0.06810301542282104,-0.36529549956321716,-0.1338022772563221,0.1014719009399414,-0.3921400159597397,-0.13799448053963204,0.003733724355697632,-0.1443050503730774,-0.1047592435372593,0.08227258920669556,-0.2679101228713989,-0.13710163276321907,0.07336622476577759,-0.23570924997329712,-0.12140042822487374,0.051111310720443726,-0.19685447216033936,-0.10760775696165581,0.041191667318344116,-0.09480935335159302,-0.11510102938540001,0.11563417315483093,-0.21281737089157104,-0.13429325561649819,0.10343322157859802,-0.18122616410255432,-0.10277675579912682,0.08100652694702148,-0.1448535919189453,-0.07957147549517174,0.07957717776298523,-0.04912304878234863,-0.12593947093613167,0.14308932423591614,-0.14950138330459595,-0.12942112724907417,0.1317254900932312,-0.14161401987075806,-0.1052889276636364,0.10736870765686035,-0.1156267523765564,-0.08806114386446495,am7
0.0,0.0,0.0,-0.022897422313690186,-0.09080487489700317,-0.004318275203019084,-0.012307733297348022,-0.1990843117237091,-0.025417115253418388,0.02359950542449951,-0.2728685140609741,-0.043721034836977424,0.05404612421989441,-0.3195697069168091,-0.06048230798265308,-0.027238845825195312,-0.195255309343338,-0.09144811303636402,0.027473121881484985,-0.31796544790267944,-0.12513722450754017,0.06796640157699585,-0.36453239619731903,-0.13661500782987446,0.1015244722366333,-0.39194364845752716,-0.14173226029893726,0.004424303770065308,-0.14267456531524658,-0.10456667811891407,0.083554208278656,-0.26691943407058716,-0.13717299671193928,0.07522523403167725,-0.23593899607658386,-0.12266968907138676,0.05369117856025696,-0.1987328827381134,-0.10984949739000172,0.041625022888183594,-0.09416931867599487,-0.11425911606571049,0.11523479223251343,-0.21205422282218933,-0.1335040775062737,0.10314851999282837,-0.18217995762825012,-0.10312654794475407,0.0809544026851654,-0.1475405991077423,-0.08082178951522678,0.08005404472351074,-0.04937911033630371,-0.12449170620462269,0.14305788278579712,-0.15023455023765564,-0.1284633424999413,0.13242417573928833,-0.14559495449066162,-0.10525137157461018,0.10875356197357178,-0.12268412113189697,-0.08856335998794407,am7
0.0,0.0,0.0,-0.02324044704437256,-0.09011399745941162,-0.004874813583882087,-0.013494700193405151,-0.19923746585845947,-0.02748380343356871,0.02162793278694153,-0.27440136671066284,-0.04685560542085909,0.0515407919883728,-0.3233867287635803,-0.0645603828404262,-0.03096863627433777,-0.19015955924987793,-0.09771302270630144,0.024183690547943115,-0.314725399017334,-0.13166620510557436,0.06443604826927185,-0.36225515604019165,-0.14194714206198,0.09788006544113159,-0.3889785259962082,-0.14611824530103945,0.0007900893688201904,-0.13635703921318054,-0.11057311224678301,0.08009609580039978,-0.2649831473827362,-0.14356367963293337,0.07215249538421631,-0.23480930924415588,-0.12727951186636233,0.05149504542350769,-0.1962854266166687,-0.11331070142725252,0.03823280334472656,-0.08805131912231445,-0.11968969481924319,0.11178132891654968,-0.20991730690002441,-0.13835907655695223,0.09982681274414062,-0.1807265281677246,-0.10612031000593447,0.07834523916244507,-0.14453870058059692,-0.08289945798853182,0.07697957754135132,-0.044424355030059814,-0.1294148631666019,0.1406974196434021,-0.14748039841651917,-0.13306809144953036,0.12968823313713074,-0.1440008282661438,-0.10952310937383913,0.10596075654029846,-0.12092134356498718,-0.09289906102159762,am7
0.0,0.0,0.0,-0.025178968906402588,-0.08725768327713013,-0.003383167916496177,-0.015768855810165405,-0.1922212541103363,-0.024766937028203984,0.020312994718551636,-0.2629685401916504,-0.04311841739300348,0.05124175548553467,-0.3056430220603943,-0.05993417290929415,-0.03201085329055786,-0.18860507011413574,-0.09489537788513758,0.022784382104873657,-0.3135044276714325,-0.12920669479254343,0.0637100338935852,-0.3601229190826416,-0.14070510132197,0.09843957424163818,-0.3871179074048996,-0.1454108731258259,0.0006101429462432861,-0.13612911105155945,-0.10838253064039804,0.08034023642539978,-0.2641400396823883,-0.14040055138949015,0.07216233015060425,-0.23502469062805176,-0.12489439560059168,0.050940513610839844,-0.19673338532447815,-0.11168849481228449,0.038361430168151855,-0.08921176195144653,-0.11824414892080881,0.11183193325996399,-0.20978301763534546,-0.13667892677668192,0.09971770644187927,-0.18036454916000366,-0.10617003602865793,0.07802867889404297,-0.1452023684978485,-0.08415291471365549,0.07758873701095581,-0.046625494956970215,-0.12850468618754007,0.14010977745056152,-0.1491268277168274,-0.13044167322996714,0.12908920645713806,-0.14216047525405884,-0.10604705674532511,0.10525593161582947,-0.11624783277511597,-0.08911096317652323,am7
0.0,0.0,0.0,-0.02475324273109436,-0.08739650249481201,-0.003280253851642101,-0.015867948532104492,-0.19094118475914001,-0.025118092078571408,0.018839776515960693,-0.2599394917488098,-0.04384517111242303,0.048543453216552734,-0.30212923884391785,-0.0610910635477353,-0.03176620602607727,-0.1864669919013977,-0.09738465585172662,0.023449957370758057,-0.3110382854938507,-0.13360262103736886,0.06462249159812927,-0.357927143573761,-0.14679488726318368,0.09948831796646118,-0.38525694608688354,-0.15246105380714425,0.0006223022937774658,-0.13357949256896973,-0.1110917124933053,0.08051463961601257,-0.2617325186729431,-0.14431463368595132,0.07154420018196106,-0.23170942068099976,-0.12856820412338266,0.05028420686721802,-0.19245153665542603,-0.11502786167324075,0.037959665060043335,-0.08638864755630493,-0.12117299624145517,0.11181756854057312,-0.2063695788383484,-0.14025666006267556,0.09891244769096375,-0.1768730878829956,-0.10904675163686761,0.07740321755409241,-0.1410565972328186,-0.0863879639691163,0.07717826962471008,-0.04369586706161499,-0.13167764433086404,0.1408941149711609,-0.14645779132843018,-0.1342807281798173,0.12912040948867798,-0.14032864570617676,-0.10958868451774606,0.1051541268825531,-0.11418414115905762,-0.09222471155584344,am7
0.0,0.0,0.0,-0.023881107568740845,-0.08924531936645508,-0.004176954192359972,-0.014070689678192139,-0.19408470392227173,-0.02684118544055991,0.02133283019065857,-0.26544424891471863,-0.045618570794601965,0.05041617155075073,-0.30840814113616943,-0.06273709555460982,-0.031967490911483765,-0.18482327461242676,-0.10021139254166656,0.02493196725845337,-0.3075782358646393,-0.13617229034497313,0.06465911865234375,-0.355379581451416,-0.14925825168683104,0.09781754016876221,-0.3834909349679947,-0.15512097944809966,0.0008383393287658691,-0.1305750012397766,-0.11290484984709792,0.08148667216300964,-0.2597601115703583,-0.14588701297833495,0.07310265302658081,-0.2322726845741272,-0.12975880076481872,0.05202549695968628,-0.19430330395698547,-0.11614107658459716,0.03817504644393921,-0.0835641622543335,-0.12176720370842986,0.11293232440948486,-0.20550239086151123,-0.1403748350341516,0.09991306066513062,-0.18060964345932007,-0.10920802821709685,0.07744818925857544,-0.1470319926738739,-0.08680624832703643,0.07703813910484314,-0.04184436798095703,-0.13103000392510467,0.14115121960639954,-0.14470136165618896,-0.13397056927277617,0.1301414668560028,-0.1437338888645172,-0.11021399070813231,0.10636064410209656,-0.12229615449905396,-0.09357112963988357,am7
0.0,0.0,0.0,-0.023264318704605103,-0.08926278352737427,-0.0026277660000459946,-0.014067590236663818,-0.1891270875930786,-0.02366231173084543,0.020602524280548096,-0.25420263409614563,-0.040655893979533175,0.050161123275756836,-0.29078003764152527,-0.05590100750134752,-0.030089974403381348,-0.1872706115245819,-0.09669247060821817,0.025838583707809448,-0.30615872144699097,-0.13433642476604746,0.06680253148078918,-0.35388678312301636,-0.1509248146395521,0.1017199456691742,-0.3834482729434967,-0.15882004588650034,0.002119898796081543,-0.13246765732765198,-0.10923986673162744,0.08386746048927307,-0.25798243284225464,-0.14128064900444315,0.07507005333900452,-0.2303985357284546,-0.126419884858592,0.05368220806121826,-0.19327321648597717,-0.11374000996158884,0.0388278067111969,-0.08490145206451416,-0.11807697057531641,0.11395144462585449,-0.20297491550445557,-0.13606770127819345,0.10019740462303162,-0.17948442697525024,-0.10602441221283243,0.07812586426734924,-0.14750736951828003,-0.08411229938076303,0.07758745551109314,-0.04186493158340454,-0.12713165372417734,0.14154061675071716,-0.14412713050842285,-0.1279797235112028,0.13011443614959717,-0.1418866515159607,-0.10265463381813333,0.10672038793563843,-0.11839920282363892,-0.08484203159616754,am7
0.0,0.0,0.0,-0.02165624499320984,-0.08811259269714355,-0.002510067183123965,-0.010011076927185059,-0.18674424290657043,-0.022472339324252744,0.024599552154541016,-0.24987110495567322,-0.039234506539600034,0.05495721101760864,-0.2831789553165436,-0.054386189780728955,-0.024444490671157837,-0.18983957171440125,-0.08887516950775876,0.029816359281539917,-0.30723267793655396,-0.12546185647656216,0.07092240452766418,-0.3530241847038269,-0.14189457391907467,0.10630771517753601,-0.381246879696846,-0.14979290460755124,0.006473958492279053,-0.1369204819202423,-0.10143112634827389,0.08634328842163086,-0.2582375407218933,-0.13480652367283597,0.07622286677360535,-0.2271479070186615,-0.12281310801913037,0.05402675271034241,-0.18904602527618408,-0.11126951371838345,0.042915672063827515,-0.08931130170822144,-0.11042251681496396,0.11668196320533752,-0.20384502410888672,-0.12991326545883908,0.10176604986190796,-0.1769145429134369,-0.101376595548885,0.08002364635467529,-0.1441720426082611,-0.07956272607256665,0.08077529072761536,-0.045379579067230225,-0.11955917125155224,0.14381781220436096,-0.14677995443344116,-0.12056552862335934,0.13029798865318298,-0.13871797919273376,-0.09473550563265576,0.1068272590637207,-0.11168450117111206,-0.07608316337277188,am7
0.0,0.0,0.0,-0.02072983980178833,-0.08745509386062622,-0.0016360303079920868,-0.006825059652328491,-0.18569356203079224,-0.02072642421538262,0.029554367065429688,-0.24642974138259888,-0.03788817910665898,0.061323344707489014,-0.2803075313568115,-0.05400424687380223,-0.01906287670135498,-0.19372180104255676,-0.08023930577749638,0.034335702657699585,-0.31138360500335693,-0.11530722914451985,0.07615664601325989,-0.35740864276885986,-0.1310619512032929,0.1114402711391449,-0.3842092305421829,-0.13818479566091924,0.009939998388290405,-0.14256268739700317,-0.09280704198593526,0.0892486572265625,-0.25881367921829224,-0.12612781910414128,0.07874622941017151,-0.2290756106376648,-0.11593906073088078,0.05500909686088562,-0.19238346815109253,-0.10468950359339146,0.04502230882644653,-0.09439539909362793,-0.10206119207853703,0.11838462948799133,-0.20631378889083862,-0.12208843467945485,0.10313016176223755,-0.18001937866210938,-0.09530669687504201,0.08021759986877441,-0.1482079029083252,-0.07362756369823842,0.08075347542762756,-0.049614906311035156,-0.1113441982697907,0.1446782946586609,-0.14746230840682983,-0.1134702288937035,0.1319044828414917,-0.141081303358078,-0.08895049480909734,0.10827285051345825,-0.11637023091316223,-0.07027474282497792,am7
0.0,0.0,0.0,-0.018837958574295044,-0.08794039487838745,-0.0010666186137342493,-0.003619939088821411,-0.18707025051116943,-0.018544057515285317,0.033268123865127563,-0.2484501600265503,-0.03396458378138334,0.0648263692855835,-0.28215309977531433,-0.04794591492118627,-0.01525232195854187,-0.19526994228363037,-0.07697355201544553,0.036519140005111694,-0.3121016025543213,-0.10960432341398985,0.07803431153297424,-0.3565889596939087,-0.12369875809254438,0.11313113570213318,-0.3832518756389618,-0.13012033155264646,0.01350778341293335,-0.14453920722007751,-0.08924995562138349,0.09225273132324219,-0.2601340115070343,-0.12203152677120954,0.08350235223770142,-0.23302888870239258,-0.11281199952664167,0.0606270432472229,-0.1974136233329773,-0.10195284536185056,0.047599852085113525,-0.09581488370895386,-0.09794783791603834,0.12114515900611877,-0.20653825998306274,-0.1175157373219946,0.10872659087181091,-0.1830769181251526,-0.0916099493772009,0.0865580141544342,-0.15267032384872437,-0.07023973962368757,0.08159807324409485,-0.05040234327316284,-0.10662077566685468,0.14729043841362,-0.14464569091796875,-0.1094734018117407,0.13756486773490906,-0.14385661482810974,-0.08668328275980741,0.11489608883857727,-0.12547975778579712,-0.06884665241541654,am7
0.0,0.0,0.0,-0.020136475563049316,-0.08651238679885864,-0.0015350560484392872,-0.003297567367553711,-0.18491911888122559,-0.019529660587565445,0.035163164138793945,-0.24521172046661377,-0.035948387702362083,0.0672869086265564,-0.2779909074306488,-0.05114012153948977,-0.014789462089538574,-0.19572928547859192,-0.0748570332130356,0.03678947687149048,-0.3112850785255432,-0.1064274752339287,0.07753586769104004,-0.3558352291584015,-0.11910363229121401,0.11234980821609497,-0.3823927193880081,-0.12477634044493868,0.013682961463928223,-0.14696574211120605,-0.08777161630000307,0.09347224235534668,-0.25985050201416016,-0.12210635783280566,0.08299341797828674,-0.2283383011817932,-0.11330164911355212,0.05932813882827759,-0.19100990891456604,-0.1021446058353348,0.04774370789527893,-0.09855401515960693,-0.09721767844762041,0.12133088707923889,-0.20457535982131958,-0.1180420884689255,0.10687881708145142,-0.17531701922416687,-0.09146887751425936,0.08412498235702515,-0.14308160543441772,-0.06937787624205782,0.08154910802841187,-0.0531005859375,-0.10670908482875063,0.14656919240951538,-0.145015686750412,-0.10885826440657809,0.1338166892528534,-0.1353185474872589,-0.08450709970797732,0.10929355025291443,-0.11031264066696167,-0.06593171449507906,am7
0.0,0.0,0.0,-0.017905056476593018,-0.08705481886863708,0.0001100571821837093,0.0007835626602172852,-0.18504002690315247,-0.016503854124010786,0.04026508331298828,-0.24484992027282715,-0.032162739364565596,0.07262217998504639,-0.27811506390571594,-0.04671740758246301,-0.009949326515197754,-0.19672060012817383,-0.07018702703541635,0.04287099838256836,-0.3111734390258789,-0.10037344920462488,0.08297485113143921,-0.35486985743045807,-0.11223660635775445,0.11699420213699341,-0.38094089925289154,-0.11743736493414758,0.017364919185638428,-0.14770281314849854,-0.08359298336333154,0.0971144437789917,-0.258525550365448,-0.11697802918976663,0.08697062730789185,-0.226446270942688,-0.10864813107079385,0.06379592418670654,-0.18965116143226624,-0.0977692254168403,0.050559669733047485,-0.0988752543926239,-0.09349199610775827,0.12446311116218567,-0.20290297269821167,-0.11369865614003061,0.10995668172836304,-0.17304471135139465,-0.08786079513853906,0.08728346228599548,-0.1416321098804474,-0.06624710041111825,0.08383190631866455,-0.05305677652359009,-0.10330323356217264,0.14930933713912964,-0.143090158700943,-0.10518771636313318,0.13714057207107544,-0.1338791847229004,-0.08130229490822671,0.11329028010368347,-0.11066299676895142,-0.0629358388764274,am7
0.0,0.0,0.0,-0.01862683892250061,-0.08602237701416016,0.00026488619053566254,-0.0014251172542572021,-0.18449676036834717,-0.01656553471681832,0.03718656301498413,-0.2466352880001068,-0.032698690390560614,0.06923288106918335,-0.28278759121894836,-0.047741047537300574,-0.013118475675582886,-0.19619432091712952,-0.06965777972934006,0.041230082511901855,-0.3096505403518677,-0.0988961974739766,0.08160534501075745,-0.3519447445869446,-0.10905037770268677,0.11562773585319519,-0.37612679600715637,-0.11309880713221787,0.014181584119796753,-0.14835485816001892,-0.08317249963280915,0.09559574723243713,-0.2558138370513916,-0.1153274993061757,0.08507987856864929,-0.2230280041694641,-0.10553357700106858,0.0609508752822876,-0.1875239610671997,-0.09403473088738679,0.04757004976272583,-0.09996125102043152,-0.09333067337271927,0.1224016547203064,-0.20022642612457275,-0.11320964196917771,0.10780534148216248,-0.1686331033706665,-0.08684827337262391,0.08461424708366394,-0.137067049741745,-0.06530103037354706,0.08095654845237732,-0.05450195074081421,-0.10334318081137894,0.1461879312992096,-0.14096131920814514,-0.1053177187800145,0.13299453258514404,-0.12785059213638306,-0.08159043589827775,0.10819485783576965,-0.10235247015953064,-0.06370492974517106,am7
0.0,0.0,0.0,-0.016847968101501465,-0.08688664436340332,0.0009188818881540328,0.002399742603302002,-0.1837933361530304,-0.01496475174592149,0.042799681425094604,-0.24281340837478638,-0.030289348992866394,0.07662367820739746,-0.2761794626712799,-0.044721106845301506,-0.007882654666900635,-0.1972535252571106,-0.06690825786010635,0.04593822360038757,-0.30886155366897583,-0.09543125595466506,0.08520284295082092,-0.3518035411834717,-0.10618905242101562,0.11843428015708923,-0.3770945519208908,-0.11096161122934234,0.019851624965667725,-0.14945119619369507,-0.08039148415939223,0.09848800301551819,-0.25776588916778564,-0.11249880756751907,0.08881354331970215,-0.225265771150589,-0.10392917211667907,0.06666690111160278,-0.1884509027004242,-0.09311277683393371,0.05308613181114197,-0.10075315833091736,-0.09039411212818038,0.1264098584651947,-0.20188003778457642,-0.10973044748918426,0.11163264513015747,-0.1717466115951538,-0.08405896540300262,0.08929082751274109,-0.14036083221435547,-0.06286010410205733,0.08592510223388672,-0.05465853214263916,-0.10024527724401366,0.150485098361969,-0.14245402812957764,-0.10220914598123443,0.13775348663330078,-0.13179421424865723,-0.07888891811983001,0.11426413059234619,-0.10835915803909302,-0.061006496507090446,am7
0.0,0.0,0.0,-0.018370985984802246,-0.08682695031166077,0.00421629842907123,-0.000570446252822876,-0.1834176778793335,-0.010814139185697513,0.03846117854118347,-0.24432742595672607,-0.02580531177505918,0.07134482264518738,-0.28097838163375854,-0.03994643924221464,-0.011327177286148071,-0.1987515389919281,-0.06593763691768117,0.04464399814605713,-0.31001773476600647,-0.09436423940047689,0.08563730120658875,-0.3509067893028259,-0.10412651908978887,0.119442880153656,-0.37341776490211487,-0.10781673205480047,0.015542268753051758,-0.1514570415019989,-0.08058905464991994,0.09777584671974182,-0.2565292716026306,-0.11048546296939321,0.0871778130531311,-0.2227432131767273,-0.09934795511350103,0.06313365697860718,-0.18851515650749207,-0.08729337019309469,0.04872104525566101,-0.10258740186691284,-0.09167136860475011,0.12428471446037292,-0.2009381353855133,-0.10982924563273855,0.10951197147369385,-0.16857150197029114,-0.08268695188149877,0.08640757203102112,-0.13746967911720276,-0.060991345470995384,0.08166319131851196,-0.056212425231933594,-0.10221640629157491,0.14722120761871338,-0.14055708050727844,-0.10288348657473989,0.1334916055202484,-0.12672960758209229,-0.07830629361257024,0.10842117667198181,-0.10159546136856079,-0.05994126436695524,am7
0.0,0.0,0.0,-0.01409822702407837,-0.08744922280311584,0.0010768682286226294,0.007001668214797974,-0.1842062771320343,-0.014554529841049657,0.04923483729362488,-0.24223414063453674,-0.02988647149781798,0.08462968468666077,-0.274935781955719,-0.04433833660463904,-0.005103975534439087,-0.19887501001358032,-0.06411680059413527,0.05141940712928772,-0.3086204081773758,-0.09150307105760191,0.09123814105987549,-0.3494289219379425,-0.10207750873546217,0.12429302930831909,-0.37315770983695984,-0.10714490936975096,0.022330552339553833,-0.15077373385429382,-0.07795259581784819,0.1022799015045166,-0.25616616010665894,-0.10948064403514479,0.09201931953430176,-0.2240106761455536,-0.10154117869119261,0.06906276941299438,-0.18820208311080933,-0.0914813004610977,0.05512961745262146,-0.10179618000984192,-0.08844003306607817,0.12959453463554382,-0.2009994089603424,-0.10668091701249693,0.11458465456962585,-0.1707533597946167,-0.08089546339492415,0.09197360277175903,-0.14042353630065918,-0.06020819621066664,0.08740615844726562,-0.055446743965148926,-0.09894266204814528,0.15165716409683228,-0.14172670245170593,-0.10019440429191206,0.1384633481502533,-0.1290704309940338,-0.07665616499166106,0.11520227789878845,-0.10590839385986328,-0.05896708222012137,am7
0.0,0.0,0.0,-0.01597350835800171,-0.08886435627937317,0.004815160032919152,0.0037815868854522705,-0.18397235870361328,-0.009923381529191033,0.0441555380821228,-0.24168631434440613,-0.02435479944888641,0.0793130099773407,-0.2736695408821106,-0.03791182002369453,-0.007770657539367676,-0.1989518404006958,-0.06605703270379593,0.04831808805465698,-0.3086834102869034,-0.09397572910729934,0.08805844187736511,-0.3500884026288986,-0.10416175311748077,0.12121763825416565,-0.37472328543663025,-0.10857614016477157,0.019408434629440308,-0.151872456073761,-0.0807772192949443,0.10139274597167969,-0.25772321224212646,-0.11050432062093307,0.09193289279937744,-0.2254442572593689,-0.09983603542987396,0.06904631853103638,-0.1903376281261444,-0.08818587547484924,0.052086204290390015,-0.10295647382736206,-0.09162608420793106,0.12723946571350098,-0.2009401023387909,-0.1082796219581752,0.11278209090232849,-0.17013010382652283,-0.08067852890435745,0.09003469347953796,-0.1393972933292389,-0.05902422851268341,0.08428213000297546,-0.0562385618686676,-0.10204413419906189,0.1487826406955719,-0.13996002078056335,-0.10150889193955948,0.1356886923313141,-0.12782636284828186,-0.07661862558070709,0.11158812046051025,-0.10515308380126953,-0.058299007623830335,am7
0.0,0.0,0.0,-0.014765173196792603,-0.08747795224189758,0.0027702906482716116,0.006236404180526733,-0.1828630268573761,-0.01241139026015503,0.048253804445266724,-0.2397099733352661,-0.027105224147732088,0.0836721658706665,-0.2697145342826843,-0.04090182000427944,-0.006222456693649292,-0.19849422574043274,-0.06534756982355816,0.049795299768447876,-0.3069697916507721,-0.09297539556055767,0.08926597237586975,-0.3473949432373047,-0.10372876638203365,0.12208828330039978,-0.37094563245773315,-0.10886018240481121,0.02077770233154297,-0.15037208795547485,-0.07948357129126293,0.10160228610038757,-0.2548116147518158,-0.10997503513127072,0.09120222926139832,-0.222786545753479,-0.10103914403944714,0.06811600923538208,-0.18770533800125122,-0.09057227039366467,0.05311676859855652,-0.1014212965965271,-0.08997360134154064,0.1278919279575348,-0.19920358061790466,-0.10711346083908779,0.11265179514884949,-0.16910436749458313,-0.08060686552553875,0.08978179097175598,-0.13907667994499207,-0.05968262890010578,0.08487161993980408,-0.055046141147613525,-0.100315782070453,0.14929667115211487,-0.13908842206001282,-0.1005437027814935,0.13654693961143494,-0.12773063778877258,-0.076547431588466,0.11331948637962341,-0.10605239868164062,-0.058748907238538095,am7
0.0,0.0,0.0,-0.016009390354156494,-0.08762496709823608,0.0030192061395268865,0.004199981689453125,-0.18331626057624817,-0.012015249899320679,0.04551467299461365,-0.24073565006256104,-0.02639081081628092,0.08093741536140442,-0.2733049988746643,-0.03967219902455099,-0.00876760482788086,-0.19918009638786316,-0.06582262305795439,0.04672721028327942,-0.3072788119316101,-0.09398941634475477,0.0861920714378357,-0.3477362394332886,-0.1052493521410156,0.11913439631462097,-0.3710688650608063,-0.11067704795181044,0.017846256494522095,-0.15096646547317505,-0.07990731237708815,0.09843990206718445,-0.2577458620071411,-0.11012276200830229,0.08900389075279236,-0.22567346692085266,-0.1009100445944,0.06685325503349304,-0.19034990668296814,-0.09036558060228117,0.050221800804138184,-0.1022816002368927,-0.0903495246010948,0.12527278065681458,-0.20238324999809265,-0.10695531903087385,0.11033323407173157,-0.17194080352783203,-0.0797913962441612,0.08764752745628357,-0.1410614550113678,-0.05853150723754652,0.0821344256401062,-0.05620837211608887,-0.10067259459077604,0.14656752347946167,-0.14068639278411865,-0.10058776228009947,0.13413918018341064,-0.12994521856307983,-0.0764061504441429,0.11098384857177734,-0.10855162143707275,-0.058501608057611065,am7
0.0,0.0,0.0,-0.01574048399925232,-0.08747291564941406,0.0025955981513305915,0.003989487886428833,-0.18359863758087158,-0.01233140119036591,0.04545724391937256,-0.24318093061447144,-0.026574922917987465,0.08047795295715332,-0.27821534872055054,-0.03965219874551451,-0.008607417345046997,-0.19763487577438354,-0.06550607104470885,0.04662764072418213,-0.3069205731153488,-0.09305734951665556,0.08559364080429077,-0.34700383245944977,-0.10356327910592711,0.11773648858070374,-0.37002648413181305,-0.10842371006181395,0.01830020546913147,-0.15054237842559814,-0.07937888820340788,0.09676963090896606,-0.2574276328086853,-0.1081302912967459,0.08787429332733154,-0.22597426176071167,-0.09794235248735106,0.06640741229057312,-0.19113683700561523,-0.08719757963588393,0.05064147710800171,-0.10272777080535889,-0.08983132262399351,0.12441542744636536,-0.20378321409225464,-0.10600195844342863,0.1102060079574585,-0.17384973168373108,-0.07913114894797957,0.08809426426887512,-0.1431695818901062,-0.05845307950546896,0.08279788494110107,-0.057278573513031006,-0.10018556584289229,0.14508399367332458,-0.14150142669677734,-0.10009787995984709,0.13335591554641724,-0.13052970170974731,-0.07634434868266737,0.11113369464874268,-0.10864180326461792,-0.05901275221874869,am7
0.0,0.0,0.0,-0.0157850980758667,-0.08779299259185791,0.002479675617323096,0.002896606922149658,-0.18477323651313782,-0.012477685305967157,0.043109238147735596,-0.24538737535476685,-0.026730675790204828,0.0773487389087677,-0.28105103969573975,-0.03973054753591043,-0.009623497724533081,-0.1974548101425171,-0.06598170341898424,0.045129597187042236,-0.30712321400642395,-0.09400510283161623,0.08407065272331238,-0.34759800136089325,-0.10466252507616502,0.11645528674125671,-0.3707008808851242,-0.10950806977201921,0.01733127236366272,-0.14956140518188477,-0.07997286559988481,0.09515628218650818,-0.25857940316200256,-0.10955400260139925,0.08630061149597168,-0.2269386649131775,-0.09938846023727876,0.06496912240982056,-0.1913425326347351,-0.08826065303732378,0.04956367611885071,-0.10131442546844482,-0.09053710343290788,0.12274426221847534,-0.20438635349273682,-0.10763941945482713,0.10884222388267517,-0.17400133609771729,-0.08067016543795091,0.08692201972007751,-0.14269760251045227,-0.05948366092492563,0.08159741759300232,-0.05562031269073486,-0.10095318647076112,0.1436792016029358,-0.14151856303215027,-0.10148337723661882,0.13205379247665405,-0.130477637052536,-0.07758291305948717,0.10978230834007263,-0.10798725485801697,-0.05989685894896013,am7
0.0,0.0,0.0,-0.016851991415023804,-0.08766478300094604,0.0018903005962727093,0.001987248659133911,-0.18588054180145264,-0.012757721883104978,0.042663395404815674,-0.2487952709197998,-0.026438833740400014,0.07653900980949402,-0.2866966724395752,-0.03882757533793324,-0.011586964130401611,-0.19585034251213074,-0.06590697128777379,0.043595463037490845,-0.3068658709526062,-0.09225930978064412,0.08282142877578735,-0.34731899201869965,-0.10159732360844487,0.11501708626747131,-0.37089988589286804,-0.10582236905102604,0.01647770404815674,-0.14858418703079224,-0.07924387563471669,0.0931248664855957,-0.2599015235900879,-0.107131354105519,0.0852612555027008,-0.22940650582313538,-0.09652583260540837,0.06492125988006592,-0.1936584711074829,-0.08550570119624012,0.04915976524353027,-0.10136628150939941,-0.08910234977011555,0.12104257941246033,-0.20574796199798584,-0.10420002747778767,0.10782769322395325,-0.1765880286693573,-0.07709154446129673,0.08654433488845825,-0.14492559432983398,-0.05641139258150929,0.08138337731361389,-0.056855976581573486,-0.09901887882952565,0.1425994336605072,-0.14356458187103271,-0.09908271540408009,0.1320030391216278,-0.13462215662002563,-0.07616271038060063,0.11046946048736572,-0.11318406462669373,-0.059388201278494535,am7
0.0,0.0,0.0,-0.017552673816680908,-0.08720162510871887,0.00129252793442447,-0.00010707974433898926,-0.18609336018562317,-0.013894169543050339,0.03935271501541138,-0.2504239082336426,-0.027941097457073738,0.07235568761825562,-0.29028546810150146,-0.04061365774657588,-0.013036340475082397,-0.1948312222957611,-0.06831137738015514,0.041135966777801514,-0.30674266815185547,-0.09491471848275523,0.08003532886505127,-0.3469168692827225,-0.10382687202479701,0.11193859577178955,-0.3699181526899338,-0.10760296038176875,0.01451873779296875,-0.14781075716018677,-0.08142420551564555,0.0899636447429657,-0.26057690382003784,-0.10899456492450099,0.08249777555465698,-0.231408953666687,-0.09744375101115565,0.06294754147529602,-0.19573244452476501,-0.08592878929164272,0.04703164100646973,-0.10071039199829102,-0.0910596539714561,0.11789187788963318,-0.20664304494857788,-0.1063194190600143,0.10489100217819214,-0.17807358503341675,-0.07893387130286555,0.08427774906158447,-0.14584538340568542,-0.05808017677452426,0.07982996106147766,-0.05615335702896118,-0.10075532547023158,0.14033561944961548,-0.1444016396999359,-0.10115111521270137,0.12960505485534668,-0.13664695620536804,-0.07833039662625652,0.1081790030002594,-0.11487653851509094,-0.061605575446151306,am7
0.0,0.0,0.0,-0.018275529146194458,-0.08772933483123779,0.001002144047845377,-0.0011672377586364746,-0.18673282861709595,-0.014559163034107314,0.03760421276092529,-0.25094926357269287,-0.028702643953408824,0.0698179304599762,-0.2912518084049225,-0.041506723754253017,-0.014231085777282715,-0.19352316856384277,-0.07109094902142488,0.03939828276634216,-0.3058575391769409,-0.09824036552771531,0.0783398449420929,-0.3462930768728256,-0.10737355544432603,0.11044171452522278,-0.3694601505994797,-0.11123037084206544,0.014100134372711182,-0.1461961269378662,-0.0840923611746689,0.08849850296974182,-0.25937628746032715,-0.11143500848874055,0.08131533861160278,-0.23163655400276184,-0.09922849877938233,0.06201225519180298,-0.19629031419754028,-0.0875616793261429,0.04705625772476196,-0.09895128011703491,-0.09355848028525315,0.1173740029335022,-0.20603156089782715,-0.1085972239004036,0.10468479990959167,-0.17889946699142456,-0.08081514134272538,0.0839446485042572,-0.14654091000556946,-0.059897178106155025,0.08013439178466797,-0.05417966842651367,-0.10311840965613328,0.14016938209533691,-0.14371514320373535,-0.1035884667859932,0.129604309797287,-0.13761171698570251,-0.08066583170756303,0.10798382759094238,-0.11577832698822021,-0.06392346068486177,am7
0.0,0.0,0.0,-0.01827019453048706,-0.08733513951301575,0.0012912748512832195,-0.0010280609130859375,-0.1847163736820221,-0.014747688603492293,0.038164377212524414,-0.24770823121070862,-0.029117236901910815,0.06991171836853027,-0.28727465867996216,-0.04213246615687183,-0.014636248350143433,-0.19296720623970032,-0.07407918857494167,0.039009034633636475,-0.30600011348724365,-0.10202671127477458,0.07750639319419861,-0.34726665914058685,-0.11154032783666423,0.10929572582244873,-0.37106557190418243,-0.11551562236705593,0.013673871755599976,-0.1453431248664856,-0.08715924905696681,0.08808737993240356,-0.2592158913612366,-0.11389673041263393,0.08135604858398438,-0.23226240277290344,-0.10044104145923427,0.06277716159820557,-0.19705280661582947,-0.08833968179384044,0.04639825224876404,-0.09813392162322998,-0.0966572715536671,0.11677417159080505,-0.20683133602142334,-0.1111298604504185,0.10487830638885498,-0.18106108903884888,-0.08252779679456523,0.08491766452789307,-0.1484474539756775,-0.06139900447884372,0.0795181393623352,-0.053325653076171875,-0.1062424583927708,0.13981583714485168,-0.1438608169555664,-0.10649058507839015,0.13013216853141785,-0.14009729027748108,-0.08341837214389614,0.10907462239265442,-0.11926144361495972,-0.06676525907674602,am7
0.0,0.0,0.0,-0.019056618213653564,-0.08761632442474365,0.0013536186956883967,-0.002752840518951416,-0.1863514482975006,-0.014939738197895736,0.03597390651702881,-0.25051233172416687,-0.02936121797439739,0.06714698672294617,-0.29023995995521545,-0.04248859895643875,-0.01739463210105896,-0.19223862886428833,-0.07561198784289047,0.03609871864318848,-0.30512771010398865,-0.10376747114834473,0.07425153255462646,-0.3474125564098358,-0.11366095556196854,0.10601365566253662,-0.37233418226242065,-0.11807223571715042,0.0107344388961792,-0.14360451698303223,-0.08864101184782669,0.08489722013473511,-0.2582460343837738,-0.11520011885342285,0.0784878134727478,-0.23177865147590637,-0.10175971104082748,0.06047797203063965,-0.19712349772453308,-0.09010744257149383,0.04363048076629639,-0.09654629230499268,-0.09795203967270538,0.1140451729297638,-0.20719844102859497,-0.11197415901598617,0.10222813487052917,-0.18194013833999634,-0.08306525064882919,0.08233460783958435,-0.1495785117149353,-0.06218699528155014,0.0771060585975647,-0.05272728204727173,-0.10735953016457245,0.1373131275177002,-0.14458009600639343,-0.10746179683384582,0.12771090865135193,-0.1409454345703125,-0.08442094339308426,0.10694018006324768,-0.12075671553611755,-0.06807546479878113,am7
0.0,0.0,0.0,-0.019243478775024414,-0.08591687679290771,0.0006174630905491085,-0.003639400005340576,-0.1845971643924713,-0.016138379804232272,0.03494122624397278,-0.250188410282135,-0.030788262716868076,0.06571877002716064,-0.29273074865341187,-0.04405959822926775,-0.017660439014434814,-0.18945083022117615,-0.07773058988843218,0.03596252202987671,-0.30507099628448486,-0.10564383991751924,0.0737532377243042,-0.3478911519050598,-0.11442863323483721,0.10503628849983215,-0.3720797002315521,-0.1178592009166266,0.01158452033996582,-0.14132651686668396,-0.09032008924279467,0.08441177010536194,-0.25860682129859924,-0.11600663640294329,0.07734265923500061,-0.23139110207557678,-0.1007950542191054,0.05949869751930237,-0.1957804560661316,-0.08799503870997682,0.045038044452667236,-0.09566104412078857,-0.09933741518054262,0.11365550756454468,-0.20776155591011047,-0.11251381912026659,0.101430743932724,-0.18189281225204468,-0.08286990352664247,0.08180764317512512,-0.1487385630607605,-0.06174702697191492,0.07892566919326782,-0.05337601900100708,-0.10855965443644777,0.13792797923088074,-0.14577588438987732,-0.10830675937924639,0.128123939037323,-0.14226457476615906,-0.08533224590811983,0.10747373104095459,-0.1214408278465271,-0.06913452722821489,am7
0.0,0.0,0.0,-0.01994246244430542,-0.0868920087814331,0.0002375964827763255,-0.004331499338150024,-0.18689781427383423,-0.01639575553460304,0.034548550844192505,-0.2527291774749756,-0.030505644579960745,0.06544768810272217,-0.29541608691215515,-0.04324004282577221,-0.019844084978103638,-0.1895960569381714,-0.07846249495966617,0.03433793783187866,-0.30341511964797974,-0.10656101857645695,0.07135671377182007,-0.34783366322517395,-0.11587328319771473,0.10195150971412659,-0.37443144619464874,-0.11984532927496616,0.010029524564743042,-0.14061376452445984,-0.09057805543167774,0.08335229754447937,-0.25905150175094604,-0.11698249583466236,0.07666745781898499,-0.23260575532913208,-0.10254503642542545,0.05882975459098816,-0.19736206531524658,-0.09009564523918812,0.043952375650405884,-0.09479254484176636,-0.09896019702179615,0.11279988288879395,-0.20785459876060486,-0.11257851724846546,0.10057950019836426,-0.1825888454914093,-0.0832032993934888,0.08062019944190979,-0.15015214681625366,-0.06200669934375469,0.07806038856506348,-0.05262911319732666,-0.1074856058262128,0.13721486926078796,-0.14609581232070923,-0.10739702587349598,0.12732252478599548,-0.14254462718963623,-0.08448083554728214,0.10653498768806458,-0.12240523099899292,-0.06823345129711811,am7
0.0,0.0,0.0,-0.02042001485824585,-0.08574217557907104,0.00047184630898300384,-0.005545467138290405,-0.18379491567611694,-0.01616150330733035,0.03363102674484253,-0.24738889932632446,-0.030478736422764996,0.06580206751823425,-0.2864144742488861,-0.043506985567319134,-0.019503295421600342,-0.18957465887069702,-0.0769945439321873,0.03329405188560486,-0.30411410331726074,-0.10570352341960643,0.0707959234714508,-0.3487206697463989,-0.11623392816613887,0.10180598497390747,-0.37535683810710907,-0.12092292126249049,0.010162800550460815,-0.1414794921875,-0.08929151859115336,0.08292427659034729,-0.2615278959274292,-0.1171697061879513,0.07727548480033875,-0.23685812950134277,-0.10467780198882792,0.0599653422832489,-0.20160678029060364,-0.09292733486722682,0.04433277249336243,-0.0961570143699646,-0.09775791134666179,0.11290472745895386,-0.20971563458442688,-0.11222287084888194,0.1011209487915039,-0.18714064359664917,-0.08416025157998774,0.08118906617164612,-0.1556551456451416,-0.06324841644595836,0.07870638370513916,-0.054326653480529785,-0.1063156407697079,0.13752269744873047,-0.1483791470527649,-0.1066707130892155,0.12763822078704834,-0.14705443382263184,-0.08407209631036494,0.10675403475761414,-0.128251850605011,-0.06755272116492961,am7
0.0,0.0,0.0,-0.02017498016357422,-0.08460676670074463,-0.0010229301482667097,-0.005932897329330444,-0.1844920516014099,-0.01757758588830427,0.03219670057296753,-0.24939805269241333,-0.03210232884923414,0.06450989842414856,-0.2902486324310303,-0.045348667663731135,-0.019540876150131226,-0.18886131048202515,-0.07429826365152792,0.03184020519256592,-0.3030104637145996,-0.10279514746109442,0.06850031018257141,-0.34829649329185486,-0.11301305995623068,0.09914356470108032,-0.3768124282360077,-0.11772126064936117,0.009989827871322632,-0.14158639311790466,-0.0866920809570928,0.08261224627494812,-0.2609507441520691,-0.11746811227241949,0.07526865601539612,-0.23143377900123596,-0.10676357255617575,0.05642947554588318,-0.1949838101863861,-0.09531076358000234,0.04440993070602417,-0.09696900844573975,-0.09547840164343313,0.11254522204399109,-0.21040338277816772,-0.11253608123699621,0.09950393438339233,-0.18085145950317383,-0.08434306190649465,0.07942402362823486,-0.14734512567520142,-0.06240899593869642,0.07891851663589478,-0.05569016933441162,-0.10450856493154959,0.13684120774269104,-0.15145951509475708,-0.1056454192225118,0.12541785836219788,-0.14227545261383057,-0.08208119974771932,0.10470148921012878,-0.11808374524116516,-0.06462413923183874,am7
0.0,0.0,0.0,-0.020513802766799927,-0.08385753631591797,-0.0008286178570955371,-0.006818234920501709,-0.1846999228000641,-0.017147952538707045,0.030166834592819214,-0.25213438272476196,-0.03142855114934662,0.06089481711387634,-0.29577314853668213,-0.044458689016082076,-0.02027839422225952,-0.18737298250198364,-0.07442100144622543,0.03125438094139099,-0.3014346957206726,-0.10254445470569351,0.06761303544044495,-0.3475637137889862,-0.1121565455913327,0.09790617227554321,-0.37705354392528534,-0.11650389231441238,0.009460121393203735,-0.14113926887512207,-0.08675291187761047,0.08153170347213745,-0.25936561822891235,-0.11726673490998962,0.07425940036773682,-0.22944888472557068,-0.10589177705047348,0.055341094732284546,-0.19290319085121155,-0.09408067710397461,0.04406830668449402,-0.09686851501464844,-0.09549290485379913,0.11214280128479004,-0.20859083533287048,-0.11280691422221878,0.09950825572013855,-0.17881840467453003,-0.0845277140259526,0.07941177487373352,-0.14526239037513733,-0.06257272310254791,0.07898730039596558,-0.055572450160980225,-0.10436557031867721,0.1371343731880188,-0.150504469871521,-0.10577723182437637,0.12572243809700012,-0.14042511582374573,-0.08233938909766891,0.10460713505744934,-0.11531877517700195,-0.06507069416043976,am7
0.0,0.0,0.0,-0.021036982536315918,-0.08251321315765381,-0.0003446808616871522,-0.0069848597049713135,-0.18118879199028015,-0.016826379323262586,0.030116885900497437,-0.24608835577964783,-0.031227207952994718,0.06142553687095642,-0.2862197458744049,-0.04443450199987353,-0.020501762628555298,-0.18661513924598694,-0.07532234045292796,0.03082805871963501,-0.30206695199012756,-0.10408131333615245,0.06730440258979797,-0.3482360243797302,-0.11432281436945857,0.09764590859413147,-0.37694235146045685,-0.118883419060964,0.009742915630340576,-0.140031099319458,-0.08753438594366969,0.08156934380531311,-0.2592359781265259,-0.11853225829626979,0.07366001605987549,-0.2295583188533783,-0.10714784564997615,0.05434441566467285,-0.19215235114097595,-0.09513917120720805,0.04474592208862305,-0.09582537412643433,-0.09601536693598689,0.11263728141784668,-0.2083207070827484,-0.11353667380835475,0.09941962361335754,-0.17866036295890808,-0.08508087250019969,0.07926928997039795,-0.14447292685508728,-0.0627848536017126,0.07975241541862488,-0.054938554763793945,-0.10451939257409038,0.1379561722278595,-0.15065327286720276,-0.1056317717077917,0.1258748173713684,-0.14043188095092773,-0.08159981223370494,0.10467857122421265,-0.11488151550292969,-0.06377962532069148,am7
0.0,0.0,0.0,-0.02174621820449829,-0.08257025480270386,-0.0005197008390496194,-0.008409380912780762,-0.18160676956176758,-0.016687858932982635,0.029413998126983643,-0.24522805213928223,-0.030800499105225754,0.062491804361343384,-0.28345179557800293,-0.043577067637215805,-0.021522104740142822,-0.1877002716064453,-0.07418221988655205,0.029608041048049927,-0.30335381627082825,-0.10326851167656059,0.06630411744117737,-0.34987515211105347,-0.11420429506279106,0.09690287709236145,-0.3790733516216278,-0.11920869358755226,0.00865212082862854,-0.14118146896362305,-0.08627884843326683,0.0806836187839508,-0.26187872886657715,-0.1181150601146328,0.07359912991523743,-0.23262590169906616,-0.10789561279989357,0.05456167459487915,-0.19468361139297485,-0.09626769282795067,0.0438266396522522,-0.09732198715209961,-0.09466922291494484,0.11185663938522339,-0.2109682261943817,-0.11268258103109474,0.09943240880966187,-0.1819133758544922,-0.0850841329333889,0.07940280437469482,-0.14765021204948425,-0.06293155261255379,0.07911208271980286,-0.05670660734176636,-0.10311283924556847,0.13792425394058228,-0.1527581810951233,-0.1045550704834568,0.1262693703174591,-0.1442832350730896,-0.08108454951025124,0.10502147674560547,-0.11993646621704102,-0.06335955121494408,am7
0.0,0.0,0.0,-0.02198079228401184,-0.08246278762817383,-0.0005629502972794853,-0.008756637573242188,-0.18304583430290222,-0.016471087377539106,0.02899947762489319,-0.24917510151863098,-0.030649000223746725,0.061557888984680176,-0.28853389620780945,-0.04359260704742951,-0.021779626607894897,-0.18864339590072632,-0.07237729188429398,0.029952675104141235,-0.30384060740470886,-0.10153404381500764,0.06739351153373718,-0.3504241108894348,-0.11238833275066895,0.09872326254844666,-0.3795776963233948,-0.11724652853237671,0.008913248777389526,-0.1429518163204193,-0.08478133883701844,0.0816764235496521,-0.26236653327941895,-0.11718549337612671,0.07464969158172607,-0.23117876052856445,-0.10740744825827164,0.05503755807876587,-0.1927427053451538,-0.09590721633659882,0.04492062330245972,-0.09976738691329956,-0.09368228670584244,0.11287418007850647,-0.21291738748550415,-0.11287366357075257,0.10063490271568298,-0.18151628971099854,-0.08589767422901673,0.08051538467407227,-0.14690488576889038,-0.06388191637026353,0.08119446039199829,-0.05955922603607178,-0.10257854815947098,0.1392928659915924,-0.15634268522262573,-0.10451337453352494,0.12699565291404724,-0.14408987760543823,-0.08102199938522858,0.10530820488929749,-0.11699056625366211,-0.0632473951243071,am7
0.0,0.0,0.0,-0.023094147443771362,-0.08149862289428711,0.0011106337360331509,-0.011674970388412476,-0.18071860074996948,-0.015114304708760073,0.02502310276031494,-0.2458014190196991,-0.030217575939815333,0.0573001503944397,-0.2847895622253418,-0.044301212864439776,-0.024869590997695923,-0.18898403644561768,-0.07161677731804161,0.027040958404541016,-0.3045108914375305,-0.10008556498817711,0.064922034740448,-0.3509332835674286,-0.11022950066856652,0.09629583358764648,-0.37972748279571533,-0.11468738420538216,0.005320340394973755,-0.14333835244178772,-0.08482056959203987,0.07939755916595459,-0.26238158345222473,-0.1164723272495678,0.07239392399787903,-0.2299690842628479,-0.10598837687305718,0.052280813455581665,-0.1917371153831482,-0.09425927801660805,0.041700154542922974,-0.09985369443893433,-0.09430340035490303,0.11125260591506958,-0.21292990446090698,-0.11232815785936623,0.09926813840866089,-0.18115928769111633,-0.084275298851054,0.0788537859916687,-0.14582109451293945,-0.06200389667085915,0.07831832766532898,-0.05958402156829834,-0.10370623423389702,0.1373424232006073,-0.15593048930168152,-0.10497915102772026,0.12498733401298523,-0.14338096976280212,-0.0810678090029171,0.10280662775039673,-0.11656904220581055,-0.06320919199518471,am7
0.0,0.0,0.0,-0.02185913920402527,-0.08277177810668945,-0.00023720925142356464,-0.009843260049819946,-0.18563857674598694,-0.01597783866796476,0.024617284536361694,-0.25799331068992615,-0.030864208596682374,0.05299612879753113,-0.303147554397583,-0.04472752812776548,-0.022749483585357666,-0.19032022356987,-0.06732546317849142,0.030110269784927368,-0.3050248324871063,-0.0940128915337084,0.0673423707485199,-0.35051727294921875,-0.10257711041245443,0.09793978929519653,-0.3780772536993027,-0.10616496730122549,0.00716555118560791,-0.14573514461517334,-0.08004688996348364,0.08051890134811401,-0.26358354091644287,-0.11114804971489889,0.07463309168815613,-0.23119646310806274,-0.10104220140252096,0.05529278516769409,-0.19393709301948547,-0.08944915014777166,0.04337617754936218,-0.10288041830062866,-0.089434763076639,0.11162102222442627,-0.21433043479919434,-0.10767004418644888,0.10004767775535583,-0.1821610927581787,-0.08069454658303243,0.07979768514633179,-0.14826351404190063,-0.059238673779105966,0.07980886101722717,-0.0632014274597168,-0.09890422004733068,0.13696303963661194,-0.1578698754310608,-0.10079855251584036,0.12504887580871582,-0.14354103803634644,-0.07801940071854574,0.10385441780090332,-0.11649858951568604,-0.06096876937422735,am7
0.0,0.0,0.0,-0.022252529859542847,-0.08222883939743042,-0.0010276089937661936,-0.011439919471740723,-0.18408948183059692,-0.017853451315616553,0.02325582504272461,-0.2539742588996887,-0.03358329029784102,0.053060293197631836,-0.2965660095214844,-0.04817439185485739,-0.02416890859603882,-0.18877092003822327,-0.07097304554686445,0.028208285570144653,-0.3042033314704895,-0.0989442238400926,0.06575191020965576,-0.34938204288482666,-0.10839383991465468,0.09708544611930847,-0.37681744992733,-0.11250278295979399,0.006094008684158325,-0.14363330602645874,-0.08360529633269209,0.08005908131599426,-0.26217880845069885,-0.11567189486727614,0.07313266396522522,-0.23012632131576538,-0.10549516918167967,0.05308404564857483,-0.19221654534339905,-0.09386312903866667,0.04232814908027649,-0.10022664070129395,-0.0928276398967256,0.11128011345863342,-0.21285003423690796,-0.11174414249167341,0.09917086362838745,-0.1809704601764679,-0.08433065505728621,0.07879060506820679,-0.14609035849571228,-0.06243910582766432,0.07864105701446533,-0.060064077377319336,-0.10216826887831587,0.13751763105392456,-0.15607500076293945,-0.10448446812138457,0.1248774528503418,-0.14263734221458435,-0.08137351216778654,0.10281366109848022,-0.11498969793319702,-0.06403616758093733,am7
0.0,0.0,0.0,-0.022455960512161255,-0.08222013711929321,-0.0008781533546056153,-0.010870218276977539,-0.1847992241382599,-0.017061873208476186,0.023280739784240723,-0.2561967372894287,-0.031991339158011556,0.051283448934555054,-0.30177053809165955,-0.045668761115265966,-0.02434992790222168,-0.18954122066497803,-0.07016765220065224,0.028358817100524902,-0.304450660943985,-0.0977818061222564,0.06569528579711914,-0.34970057010650635,-0.10683162404198754,0.09684014320373535,-0.37704865634441376,-0.11058033896584618,0.005684226751327515,-0.14397674798965454,-0.08275303883452523,0.07957157492637634,-0.2634561359882355,-0.11485119057793725,0.0730123519897461,-0.2323284149169922,-0.10482486976285088,0.05345633625984192,-0.1946234405040741,-0.09310109807152855,0.041784822940826416,-0.10042530298233032,-0.09193224353690255,0.11061793565750122,-0.2128107249736786,-0.11096843970913994,0.09850803017616272,-0.1819654107093811,-0.08404109520812142,0.07807984948158264,-0.14809319376945496,-0.06230727849502671,0.07817691564559937,-0.060274362564086914,-0.10118229581017602,0.13643786311149597,-0.15584924817085266,-0.10320116473336327,0.12448817491531372,-0.1437552273273468,-0.08025348825354683,0.10285651683807373,-0.11710131168365479,-0.06299458337922204,am7
0.0,0.0,0.0,-0.021634012460708618,-0.08237189054489136,3.7823003111725484e-06,-0.010430097579956055,-0.18241146206855774,-0.016011729600293734,0.025071829557418823,-0.24861758947372437,-0.0309976336978508,0.057176053524017334,-0.28728729486465454,-0.04484955942855606,-0.02298256754875183,-0.1912437379360199,-0.06990849948154221,0.0294627845287323,-0.3057055175304413,-0.09823114401326904,0.06694120168685913,-0.3509438633918762,-0.10845178342090378,0.09832486510276794,-0.3785019516944885,-0.11296529299245606,0.006884068250656128,-0.1458306908607483,-0.08278169459329376,0.08068904280662537,-0.26306337118148804,-0.11381372785793076,0.07362276315689087,-0.23132812976837158,-0.1034860757611824,0.053594738245010376,-0.19374677538871765,-0.09200727170930634,0.04290977120399475,-0.10183882713317871,-0.09227175241933594,0.11162227392196655,-0.21377649903297424,-0.11071611172185669,0.09957548975944519,-0.18296635150909424,-0.08398359990344773,0.07937148213386536,-0.1487066149711609,-0.06264323717580567,0.0793999433517456,-0.0605890154838562,-0.10175354755149613,0.13773664832115173,-0.15625682473182678,-0.10359422838912735,0.1254846751689911,-0.1439591348171234,-0.08037777221427689,0.10379847884178162,-0.11670464277267456,-0.06296105659232865,am7
0.0,0.0,0.0,-0.022056490182876587,-0.08274167776107788,0.00010337822503458938,-0.011472076177597046,-0.18428164720535278,-0.016181331687690204,0.021997034549713135,-0.25408974289894104,-0.03140975404632229,0.05091714859008789,-0.29746806621551514,-0.045486970433117335,-0.024934500455856323,-0.1902124583721161,-0.07052122671258587,0.02669137716293335,-0.304699182510376,-0.0988301025713696,0.06419038772583008,-0.3499947786331177,-0.10887773204696316,0.09565550088882446,-0.3781234622001648,-0.1133608134473576,0.004901856184005737,-0.1455461084842682,-0.08357890565049786,0.07906994223594666,-0.26267603039741516,-0.11471729595315594,0.072487473487854,-0.2306874692440033,-0.10423542428863186,0.052277207374572754,-0.19303184747695923,-0.09279288966310162,0.04099634289741516,-0.10186165571212769,-0.09320767838609356,0.11013272404670715,-0.2137952744960785,-0.11164781320941586,0.09861096739768982,-0.18221578001976013,-0.08437500018727917,0.07839474081993103,-0.14756673574447632,-0.06287104506147045,0.07749521732330322,-0.06090521812438965,-0.10282326359403271,0.13634595274925232,-0.15624892711639404,-0.10467120874774594,0.12409433722496033,-0.14305207133293152,-0.0814086781824841,0.10205137729644775,-0.11529475450515747,-0.06417943406951565,am7
0.0,0.0,0.0,-0.02222016453742981,-0.08273172378540039,0.0011022251800056893,-0.010685324668884277,-0.18253451585769653,-0.014208313985506038,0.02474576234817505,-0.24802160263061523,-0.02863073905442093,0.05701631307601929,-0.2861105799674988,-0.04197670703265999,-0.023014992475509644,-0.19207972288131714,-0.06843242233131264,0.029077917337417603,-0.3062509298324585,-0.09620449875924919,0.06605446338653564,-0.3511394262313843,-0.10626594906185005,0.09707072377204895,-0.3787701427936554,-0.11070942317579124,0.006751298904418945,-0.14688646793365479,-0.08174950813386772,0.08060991764068604,-0.2644636929035187,-0.1116473246130738,0.07391482591629028,-0.23341023921966553,-0.10126565580699776,0.05425223708152771,-0.19597485661506653,-0.09004601275060509,0.04255059361457825,-0.10255241394042969,-0.09164858793351982,0.11130717396736145,-0.21459254622459412,-0.10932354812953804,0.09939393401145935,-0.18440020084381104,-0.08304471706483696,0.07923427224159241,-0.15067380666732788,-0.06230702062580917,0.07878082990646362,-0.060690999031066895,-0.10142518018815849,0.13698968291282654,-0.15602052211761475,-0.10247572695348595,0.1249605119228363,-0.14366745948791504,-0.07919394408796165,0.10317972302436829,-0.11637479066848755,-0.06200963070128296,am7
0.0,0.0,0.0,-0.021850377321243286,-0.08325684070587158,-6.051561607023359e-05,-0.010981768369674683,-0.18336519598960876,-0.0163396827115605,0.023817896842956543,-0.24885979294776917,-0.03155397876938082,0.05594232678413391,-0.28707921504974365,-0.04560318842371203,-0.024302273988723755,-0.1901492178440094,-0.07060701280673243,0.027317464351654053,-0.3042827546596527,-0.09934773176749445,0.06435123085975647,-0.3497360348701477,-0.10982175052006937,0.09567141532897949,-0.37896886467933655,-0.11458080887635447,0.0056326985359191895,-0.1453932523727417,-0.08388046055873133,0.07920989394187927,-0.2630484998226166,-0.11508000522692896,0.07147881388664246,-0.23040178418159485,-0.10472795247872568,0.05087187886238098,-0.19228407740592957,-0.09335325538953043,0.04157796502113342,-0.10138404369354248,-0.09379905342896677,0.10969516634941101,-0.21365153789520264,-0.11256278186877466,0.09758809208869934,-0.1815997064113617,-0.08555918812592722,0.07764396071434021,-0.1470211148262024,-0.06409026563008524,0.07795077562332153,-0.059553563594818115,-0.1037196132524798,0.13585075736045837,-0.1563906967639923,-0.10554876059134699,0.12319448590278625,-0.14242872595787048,-0.081943644879658,0.10122746229171753,-0.11370629072189331,-0.064498237071831,am7
0.0,0.0,0.0,-0.022448241710662842,-0.08169722557067871,-0.0006755511595599728,-0.0112973153591156,-0.18183821439743042,-0.017535567082717307,0.02341046929359436,-0.2475469410419464,-0.03320473971243132,0.05354246497154236,-0.286568820476532,-0.04776079746361006,-0.025225788354873657,-0.18816012144088745,-0.07189177515382994,0.027067244052886963,-0.3038169741630554,-0.0999423691856407,0.06426641345024109,-0.3491208553314209,-0.10939916016931761,0.09556460380554199,-0.3775029182434082,-0.11347213181133498,0.005157917737960815,-0.14263996481895447,-0.08475668521995772,0.07880246639251709,-0.2605784237384796,-0.11610961499090422,0.07086494565010071,-0.22768709063529968,-0.10524259301300276,0.05048534274101257,-0.1887684166431427,-0.09345300289268721,0.04137590527534485,-0.09848672151565552,-0.09420527311439741,0.10937905311584473,-0.21129858493804932,-0.11285239996786345,0.09724640846252441,-0.1792399287223816,-0.08540373834247816,0.07775583863258362,-0.14402437210083008,-0.06367922367925871,0.07797998189926147,-0.05733877420425415,-0.10368606241817702,0.1354273557662964,-0.15452417731285095,-0.10539308729048003,0.12283831834793091,-0.1406351625919342,-0.08175624700660933,0.10144296288490295,-0.11182212829589844,-0.06433551552171934,am7
0.0,0.0,0.0,-0.022296398878097534,-0.0823395848274231,0.0003550488770827087,-0.011540442705154419,-0.18095943331718445,-0.01645400274648523,0.02328866720199585,-0.24539512395858765,-0.032096111142180916,0.054959118366241455,-0.283286452293396,-0.04660546865417814,-0.02487066388130188,-0.18891140818595886,-0.07326112028314924,0.02786242961883545,-0.3045318126678467,-0.1023771771426425,0.06529054045677185,-0.3497483730316162,-0.11247530665352201,0.09653046727180481,-0.37733280658721924,-0.11661306109382963,0.005093634128570557,-0.14273691177368164,-0.08641826447203016,0.07914769649505615,-0.2620600163936615,-0.11743169363691663,0.07140100002288818,-0.230427086353302,-0.10570012863828993,0.05129486322402954,-0.19231116771697998,-0.09336458977415418,0.04111987352371216,-0.09828555583953857,-0.09608870085432386,0.10987827181816101,-0.21173840761184692,-0.1146931880350337,0.09732162952423096,-0.18069708347320557,-0.08700657721712446,0.07742196321487427,-0.14586174488067627,-0.06502200003816938,0.07796704769134521,-0.05675005912780762,-0.10563258167459821,0.13608404994010925,-0.15402451157569885,-0.10697171922876691,0.12355974316596985,-0.14128610491752625,-0.0828388788933978,0.1018528938293457,-0.11320894956588745,-0.06495838698103285,am7
0.0,0.0,0.0,-0.022798806428909302,-0.08242219686508179,0.0007523064307548566,-0.012953221797943115,-0.18112066388130188,-0.015885576136255963,0.02149343490600586,-0.2457045316696167,-0.03155026351645063,0.054117947816848755,-0.2827222943305969,-0.046127451114202245,-0.026099443435668945,-0.18930265307426453,-0.07212678854897092,0.026307672262191772,-0.3046627342700958,-0.10109343891575406,0.06340894103050232,-0.35008031129837036,-0.11105240648224424,0.09428155422210693,-0.3779929578304291,-0.11511654918625425,0.0035990774631500244,-0.1440153419971466,-0.08547436212732862,0.07802906632423401,-0.2635710537433624,-0.11644883965685437,0.07066968083381653,-0.23151835799217224,-0.10477720712854932,0.05045253038406372,-0.19368833303451538,-0.09235352789595197,0.03960159420967102,-0.10039067268371582,-0.0953410319013841,0.10867565870285034,-0.2131795883178711,-0.11386850243046354,0.09643703699111938,-0.18159088492393494,-0.08627942716314863,0.07654854655265808,-0.1471218466758728,-0.06430738931133817,0.07657763361930847,-0.059331536293029785,-0.10506488149597715,0.134973406791687,-0.15612807869911194,-0.10629521077110837,0.1226305365562439,-0.14254504442214966,-0.08221107488110135,0.10102301836013794,-0.11445486545562744,-0.06434587901070188,am7
0.0,0.0,0.0,-0.02232837677001953,-0.08356094360351562,0.0015800313899489993,-0.011798679828643799,-0.18304166197776794,-0.014450863318870688,0.022060811519622803,-0.24872806668281555,-0.029686410295198584,0.05418023467063904,-0.2861465811729431,-0.044023884775469924,-0.02385413646697998,-0.19259729981422424,-0.0706037826262218,0.029567062854766846,-0.3068741261959076,-0.09957472452742877,0.06721511483192444,-0.3516644835472107,-0.10986500451190295,0.09856155514717102,-0.3790915608406067,-0.11415029534919086,0.006067812442779541,-0.1466073989868164,-0.08427019635064426,0.08168807625770569,-0.26417839527130127,-0.11479392865521731,0.07371601462364197,-0.23118218779563904,-0.10324563303811374,0.05259820818901062,-0.19396111369132996,-0.09107930430991473,0.042356014251708984,-0.10213303565979004,-0.09448635050875964,0.11223238706588745,-0.21402078866958618,-0.11290947565657916,0.09963956475257874,-0.18193721771240234,-0.08572057107312503,0.07900446653366089,-0.1480393409729004,-0.06415105828864398,0.07943779230117798,-0.060061633586883545,-0.10443169096333804,0.13769885897636414,-0.15713253617286682,-0.10526598462683978,0.12488073110580444,-0.1421090066432953,-0.08086586216313663,0.10267895460128784,-0.11325466632843018,-0.06286347875220599,am7
0.0,0.0,0.0,-0.022549808025360107,-0.08215636014938354,0.0011250284778157038,-0.012801021337509155,-0.1816251575946808,-0.01573394168650566,0.021666377782821655,-0.2468273639678955,-0.03167852130269466,0.054750651121139526,-0.28317123651504517,-0.04676580545043407,-0.024799585342407227,-0.18932843208312988,-0.07270728540157734,0.027317017316818237,-0.30596303939819336,-0.10117649030422626,0.06495225429534912,-0.35014504194259644,-0.11090124886965214,0.09629669785499573,-0.3770749568939209,-0.11508143436645923,0.004906952381134033,-0.1439361572265625,-0.08604846638178287,0.07898619771003723,-0.2622135877609253,-0.1164656926367229,0.07134881615638733,-0.22948631644248962,-0.10487325232958256,0.05080541968345642,-0.19198334217071533,-0.092915085372681,0.04115346074104309,-0.10016506910324097,-0.09567861747478901,0.11012992262840271,-0.21277198195457458,-0.11308393370842396,0.09790435433387756,-0.18135932087898254,-0.08504929136967121,0.07771444320678711,-0.14677131175994873,-0.06332811456655918,0.0778583288192749,-0.059438228607177734,-0.10516148549055515,0.13597321510314941,-0.15652474761009216,-0.10580704104637562,0.1232789158821106,-0.1423616111278534,-0.08145373058056293,0.10141921043395996,-0.11408299207687378,-0.06365475547050892,am7
0.0,0.0,0.0,-0.02229207754135132,-0.08284908533096313,0.00029919020312263456,-0.011081725358963013,-0.18270662426948547,-0.01637519619248451,0.024859577417373657,-0.24722042679786682,-0.03210283352814258,0.058269202709198,-0.28392547369003296,-0.04682175724587978,-0.023722529411315918,-0.1910356879234314,-0.07158398537717403,0.029041022062301636,-0.3061088025569916,-0.10027611910186351,0.06634682416915894,-0.3510901927947998,-0.11025887637219967,0.09724357724189758,-0.37830650806427,-0.11447091310105861,0.005858063697814941,-0.1449669897556305,-0.08489314376197399,0.08020651340484619,-0.2643474340438843,-0.11647415815673412,0.07263576984405518,-0.23214763402938843,-0.10558656512580455,0.052242547273635864,-0.19418886303901672,-0.09358076660714687,0.0419272780418396,-0.10072070360183716,-0.09472419976077617,0.11100295186042786,-0.21452847123146057,-0.11350629388175548,0.0985061526298523,-0.18267399072647095,-0.08601631133637966,0.07839003205299377,-0.14789175987243652,-0.064024425137859,0.07873556017875671,-0.05923950672149658,-0.10448402075849117,0.13682720065116882,-0.15717050433158875,-0.10590943603597225,0.124087393283844,-0.1431901752948761,-0.0817517256625706,0.10245034098625183,-0.11480158567428589,-0.06373381524167598,am7
0.0,0.0,0.0,-0.022561192512512207,-0.08296167850494385,0.0028165305583627287,-0.013300478458404541,-0.1798226237297058,-0.013242537938907617,0.020896583795547485,-0.24237161874771118,-0.028612698280170434,0.05534479022026062,-0.2769182026386261,-0.043167243563488,-0.023249417543411255,-0.19132649898529053,-0.07105926316316413,0.0282917320728302,-0.3072044849395752,-0.10020320009525108,0.0661059021949768,-0.35110723972320557,-0.11108202379281806,0.09785115718841553,-0.3775128126144409,-0.11582697074945258,0.006292462348937988,-0.14600592851638794,-0.0848852534228115,0.08070310950279236,-0.26291248202323914,-0.11484299492175865,0.07289856672286987,-0.23022058606147766,-0.10351449143226432,0.05204939842224121,-0.19282418489456177,-0.09181328009898948,0.042264729738235474,-0.10201925039291382,-0.09496229779060172,0.11139547824859619,-0.214025616645813,-0.11226005744273948,0.09913003444671631,-0.18264275789260864,-0.08467753123576927,0.07864761352539062,-0.14815008640289307,-0.06319787990386772,0.07869082689285278,-0.060605764389038086,-0.10468759279783058,0.13653498888015747,-0.15676385164260864,-0.1049365092449932,0.12397986650466919,-0.14254596829414368,-0.08015602719123649,0.10205093026161194,-0.11410868167877197,-0.0619592842095642,am7
0.0,0.0,0.0,-0.022224098443984985,-0.0822409987449646,0.0006947668974959242,-0.011701136827468872,-0.1823909878730774,-0.01574861250047377,0.023658812046051025,-0.24932414293289185,-0.03135220511977366,0.05654489994049072,-0.28806808590888977,-0.04596387400452784,-0.022916555404663086,-0.19024312496185303,-0.07082664399568728,0.029798537492752075,-0.3069297671318054,-0.09883584260170153,0.06769022345542908,-0.35173237323760986,-0.10852820604269198,0.09909963607788086,-0.378847599029541,-0.11270459174339464,0.006983339786529541,-0.14479437470436096,-0.08405409931366137,0.08083704113960266,-0.2636350989341736,-0.115024031989023,0.07336992025375366,-0.23159664869308472,-0.10427778392259768,0.052843570709228516,-0.19386696815490723,-0.09255065201942614,0.043167322874069214,-0.10110127925872803,-0.09368973403398684,0.11199992895126343,-0.21461492776870728,-0.11170879929487398,0.09969133138656616,-0.18340229988098145,-0.08431917607013872,0.07926720380783081,-0.14851784706115723,-0.06265923558895281,0.07979974150657654,-0.060574471950531006,-0.10324487268154314,0.1383076012134552,-0.15753278136253357,-0.10482345699493578,0.12572699785232544,-0.14453062415122986,-0.0812514740151613,0.10381662845611572,-0.11674410104751587,-0.06363547771398714,am7
0.0,0.0,0.0,-0.02216055989265442,-0.08228766918182373,0.0006375010820107718,-0.011616319417953491,-0.18146467208862305,-0.015667920513450895,0.023492515087127686,-0.24803057312965393,-0.030854990287124906,0.056211769580841064,-0.28670400381088257,-0.044943650765716825,-0.02235814929008484,-0.18977957963943481,-0.07174255098253468,0.030052751302719116,-0.3072431683540344,-0.09989267732053975,0.06795823574066162,-0.3521718382835388,-0.10978432144075612,0.0996006429195404,-0.37920042872428894,-0.114084677352011,0.008334875106811523,-0.1445043385028839,-0.08457191432863453,0.08194994926452637,-0.2627493739128113,-0.11503233904987553,0.07392948865890503,-0.2308884859085083,-0.10386534179598073,0.05342632532119751,-0.1931740641593933,-0.09206731016784886,0.044677942991256714,-0.10106688737869263,-0.09377627964168767,0.11306029558181763,-0.21407011151313782,-0.11123267705589512,0.10039862990379333,-0.18290790915489197,-0.08340928847938756,0.08008900284767151,-0.14795124530792236,-0.06167155276089886,0.08103451132774353,-0.060623884201049805,-0.10293110604435185,0.13956475257873535,-0.1567988097667694,-0.10428317035585621,0.12659424543380737,-0.14388680458068848,-0.08053972716480473,0.10437732934951782,-0.11611634492874146,-0.06286354507356862,am7
0.0,0.0,0.0,-0.021717965602874756,-0.0827743411064148,-0.00015190105573026358,-0.010413765907287598,-0.18161353468894958,-0.01660165852904072,0.02531987428665161,-0.24697819352149963,-0.03166314504146328,0.05819407105445862,-0.2840450406074524,-0.04553389466404667,-0.02171933650970459,-0.18946346640586853,-0.07217079318165531,0.03016209602355957,-0.30600884556770325,-0.10093829697966328,0.06780549883842468,-0.35122060775756836,-0.11164975083470097,0.09954282641410828,-0.37937647104263306,-0.11650878853201618,0.009366244077682495,-0.14401936531066895,-0.08495959556698551,0.08332523703575134,-0.2628017067909241,-0.11657506889700642,0.07551321387290955,-0.23216551542282104,-0.10661699540018788,0.05466508865356445,-0.19410184025764465,-0.09531374937891712,0.04566866159439087,-0.10020524263381958,-0.09413190103173008,0.11387911438941956,-0.21313312649726868,-0.11252009785771122,0.10150736570358276,-0.18268030881881714,-0.08534717476963749,0.08119693398475647,-0.14825814962387085,-0.06360950238108387,0.08185788989067078,-0.05920553207397461,-0.10329797036051502,0.14046403765678406,-0.15601781010627747,-0.10476997411846867,0.12806513905525208,-0.1440083384513855,-0.08087234116196385,0.10610297322273254,-0.11663800477981567,-0.06296327627300968,am7
0.0,0.0,0.0,-0.021048307418823242,-0.08343386650085449,0.00021071337616263008,-0.01015627384185791,-0.1819971203804016,-0.016027088859829064,0.025340497493743896,-0.24628737568855286,-0.03074727731362259,0.058051615953445435,-0.28282415866851807,-0.04407755064383423,-0.020953774452209473,-0.18995100259780884,-0.07251824217453873,0.030043452978134155,-0.30662161111831665,-0.10211471992150223,0.0676402747631073,-0.35253292322158813,-0.11364669131651794,0.0995156466960907,-0.38076795637607574,-0.11901198106423294,0.010092616081237793,-0.1436963975429535,-0.08541429566756165,0.08342468738555908,-0.26381853222846985,-0.11786656605616486,0.07567554712295532,-0.23334741592407227,-0.1083573453368274,0.05554082989692688,-0.1951008439064026,-0.09712120669499313,0.0462571382522583,-0.09957587718963623,-0.09464830684080994,0.11443790793418884,-0.2132762372493744,-0.11344396846905624,0.10190919041633606,-0.18342983722686768,-0.08631305920496857,0.08173385262489319,-0.1490512490272522,-0.0643473617972461,0.08233988285064697,-0.05834484100341797,-0.1038487307967273,0.1414763629436493,-0.1551896333694458,-0.10559630172863876,0.1290704309940338,-0.1450347900390625,-0.08182459848538315,0.1070387065410614,-0.1189928650856018,-0.06379540788546478,am7
0.0,0.0,0.0,-0.021174699068069458,-0.08375036716461182,7.85123098268059e-05,-0.010125428438186646,-0.18265146017074585,-0.016504287547306262,0.02601531147956848,-0.24688702821731567,-0.031472109085754596,0.05967038869857788,-0.2832172214984894,-0.045050836927131854,-0.021174103021621704,-0.18989744782447815,-0.07368933392210408,0.03035399317741394,-0.30666545033454895,-0.10334012640161916,0.06776908040046692,-0.35279616713523865,-0.11477802676601812,0.09929844737052917,-0.38109977543354034,-0.12018511427088185,0.009855657815933228,-0.143426775932312,-0.08650964481277867,0.08321386575698853,-0.26412713527679443,-0.1190124897424738,0.0755031406879425,-0.23408138751983643,-0.10938094539089604,0.05546927452087402,-0.19583523273468018,-0.09818606061382695,0.046009719371795654,-0.09906482696533203,-0.09557130915565892,0.1142885684967041,-0.21303728222846985,-0.11409349722309514,0.10174456238746643,-0.18391558527946472,-0.0866176037256281,0.08143693208694458,-0.1497448980808258,-0.06458308530493184,0.08188244700431824,-0.05781435966491699,-0.10464044643087789,0.14146101474761963,-0.15472999215126038,-0.10640058649225637,0.12918385863304138,-0.14601454138755798,-0.08274132741136953,0.1070769727230072,-0.12119859457015991,-0.06486194563551351,am7
0.0,0.0,0.0,-0.021325528621673584,-0.0843116044998169,-0.0005554478013891639,-0.010581433773040771,-0.183904230594635,-0.01717012658286876,0.025162160396575928,-0.2487497329711914,-0.03191121391523666,0.058045268058776855,-0.28594446182250977,-0.045120951752551264,-0.0217684805393219,-0.18925437331199646,-0.07443045176137275,0.029973119497299194,-0.305380642414093,-0.10438039250243492,0.06734326481819153,-0.35173630714416504,-0.1158945272075016,0.09899014234542847,-0.38048751652240753,-0.12124249435532874,0.009605348110198975,-0.14264172315597534,-0.08699782289136238,0.08343300223350525,-0.2647244930267334,-0.11972609258759803,0.0755138099193573,-0.23567846417427063,-0.10985359645951576,0.05518200993537903,-0.19754573702812195,-0.09828672654498405,0.04581183195114136,-0.09830272197723389,-0.09589415885079688,0.11402779817581177,-0.21288782358169556,-0.11477095730174369,0.10121801495552063,-0.18378198146820068,-0.08718869186509437,0.08086517453193665,-0.14964079856872559,-0.0648095468388874,0.08180305361747742,-0.05670207738876343,-0.10484192616809196,0.1412041187286377,-0.1542225480079651,-0.10647478796113319,0.12883520126342773,-0.14519932866096497,-0.08251901067364997,0.10681307315826416,-0.1194617748260498,-0.06436909831631965,am7
0.0,0.0,0.0,-0.021092265844345093,-0.08353465795516968,0.0008023535000489801,-0.009993106126785278,-0.18158885836601257,-0.015337780864783213,0.02637133002281189,-0.2448279857635498,-0.03003601804549305,0.05991858243942261,-0.2803170084953308,-0.043405760826416895,-0.02086341381072998,-0.18945401906967163,-0.07229044735605328,0.030257850885391235,-0.3060991168022156,-0.10171957016164868,0.06767591834068298,-0.352596640586853,-0.11318872571165173,0.09924498200416565,-0.38141101598739624,-0.11859314590866177,0.010244250297546387,-0.14348742365837097,-0.08530337810690014,0.08389738202095032,-0.2635318636894226,-0.11735549271280377,0.07566428184509277,-0.2326485514640808,-0.10766730904752819,0.05500862002372742,-0.19466981291770935,-0.09645660668785183,0.04643920063972473,-0.09952443838119507,-0.09456172287637798,0.1144285798072815,-0.2124544084072113,-0.1127293452637872,0.10155704617500305,-0.1822894811630249,-0.08522649556572048,0.081118643283844,-0.14822211861610413,-0.06324174702341168,0.08227077126502991,-0.058390140533447266,-0.10378250181848614,0.14161506295204163,-0.15461286902427673,-0.10510940551931469,0.1292557716369629,-0.14432072639465332,-0.08117733597929089,0.10713207721710205,-0.11887520551681519,-0.0631842955964288,am7
0.0,0.0,0.0,-0.021548807621002197,-0.0834054946899414,0.0007714542985866046,-0.010253697633743286,-0.1824636161327362,-0.015470464776086601,0.0263063907623291,-0.2461986243724823,-0.03018166224174479,0.05983874201774597,-0.2814478874206543,-0.04363043519370535,-0.021485328674316406,-0.19018736481666565,-0.07292054506652335,0.030150681734085083,-0.3063797950744629,-0.10219190182797888,0.06756675243377686,-0.35307636857032776,-0.11350496771447638,0.09893819689750671,-0.38196536898612976,-0.11885877611749152,0.009479910135269165,-0.14339178800582886,-0.08589795144908408,0.08376970887184143,-0.2639164924621582,-0.11794624390714148,0.07590076327323914,-0.23347777128219604,-0.10838525655381659,0.05551186203956604,-0.19539228081703186,-0.09724168392531851,0.045653730630874634,-0.09886771440505981,-0.0950064277898548,0.1140626072883606,-0.21220719814300537,-0.11298052879683951,0.10154449939727783,-0.18259009718894958,-0.08559476497285345,0.08116596937179565,-0.1485813856124878,-0.06369966926686743,0.08152088522911072,-0.05763489007949829,-0.1040732851874111,0.14131110906600952,-0.15405115485191345,-0.10551499488465765,0.12946045398712158,-0.14550137519836426,-0.08198212745301703,0.10751521587371826,-0.12171024084091187,-0.0642226702224491,am7
0.0,0.0,0.0,-0.021540939807891846,-0.08342999219894409,0.0014086235809713799,-0.010529279708862305,-0.18181371688842773,-0.01473806502468733,0.026320964097976685,-0.24516746401786804,-0.029678501022829096,0.06059262156486511,-0.2807198762893677,-0.04344160838223843,-0.020313918590545654,-0.1904715597629547,-0.07222008688546566,0.031026899814605713,-0.3074879050254822,-0.10170391930438427,0.06864863634109497,-0.35326358675956726,-0.11295311881400494,0.10031449794769287,-0.38118377327919006,-0.11812721176244168,0.010204315185546875,-0.14448824524879456,-0.08549883945084957,0.0839962363243103,-0.26417428255081177,-0.1173855213651791,0.07550525665283203,-0.23240041732788086,-0.10716959072448162,0.05499213933944702,-0.19478583335876465,-0.09560110403396038,0.0459958016872406,-0.1003795862197876,-0.09499546123839764,0.11455130577087402,-0.21324172616004944,-0.11329609139062313,0.10125783085823059,-0.1824055016040802,-0.0855038685927525,0.08061549067497253,-0.148279070854187,-0.0632657481560841,0.08167007565498352,-0.05912512540817261,-0.10437204672194866,0.14168328046798706,-0.15506520867347717,-0.10593798740006832,0.12941884994506836,-0.14475637674331665,-0.08198788745499996,0.10733792185783386,-0.11991757154464722,-0.06388019753791241,am7
0.0,0.0,0.0,-0.0215931236743927,-0.08419036865234375,0.0016836253085301678,-0.009624332189559937,-0.18230494856834412,-0.013677792940555378,0.027968406677246094,-0.24494850635528564,-0.027657637689529224,0.06254899501800537,-0.28031742572784424,-0.04037882233065204,-0.019739598035812378,-0.19203424453735352,-0.0707301109473093,0.03167444467544556,-0.30803418159484863,-0.09978424603146152,0.06901782751083374,-0.3547151982784271,-0.11115699851912098,0.10051929950714111,-0.3834536075592041,-0.11639937603872852,0.011454522609710693,-0.1463223397731781,-0.08382429027956562,0.08549052476882935,-0.26692911982536316,-0.11507227862280445,0.07739666104316711,-0.2365083396434784,-0.10516769284409122,0.057293713092803955,-0.1983187198638916,-0.09365553999346332,0.04733020067214966,-0.1021844744682312,-0.0931164383332117,0.11575794219970703,-0.21467995643615723,-0.11054934406679706,0.10289198160171509,-0.18507510423660278,-0.08309111589592533,0.08264628052711487,-0.15124833583831787,-0.06102084213894443,0.0825197696685791,-0.060399413108825684,-0.10231761479776935,0.14260149002075195,-0.15583521127700806,-0.10317401433390216,0.130872905254364,-0.14741426706314087,-0.0793181567828043,0.10923683643341064,-0.12383204698562622,-0.061208105031667515,am7
0.0,0.0,0.0,-0.021103739738464355,-0.0840144157409668,0.0013669826936109075,-0.010415792465209961,-0.18159466981887817,-0.01476340252830255,0.02567914128303528,-0.2438768744468689,-0.029782965555028795,0.060118675231933594,-0.27835309505462646,-0.043552618249492525,-0.02036634087562561,-0.19095072150230408,-0.07132710121496189,0.030770301818847656,-0.3069273829460144,-0.10166465841157901,0.06844255328178406,-0.35385555028915405,-0.11382285110576618,0.10023421049118042,-0.38248442113399506,-0.11941884063108432,0.009587109088897705,-0.1450156569480896,-0.08457837603910434,0.0849427580833435,-0.26453855633735657,-0.11740249745471942,0.07772517204284668,-0.2332465946674347,-0.10832215450628269,0.05751025676727295,-0.19518783688545227,-0.09716470889671314,0.045430392026901245,-0.10087120532989502,-0.09405584238393772,0.11536502838134766,-0.2134622037410736,-0.1131283824883269,0.10281553864479065,-0.1827017366886139,-0.08613355062826145,0.08203065395355225,-0.1485394835472107,-0.06404191605670917,0.08113560080528259,-0.05962306261062622,-0.10336634866817462,0.14218780398368835,-0.15440422296524048,-0.10528456769807804,0.13006460666656494,-0.14393863081932068,-0.08151982329709995,0.107674241065979,-0.11923152208328247,-0.06328226976020801,am7
0.0,0.0,0.0,-0.02162569761276245,-0.08337920904159546,0.0016231610547521313,-0.010308295488357544,-0.18128737807273865,-0.01408649197632883,0.026872307062149048,-0.24387073516845703,-0.028655984986968974,0.061142802238464355,-0.27924248576164246,-0.04197810738200758,-0.020842283964157104,-0.19203996658325195,-0.07051977663154219,0.03050944209098816,-0.3085104823112488,-0.1000559195768318,0.06806403398513794,-0.3551315665245056,-0.11170227228517149,0.09955465793609619,-0.3834303468465805,-0.11702725439185713,0.009447097778320312,-0.14577320218086243,-0.08382303415650938,0.0839003324508667,-0.2664215564727783,-0.11618642656917189,0.0766092836856842,-0.23545771837234497,-0.10701888947600935,0.056819260120391846,-0.19722190499305725,-0.09581649451369856,0.04533839225769043,-0.10168462991714478,-0.09331742076987837,0.11426696181297302,-0.21430042386054993,-0.11174655108565901,0.10160437226295471,-0.1837191879749298,-0.08459162860030744,0.08129861950874329,-0.14980614185333252,-0.06250713913554762,0.0811394453048706,-0.06057584285736084,-0.10268278567905043,0.14149898290634155,-0.15613028407096863,-0.10397316663379286,0.12957420945167542,-0.14616477489471436,-0.08001908807868574,0.10772338509559631,-0.1220199465751648,-0.06173734142298315,am7
0.0,0.0,0.0,-0.021679073572158813,-0.08372277021408081,0.0011601338081419499,-0.009750008583068848,-0.1819663643836975,-0.014763839830422398,0.027505457401275635,-0.24558228254318237,-0.02956628828194141,0.06144776940345764,-0.2832315266132355,-0.043166701038146016,-0.02044430375099182,-0.19149863719940186,-0.07029940216686725,0.031139403581619263,-0.3084952235221863,-0.099271364797616,0.0686255395412445,-0.35472822189331055,-0.11018501250889301,0.10024130344390869,-0.38312892615795135,-0.11504020570662021,0.01012033224105835,-0.14589565992355347,-0.08345665066387653,0.08426874876022339,-0.26617738604545593,-0.11555407970097065,0.07630041241645813,-0.2352214753627777,-0.10593202738907337,0.05609223246574402,-0.1970140039920807,-0.09445218025591373,0.046035945415496826,-0.10191512107849121,-0.09289219259169101,0.11474108695983887,-0.21447089314460754,-0.11136724828627109,0.10141631960868835,-0.18344777822494507,-0.08386608241941929,0.08078217506408691,-0.14943209290504456,-0.06156508280780315,0.08168593049049377,-0.06062304973602295,-0.10224930970814228,0.14148050546646118,-0.15623456239700317,-0.10357961832430362,0.129133403301239,-0.14534160494804382,-0.07948237686302662,0.10716018080711365,-0.12044650316238403,-0.06115343450453281,am7
0.0,0.0,0.0,-0.02125793695449829,-0.08373510837554932,0.00145117464413147,-0.009449869394302368,-0.18111342191696167,-0.014350833222891879,0.027935832738876343,-0.24370768666267395,-0.028966605514909816,0.06231752038002014,-0.2800680696964264,-0.042350260392453265,-0.01958361268043518,-0.191732257604599,-0.0706874298310538,0.031933367252349854,-0.30896562337875366,-0.0999143364286681,0.06950697302818298,-0.3559195101261139,-0.11117103122236927,0.1010294258594513,-0.3844813257455826,-0.11618799142601688,0.011113286018371582,-0.14564818143844604,-0.08378291301491458,0.08545374870300293,-0.2660391330718994,-0.11595333539011676,0.078009694814682,-0.23587769269943237,-0.10661500118735034,0.05817151069641113,-0.1980287730693817,-0.09527967296602924,0.04710948467254639,-0.10160589218139648,-0.09304945342304904,0.11580976843833923,-0.2138826847076416,-0.11124880038263996,0.10316827893257141,-0.1841178834438324,-0.0840526761865874,0.08280298113822937,-0.1504785418510437,-0.061973502711083484,0.08266228437423706,-0.06051325798034668,-0.10220352731707294,0.14303317666053772,-0.15557843446731567,-0.1035306619859,0.13127636909484863,-0.14630308747291565,-0.07969865374329288,0.10936734080314636,-0.1226264238357544,-0.06144301764729221,am7
0.0,0.0,0.0,-0.021594583988189697,-0.08371716737747192,0.001037817143526354,-0.009652853012084961,-0.18105894327163696,-0.015232622462633572,0.027722954750061035,-0.24326235055923462,-0.03033135349613758,0.061826616525650024,-0.27943798899650574,-0.04429360556167694,-0.01996558904647827,-0.1907004714012146,-0.07143586206001373,0.03175517916679382,-0.3076194226741791,-0.10052031355661484,0.0691191554069519,-0.3540031909942627,-0.11137029605669113,0.10062122344970703,-0.38253840804100037,-0.11617514568132492,0.010760843753814697,-0.14470317959785461,-0.08449222224516006,0.08558759093284607,-0.26441502571105957,-0.11680889206689926,0.07745379209518433,-0.23416399955749512,-0.10720559286636444,0.057177573442459106,-0.1965436041355133,-0.0957075886682901,0.04675567150115967,-0.1002320647239685,-0.09372863995594116,0.1154569685459137,-0.21256417036056519,-0.11207453238529297,0.10238811373710632,-0.18289276957511902,-0.08452751564544769,0.08188903331756592,-0.14923033118247986,-0.06223312842411133,0.08213633298873901,-0.0585942268371582,-0.1028964080171022,0.14255017042160034,-0.15369001030921936,-0.10443917738956543,0.13038760423660278,-0.14464151859283447,-0.08058130818170639,0.10837817192077637,-0.12106245756149292,-0.06235291513365837,am7
0.0,0.0,0.0,-0.021698206663131714,-0.08439105749130249,0.0019000403348172767,-0.00920143723487854,-0.18160629272460938,-0.013413963699917986,0.02910614013671875,-0.24404531717300415,-0.02712741852758427,0.06329983472824097,-0.28023719787597656,-0.03962729112265606,-0.019288092851638794,-0.19069954752922058,-0.07179979220984478,0.03272053599357605,-0.3079567551612854,-0.10026302174685497,0.0698896050453186,-0.35461705923080444,-0.11092659817097683,0.10093626379966736,-0.383471816778183,-0.11566599444506664,0.012013673782348633,-0.14478260278701782,-0.08441685871241589,0.08602842688560486,-0.2657186985015869,-0.11518487320302029,0.0775473415851593,-0.23656368255615234,-0.10474602119086285,0.05779960751533508,-0.1991431713104248,-0.092968284944277,0.04794546961784363,-0.10079306364059448,-0.09300491944907208,0.11587050557136536,-0.21320775151252747,-0.10932361320612927,0.10221558809280396,-0.1851629614830017,-0.08134422437308331,0.08201315999031067,-0.15208762884140015,-0.05921919257400532,0.08296859264373779,-0.05951738357543945,-0.10151618705151577,0.14272964000701904,-0.15398776531219482,-0.1017069740688612,0.13073211908340454,-0.14703211188316345,-0.07782855615971584,0.10929685831069946,-0.12520188093185425,-0.05979750663993855,am7
0.0,0.0,0.0,-0.02170240879058838,-0.08423423767089844,0.0026072726058856688,-0.009440183639526367,-0.18129143118858337,-0.012858572980846361,0.028951823711395264,-0.24326050281524658,-0.026986850990439848,0.06358858942985535,-0.2776849567890167,-0.04010127355017801,-0.018384546041488647,-0.19139885902404785,-0.07194511462607522,0.033732205629348755,-0.3086290657520294,-0.10110261161484857,0.07160884141921997,-0.35532858967781067,-0.1122240113154902,0.1034843921661377,-0.38346537947654724,-0.11710099746146341,0.012727439403533936,-0.1454259753227234,-0.08495085556664606,0.08731293678283691,-0.2645457684993744,-0.11564317215838571,0.07896816730499268,-0.23376768827438354,-0.10486749429860254,0.05909949541091919,-0.1961635947227478,-0.09297185261407037,0.048815757036209106,-0.10134762525558472,-0.09395248313107629,0.11721786856651306,-0.21323499083518982,-0.11065099258580346,0.10397779941558838,-0.18364739418029785,-0.08264426757254739,0.08358156681060791,-0.14978355169296265,-0.06050113086261888,0.08403292298316956,-0.06018739938735962,-0.10271733124413629,0.14366799592971802,-0.15446093678474426,-0.10274576265969415,0.1311810314655304,-0.14499595761299133,-0.07823669035592218,0.10903501510620117,-0.12088257074356079,-0.05984871332206865,am7
0.0,0.0,0.0,-0.021087169647216797,-0.08449649810791016,0.001881441204872658,-0.008279472589492798,-0.18181371688842773,-0.013835788601014087,0.030837446451187134,-0.24359291791915894,-0.028148568131896923,0.06582900881767273,-0.2778758406639099,-0.04132345587846942,-0.018031328916549683,-0.1916356384754181,-0.0725032565080852,0.0342349112033844,-0.30907467007637024,-0.10184835911628909,0.07237213850021362,-0.3556773066520691,-0.11282829464313693,0.1043795645236969,-0.3830814063549042,-0.11749121070739932,0.013235002756118774,-0.14513736963272095,-0.08544089169141955,0.08762902021408081,-0.2642262279987335,-0.11615345896122165,0.07911476492881775,-0.23293587565422058,-0.10509649188158221,0.05941849946975708,-0.19506734609603882,-0.09301862389681048,0.04936322569847107,-0.10108256340026855,-0.0945325967752666,0.11767524480819702,-0.21297761797904968,-0.11138108641740985,0.10423624515533447,-0.18278634548187256,-0.08312509477970309,0.08384686708450317,-0.14862316846847534,-0.06083461538788981,0.08456149697303772,-0.06023359298706055,-0.10350977153417773,0.14395245909690857,-0.15417537093162537,-0.10352845013973422,0.1313403844833374,-0.144051194190979,-0.07884837956068225,0.10916486382484436,-0.11940610408782959,-0.060403800466033886,am7
0.0,0.0,0.0,-0.02158316969871521,-0.08516848087310791,0.0008737090524277846,-0.00851777195930481,-0.18285873532295227,-0.015139378943388238,0.03020825982093811,-0.24391472339630127,-0.029626909979526772,0.06528294086456299,-0.2775360345840454,-0.04286572929555632,-0.019091546535491943,-0.19131159782409668,-0.07229703139597632,0.03324571251869202,-0.3078925907611847,-0.10214996557766653,0.07146239280700684,-0.35451656579971313,-0.11411360871130682,0.1037060022354126,-0.38307568430900574,-0.11967025917107321,0.012141883373260498,-0.14460742473602295,-0.08503312837416388,0.08670204877853394,-0.26404720544815063,-0.11703035455280997,0.07823476195335388,-0.2336680293083191,-0.10756504010493018,0.05806487798690796,-0.19560620188713074,-0.09636933576399542,0.04824206233024597,-0.10047692060470581,-0.09395870041186072,0.11695823073387146,-0.21291860938072205,-0.1115073285632775,0.103421151638031,-0.1832759976387024,-0.08395651947790839,0.08278882503509521,-0.14908573031425476,-0.061889792197291627,0.08332410454750061,-0.059767723083496094,-0.10290219109589316,0.14305198192596436,-0.15405210852622986,-0.10361979376608588,0.1302259862422943,-0.14470434188842773,-0.07955144565636374,0.10790875554084778,-0.12054914236068726,-0.061349900775496735,am7
0.0,0.0,0.0,-0.021853595972061157,-0.08466953039169312,0.0011970059981649683,-0.00868213176727295,-0.182694673538208,-0.014468277079231484,0.030546337366104126,-0.24451500177383423,-0.028215743807322724,0.06525453925132751,-0.2793387770652771,-0.040681446177131875,-0.01955389976501465,-0.19078069925308228,-0.0738142600480387,0.03259548544883728,-0.30704522132873535,-0.10355057029164527,0.0704716145992279,-0.35362300276756287,-0.11544066874421333,0.10235852003097534,-0.38222067058086395,-0.12103224752581809,0.01203387975692749,-0.14400258660316467,-0.08641217110789512,0.08639833331108093,-0.26476848125457764,-0.11776003448403571,0.07769498229026794,-0.23502281308174133,-0.10751363096869682,0.05762258172035217,-0.19693595170974731,-0.0960022604290316,0.04796499013900757,-0.09983479976654053,-0.09508452026284431,0.11628416180610657,-0.21258831024169922,-0.11181707887089942,0.10260716080665588,-0.18389040231704712,-0.08375845311320518,0.08218830823898315,-0.14994648098945618,-0.06162610856927131,0.0829332172870636,-0.058774590492248535,-0.10375640003121589,0.14260181784629822,-0.1534055769443512,-0.10405273942387794,0.1300356090068817,-0.1456509232521057,-0.07995760647690986,0.10796493291854858,-0.12254685163497925,-0.06189633367694114,am7
0.0,0.0,0.0,-0.02131769061088562,-0.08426791429519653,0.001620166510974741,-0.007858037948608398,-0.18175077438354492,-0.013952249503063285,0.030931323766708374,-0.24374616146087646,-0.027831602683590972,0.06498345732688904,-0.27936646342277527,-0.04049175589375409,-0.01854109764099121,-0.19063988327980042,-0.07280385105900677,0.0335429310798645,-0.3068966269493103,-0.10208142160468014,0.07088923454284668,-0.3536524772644043,-0.11337265729002866,0.1021222472190857,-0.38230758905410767,-0.11847659557156476,0.012462079524993896,-0.14378893375396729,-0.08556905000500592,0.08709478378295898,-0.26478105783462524,-0.11688705145411404,0.07902216911315918,-0.23560121655464172,-0.10664599745564374,0.05932414531707764,-0.19791966676712036,-0.09494045733504208,0.0482366681098938,-0.0990634560585022,-0.0943363791614047,0.11660769581794739,-0.21159601211547852,-0.11117612927250775,0.10327011346817017,-0.1834087371826172,-0.08316100000433835,0.08307686448097229,-0.15005704760551453,-0.06090027078084859,0.08330109715461731,-0.05742502212524414,-0.10303425400547894,0.14324265718460083,-0.152274489402771,-0.1035158669858447,0.13136541843414307,-0.14552220702171326,-0.07946779190592679,0.10983598232269287,-0.12369436025619507,-0.061291262349413955,am7
0.0,0.0,0.0,-0.0210457444190979,-0.08409911394119263,0.001834461369952578,-0.007765084505081177,-0.1814529299736023,-0.014053355881543439,0.031165212392807007,-0.24260854721069336,-0.028304315151245873,0.06578701734542847,-0.2763996720314026,-0.04141857566085605,-0.018692463636398315,-0.19094467163085938,-0.07372367100563793,0.03369826078414917,-0.3074052333831787,-0.10329761819687633,0.07165336608886719,-0.3539273142814636,-0.11479208336916713,0.10334771871566772,-0.38208986818790436,-0.12000155912485866,0.012090504169464111,-0.14371278882026672,-0.08667613284436015,0.08745190501213074,-0.263807088136673,-0.11772333549109248,0.07937589287757874,-0.23375451564788818,-0.10712243335095195,0.059404075145721436,-0.19598796963691711,-0.09538759754744319,0.04780659079551697,-0.09893739223480225,-0.09561467634287624,0.11668381094932556,-0.21104776859283447,-0.11210329549160747,0.10369572043418884,-0.1824725866317749,-0.0838252799376562,0.08344879746437073,-0.1489313840866089,-0.061633140759141725,0.08288389444351196,-0.05754464864730835,-0.10448372827616481,0.14313822984695435,-0.15213719010353088,-0.1045065270527914,0.13142138719558716,-0.1446511447429657,-0.08009574280825404,0.10979318618774414,-0.12223392724990845,-0.061854463981063645,am7
0.0,0.0,0.0,-0.021269887685775757,-0.08389806747436523,0.0019157119604642503,-0.007491558790206909,-0.18196842074394226,-0.013248068695247639,0.03171038627624512,-0.24398893117904663,-0.02678968705731677,0.0666114091873169,-0.2780173420906067,-0.039214277123392094,-0.018183141946792603,-0.1914394199848175,-0.07225488633412169,0.03404238820075989,-0.3077952265739441,-0.10125680774945067,0.07206407189369202,-0.35417047142982483,-0.11230180919665145,0.10378986597061157,-0.3824843615293503,-0.11724129081267165,0.012695014476776123,-0.14484277367591858,-0.08519489080208587,0.0874362587928772,-0.2650194466114044,-0.11589850247401046,0.0787690281867981,-0.2341480255126953,-0.10518925399082946,0.05845123529434204,-0.19646376371383667,-0.09331798315542983,0.048198699951171875,-0.10066366195678711,-0.09422226012247847,0.11723268032073975,-0.212344229221344,-0.11073305964964675,0.10347726941108704,-0.18244746327400208,-0.0825969404031639,0.08285325765609741,-0.1490374207496643,-0.06042388588684844,0.0829363763332367,-0.059280335903167725,-0.10316905141371535,0.14291900396347046,-0.15364885330200195,-0.10312875867384719,0.1306174397468567,-0.14441987872123718,-0.07874309033650206,0.10862177610397339,-0.12107068300247192,-0.060531289731443394,am7
0.0,0.0,0.0,-0.020692378282546997,-0.08450186252593994,0.0032054241305701225,-0.008297592401504517,-0.1817890703678131,-0.011617132506657413,0.028978466987609863,-0.2441871464252472,-0.02529531442313271,0.06356635689735413,-0.2791355550289154,-0.0378894107857235,-0.017729222774505615,-0.1925024390220642,-0.07055390723733979,0.03419458866119385,-0.3087708353996277,-0.10011544176130371,0.072439044713974,-0.3551122546195984,-0.1116317520359047,0.10464274883270264,-0.38272008299827576,-0.11659651347189026,0.012602388858795166,-0.14645907282829285,-0.0840024361827858,0.0883743166923523,-0.26645734906196594,-0.11487576463012772,0.08048495650291443,-0.23552206158638,-0.10430773445158081,0.06049376726150513,-0.197811096906662,-0.09227604516534882,0.0481506884098053,-0.1023443341255188,-0.09352033682851868,0.1174888014793396,-0.214034765958786,-0.1103831762888916,0.10430437326431274,-0.18389210104942322,-0.08244145759134369,0.08384525775909424,-0.15023043751716614,-0.06013425909667092,0.08297896385192871,-0.06069910526275635,-0.10278975316076355,0.14328840374946594,-0.15475204586982727,-0.10260827191858368,0.13083398342132568,-0.1444285809993744,-0.07779788323431092,0.10866674780845642,-0.11999553442001343,-0.059097123376417926,am7
0.0,0.0,0.0,-0.020797550678253174,-0.08468121290206909,0.002816238545364058,-0.008736521005630493,-0.18220627307891846,-0.01213284268740722,0.028423070907592773,-0.2450467348098755,-0.026001904753485405,0.06269824504852295,-0.28074193000793457,-0.038773561490216935,-0.018074899911880493,-0.1926071047782898,-0.07022134832803317,0.03399273753166199,-0.3087056875228882,-0.10004248343173572,0.07230281829833984,-0.35493871569633484,-0.11176647118989536,0.10470855236053467,-0.38247430324554443,-0.11685834698144504,0.01234474778175354,-0.14655768871307373,-0.08366884909335681,0.08797615766525269,-0.2658233046531677,-0.11512187741462299,0.07953524589538574,-0.23478829860687256,-0.10484793655339786,0.059217363595962524,-0.19707706570625305,-0.0928963410085828,0.04798486828804016,-0.10235220193862915,-0.0932942616171033,0.11748963594436646,-0.21397045254707336,-0.11100554339353152,0.1039557158946991,-0.18346884846687317,-0.08326776198808261,0.08321797847747803,-0.14961972832679749,-0.06085712708298274,0.08305394649505615,-0.060472965240478516,-0.10266821704570361,0.14323413372039795,-0.1546977460384369,-0.10308476410571643,0.13043686747550964,-0.1437511444091797,-0.07833353303138324,0.108038991689682,-0.11860466003417969,-0.05954391009871074,am7
0.0,0.0,0.0,-0.020926058292388916,-0.08445167541503906,0.002428334873144422,-0.008752018213272095,-0.182400643825531,-0.01269558936732551,0.028439313173294067,-0.24544906616210938,-0.026567443538482394,0.06252601742744446,-0.2814486026763916,-0.03930079684036514,-0.018389075994491577,-0.1918061375617981,-0.07106753185766479,0.03374302387237549,-0.3084025979042053,-0.1008836750723674,0.07186028361320496,-0.3549817204475403,-0.11281085506456634,0.10386204719543457,-0.3832128643989563,-0.11816429093855163,0.012251675128936768,-0.14534416794776917,-0.08435286328571578,0.0876319408416748,-0.26611167192459106,-0.11614887908476135,0.07956734299659729,-0.23609930276870728,-0.10639776781576415,0.05933550000190735,-0.19820165634155273,-0.0948344071246936,0.04796743392944336,-0.10135483741760254,-0.09373772636430999,0.11719965934753418,-0.21389925479888916,-0.11131836966055175,0.10379505157470703,-0.1840665340423584,-0.0837049458958461,0.08316919207572937,-0.15028420090675354,-0.0614571397044017,0.0829957127571106,-0.060153186321258545,-0.10293954357879898,0.14337515830993652,-0.15497326850891113,-0.10344058022278091,0.1306024193763733,-0.1448485255241394,-0.07899388417976638,0.10828235745429993,-0.1203722357749939,-0.06044017643111488,am7
0.0,0.0,0.0,-0.021074116230010986,-0.08430248498916626,0.002801896999628184,-0.009433865547180176,-0.18213719129562378,-0.012342475824951293,0.027360469102859497,-0.24556469917297363,-0.026241556280254486,0.06106877326965332,-0.28180575370788574,-0.03904267633795655,-0.01870778203010559,-0.1915813684463501,-0.07153060893058694,0.03347119688987732,-0.3083990216255188,-0.10113988677501595,0.07158675789833069,-0.3548019528388977,-0.1127289296174041,0.10349029302597046,-0.3827303349971771,-0.11781781772613442,0.012036770582199097,-0.14525771141052246,-0.08484791825055993,0.08751779794692993,-0.26621589064598083,-0.11632741103410638,0.07960134744644165,-0.23669028282165527,-0.10613143304824746,0.05954700708389282,-0.19908112287521362,-0.09430524567603982,0.04785922169685364,-0.1012464165687561,-0.09416062990665353,0.11694863438606262,-0.21393871307373047,-0.11140956590413964,0.10354775190353394,-0.18477436900138855,-0.0835575149440757,0.08294779062271118,-0.15103790163993835,-0.061228825249671104,0.08306708931922913,-0.06007087230682373,-0.10322747985362923,0.14303424954414368,-0.15495863556861877,-0.10340876738071358,0.1302069127559662,-0.14529508352279663,-0.07876479486465371,0.10794463753700256,-0.12100279331207275,-0.06010682741641915,am7
0.0,0.0,0.0,-0.020945191383361816,-0.08409005403518677,0.00237946426847202,-0.008818328380584717,-0.1816003918647766,-0.012827523468274649,0.028502076864242554,-0.24480384588241577,-0.026731643310029085,0.06269195675849915,-0.2810118794441223,-0.03954639234228807,-0.01824331283569336,-0.19131535291671753,-0.07136085205360132,0.03396645188331604,-0.3082095980644226,-0.1006161006598063,0.07197338342666626,-0.3546760678291321,-0.11179153942151743,0.10380268096923828,-0.38292914628982544,-0.1167003395466395,0.01284751296043396,-0.14563703536987305,-0.08457415871902185,0.0872209370136261,-0.266462504863739,-0.11594426952882486,0.07909724116325378,-0.2361670732498169,-0.10558741860671716,0.059211790561676025,-0.19821304082870483,-0.09366981261058527,0.04867053031921387,-0.10199558734893799,-0.09386147879644113,0.11691749095916748,-0.2140011489391327,-0.11105399154706674,0.10334855318069458,-0.1840015947818756,-0.08300980501456934,0.08292311429977417,-0.15021240711212158,-0.06060561486168581,0.08368155360221863,-0.0609317421913147,-0.10298262112422663,0.14293530583381653,-0.1552872657775879,-0.1031807916669436,0.12998178601264954,-0.1446957290172577,-0.07854555868192392,0.10790449380874634,-0.11993420124053955,-0.059961601576048906,am7
0.0,0.0,0.0,-0.021316230297088623,-0.0840408205986023,0.0019336290203000317,-0.00968882441520691,-0.18126407265663147,-0.013437274865623294,0.02795061469078064,-0.24329614639282227,-0.02761119606327611,0.06325903534889221,-0.27740639448165894,-0.04063624890875417,-0.018557369709014893,-0.1913321316242218,-0.07034263389539319,0.03262215852737427,-0.3078240752220154,-0.09954268860053617,0.07074329257011414,-0.3540763556957245,-0.11068580674361783,0.10288801789283752,-0.3820086419582367,-0.11554225908946592,0.012101531028747559,-0.14637738466262817,-0.08349960672092038,0.08670762181282043,-0.2663486897945404,-0.11506946014594632,0.07888129353523254,-0.23549145460128784,-0.10523862021398145,0.058712542057037354,-0.19735440611839294,-0.09353655206393796,0.04792347550392151,-0.10292857885360718,-0.09282770382594663,0.11628583073616028,-0.21434742212295532,-0.11035303401183683,0.1030951738357544,-0.18382912874221802,-0.08276076244544583,0.0824851393699646,-0.14983877539634705,-0.06047123672794896,0.08291676640510559,-0.06177932024002075,-0.1020411737484892,0.142431378364563,-0.15596887469291687,-0.10237962382268506,0.1299421191215515,-0.14504003524780273,-0.07786488162707883,0.10779845714569092,-0.11977648735046387,-0.05928517507743436,am7
0.0,0.0,0.0,-0.021309703588485718,-0.0836876630783081,0.002088986110763358,-0.0092257559299469,-0.1809861958026886,-0.012872268672211362,0.028466463088989258,-0.24375814199447632,-0.02652707066677351,0.06257590651512146,-0.279348760843277,-0.03899539564095278,-0.019785314798355103,-0.19157254695892334,-0.07004560459695597,0.03180348873138428,-0.3076547384262085,-0.09882972318969507,0.06991910934448242,-0.35358887910842896,-0.10968209732614298,0.10205402970314026,-0.381318137049675,-0.11434356052718897,0.010552316904067993,-0.14625203609466553,-0.08324064988933344,0.0852656364440918,-0.2655639052391052,-0.11403351206622858,0.07808169722557068,-0.23452824354171753,-0.10390602726779719,0.058616846799850464,-0.19690996408462524,-0.09226042706809778,0.046365052461624146,-0.10263991355895996,-0.09265562076411982,0.11535421013832092,-0.21357572078704834,-0.10956574160896082,0.10297510027885437,-0.18334585428237915,-0.08213757653079767,0.0827350914478302,-0.14989632368087769,-0.06026175547681589,0.08183002471923828,-0.06134295463562012,-0.10195277560792704,0.14103680849075317,-0.15516915917396545,-0.10184129257045527,0.12908458709716797,-0.14461690187454224,-0.07743620056949396,0.10708093643188477,-0.11988580226898193,-0.05914021212898035,am7
0.0,0.0,0.0,-0.02077120542526245,-0.08358359336853027,0.00157533924122788,-0.008910894393920898,-0.18240681290626526,-0.013687133085639402,0.027507513761520386,-0.2474977672100067,-0.027600919124395773,0.059825748205184937,-0.28598618507385254,-0.04034836333683245,-0.01928594708442688,-0.19111162424087524,-0.07129890215090029,0.03337925672531128,-0.3073198199272156,-0.09970672172001116,0.071483314037323,-0.35287731885910034,-0.10989798348835222,0.10333585739135742,-0.38053396344184875,-0.11430547874859087,0.011441558599472046,-0.14580890536308289,-0.08429407816818468,0.08464577794075012,-0.26588666439056396,-0.11492651444366686,0.0778450071811676,-0.234491765499115,-0.1042523060410332,0.058816730976104736,-0.19620731472969055,-0.09250971418312304,0.04743543267250061,-0.10207027196884155,-0.09349371981313936,0.11571797728538513,-0.2139638364315033,-0.11074354988029711,0.10351735353469849,-0.1834983229637146,-0.08306948584011309,0.0833943784236908,-0.14944830536842346,-0.06118920933893435,0.08305582404136658,-0.06090015172958374,-0.10258298110655062,0.14236000180244446,-0.15577012300491333,-0.10347622376373522,0.13024359941482544,-0.1454329490661621,-0.07970367860487215,0.10810595750808716,-0.12038242816925049,-0.06189854558995478,am7
0.0,0.0,0.0,-0.021311461925506592,-0.08367800712585449,0.0017013581179270432,-0.010505974292755127,-0.18211767077445984,-0.013538681442085476,0.025487571954727173,-0.2467269003391266,-0.027537104213777752,0.05868399143218994,-0.28420358896255493,-0.04033986898714659,-0.020132392644882202,-0.1908266842365265,-0.07057679491693136,0.032331109046936035,-0.30702659487724304,-0.09888891177827475,0.07010519504547119,-0.3531644344329834,-0.10915001528913137,0.10173261165618896,-0.3815612643957138,-0.11372822570258734,0.010634630918502808,-0.14562824368476868,-0.08371583419496176,0.08355426788330078,-0.26603883504867554,-0.11496899324113485,0.07650482654571533,-0.23480406403541565,-0.10483302223140356,0.05726727843284607,-0.19616198539733887,-0.09321240382844564,0.04683879017829895,-0.10195839405059814,-0.09301324980908987,0.11441916227340698,-0.21429026126861572,-0.11042556213790533,0.10214975476264954,-0.18382900953292847,-0.08273414569551107,0.08213788270950317,-0.14947810769081116,-0.06068573566729185,0.08246031403541565,-0.06082725524902344,-0.10222776281291601,0.14153751730918884,-0.15554368495941162,-0.10321772890740988,0.129146009683609,-0.14505591988563538,-0.07946495013887045,0.1070680022239685,-0.11976832151412964,-0.06156694191152212,am7
0.0,0.0,0.0,-0.021174728870391846,-0.08385694026947021,0.0015026277429086576,-0.009828060865402222,-0.18239650130271912,-0.013636351326979934,0.026697874069213867,-0.24647006392478943,-0.027350899527348815,0.059875160455703735,-0.2836732566356659,-0.03983129257944995,-0.02003970742225647,-0.19078755378723145,-0.07084645772961551,0.032588034868240356,-0.30655306577682495,-0.09945850516346866,0.07059752941131592,-0.3526819944381714,-0.11026554251698428,0.10244977474212646,-0.3811355531215668,-0.11521040345219546,0.011152297258377075,-0.14536762237548828,-0.08394305104998523,0.08430817723274231,-0.2663453221321106,-0.11526889050988132,0.07722592353820801,-0.23543056845664978,-0.10540902311591083,0.057854264974594116,-0.196466863155365,-0.09401770378140384,0.04740956425666809,-0.1016319990158081,-0.09323744172839099,0.11508789658546448,-0.21424439549446106,-0.11070735449580127,0.10278090834617615,-0.1838494837284088,-0.0832264467575925,0.08271327614784241,-0.14961779117584229,-0.061315537194289504,0.08300396800041199,-0.06040126085281372,-0.10247347945956164,0.14203795790672302,-0.15572547912597656,-0.10334112192181522,0.12984272837638855,-0.14542821049690247,-0.07952264393357211,0.10786014795303345,-0.12011122703552246,-0.06163717503336841,am7
0.0,0.0,0.0,-0.020801275968551636,-0.08355557918548584,0.0019618982049962597,-0.009727805852890015,-0.1820600926876068,-0.012880937748462884,0.02601483464241028,-0.24667060375213623,-0.02649807426413986,0.05901345610618591,-0.28406766057014465,-0.038914669857234685,-0.019308239221572876,-0.19029653072357178,-0.06989491786143276,0.0334189236164093,-0.3060280382633209,-0.09817171152016613,0.07113492488861084,-0.35221797227859497,-0.108472422317476,0.10268044471740723,-0.38068532943725586,-0.11305125857970211,0.011487215757369995,-0.1454479992389679,-0.08313334788462612,0.08442321419715881,-0.26494282484054565,-0.11386903430602047,0.07718992233276367,-0.2331799566745758,-0.10340491737505886,0.05768704414367676,-0.1947650909423828,-0.09169463868519756,0.04771304130554199,-0.10207253694534302,-0.09262631888768169,0.11503422260284424,-0.21390721201896667,-0.10988178904435131,0.10282796621322632,-0.18267151713371277,-0.0821449464120576,0.08282500505447388,-0.1485176980495453,-0.0601572958686063,0.08350789546966553,-0.061026155948638916,-0.10200736726901027,0.14201569557189941,-0.1557108461856842,-0.1025466849960992,0.12942728400230408,-0.1439317762851715,-0.07840783949276897,0.10724413394927979,-0.11755448579788208,-0.06040516550919506,am7
0.0,0.0,0.0,-0.021428793668746948,-0.083293616771698,-0.00027115576733649505,-0.010759592056274414,-0.18321526050567627,-0.01559256183747948,0.025005698204040527,-0.2485898733139038,-0.029410284746631987,0.05818551778793335,-0.2867085337638855,-0.041829415399774916,-0.02123132348060608,-0.18946757912635803,-0.07009726091121138,0.0318564772605896,-0.3054930865764618,-0.09836195482705534,0.06946191191673279,-0.35223549604415894,-0.10867968275044859,0.1007239818572998,-0.3813224732875824,-0.11337220742200316,0.010183393955230713,-0.14407378435134888,-0.08248114659284056,0.08255645632743835,-0.2660684287548065,-0.11489880903457106,0.07480734586715698,-0.23567458987236023,-0.10578977390025557,0.05503338575363159,-0.1967751383781433,-0.09431601389144362,0.04667755961418152,-0.10057592391967773,-0.09121871813033522,0.11276030540466309,-0.21448689699172974,-0.1098344780394882,0.09986543655395508,-0.184023916721344,-0.0828043751308769,0.07991087436676025,-0.1498352587223053,-0.060631156701788314,0.08253884315490723,-0.05973470211029053,-0.10002456678842009,0.14029359817504883,-0.15560320019721985,-0.10191042049621046,0.12765651941299438,-0.14476269483566284,-0.07859265132640303,0.10614746809005737,-0.1192358136177063,-0.060698048014387496,am7
0.0,0.0,0.0,-0.02201804518699646,-0.08263564109802246,0.000956962562028707,-0.011567741632461548,-0.18248406052589417,-0.013920666089418887,0.023073285818099976,-0.24908936023712158,-0.027778737617794036,0.0560096800327301,-0.28802287578582764,-0.040341472624007224,-0.02142775058746338,-0.1899256408214569,-0.06803580224341488,0.03054562211036682,-0.3061341643333435,-0.0960537925345335,0.06828641891479492,-0.35267943143844604,-0.10602567940777874,0.09969237446784973,-0.38111501932144165,-0.11035376638001537,0.00906914472579956,-0.145692378282547,-0.08087932914322948,0.08091893792152405,-0.2664928138256073,-0.11271677762097454,0.07362228631973267,-0.23448890447616577,-0.10307881086892223,0.053986936807632446,-0.1952667534351349,-0.09126023053950405,0.04527518153190613,-0.10258609056472778,-0.09012944847172832,0.11150851845741272,-0.21527758240699768,-0.10867119431323147,0.09912639856338501,-0.18398579955101013,-0.08170239478177166,0.07931292057037354,-0.1495497226715088,-0.059574155507746696,0.08109787106513977,-0.06178784370422363,-0.09931582063263988,0.13931787014007568,-0.15709513425827026,-0.10121143460101223,0.12674576044082642,-0.14570319652557373,-0.07797147929495907,0.10503554344177246,-0.1196640133857727,-0.06011300012296772,am7
0.0,0.0,0.0,-0.022179245948791504,-0.0822553038597107,0.0023250404927068757,-0.011405736207962036,-0.18060770630836487,-0.012374986224330087,0.02429059147834778,-0.24511000514030457,-0.02610867589757504,0.057710081338882446,-0.2828989028930664,-0.038768201396322866,-0.02177417278289795,-0.18992167711257935,-0.06879487194166245,0.031220167875289917,-0.30579131841659546,-0.09611600197897019,0.06879448890686035,-0.3515869379043579,-0.1054635600005156,0.10004270076751709,-0.3798539936542511,-0.10943021930799546,0.009313702583312988,-0.14555814862251282,-0.08205446906433167,0.08114379644393921,-0.2664165198802948,-0.11276202954397263,0.07383847236633301,-0.2348191738128662,-0.10222635723695817,0.054807037115097046,-0.19575423002243042,-0.09022057361946167,0.04590615630149841,-0.10264670848846436,-0.09147838063583436,0.11184951663017273,-0.21525046229362488,-0.10865423388824524,0.09952181577682495,-0.1847023069858551,-0.08101401038513245,0.07999780774116516,-0.15032801032066345,-0.05891581930265488,0.08206045627593994,-0.06222987174987793,-0.10076099194631638,0.13999038934707642,-0.15802711248397827,-0.1015517220650679,0.1277064085006714,-0.14759552478790283,-0.0778676749025351,0.10626542568206787,-0.12231326103210449,-0.060001629665947576,am7
0.0,0.0,0.0,-0.02203953266143799,-0.08191049098968506,0.0019840293363699857,-0.011621832847595215,-0.18127763271331787,-0.012803350315891748,0.023197531700134277,-0.2479689121246338,-0.02647366814454699,0.05569326877593994,-0.287546306848526,-0.038973734454714304,-0.02227497100830078,-0.18931546807289124,-0.06961031697829867,0.031402528285980225,-0.30596107244491577,-0.09690946035226489,0.0689941942691803,-0.3515976071357727,-0.10597373239835406,0.09976792335510254,-0.3795578181743622,-0.10968742959340716,0.00872713327407837,-0.14469385147094727,-0.08254190229018832,0.08058464527130127,-0.2665643095970154,-0.11342531137307788,0.0733482837677002,-0.23563995957374573,-0.10290373556455279,0.05415293574333191,-0.19720855355262756,-0.0908521606787076,0.04540163278579712,-0.1020020842552185,-0.09153579615195895,0.11140188574790955,-0.21539270877838135,-0.10889260165532733,0.0988432765007019,-0.18478146195411682,-0.08115719698508883,0.0790204405784607,-0.15062764286994934,-0.05895901166041995,0.08164766430854797,-0.06212484836578369,-0.10034437917312289,0.13914376497268677,-0.15813887119293213,-0.10122021727403308,0.12665608525276184,-0.14685994386672974,-0.07737854562839175,0.10520952939987183,-0.12138903141021729,-0.05934618480642939,am7
0.0,0.0,0.0,-0.02241981029510498,-0.08179628849029541,0.0022045446317378037,-0.012998074293136597,-0.18086358904838562,-0.012460592879008914,0.021522819995880127,-0.2467770278453827,-0.02616999086554017,0.055339694023132324,-0.2844190299510956,-0.0387082935553309,-0.023202210664749146,-0.18962106108665466,-0.06921141755397286,0.030185937881469727,-0.30614274740219116,-0.09709578913266625,0.06815335154533386,-0.3517906069755554,-0.10679944765384164,0.09921783208847046,-0.3795725703239441,-0.11091412764604058,0.007650226354598999,-0.14534899592399597,-0.08246401113088098,0.0791487991809845,-0.2680896818637848,-0.11370041382129159,0.07250848412513733,-0.236770361661911,-0.1035380230527636,0.053471267223358154,-0.1979391872882843,-0.09162766647155252,0.0443570613861084,-0.10281294584274292,-0.09184559595401254,0.10992515087127686,-0.21644076704978943,-0.10977471780593362,0.09791925549507141,-0.18531548976898193,-0.08245407205636468,0.07821729779243469,-0.15099811553955078,-0.060339713213991786,0.08084294199943542,-0.06285649538040161,-0.10100538444335427,0.13838592171669006,-0.15927183628082275,-0.10221103739554849,0.12627273797988892,-0.14739680290222168,-0.07843423795516458,0.10484516620635986,-0.12143176794052124,-0.06034704086000886,am7
0.0,0.0,0.0,-0.023202568292617798,-0.08155417442321777,0.003041627538138414,-0.014432340860366821,-0.17938247323036194,-0.011574091901323413,0.019807785749435425,-0.24433767795562744,-0.025378852662882423,0.05411559343338013,-0.28079280257225037,-0.03808444510146103,-0.024611055850982666,-0.18985223770141602,-0.06878439481302223,0.02897590398788452,-0.3062937259674072,-0.09664811338230095,0.06693288683891296,-0.35183772444725037,-0.10620350534959755,0.09826231002807617,-0.3798370361328125,-0.11016380186124763,0.0062590837478637695,-0.14617884159088135,-0.08240150804563484,0.07738515734672546,-0.2694395184516907,-0.11324521298452339,0.07095053791999817,-0.23756501078605652,-0.10260155196233711,0.052160173654556274,-0.19884148240089417,-0.09046569610877953,0.04318869113922119,-0.10426932573318481,-0.09213338936611137,0.10861778259277344,-0.21814000606536865,-0.10968777681632957,0.09682470560073853,-0.18650317192077637,-0.08206622446819267,0.07712358236312866,-0.15206116437911987,-0.05986013407751045,0.08005145192146301,-0.06470882892608643,-0.10159945632263145,0.1370827555656433,-0.1611892282962799,-0.10207471395774803,0.12492245435714722,-0.14856290817260742,-0.07792235310121498,0.10327398777008057,-0.12199324369430542,-0.05974031756564102,am7
0.0,0.0,0.0,-0.02395641803741455,-0.08095806837081909,0.0036287137356367793,-0.015305042266845703,-0.17836862802505493,-0.010588131653818778,0.01866626739501953,-0.24264270067214966,-0.024512882153246096,0.05242827534675598,-0.27884480357170105,-0.03755564875409334,-0.02502453327178955,-0.1908908486366272,-0.06560540459558695,0.028807103633880615,-0.3071627616882324,-0.09239360205337732,0.06629884243011475,-0.35259807109832764,-0.10140193514034479,0.09694689512252808,-0.38127249479293823,-0.10519513748094766,0.005804955959320068,-0.14806047081947327,-0.07956244311735361,0.07605341076850891,-0.270719975233078,-0.11036756149933069,0.06992191076278687,-0.23869922757148743,-0.100518363336775,0.05104753375053406,-0.1998347043991089,-0.08882811180755823,0.04298725724220276,-0.10628372430801392,-0.08963392935201853,0.10803088545799255,-0.219837486743927,-0.10744212083027094,0.09654566645622253,-0.18754076957702637,-0.08051443360254495,0.07683113217353821,-0.15295231342315674,-0.05867084003493517,0.07997435331344604,-0.06681329011917114,-0.09935540966198175,0.1363711953163147,-0.16312986612319946,-0.10015926770374506,0.12392547726631165,-0.14847517013549805,-0.07629863433048456,0.10220268368721008,-0.12080031633377075,-0.05824915579960077,am7
0.0,0.0,0.0,-0.023663431406021118,-0.08121633529663086,0.0042971198734989,-0.015316367149353027,-0.17754319310188293,-0.010278076090926902,0.01866251230239868,-0.24089521169662476,-0.024794049718494193,0.05291944742202759,-0.2765883505344391,-0.03851280004631974,-0.02481520175933838,-0.1905871033668518,-0.06609599680554368,0.029185980558395386,-0.30724281072616577,-0.09321778655898072,0.06682506203651428,-0.35269737243652344,-0.10245488227259614,0.09747368097305298,-0.381269633769989,-0.10636761427771546,0.005819559097290039,-0.14829349517822266,-0.08047682435166337,0.0760367214679718,-0.27097615599632263,-0.11158134431492783,0.0706365704536438,-0.23898792266845703,-0.10172097773205735,0.05228698253631592,-0.1999797523021698,-0.09008581579577424,0.043106138706207275,-0.1067085862159729,-0.09085432083260514,0.10843399167060852,-0.219913512468338,-0.10870080084454514,0.09732857346534729,-0.18759241700172424,-0.08150978029620148,0.07758688926696777,-0.1527479887008667,-0.05958411485802628,0.0803559422492981,-0.06755894422531128,-0.100816454895849,0.1371873915195465,-0.16381517052650452,-0.10141878218304612,0.12481716275215149,-0.14922630786895752,-0.07721952737223603,0.10285413265228271,-0.1215207576751709,-0.058998391189689414,am7
0.0,0.0,0.0,-0.023136496543884277,-0.0813300609588623,0.003989062345993943,-0.014454931020736694,-0.177362859249115,-0.01060967698745685,0.019781768321990967,-0.24015671014785767,-0.02514412712358194,0.05398726463317871,-0.27557694911956787,-0.03887310709856706,-0.023661673069000244,-0.18999463319778442,-0.06598913755320268,0.029763996601104736,-0.30654212832450867,-0.09285270508431154,0.0669562816619873,-0.35195159912109375,-0.10201804425619798,0.09745728969573975,-0.38051024079322815,-0.10597029414080339,0.007030397653579712,-0.14776989817619324,-0.08021771248482423,0.07634395360946655,-0.26996368169784546,-0.11125721123121934,0.07074981927871704,-0.23878681659698486,-0.10172726299666124,0.052672892808914185,-0.1999928057193756,-0.09036441978119569,0.0442546010017395,-0.10618072748184204,-0.09044590678118425,0.10889330506324768,-0.21916425228118896,-0.10807798143528657,0.09772700071334839,-0.18782392144203186,-0.08123947020672517,0.07823061943054199,-0.15314075350761414,-0.05961172368429857,0.08135366439819336,-0.06713247299194336,-0.10031887974642473,0.13800698518753052,-0.16327980160713196,-0.10111404296063142,0.1257207989692688,-0.15004342794418335,-0.07741843249701219,0.10406345129013062,-0.12297642230987549,-0.059515596293437056,am7
0.0,0.0,0.0,-0.022608637809753418,-0.08175396919250488,0.004139793208153719,-0.013020545244216919,-0.1782444715499878,-0.009693772429315572,0.021893858909606934,-0.24227291345596313,-0.02312370379426909,0.0552520751953125,-0.2810007929801941,-0.03557940562227202,-0.02283114194869995,-0.1893535852432251,-0.0654888748095317,0.02911686897277832,-0.3057843744754791,-0.09195353825548125,0.06551307439804077,-0.35241013765335083,-0.10012269754865599,0.09537011384963989,-0.38107985258102417,-0.10310248275258971,0.007990062236785889,-0.14775609970092773,-0.07933765639522505,0.07729798555374146,-0.27040016651153564,-0.10967398424604369,0.07229301333427429,-0.23868656158447266,-0.09886325885513259,0.05493047833442688,-0.20003461837768555,-0.08637775470474196,0.04508569836616516,-0.10657548904418945,-0.08927946527460051,0.10959872603416443,-0.21937263011932373,-0.1067915110752864,0.09876513481140137,-0.1870572566986084,-0.07928430278757048,0.07962673902511597,-0.15277230739593506,-0.056950561599521166,0.08190780878067017,-0.0671224594116211,-0.0987859590814395,0.13787490129470825,-0.1624486744403839,-0.0991945563719554,0.12597441673278809,-0.14900889992713928,-0.07498505701282454,0.10459178686141968,-0.12220317125320435,-0.056654810802726274,am7
0.0,0.0,0.0,-0.022021830081939697,-0.0819007158279419,0.0032661662182675855,-0.012112677097320557,-0.17935016751289368,-0.01067437113012204,0.022111356258392334,-0.24513137340545654,-0.024325917220963333,0.054168522357940674,-0.2856183648109436,-0.03702884607697854,-0.02239897847175598,-0.18915289640426636,-0.06394413926388154,0.0298597514629364,-0.30389848351478577,-0.08957452394749055,0.06605392694473267,-0.3508797287940979,-0.09668497063900361,0.09582054615020752,-0.3803420662879944,-0.09907414086843858,0.008341938257217407,-0.14828366041183472,-0.07752785899425874,0.07765159010887146,-0.26764723658561707,-0.10778918185020814,0.07170474529266357,-0.23386189341545105,-0.09667037495161424,0.053641676902770996,-0.19522762298583984,-0.08379557051445374,0.04545816779136658,-0.10697662830352783,-0.08744867213751206,0.10953173041343689,-0.21685868501663208,-0.1056293106892241,0.09848573803901672,-0.18369224667549133,-0.07846712388779054,0.07941055297851562,-0.14942488074302673,-0.05611022629524598,0.08247536420822144,-0.06707727909088135,-0.09696646102453599,0.13813063502311707,-0.1609114110469818,-0.09833029725338349,0.12596172094345093,-0.14714103937149048,-0.07493851401592622,0.10447698831558228,-0.12022751569747925,-0.05703671716834435,am7
0.0,0.0,0.0,-0.022066205739974976,-0.08214330673217773,0.0040286112082696945,-0.012347489595413208,-0.17954674363136292,-0.009472489499529502,0.021884262561798096,-0.2447667121887207,-0.02277067504175534,0.05433225631713867,-0.28370121121406555,-0.03512714631207814,-0.022959530353546143,-0.1901484727859497,-0.06275930828698506,0.029519200325012207,-0.30366799235343933,-0.08832022375710835,0.06586113572120667,-0.35056233406066895,-0.09594963318951955,0.09600579738616943,-0.3804987072944641,-0.09884110666163792,0.007783263921737671,-0.1488192081451416,-0.07667019791253438,0.0777292549610138,-0.26868027448654175,-0.10712420768388142,0.07224616408348083,-0.23517024517059326,-0.09694406218179097,0.05425351858139038,-0.1963021159172058,-0.08473057872899403,0.04507085680961609,-0.10723531246185303,-0.08681161529668202,0.10988029837608337,-0.2182658314704895,-0.1050800812924706,0.0992678701877594,-0.18544983863830566,-0.07855227417596211,0.08019453287124634,-0.1509416103363037,-0.0565583316171967,0.08232173323631287,-0.06741106510162354,-0.09646230764039387,0.1385107934474945,-0.16216972470283508,-0.09776813364871373,0.1264784038066864,-0.14930784702301025,-0.07462657816060414,0.10468161106109619,-0.12279486656188965,-0.05690773777016034,am7
0.0,0.0,0.0,-0.02239781618118286,-0.08222746849060059,0.004080498033829372,-0.012428581714630127,-0.1800708770751953,-0.010096878836236556,0.02146691083908081,-0.24727362394332886,-0.024173132235489447,0.0526043176651001,-0.28897470235824585,-0.03734098290868815,-0.02345573902130127,-0.18921586871147156,-0.06390263801284846,0.029064267873764038,-0.30427175760269165,-0.0894244155830961,0.06556791067123413,-0.35129880905151367,-0.09624562328525599,0.0956605076789856,-0.3803219199180603,-0.09840562110611017,0.0072823166847229,-0.1477513611316681,-0.07783250426717814,0.07700833678245544,-0.2684035003185272,-0.10855721598335322,0.07128345966339111,-0.235024094581604,-0.0974721080607992,0.05320936441421509,-0.19632765650749207,-0.08448080634542521,0.044579148292541504,-0.10618799924850464,-0.08794090067812022,0.10894227027893066,-0.2177356481552124,-0.10646623289056834,0.09807002544403076,-0.18542546033859253,-0.07929158126779612,0.07888466119766235,-0.15097948908805847,-0.05679353615113314,0.08176356554031372,-0.06681627035140991,-0.09750104611583765,0.1378093957901001,-0.16188567876815796,-0.098974256867848,0.12553241848945618,-0.14956161379814148,-0.07567780380912836,0.10360810160636902,-0.12331515550613403,-0.057803264910660346,am7
0.0,0.0,0.0,-0.022331833839416504,-0.08216601610183716,0.0033341844130774234,-0.012243181467056274,-0.1801895797252655,-0.010183990464312842,0.022513002157211304,-0.24638521671295166,-0.023486551359994223,0.05459955334663391,-0.2870667576789856,-0.035828682125313094,-0.022722095251083374,-0.1902504563331604,-0.06202714377711516,0.029535949230194092,-0.3042536675930023,-0.08699954161117773,0.06557202339172363,-0.3508698344230652,-0.0941632674045394,0.09538960456848145,-0.3806751072406769,-0.09684586384962302,0.00801098346710205,-0.14941498637199402,-0.07563142338464957,0.07678848505020142,-0.2692151963710785,-0.10607085236976843,0.07142102718353271,-0.23565536737442017,-0.09607439348171454,0.05401080846786499,-0.1970176100730896,-0.08391979196737509,0.045268118381500244,-0.1080622673034668,-0.08553081610868674,0.10936629772186279,-0.21904191374778748,-0.10372415044973593,0.09865927696228027,-0.18629595637321472,-0.07728953519533377,0.07983860373497009,-0.15211793780326843,-0.05537916952441435,0.08244651556015015,-0.06833136081695557,-0.09502135822246771,0.1379755139350891,-0.1629837453365326,-0.09651257702778082,0.1258520483970642,-0.14980334043502808,-0.07359119364689093,0.10439133644104004,-0.12338685989379883,-0.05596413323353033,am7
0.0,0.0,0.0,-0.022930800914764404,-0.0819818377494812,0.00412161161501956,-0.013291776180267334,-0.1797771155834198,-0.009689756880206346,0.02109566330909729,-0.24572861194610596,-0.023392690556747198,0.053050220012664795,-0.2854028344154358,-0.036207486155134916,-0.02473539113998413,-0.189347505569458,-0.06320694482575107,0.028575271368026733,-0.30353790521621704,-0.08819020188103366,0.06476753950119019,-0.3498399257659912,-0.09491820281992602,0.09454342722892761,-0.37947753071784973,-0.0972673857832973,0.0062408447265625,-0.14806011319160461,-0.07723030096541095,0.0760447084903717,-0.268304705619812,-0.10733589178572345,0.07050910592079163,-0.2350594401359558,-0.09652144855509448,0.05247655510902405,-0.1964925229549408,-0.08403253203879046,0.04381072521209717,-0.10670477151870728,-0.08745633459339786,0.10816726088523865,-0.21820080280303955,-0.10545101410399127,0.09761381149291992,-0.1854034960269928,-0.0785429144526546,0.07863202691078186,-0.1509251892566681,-0.056489203336340665,0.08138692378997803,-0.06751418113708496,-0.09717598951111484,0.13715097308158875,-0.16278639435768127,-0.09815980887661624,0.12495681643486023,-0.14944970607757568,-0.07486734187851596,0.10321691632270813,-0.12243211269378662,-0.05724023303638148,am7
0.0,0.0,0.0,-0.022285252809524536,-0.08220040798187256,0.004532350664675278,-0.012098163366317749,-0.17982375621795654,-0.00886155947139855,0.02208775281906128,-0.24605512619018555,-0.022221486112385946,0.053891539573669434,-0.28696349263191223,-0.03472607492497559,-0.02220815420150757,-0.1903783679008484,-0.06254182293108101,0.0306074321269989,-0.30539655685424805,-0.08780551238945122,0.06705635786056519,-0.3514346480369568,-0.09499863072326775,0.09693527221679688,-0.38027286529541016,-0.09751408829382058,0.008154362440109253,-0.1491001546382904,-0.07657736822059746,0.07747220993041992,-0.26962119340896606,-0.10654393865755196,0.0724635124206543,-0.2359386682510376,-0.09573678209474679,0.054965078830718994,-0.19711416959762573,-0.08321649863412972,0.045269012451171875,-0.10751384496688843,-0.08681750579765435,0.1100904643535614,-0.2190280556678772,-0.10448068662574883,0.09945130348205566,-0.18588319420814514,-0.07744002624443169,0.08033767342567444,-0.15152937173843384,-0.055363769671231466,0.0822637677192688,-0.06758439540863037,-0.09655585422208901,0.13862699270248413,-0.1624716818332672,-0.09742300494602318,0.12648054957389832,-0.14856719970703125,-0.07392874642303582,0.10474663972854614,-0.12152987718582153,-0.05607765450170632,am7
0.0,0.0,0.0,-0.021779268980026245,-0.08245193958282471,0.004705281024328656,-0.012478023767471313,-0.178940087556839,-0.008701595915951543,0.02151733636856079,-0.24329370260238647,-0.021986482171811872,0.054436713457107544,-0.28236281871795654,-0.03431209872523766,-0.022145330905914307,-0.18963417410850525,-0.0636388952569149,0.02984553575515747,-0.30442845821380615,-0.08961782555142861,0.06636670231819153,-0.3510960638523102,-0.09719971518079262,0.09628176689147949,-0.37989479303359985,-0.09981353531638604,0.008207321166992188,-0.14838337898254395,-0.07770211945334893,0.07741200923919678,-0.2694246172904968,-0.10769046048680764,0.07289546728134155,-0.23703128099441528,-0.09672572414437752,0.055547118186950684,-0.198619544506073,-0.0840568835572384,0.04507061839103699,-0.10693895816802979,-0.08791387776891213,0.1093970239162445,-0.21798092126846313,-0.10558456878224831,0.09915262460708618,-0.18541181087493896,-0.07844142566482049,0.08011090755462646,-0.1513509750366211,-0.0562003734246872,0.08178544044494629,-0.06700015068054199,-0.09759572844068032,0.1379604935646057,-0.16136854887008667,-0.0984025592641018,0.12646421790122986,-0.14823678135871887,-0.07470788757363778,0.10509490966796875,-0.1218334436416626,-0.05661257307092171,am7
0.0,0.0,0.0,-0.021740853786468506,-0.08228003978729248,0.0038316637422468602,-0.011632680892944336,-0.18032172322273254,-0.009518200656813747,0.02271077036857605,-0.2465795874595642,-0.022761870300811893,0.05502331256866455,-0.28702041506767273,-0.03507782531384862,-0.02231946587562561,-0.18995347619056702,-0.06172737864260114,0.03005242347717285,-0.30343466997146606,-0.08673898143176473,0.06632500886917114,-0.34992092847824097,-0.09368796659116185,0.09630438685417175,-0.3793991208076477,-0.09612699610595143,0.008022695779800415,-0.1491861343383789,-0.07556904864911473,0.07771658897399902,-0.2686867415904999,-0.10568781954650319,0.07250028848648071,-0.23523670434951782,-0.09527505201701558,0.05453592538833618,-0.19699758291244507,-0.08286511165503896,0.04510629177093506,-0.1078258752822876,-0.0857329369843427,0.10999077558517456,-0.21821057796478271,-0.10392778379325307,0.09948322176933289,-0.18500053882598877,-0.07739741367701924,0.08032828569412231,-0.15110164880752563,-0.0554146991432134,0.08218950033187866,-0.06785154342651367,-0.09543134284619725,0.13829481601715088,-0.1620146632194519,-0.09680437309150136,0.1263241171836853,-0.14786285161972046,-0.0737276451051656,0.10463231801986694,-0.12094706296920776,-0.056047603613180286,am7
0.0,0.0,0.0,-0.021197855472564697,-0.0819818377494812,0.004403711935239585,-0.011003881692886353,-0.17882296442985535,-0.009664329061550347,0.023015648126602173,-0.24524158239364624,-0.023620817171675412,0.05490592122077942,-0.2860390245914459,-0.03667040105376884,-0.02107858657836914,-0.18818259239196777,-0.06450226839099571,0.03162902593612671,-0.30311089754104614,-0.09045612748180076,0.06856587529182434,-0.3497666120529175,-0.09729660983596489,0.09887081384658813,-0.3781365752220154,-0.09921778674636528,0.009138345718383789,-0.1467292606830597,-0.07853257592235252,0.07972097396850586,-0.26764780282974243,-0.10937561030898735,0.07417851686477661,-0.23480737209320068,-0.09805186774049446,0.05582669377326965,-0.19669926166534424,-0.08472761447940513,0.046033620834350586,-0.10520583391189575,-0.0886877172759597,0.1109052300453186,-0.2161484658718109,-0.10752701695476219,0.09995865821838379,-0.18390366435050964,-0.08042953099523231,0.0805208683013916,-0.15015923976898193,-0.05776636611138031,0.0830514132976532,-0.06555455923080444,-0.09820111777101204,0.13945311307907104,-0.1605592966079712,-0.09967270429645225,0.127600759267807,-0.14813527464866638,-0.07611220266137764,0.10596922039985657,-0.12214058637619019,-0.05791629041944191,am7
0.0,0.0,0.0,-0.02243402600288391,-0.08201873302459717,0.004066031950671345,-0.012835562229156494,-0.1792222261428833,-0.009806484856497377,0.021311461925506592,-0.24590900540351868,-0.02343079628128919,0.05394327640533447,-0.28628987073898315,-0.03612264053602132,-0.022968947887420654,-0.1883460283279419,-0.06394050450701627,0.029319018125534058,-0.3027113974094391,-0.08987809152979764,0.06658098101615906,-0.3495839238166809,-0.09696500928778562,0.09716981649398804,-0.3784516453742981,-0.0991485136904231,0.007711231708526611,-0.14793771505355835,-0.07777585269589338,0.07806259393692017,-0.2674998939037323,-0.10849417926449689,0.07250383496284485,-0.23438885807991028,-0.09744987072129163,0.05389606952667236,-0.19611066579818726,-0.08438930095810804,0.04480627179145813,-0.10698050260543823,-0.0878332722343913,0.10934996604919434,-0.2166578769683838,-0.10664553375620756,0.09856101870536804,-0.18423843383789062,-0.07969504775185499,0.07899326086044312,-0.15037506818771362,-0.05714973987717542,0.08167695999145508,-0.06749916076660156,-0.0973106864251605,0.13732770085334778,-0.16150015592575073,-0.09866457612891111,0.12541839480400085,-0.14835596084594727,-0.07508290739436063,0.10359510779380798,-0.12155646085739136,-0.056930465564917654,am7
0.0,0.0,0.0,-0.022877901792526245,-0.08222216367721558,0.006766987395536717,-0.012941479682922363,-0.1779612898826599,-0.006116367048520033,0.02136853337287903,-0.24318426847457886,-0.019214436980831806,0.053794294595718384,-0.2824508249759674,-0.03158056792889852,-0.022207438945770264,-0.19067731499671936,-0.06205827799712438,0.030573248863220215,-0.3053187131881714,-0.08690104317938108,0.06759712100028992,-0.3516870439052582,-0.0931512607363345,0.097959965467453,-0.37978285551071167,-0.09468383026396054,0.008134722709655762,-0.1500011682510376,-0.07671724689279813,0.07890430092811584,-0.26999157667160034,-0.10523099881683606,0.07334038615226746,-0.23647713661193848,-0.09276258629833478,0.0550292432308197,-0.19903481006622314,-0.07916003895078916,0.04492253065109253,-0.10871607065200806,-0.08736301642929334,0.1103752851486206,-0.21904665231704712,-0.10410118532453794,0.09944507479667664,-0.1861897110939026,-0.07635767442260999,0.07986035943031311,-0.15235096216201782,-0.05386381653224248,0.08143863081932068,-0.06875312328338623,-0.09722636324440259,0.13833609223365784,-0.16278553009033203,-0.09692330342804212,0.1265755593776703,-0.1496153175830841,-0.07262293678795118,0.10460072755813599,-0.12332481145858765,-0.05426909086381215,am7
0.0,0.0,0.0,-0.02252158522605896,-0.08240818977355957,0.005162848449487001,-0.012900054454803467,-0.17906799912452698,-0.008114242170762509,0.02090016007423401,-0.24471810460090637,-0.02152913733274886,0.05316352844238281,-0.28462496399879456,-0.0341146282747502,-0.021874696016311646,-0.18965429067611694,-0.062164033938955754,0.031127721071243286,-0.3047866225242615,-0.08691424428374717,0.06798660755157471,-0.35101765394210815,-0.09315892605931708,0.097910076379776,-0.37919121980667114,-0.09480614512116858,0.00869840383529663,-0.14913180470466614,-0.0763626053825135,0.07853519916534424,-0.26901775598526,-0.10558005719335029,0.07316884398460388,-0.23644372820854187,-0.09402904956490943,0.05495539307594299,-0.19847950339317322,-0.08090760110766837,0.045871078968048096,-0.10816693305969238,-0.08671349584014365,0.11043122410774231,-0.21827197074890137,-0.10399910359532782,0.0996851921081543,-0.18581491708755493,-0.07689651398808905,0.08025142550468445,-0.1517944037914276,-0.05471288709790656,0.08279332518577576,-0.06871169805526733,-0.09646085201652,0.13873636722564697,-0.162570983171463,-0.09696246235520789,0.12662097811698914,-0.14891529083251953,-0.07327443658263633,0.10485157370567322,-0.1216968297958374,-0.05521298496873328,am7
0.0,0.0,0.0,-0.022899091243743896,-0.08164405822753906,0.005457748452940336,-0.013431668281555176,-0.17862579226493835,-0.007631840390345701,0.020565181970596313,-0.24497628211975098,-0.0207664512295338,0.05335912108421326,-0.28508853912353516,-0.03312706874795879,-0.02297070622444153,-0.1896231770515442,-0.06243016125746692,0.03113478422164917,-0.3039875626564026,-0.08690106423684085,0.06799760460853577,-0.349780797958374,-0.09291442783661807,0.09771120548248291,-0.37785735726356506,-0.09453674705811466,0.00766107439994812,-0.14902043342590332,-0.07656577529498065,0.07787984609603882,-0.26772403717041016,-0.10523873122521366,0.0723637044429779,-0.23481887578964233,-0.09334006460495914,0.05407044291496277,-0.19711822271347046,-0.08029321136065448,0.044940829277038574,-0.10806351900100708,-0.08679516168423618,0.10984000563621521,-0.21749603748321533,-0.10360444637127841,0.09903934597969055,-0.18464228510856628,-0.07627567948885883,0.07955467700958252,-0.15068531036376953,-0.05425196813531841,0.08201995491981506,-0.0688362717628479,-0.09636877777167285,0.13765394687652588,-0.16194787621498108,-0.09649637641497577,0.125342458486557,-0.1472301483154297,-0.07268177272864307,0.1034834086894989,-0.11978578567504883,-0.054770550896606096,am7
0.0,0.0,0.0,-0.021190494298934937,-0.08274048566818237,0.005088478092503124,-0.01090329885482788,-0.18028658628463745,-0.008263004712361521,0.022675663232803345,-0.24780872464179993,-0.021705000429946608,0.05438631772994995,-0.2903177738189697,-0.034221767216521926,-0.02038133144378662,-0.19168177247047424,-0.0627765792902295,0.03423994779586792,-0.306111216545105,-0.08800066891272706,0.07132643461227417,-0.351743221282959,-0.09459129604657335,0.1010083556175232,-0.3786255121231079,-0.09643303486664934,0.009716898202896118,-0.14971739053726196,-0.07699809852202577,0.08006581664085388,-0.26866990327835083,-0.10629057022889299,0.07543110847473145,-0.2358475923538208,-0.09460684540827913,0.0576627254486084,-0.19803637266159058,-0.08160477015336198,0.04659256339073181,-0.10733050107955933,-0.08739135298093004,0.1120823323726654,-0.21733146905899048,-0.10485057416518373,0.10184592008590698,-0.1845189929008484,-0.07739458116849107,0.08234506845474243,-0.15054422616958618,-0.0551590758856122,0.08330592513084412,-0.06684404611587524,-0.09716397407611055,0.14006289839744568,-0.16060173511505127,-0.097935518949825,0.12835949659347534,-0.14661306142807007,-0.07403607550223512,0.10645827651023865,-0.11962217092514038,-0.0558706547613923,am7
0.0,0.0,0.0,-0.022289305925369263,-0.08224564790725708,0.004550698165743938,-0.012933224439620972,-0.1793377697467804,-0.008876125841439375,0.02140793204307556,-0.24394917488098145,-0.022235902539492258,0.0547507107257843,-0.2829519212245941,-0.03464347734212936,-0.022344529628753662,-0.19045308232307434,-0.06316262348651946,0.030364900827407837,-0.3047073781490326,-0.08892387761831344,0.06723710894584656,-0.3504740297794342,-0.09643383189201415,0.09733238816261292,-0.3780539631843567,-0.09903235598564208,0.00785711407661438,-0.14913123846054077,-0.07723389430999816,0.07812634110450745,-0.26914674043655396,-0.10718329860925735,0.07350236177444458,-0.23695483803749084,-0.09647558494567932,0.05581822991371155,-0.19837844371795654,-0.08398325606346191,0.04462006688117981,-0.10718953609466553,-0.08747452362537445,0.10983958840370178,-0.2174641489982605,-0.10509375347852767,0.09945118427276611,-0.18495365977287292,-0.07809461518287719,0.08005675673484802,-0.15068766474723816,-0.05598899959683479,0.08097714185714722,-0.06682050228118896,-0.09719408913612426,0.1376120150089264,-0.16013303399085999,-0.09799806638717712,0.12585705518722534,-0.14662212133407593,-0.07428606464624465,0.1040826141834259,-0.11984419822692871,-0.05619038133978904,am7
0.0,0.0,0.0,-0.020872771739959717,-0.08268588781356812,0.004388536532516696,-0.010521411895751953,-0.17914462089538574,-0.009420489686434053,0.023622572422027588,-0.24448364973068237,-0.023180043118898652,0.05617570877075195,-0.2849741578102112,-0.03593232834607818,-0.01979401707649231,-0.19140303134918213,-0.06404219919711807,0.033973097801208496,-0.3057434558868408,-0.09026231968671539,0.07095703482627869,-0.3512183129787445,-0.09795406067640045,0.10073620080947876,-0.37742191553115845,-0.10044535601407745,0.010365903377532959,-0.14866045117378235,-0.07815369570523956,0.080526202917099,-0.26879966259002686,-0.10815485918790557,0.07586610317230225,-0.23765739798545837,-0.09715618545085647,0.05839011073112488,-0.19955575466156006,-0.08448760563403823,0.04711809754371643,-0.10591357946395874,-0.08846316838533141,0.11221274733543396,-0.2170487940311432,-0.10603809708625533,0.10171988606452942,-0.18566563725471497,-0.07871438914806106,0.08229559659957886,-0.1515762209892273,-0.056458849253957055,0.08353587985038757,-0.06530368328094482,-0.09830132478744247,0.140287846326828,-0.15966323018074036,-0.09921305233508804,0.12866783142089844,-0.14757966995239258,-0.07533251846105316,0.10704803466796875,-0.12126845121383667,-0.05701448375255325,am7
0.0,0.0,0.0,-0.022273927927017212,-0.0823935866355896,0.002865393346397127,-0.0122622549533844,-0.18044525384902954,-0.011160118106531058,0.023196488618850708,-0.24576005339622498,-0.024649240609036838,0.056514620780944824,-0.28510618209838867,-0.03705640004180566,-0.0230313241481781,-0.1895153820514679,-0.06460491807364122,0.030272185802459717,-0.3036409914493561,-0.09046169609926835,0.06743630766868591,-0.3494296073913574,-0.09820734203957215,0.09797066450119019,-0.37808242440223694,-0.10119209678076402,0.007977306842803955,-0.14781969785690308,-0.07800755144261018,0.07809308171272278,-0.2678677439689636,-0.10874074191950456,0.07285279035568237,-0.23543843626976013,-0.09864680708550111,0.05498567223548889,-0.19678887724876404,-0.08656848461531297,0.04504728317260742,-0.10632896423339844,-0.08764793963335649,0.10992127656936646,-0.2170640528202057,-0.10561038048170701,0.09909498691558838,-0.184361070394516,-0.0786340707650055,0.07964721322059631,-0.1501564085483551,-0.056553850482927714,0.08155626058578491,-0.06678241491317749,-0.09697383881710664,0.13753479719161987,-0.16012758016586304,-0.09798871220253602,0.12540996074676514,-0.1464507281780243,-0.07456320018671647,0.10370838642120361,-0.11999368667602539,-0.056767615090834056,am7
0.0,0.0,0.0,-0.021253973245620728,-0.08261317014694214,0.004729324936576518,-0.011093616485595703,-0.1789262294769287,-0.008762964528344241,0.022972017526626587,-0.24387067556381226,-0.021874123733780948,0.05594348907470703,-0.28384310007095337,-0.03399923398747262,-0.02007654309272766,-0.19009745121002197,-0.06483188971533593,0.03348088264465332,-0.30530035495758057,-0.09074997111811456,0.07045567035675049,-0.35123562812805176,-0.098439819660328,0.10044071078300476,-0.37912192940711975,-0.10111095711245355,0.010817497968673706,-0.14819446206092834,-0.07872600808396157,0.08055886626243591,-0.2695382833480835,-0.10833711132063684,0.07572999596595764,-0.23840376734733582,-0.0972106377746087,0.05813109874725342,-0.19981741905212402,-0.08463025048031625,0.04769819974899292,-0.10619193315505981,-0.08863609984173593,0.11210945248603821,-0.21807193756103516,-0.10563243135466394,0.10148972272872925,-0.18670493364334106,-0.07820647909893808,0.08224475383758545,-0.15263688564300537,-0.056054930683515636,0.0839809775352478,-0.0660279393196106,-0.09801026388659295,0.1398204267024994,-0.16076335310935974,-0.09819900944485482,0.12805408239364624,-0.14840003848075867,-0.0740879844094735,0.10659262537956238,-0.12183815240859985,-0.05584833725943383,am7
0.0,0.0,0.0,-0.022661834955215454,-0.08185523748397827,0.0027084458571806636,-0.012531518936157227,-0.18038898706436157,-0.011431124904291323,0.022690922021865845,-0.24571552872657776,-0.025248368182317904,0.055952250957489014,-0.2840283215045929,-0.038181350478069476,-0.02300041913986206,-0.18834251165390015,-0.06360312263025492,0.03024420142173767,-0.30200672149658203,-0.08898328701509683,0.06704747676849365,-0.34769850969314575,-0.09626003811611383,0.09738436341285706,-0.3771483600139618,-0.0990924433852598,0.0077928900718688965,-0.1472877562046051,-0.07714651236786096,0.0787598192691803,-0.2663871645927429,-0.10836925069345682,0.07294249534606934,-0.23330730199813843,-0.09871565262331217,0.054185062646865845,-0.19463935494422913,-0.08675792525066583,0.04509958624839783,-0.1058163046836853,-0.08696084181322306,0.11048069596290588,-0.21603989601135254,-0.1057060332085058,0.0993814468383789,-0.18302467465400696,-0.07923654923691004,0.07984310388565063,-0.148820698261261,-0.05721895853532999,0.08205795288085938,-0.066234290599823,-0.09641699949754923,0.13808098435401917,-0.16039437055587769,-0.09806724349512308,0.12544715404510498,-0.14620110392570496,-0.07503953287853449,0.10351943969726562,-0.11909961700439453,-0.057457462796108416,am7
0.0,0.0,0.0,-0.021802455186843872,-0.08297771215438843,0.005371132511371002,-0.011755675077438354,-0.17915326356887817,-0.007693357654190436,0.022535055875778198,-0.2435508370399475,-0.020687176268822327,0.055609673261642456,-0.28220072388648987,-0.0328349269743029,-0.020834684371948242,-0.19060835242271423,-0.06246583757949509,0.032034993171691895,-0.3041965067386627,-0.08807208238197006,0.06885460019111633,-0.3502233922481537,-0.09574252216172852,0.09901672601699829,-0.3789280652999878,-0.09846416709972061,0.00936916470527649,-0.14931371808052063,-0.07685553876710571,0.07983404397964478,-0.2699469327926636,-0.10677228717160858,0.07539564371109009,-0.23762866854667664,-0.0963512122447554,0.057826846837997437,-0.19934451580047607,-0.08400914667201675,0.04618385434150696,-0.1075482964515686,-0.08727036265683807,0.11178228259086609,-0.21830254793167114,-0.10463984904838242,0.10127782821655273,-0.18594130873680115,-0.07765259442878403,0.08182159066200256,-0.1523362398147583,-0.05553575454307236,0.08272716403007507,-0.06712925434112549,-0.09710147826028503,0.13936564326286316,-0.16146543622016907,-0.09730831382823624,0.1278133988380432,-0.14812207221984863,-0.07323854265762009,0.10618814826011658,-0.12185782194137573,-0.05493956280899681,am7
0.0,0.0,0.0,-0.022583097219467163,-0.08221262693405151,0.003368949126226539,-0.012801438570022583,-0.17953398823738098,-0.010598607287036543,0.0215914249420166,-0.24475643038749695,-0.024415770471321707,0.054567933082580566,-0.283359169960022,-0.037336798310505515,-0.02335256338119507,-0.1885235607624054,-0.0629326085748545,0.029877185821533203,-0.30211102962493896,-0.0880173350872866,0.06673383712768555,-0.34776127338409424,-0.09490936800860084,0.09706458449363708,-0.37684065103530884,-0.09736625656508124,0.0073187947273254395,-0.14744439721107483,-0.07674868211172736,0.07800602912902832,-0.2665730118751526,-0.10742900326870597,0.07245892286300659,-0.2337227165699005,-0.09733895763777412,0.053825199604034424,-0.19539287686347961,-0.08511813536308921,0.044473230838775635,-0.10626345872879028,-0.08683299824618018,0.10959035158157349,-0.21618211269378662,-0.10521655336044944,0.09887385368347168,-0.18338724970817566,-0.07872243031881965,0.07936045527458191,-0.1494162678718567,-0.05678014263533271,0.08145204186439514,-0.06697958707809448,-0.09650166884087241,0.137533038854599,-0.16091907024383545,-0.09783152297161735,0.12530547380447388,-0.1465553343296051,-0.07468638375424064,0.10341760516166687,-0.11924666166305542,-0.0570313352348677,am7
0.0,0.0,0.0,-0.02113768458366394,-0.08262079954147339,0.004762595302977957,-0.009764701128005981,-0.17895615100860596,-0.008182327945164047,0.024907022714614868,-0.24359029531478882,-0.02105913006924709,0.057276129722595215,-0.282645583152771,-0.03307667815350612,-0.018741101026535034,-0.1910681426525116,-0.06176631220840534,0.0347006618976593,-0.3044604957103729,-0.08730636977814754,0.07150119543075562,-0.35049962997436523,-0.09485602074526867,0.10165154933929443,-0.37890350818634033,-0.09740540825985988,0.011676520109176636,-0.1493108570575714,-0.07580993020199855,0.08179619908332825,-0.26853978633880615,-0.10583478653096279,0.07645633816719055,-0.23556119203567505,-0.09523324364089092,0.05849456787109375,-0.19729357957839966,-0.08258748495244106,0.04835987091064453,-0.10730206966400146,-0.08607724749707302,0.11376538872718811,-0.2170903980731964,-0.10404061221741756,0.10280033946037292,-0.18432173132896423,-0.07733142071627697,0.08328145742416382,-0.15073195099830627,-0.05515501716398319,0.08462893962860107,-0.06686651706695557,-0.09577487849854549,0.14124256372451782,-0.16066554188728333,-0.09647413038872799,0.12930354475975037,-0.14690592885017395,-0.07263765179776271,0.10767015814781189,-0.12030482292175293,-0.05434649878405651,am7
0.0,0.0,0.0,-0.02340412139892578,-0.08196264505386353,0.003647224509023772,-0.014238178730010986,-0.17942628264427185,-0.010347015227324619,0.020356178283691406,-0.2450040578842163,-0.024039287123031272,0.05472898483276367,-0.2829262614250183,-0.03689363040322746,-0.024104565382003784,-0.18806055188179016,-0.06385892071122612,0.029222697019577026,-0.30188941955566406,-0.0898502636730143,0.06677713990211487,-0.34816035628318787,-0.09733441658610786,0.09767487645149231,-0.37784242630004883,-0.10004259087438072,0.007022440433502197,-0.14763709902763367,-0.07768500037784065,0.07792946696281433,-0.266972154378891,-0.10886061378116096,0.07184889912605286,-0.2342308759689331,-0.09864330478305305,0.05266702175140381,-0.19658163189888,-0.08614598401183571,0.0443631112575531,-0.10685223340988159,-0.0877106208383509,0.10867315530776978,-0.21618175506591797,-0.10672795959109749,0.09761637449264526,-0.18285125494003296,-0.07988114096517052,0.0779041051864624,-0.14917761087417603,-0.05739881284827675,0.08133372664451599,-0.06757509708404541,-0.09721534140700783,0.13618871569633484,-0.16048336029052734,-0.0985639859020182,0.12391901016235352,-0.1453627645969391,-0.0748133081972071,0.10239723324775696,-0.11814576387405396,-0.05662446655625786,am7
0.0,0.0,0.0,-0.021701723337173462,-0.08270710706710815,0.006283370919632603,-0.01149478554725647,-0.17897850275039673,-0.006741868656021666,0.021716058254241943,-0.24398916959762573,-0.020156271614027332,0.05362096428871155,-0.28324317932128906,-0.0328247769250396,-0.020499318838119507,-0.1918880045413971,-0.06136847645778687,0.03338897228240967,-0.30579373240470886,-0.08705769465107949,0.07065156102180481,-0.3519878685474396,-0.09458275870223076,0.10096517205238342,-0.3799894154071808,-0.09702396378655465,0.00881415605545044,-0.1496664583683014,-0.07610341147322686,0.07960492372512817,-0.2690996527671814,-0.10587580487866433,0.07474011182785034,-0.2353370189666748,-0.09487213925261528,0.05674654245376587,-0.19733697175979614,-0.08212937400479348,0.045133888721466064,-0.10736072063446045,-0.08690227553982766,0.11176493763923645,-0.21775749325752258,-0.10471671805520089,0.10138890147209167,-0.18429890275001526,-0.0776238663568023,0.08184465765953064,-0.1504288911819458,-0.05539061487455399,0.08143332600593567,-0.06690788269042969,-0.0969375966562751,0.138761967420578,-0.16076141595840454,-0.0973595155848983,0.12708529829978943,-0.1458621323108673,-0.07311337427039177,0.10525912046432495,-0.11903214454650879,-0.05466315508623154,am7
0.0,0.0,0.0,-0.022198915481567383,-0.08226007223129272,0.005265797459841792,-0.012356430292129517,-0.1782127320766449,-0.008223381387679751,0.02214658260345459,-0.24205783009529114,-0.02207680375376242,0.05558651685714722,-0.27977603673934937,-0.03523177423575419,-0.022075295448303223,-0.1900465488433838,-0.06124305867651003,0.03042125701904297,-0.3035297989845276,-0.08685883277156847,0.06774511933326721,-0.34889844059944153,-0.09409053021171587,0.09807130694389343,-0.3767276108264923,-0.09646944099166888,0.007518023252487183,-0.14951816201210022,-0.07593343549469012,0.07846340537071228,-0.2672739624977112,-0.10598905527093905,0.07385540008544922,-0.23349034786224365,-0.09525820755460757,0.05553075671195984,-0.19617775082588196,-0.08267516785362261,0.04421508312225342,-0.10819703340530396,-0.08691452586153048,0.11030000448226929,-0.21615025401115417,-0.10516190671422976,0.0999535620212555,-0.18206053972244263,-0.07841877036788958,0.0801740288734436,-0.14872607588768005,-0.0563719547639181,0.08101984858512878,-0.06813925504684448,-0.09726980471113222,0.13684982061386108,-0.16025182604789734,-0.09817581021287936,0.1248621940612793,-0.1437281370162964,-0.0742751150677492,0.10309788584709167,-0.11608153581619263,-0.0561009287188341,am7
0.0,0.0,0.0,-0.02201405167579651,-0.0820237398147583,0.004790866330324661,-0.012899160385131836,-0.17956331372261047,-0.00879422942915653,0.02027830481529236,-0.24661922454833984,-0.022761898066789854,0.05192071199417114,-0.28769585490226746,-0.03579542781034206,-0.023325055837631226,-0.19204705953598022,-0.06134084979811405,0.03093859553337097,-0.30542823672294617,-0.08727113897720074,0.06837952136993408,-0.35056161880493164,-0.09481091047445034,0.09848564863204956,-0.37765324115753174,-0.0973674579969952,0.005998492240905762,-0.1503567099571228,-0.07581880683818554,0.07760503888130188,-0.2686997652053833,-0.10636979336658214,0.07372477650642395,-0.2344830334186554,-0.09598121042171215,0.055796146392822266,-0.19704630970954895,-0.08360410476842617,0.042857974767684937,-0.1084253191947937,-0.0866080820075581,0.10954421758651733,-0.21766656637191772,-0.10539928073802685,0.09997612237930298,-0.18328523635864258,-0.07868824149289821,0.08037859201431274,-0.14928078651428223,-0.05659997085848545,0.07989773154258728,-0.06849133968353271,-0.09680368746438717,0.13713625073432922,-0.1614622175693512,-0.09850804502883648,0.1257605254650116,-0.14531946182250977,-0.07499247784534191,0.10384178161621094,-0.11778450012207031,-0.056910850059182394,am7
0.0,0.0,0.0,-0.02262941002845764,-0.08186966180801392,0.004427039658096987,-0.013100504875183105,-0.1779744029045105,-0.00954468954596166,0.021349579095840454,-0.24156665802001953,-0.02393428642544393,0.05480673909187317,-0.279390811920166,-0.03754175115618352,-0.022725731134414673,-0.1921287178993225,-0.06159759346637372,0.031169861555099487,-0.3066258430480957,-0.08790778029951696,0.06919839978218079,-0.35075491666793823,-0.09647956151756887,0.1003086268901825,-0.3776228725910187,-0.09985576976332311,0.006905078887939453,-0.15105721354484558,-0.07611874897274618,0.0773564875125885,-0.27047058939933777,-0.10686627436670904,0.07378509640693665,-0.23742946982383728,-0.0974332730868781,0.056433528661727905,-0.199088454246521,-0.08585493672880773,0.0439392626285553,-0.10965210199356079,-0.0869744684198821,0.11022388935089111,-0.21999049186706543,-0.10506910491976384,0.10051947832107544,-0.18671691417694092,-0.07870560545715932,0.08090230822563171,-0.15226733684539795,-0.057110049168201726,0.08109700679779053,-0.07010382413864136,-0.0974177907803977,0.1378784477710724,-0.16416820883750916,-0.09848820079359655,0.12627676129341125,-0.14873391389846802,-0.0749565850594962,0.10442367196083069,-0.120846688747406,-0.05699908022079114,am7
0.0,0.0,0.0,-0.022556990385055542,-0.08278149366378784,0.005808870381770248,-0.01358368992805481,-0.17911499738693237,-0.007815436386408692,0.020193129777908325,-0.24306809902191162,-0.022143379711451416,0.05335479974746704,-0.28102925419807434,-0.035711501651348954,-0.022816359996795654,-0.19253093004226685,-0.060672768317999726,0.030071943998336792,-0.3067155182361603,-0.08660978909665573,0.06799080967903137,-0.3504210114479065,-0.09428346987897385,0.09874394536018372,-0.3759114742279053,-0.09690457668239105,0.005848675966262817,-0.15134340524673462,-0.07572919216090668,0.07670113444328308,-0.2698427736759186,-0.10540223207408417,0.07352763414382935,-0.23577585816383362,-0.09477249618703354,0.05629041790962219,-0.19831496477127075,-0.08257654395038116,0.04250413179397583,-0.10968178510665894,-0.08708127673799027,0.10941964387893677,-0.21935755014419556,-0.10459110226565826,0.100176602602005,-0.18553802371025085,-0.07764609988862503,0.08063793182373047,-0.15137696266174316,-0.055851862692179566,0.07955768704414368,-0.06968307495117188,-0.0978636005156659,0.13647803664207458,-0.1632959246635437,-0.09855980511838425,0.12517544627189636,-0.14762893319129944,-0.07470322486096848,0.10330525040626526,-0.12006396055221558,-0.056635730826201325,am7
0.0,0.0,0.0,-0.023106873035430908,-0.08297717571258545,0.00550593481524686,-0.013256937265396118,-0.17925161123275757,-0.00829820149452587,0.0217151939868927,-0.24195942282676697,-0.02274440043480297,0.055806130170822144,-0.278571754693985,-0.036552673213790854,-0.02314692735671997,-0.19341737031936646,-0.06028649770529171,0.030309975147247314,-0.3067426085472107,-0.08616799303204914,0.0680285096168518,-0.3502591848373413,-0.09429947473914524,0.09891387820243835,-0.3771490454673767,-0.09745640494735142,0.006198912858963013,-0.15251165628433228,-0.07554558106572529,0.07704538106918335,-0.271392285823822,-0.10564153828532596,0.07370078563690186,-0.2378290891647339,-0.09573853948027988,0.05631697177886963,-0.20041927695274353,-0.08398930170447727,0.043024659156799316,-0.11103326082229614,-0.08714048751504322,0.11008843779563904,-0.2209148406982422,-0.10457417555959125,0.10086977481842041,-0.1873832643032074,-0.07777940668971439,0.08133625984191895,-0.15362083911895752,-0.05609860458285709,0.08000883460044861,-0.0711057186126709,-0.09827015736014744,0.13583114743232727,-0.16538527607917786,-0.09841128625781437,0.12442922592163086,-0.14927706122398376,-0.07426750847012897,0.10284194350242615,-0.12142801284790039,-0.05613614433319469,am7
0.0,0.0,0.0,-0.02308964729309082,-0.08320218324661255,0.006365510541670005,-0.013801872730255127,-0.17948460578918457,-0.007651391066886504,0.02055501937866211,-0.24175623059272766,-0.022672660742230732,0.054572999477386475,-0.27780860662460327,-0.03712142454487832,-0.02391466498374939,-0.19291767477989197,-0.06027567582232507,0.029666751623153687,-0.30611884593963623,-0.08607946904403718,0.06763157248497009,-0.3488926887512207,-0.09392039300901445,0.09863737225532532,-0.3747527003288269,-0.09691822351915391,0.005070000886917114,-0.1516800820827484,-0.07584015848142656,0.0760360062122345,-0.26997601985931396,-0.10595341594917329,0.07280266284942627,-0.23561051487922668,-0.09575436832410844,0.05552288889884949,-0.19782331585884094,-0.08394235195619615,0.041919589042663574,-0.10957366228103638,-0.08760037841302903,0.10912975668907166,-0.2198498249053955,-0.1052788478325084,0.10009720921516418,-0.1859029233455658,-0.07836069734794648,0.08058533072471619,-0.15142634510993958,-0.05666873427135499,0.0789690911769867,-0.0696418285369873,-0.09873802037937196,0.13587316870689392,-0.16374671459197998,-0.09928208412630113,0.12416025996208191,-0.1473231017589569,-0.07533365311128648,0.10213631391525269,-0.11936873197555542,-0.05737747075063737,am7
0.0,0.0,0.0,-0.022618085145950317,-0.08392864465713501,0.006213665442444949,-0.013190150260925293,-0.1796444058418274,-0.007808387776933046,0.02134913206100464,-0.24042335152626038,-0.022807575328371854,0.055623859167099,-0.2745363712310791,-0.03727262423755917,-0.02292373776435852,-0.19296026229858398,-0.060181915326140256,0.03001987934112549,-0.30499982833862305,-0.08586334021212849,0.06794235110282898,-0.347850501537323,-0.09381420494439396,0.09875425696372986,-0.37316012382507324,-0.09681449414613041,0.0063047707080841064,-0.15131694078445435,-0.07594650567891392,0.07714304327964783,-0.26997923851013184,-0.1055694329869965,0.07504785060882568,-0.2373841106891632,-0.09559015513779912,0.05793178081512451,-0.19947674870491028,-0.08396185518624577,0.04317140579223633,-0.10877561569213867,-0.08795116425874028,0.11017805337905884,-0.2189657986164093,-0.10507603318812642,0.10253766179084778,-0.18670520186424255,-0.07855156393172535,0.08334755897521973,-0.15259388089179993,-0.057162008745692106,0.08020398020744324,-0.06811767816543579,-0.09939668656708989,0.1368846595287323,-0.16339415311813354,-0.09943835766436848,0.1263834834098816,-0.14888808131217957,-0.07538058192851338,0.10479563474655151,-0.12117576599121094,-0.057339738620541425,am7
0.0,0.0,0.0,-0.023060202598571777,-0.08272409439086914,0.006216674904820252,-0.015439033508300781,-0.17739108204841614,-0.008027423777136278,0.017725467681884766,-0.23815664649009705,-0.023192451939436864,0.05186587572097778,-0.27278435230255127,-0.037690434277507734,-0.02573755383491516,-0.1919236183166504,-0.06054085087821193,0.026349276304244995,-0.3043586313724518,-0.08664504778430171,0.06457680463790894,-0.3472411632537842,-0.09524809163853831,0.09572562575340271,-0.372236430644989,-0.09876027298018641,0.002729862928390503,-0.15104886889457703,-0.07601297241494365,0.07317766547203064,-0.2690194547176361,-0.1056621108655662,0.07273691892623901,-0.23728686571121216,-0.09632876110121913,0.05666297674179077,-0.19972959160804749,-0.08543269676015086,0.0394744873046875,-0.1093224287033081,-0.08763565462872691,0.10675475001335144,-0.21869710087776184,-0.10455268961236186,0.10013404488563538,-0.18700635433197021,-0.07834325325534053,0.08127731084823608,-0.15274807810783386,-0.05746205863401599,0.07651928067207336,-0.06981551647186279,-0.09869280052230067,0.13342854380607605,-0.16256827116012573,-0.09893628549620814,0.12345343828201294,-0.14772436022758484,-0.07532368195101924,0.10199505090713501,-0.1203542947769165,-0.0576637793783874,am7
0.0,0.0,0.0,-0.02303922176361084,-0.08267086744308472,0.006447998850518388,-0.014384537935256958,-0.1771373450756073,-0.008134602059698182,0.01969754695892334,-0.236568421125412,-0.023990313013172226,0.053488969802856445,-0.26947021484375,-0.03945668456432827,-0.024706095457077026,-0.19388562440872192,-0.06021309686181553,0.02726191282272339,-0.30607324838638306,-0.08732163948295124,0.06562229990959167,-0.3485923707485199,-0.09704535496709354,0.09742152690887451,-0.37339240312576294,-0.10118009937284,0.00375482439994812,-0.1521259844303131,-0.07633695793626316,0.0751095712184906,-0.26990097761154175,-0.10668209982392796,0.07278063893318176,-0.23555707931518555,-0.09742920887944706,0.05543762445449829,-0.19748476147651672,-0.08642595303533085,0.0403081476688385,-0.10992956161499023,-0.08878482920405872,0.10777837038040161,-0.21916791796684265,-0.10620854837176807,0.09947225451469421,-0.1861325204372406,-0.07991791558740147,0.07992231845855713,-0.15203359723091125,-0.05885736686465748,0.07741302251815796,-0.06994873285293579,-0.10070960265872486,0.1348688304424286,-0.1647108495235443,-0.10067587388036259,0.12428757548332214,-0.14896568655967712,-0.07641530824182041,0.10245084762573242,-0.12118613719940186,-0.05829266500947483,am7
0.0,0.0,0.0,-0.02367699146270752,-0.08297491073608398,0.007339803413813684,-0.015806198120117188,-0.17757797241210938,-0.007165744057530787,0.01770445704460144,-0.23738229274749756,-0.02318979855128589,0.051526397466659546,-0.2711484134197235,-0.03892499263831439,-0.026093631982803345,-0.19375097751617432,-0.0594892209345943,0.02508842945098877,-0.30605316162109375,-0.08589160125204387,0.06286334991455078,-0.34824061393737793,-0.09513096939274135,0.0941421389579773,-0.3733270764350891,-0.09920199643322292,0.0025408565998077393,-0.15310704708099365,-0.07594125400730434,0.0725829005241394,-0.2695349454879761,-0.10565837900587383,0.06994426250457764,-0.23508918285369873,-0.09618652294822994,0.052532047033309937,-0.19739583134651184,-0.08538297246643367,0.03911671042442322,-0.11128884553909302,-0.08856875132271114,0.10539752244949341,-0.21997255086898804,-0.10535910408445659,0.09701928496360779,-0.18691444396972656,-0.07861825506635967,0.07764625549316406,-0.1526286005973816,-0.05764075424023929,0.07601407170295715,-0.07160812616348267,-0.10060178171345058,0.13214579224586487,-0.16571247577667236,-0.10045238267132106,0.12133431434631348,-0.14939182996749878,-0.0761506153220779,0.09981495141983032,-0.12141305208206177,-0.0582125639493114,am7
0.0,0.0,0.0,-0.022387832403182983,-0.08336055278778076,0.007649886614856882,-0.013216286897659302,-0.17781636118888855,-0.0068153890713773535,0.02077627182006836,-0.23897457122802734,-0.022958409779491262,0.05393940210342407,-0.27418452501296997,-0.038837301351847486,-0.023749083280563354,-0.194865882396698,-0.05860696620565875,0.027795255184173584,-0.3062657117843628,-0.0853138517521046,0.06623485684394836,-0.3480287492275238,-0.09445370993834956,0.09780576825141907,-0.37181323766708374,-0.09807957223874553,0.00431397557258606,-0.15430134534835815,-0.07521021626216395,0.07549679279327393,-0.2692753076553345,-0.1044362660430096,0.07425454258918762,-0.2340439260005951,-0.09431849680167659,0.05723699927330017,-0.19680482149124146,-0.08306392542344554,0.040524959564208984,-0.11242234706878662,-0.08816515169364436,0.10778620839118958,-0.21980535984039307,-0.1051633607528828,0.10048717260360718,-0.18570923805236816,-0.0784207608483456,0.08111459016799927,-0.15148010849952698,-0.05732648707252963,0.07741937041282654,-0.07243293523788452,-0.10045890025121196,0.13386544585227966,-0.16607776284217834,-0.10020996890288814,0.12407803535461426,-0.14933529496192932,-0.07571684829217418,0.10276976227760315,-0.12155348062515259,-0.0575847428224705,am7
0.0,0.0,0.0,-0.023115843534469604,-0.08360689878463745,0.00805668385352476,-0.0155315101146698,-0.1767803132534027,-0.006526930801314279,0.01730254292488098,-0.23622122406959534,-0.022942026689392492,0.050578951835632324,-0.27009114623069763,-0.03909069633458273,-0.025867342948913574,-0.1937347650527954,-0.058420978098851606,0.023723602294921875,-0.30415603518486023,-0.08510357847784178,0.06164371967315674,-0.34586477279663086,-0.09410110822294371,0.09301421046257019,-0.36946427822113037,-0.09771536996935026,0.0016252994537353516,-0.15399277210235596,-0.07521314880226271,0.07232087850570679,-0.2671141028404236,-0.10411533674572127,0.07152488827705383,-0.2325141429901123,-0.09378694704149382,0.054863572120666504,-0.19624599814414978,-0.08258035740230696,0.03755566477775574,-0.11235731840133667,-0.08831121733759062,0.1045733094215393,-0.21812224388122559,-0.10503664574001448,0.09788712859153748,-0.1846005618572235,-0.07806082776163237,0.07900381088256836,-0.1507813036441803,-0.05698649546478407,0.07430627942085266,-0.07232052087783813,-0.10072796007965223,0.1305467188358307,-0.16483214497566223,-0.10040524563167708,0.12082293629646301,-0.1481676995754242,-0.0758532952365698,0.09972786903381348,-0.1207769513130188,-0.05777622348044531,am7
0.0,0.0,0.0,-0.022999286651611328,-0.08234471082687378,0.008749575254498154,-0.014303207397460938,-0.17451924085617065,-0.006046698528351158,0.01931053400039673,-0.2340349555015564,-0.022767280328096717,0.05241075158119202,-0.26844316720962524,-0.039371776494206756,-0.02483457326889038,-0.19374069571495056,-0.058940882894219726,0.02547791600227356,-0.30517518520355225,-0.0859434335557836,0.06418278813362122,-0.3460385501384735,-0.09508947572392401,0.09571689367294312,-0.36780601739883423,-0.09839106640500006,0.0025016963481903076,-0.15336951613426208,-0.07579697212857184,0.07352873682975769,-0.2663019895553589,-0.10403048536461768,0.07289117574691772,-0.2319222390651703,-0.09325534394663748,0.056422144174575806,-0.19622111320495605,-0.08190691015404639,0.03820940852165222,-0.11157602071762085,-0.08890006980580267,0.10543742775917053,-0.21655893325805664,-0.10490995934885916,0.09847232699394226,-0.18364888429641724,-0.07792715272587714,0.07934162020683289,-0.1502787470817566,-0.057035598072232574,0.07467043399810791,-0.072049081325531,-0.10122981211823401,0.13111555576324463,-0.16441985964775085,-0.09999092212599692,0.12200766801834106,-0.1486748456954956,-0.0750934659568685,0.10126349329948425,-0.12202459573745728,-0.05683109453600821,am7
0.0,0.0,0.0,-0.009996309876441956,-0.06634199619293213,-0.018430276683634617,-0.030627548694610596,-0.12867075204849243,-0.039720992467469074,-0.04161636531352997,-0.1617228388786316,-0.061742692164248325,-0.04409031569957733,-0.1907961070537567,-0.08257622169620404,-0.11701074987649918,-0.1250399947166443,-0.03875226797825704,-0.08105744421482086,-0.19793754816055298,-0.08553209053642163,-0.03029772639274597,-0.230798602104187,-0.11605326729184995,0.005875349044799805,-0.2500661611557007,-0.13109218227035413,-0.11369722709059715,-0.06319314241409302,-0.048648423425024845,-0.04580528289079666,-0.1449340581893921,-0.09355915235645185,2.8401613235473633e-05,-0.1334320306777954,-0.108754611483878,0.01299034059047699,-0.11073321104049683,-0.11239845203525434,-0.08995319902896881,-0.006656348705291748,-0.061458512119120456,-0.01693648099899292,-0.08789283037185669,-0.1059176613605679,0.023005202412605286,-0.08488214015960693,-0.10710323499805341,0.029511570930480957,-0.07009768486022949,-0.09804481910831342,-0.05725459009408951,0.04282248020172119,-0.07527930932409177,0.005586147308349609,-0.023163139820098877,-0.1045889471686543,0.037513911724090576,-0.046788811683654785,-0.10149127887851606,0.04354366660118103,-0.053432583808898926,-0.09143017130262265,am7
0.0,0.0,0.0,-0.010837063193321228,-0.0669398307800293,-0.018666192677375903,-0.03229117393493652,-0.12902438640594482,-0.039693211924788585,-0.043662041425704956,-0.1630157232284546,-0.06142195851778709,-0.046817295253276825,-0.191483736038208,-0.08182650969600402,-0.11923999339342117,-0.1248123049736023,-0.03787968472814285,-0.08173128962516785,-0.19936391711235046,-0.08466918186521255,-0.03136056661605835,-0.23235595226287842,-0.11532294170236312,0.004612535238265991,-0.2516658902168274,-0.13029274509525024,-0.11551240459084511,-0.06299012899398804,-0.04738580600595199,-0.044884614646434784,-0.14729595184326172,-0.09188973323678695,-0.0016445517539978027,-0.13493341207504272,-0.10708728597736084,0.009272873401641846,-0.1116492748260498,-0.1106964515266391,-0.0913909375667572,-0.006674408912658691,-0.059950178277251354,-0.015420660376548767,-0.08935606479644775,-0.10376367883062088,0.02174946665763855,-0.08568531274795532,-0.10517884955978118,0.02653704583644867,-0.07102888822555542,-0.0962492691097232,-0.05861956626176834,0.042853713035583496,-0.0736463905987712,0.004987984895706177,-0.024188458919525146,-0.10232576147889816,0.035405367612838745,-0.04717254638671875,-0.09924699531173431,0.04093506932258606,-0.054181575775146484,-0.08912531451558792,am7
0.0,0.0,0.0,-0.010930821299552917,-0.06577754020690918,-0.017902472358642285,-0.031063303351402283,-0.12703853845596313,-0.039269647863207524,-0.04122856259346008,-0.15833520889282227,-0.06153067883521146,-0.04244457930326462,-0.18793252110481262,-0.08260057058602399,-0.11879251524806023,-0.12102794647216797,-0.03896454658776349,-0.07984115928411484,-0.19471019506454468,-0.08622986015349454,-0.028039708733558655,-0.22764599323272705,-0.11698332366019315,0.00922536849975586,-0.2475128173828125,-0.1318317049410922,-0.11418929696083069,-0.058447957038879395,-0.04882892158299512,-0.04348786920309067,-0.14219170808792114,-0.09326923575669355,6.566941738128662e-05,-0.1299489140510559,-0.10812853958874769,0.011716693639755249,-0.10601967573165894,-0.11162656482726163,-0.08975951373577118,-0.0017793774604797363,-0.06159852754741735,-0.01616065204143524,-0.08343726396560669,-0.10554996069937772,0.022627219557762146,-0.08099955320358276,-0.10652542796402997,0.029099538922309875,-0.06672096252441406,-0.09730890330344266,-0.057118624448776245,0.048353612422943115,-0.07537965413600034,0.006610408425331116,-0.018313229084014893,-0.10429800238877363,0.03838874399662018,-0.04183906316757202,-0.10102916446000165,0.044751837849617004,-0.04873377084732056,-0.0907354125049693,am7
0.0,0.0,0.0,-0.011784836649894714,-0.06940937042236328,-0.017056653371831487,-0.030073657631874084,-0.1323876976966858,-0.03815548317768247,-0.03572715073823929,-0.16983091831207275,-0.06078608902432592,-0.03286829590797424,-0.20509856939315796,-0.0820053090367523,-0.11513346433639526,-0.123557448387146,-0.03680715533234746,-0.07516463100910187,-0.1996174454689026,-0.0839366187367645,-0.02363485097885132,-0.23337054252624512,-0.11378351794817121,0.012794137001037598,-0.25327223539352417,-0.1274575834188667,-0.1105850487947464,-0.06193089485168457,-0.04655711548664243,-0.03543132543563843,-0.14997464418411255,-0.08885733234026105,0.007022663950920105,-0.13491284847259521,-0.10074378000833661,0.015458539128303528,-0.10733681917190552,-0.10196140604355008,-0.08590658009052277,-0.005564451217651367,-0.059419831356784414,-0.005821123719215393,-0.09230488538742065,-0.10048112469055326,0.03011608123779297,-0.08610624074935913,-0.097177634111425,0.0324474573135376,-0.06724870204925537,-0.0848146175060478,-0.05354813486337662,0.04529833793640137,-0.07366224574186475,0.01216861605644226,-0.024301886558532715,-0.09925563084222944,0.04041513800621033,-0.047483623027801514,-0.09269358413555295,0.0443558394908905,-0.05320936441421509,-0.0797232483539787,am7
0.0,0.0,0.0,-0.011424720287322998,-0.06641203165054321,-0.01902577977396902,-0.03165490925312042,-0.12694931030273438,-0.041531512027162876,-0.040854260325431824,-0.15696579217910767,-0.0647863237909263,-0.04097708314657211,-0.18499034643173218,-0.08704919505633768,-0.11928274855017662,-0.11869055032730103,-0.041904674356359806,-0.07809073477983475,-0.19133979082107544,-0.09005753088511881,-0.025539323687553406,-0.2240961790084839,-0.1216628490737861,0.012072741985321045,-0.2444940209388733,-0.13704481113471445,-0.11461840942502022,-0.054217517375946045,-0.051615321522135105,-0.040491096675395966,-0.1384938359260559,-0.0965585200838035,0.0027631521224975586,-0.12611645460128784,-0.11163726586617884,0.01372191309928894,-0.10163259506225586,-0.11541889000453409,-0.08985833823680878,0.003786802291870117,-0.06413234907903131,-0.012503176927566528,-0.07947975397109985,-0.10765321690358576,0.026128441095352173,-0.07727378606796265,-0.10773310947932657,0.032285481691360474,-0.06280237436294556,-0.098074944203276,-0.056976042687892914,0.054566919803619385,-0.07785248894013819,0.00787287950515747,-0.014393925666809082,-0.10547334838427957,0.039892882108688354,-0.039270758628845215,-0.10071009535111841,0.046871066093444824,-0.04687392711639404,-0.0895242332271522,am7
0.0,0.0,0.0,-0.012037158012390137,-0.07258182764053345,-0.018516972920263886,-0.0312599241733551,-0.13472044467926025,-0.04077587488886225,-0.03827495872974396,-0.16854238510131836,-0.06415144566294062,-0.036417752504348755,-0.1995907425880432,-0.08606831196543085,-0.12102919816970825,-0.12486237287521362,-0.03941592413779604,-0.07834058254957199,-0.20167165994644165,-0.08738842818733561,-0.02592378854751587,-0.23391401767730713,-0.1182364023089062,0.01133948564529419,-0.2510984539985657,-0.13227671597000468,-0.11591868475079536,-0.06273484230041504,-0.04850514072772372,-0.03978545963764191,-0.1475650668144226,-0.09161929253336298,0.003115236759185791,-0.13483065366744995,-0.1049133038878094,0.014108926057815552,-0.10733777284622192,-0.10696333113905299,-0.09090542793273926,-0.005435347557067871,-0.060518240815366386,-0.01147964596748352,-0.09076839685440063,-0.10171327952143061,0.027642488479614258,-0.08662974834442139,-0.09879313621517527,0.0342169851064682,-0.06815791130065918,-0.08632306221720087,-0.05847702920436859,0.04600578546524048,-0.07396163258549082,0.00577998161315918,-0.02567148208618164,-0.09870287988182413,0.03688323497772217,-0.05045098066329956,-0.09107968423363078,0.04415789246559143,-0.05686771869659424,-0.07712053719755518,am7
0.0,0.0,0.0,-0.012281864881515503,-0.07074344158172607,-0.016160381997412543,-0.03349199891090393,-0.1320001482963562,-0.03664212119061361,-0.04296313226222992,-0.16432726383209229,-0.05852269198972593,-0.043438851833343506,-0.19298923015594482,-0.07888001021224866,-0.12180689349770546,-0.12416917085647583,-0.03583963033038984,-0.08398599177598953,-0.19978439807891846,-0.0814317670114697,-0.031120479106903076,-0.23326843976974487,-0.11026212390739332,0.006662219762802124,-0.2520461678504944,-0.12324685421068082,-0.1185373105108738,-0.062283217906951904,-0.045649463350361685,-0.04280136525630951,-0.14728128910064697,-0.08520491983968626,0.0011951029300689697,-0.1338040828704834,-0.09599505182582746,0.010507896542549133,-0.10667353868484497,-0.09702151831466566,-0.0936138853430748,-0.005109846591949463,-0.0583520140894116,-0.011200815439224243,-0.09193187952041626,-0.09661554362851987,0.026454761624336243,-0.08741509914398193,-0.0917338636167706,0.029647260904312134,-0.06828218698501587,-0.07895054485875974,-0.06047283113002777,0.04590326547622681,-0.07240363028127561,0.005864888429641724,-0.026018381118774414,-0.0947708469279469,0.03529699146747589,-0.04964101314544678,-0.08566923257190595,0.03963227570056915,-0.053125977516174316,-0.07134699639160047,am7
0.0,0.0,0.0,-0.015110224485397339,-0.07295036315917969,-0.014036966231991244,-0.035817116498947144,-0.13539403676986694,-0.03291194208465953,-0.04228125512599945,-0.17107707262039185,-0.0534702024658813,-0.04022228717803955,-0.20054930448532104,-0.07269260727368732,-0.11812687665224075,-0.1279861330986023,-0.03401916541658778,-0.07782912999391556,-0.2078934907913208,-0.07811372422181506,-0.026192590594291687,-0.2419695258140564,-0.10604317926370044,0.010204046964645386,-0.26120007038116455,-0.11858773671590228,-0.11403385922312737,-0.06989789009094238,-0.04457185484968562,-0.03780369460582733,-0.15620392560958862,-0.08172891729079623,0.0034110993146896362,-0.14249372482299805,-0.0914413451453342,0.011631980538368225,-0.11501902341842651,-0.09222834997378726,-0.08826670050621033,-0.014551937580108643,-0.05780824713908572,-0.00527721643447876,-0.10111606121063232,-0.09421132945023913,0.029378265142440796,-0.09702455997467041,-0.08913442187510867,0.03166230022907257,-0.07949000597000122,-0.07662243836127658,-0.05407442897558212,0.035659968852996826,-0.07226380400859256,0.010600805282592773,-0.033467650413513184,-0.09328872405492206,0.03957536816596985,-0.05637019872665405,-0.08332881771527667,0.04617689549922943,-0.06153905391693115,-0.06859735094510455,am7
0.0,0.0,0.0,-0.014082178473472595,-0.06772947311401367,-0.01791945936564332,-0.03707520663738251,-0.1262192726135254,-0.03718292618576413,-0.053088799118995667,-0.1486351191997528,-0.05642635280672437,-0.057685405015945435,-0.16319933533668518,-0.07417566234651929,-0.12306958436965942,-0.11770069599151611,-0.037133070625699816,-0.08189596980810165,-0.19763240218162537,-0.08002840632978803,-0.032059550285339355,-0.22885262966156006,-0.10694146806780225,0.0024200081825256348,-0.24497562646865845,-0.11959046030823117,-0.12124507874250412,-0.05649459362030029,-0.044962572850621996,-0.04448799788951874,-0.14118939638137817,-0.08400875235382443,-0.0005456656217575073,-0.12807172536849976,-0.09374672824922925,0.011320382356643677,-0.10330218076705933,-0.09395401830259686,-0.09640643000602722,0.0007387995719909668,-0.05564723069254285,-0.008143484592437744,-0.08180874586105347,-0.0943145817000044,0.023493707180023193,-0.0776815414428711,-0.09105284417454129,0.023298442363739014,-0.06370782852172852,-0.07959053570810681,-0.06119581311941147,0.051188528537750244,-0.06754946614090329,0.007926076650619507,-0.01715528964996338,-0.09168964529816037,0.03467854857444763,-0.04092514514923096,-0.08538377190414792,0.03737062215805054,-0.049363791942596436,-0.07343518639389401,am7
0.0,0.0,0.0,-0.01348644495010376,-0.07904082536697388,-0.012221713590637506,-0.031011268496513367,-0.14386016130447388,-0.03123239990623361,-0.03677237033843994,-0.17497557401657104,-0.05238071646840936,-0.03549791872501373,-0.20202499628067017,-0.0722204465821541,-0.12185027822852135,-0.13116300106048584,-0.032622290815428556,-0.07434113323688507,-0.21549007296562195,-0.07739445012362367,-0.021531760692596436,-0.24796539545059204,-0.106372261460141,0.012508377432823181,-0.2664779722690582,-0.11983400028498536,-0.11867106705904007,-0.07242387533187866,-0.043226113583163084,-0.03698837757110596,-0.16384965181350708,-0.0768799502805031,0.0005179345607757568,-0.1426188349723816,-0.08564266007693178,3.331899642944336e-05,-0.10856163501739502,-0.08756077479870683,-0.09385702013969421,-0.016420423984527588,-0.05634196665437585,-0.009216874837875366,-0.10575902462005615,-0.08908529769928819,0.026168495416641235,-0.09632545709609985,-0.0815975759580887,0.026247620582580566,-0.07462221384048462,-0.06876820516140825,-0.06120783090591431,0.035172224044799805,-0.07077536177189714,0.0034727901220321655,-0.039777159690856934,-0.0888864193514145,0.03409251570701599,-0.06096804141998291,-0.07664798390419847,0.04099833965301514,-0.0645703673362732,-0.06088192206175691,am7
0.0,0.0,0.0,-0.012980744242668152,-0.07920938730239868,-0.015212188551954497,-0.03161385655403137,-0.14108538627624512,-0.03534449272119211,-0.038084179162979126,-0.17126598954200745,-0.05648433424793886,-0.035901010036468506,-0.19882750511169434,-0.07595011599623369,-0.12108542025089264,-0.1333271563053131,-0.03992782540880846,-0.07242000848054886,-0.216694176197052,-0.08459773667418169,-0.018146216869354248,-0.24733981490135193,-0.11078137167059587,0.017469540238380432,-0.2638370990753174,-0.12208557881676363,-0.11899764835834503,-0.07299929857254028,-0.0492917784329574,-0.03326056897640228,-0.1621214747428894,-0.08448937542998003,0.008725568652153015,-0.14045614004135132,-0.08991942562424349,0.01001100242137909,-0.1091766357421875,-0.0884794817145984,-0.09384913742542267,-0.014711201190948486,-0.061228402036062946,-0.0020343363285064697,-0.10203933715820312,-0.09615888454281496,0.03198780119419098,-0.09174728393554688,-0.0865246728833835,0.02903980016708374,-0.07114261388778687,-0.07163968690001177,-0.060175418853759766,0.039278268814086914,-0.07453643538319277,0.009815365076065063,-0.032315611839294434,-0.09489107139670061,0.03917352855205536,-0.053975820541381836,-0.0826402158316295,0.04342105984687805,-0.058608174324035645,-0.06644447155558275,am7
0.0,0.0,0.0,-0.010136201977729797,-0.08516162633895874,-0.013574132261776839,-0.028896033763885498,-0.15066766738891602,-0.032491234628462706,-0.036605820059776306,-0.1842244565486908,-0.052670670239233885,-0.03493967652320862,-0.21179157495498657,-0.07109479749014369,-0.12180548161268234,-0.14372378587722778,-0.03784899183919421,-0.07145369052886963,-0.22820493578910828,-0.0811336203794717,-0.017005398869514465,-0.2566244602203369,-0.10561852299978725,0.018816694617271423,-0.2697054445743561,-0.11593352401068202,-0.12160837650299072,-0.08355426788330078,-0.04739380025675288,-0.034610822796821594,-0.17215067148208618,-0.07991415405085078,0.006328418850898743,-0.14864304661750793,-0.0832192316036462,0.005586370825767517,-0.11660116910934448,-0.0808981671314477,-0.0971900150179863,-0.024568498134613037,-0.059467369256520186,-0.00548669695854187,-0.10864835977554321,-0.09086407118847362,0.02589970827102661,-0.09661638736724854,-0.07948389047195903,0.021352991461753845,-0.07502055168151855,-0.06455525153686992,-0.0640590488910675,0.03024965524673462,-0.0730614601950883,0.008121013641357422,-0.04104334115982056,-0.09132870429565898,0.035893067717552185,-0.0620078444480896,-0.07885164165308467,0.038629934191703796,-0.0661458969116211,-0.06311454021742335,am7
0.0,0.0,0.0,-0.009757816791534424,-0.08844506740570068,-0.016274036876232856,-0.02569793164730072,-0.1553775668144226,-0.03681063655701422,-0.032186269760131836,-0.18670159578323364,-0.05785233158555769,-0.030136317014694214,-0.21193665266036987,-0.07655820254174017,-0.11931528151035309,-0.1479003131389618,-0.04219676930394911,-0.0654481053352356,-0.23291614651679993,-0.08608061078873419,-0.00824788212776184,-0.2602077126502991,-0.1105864346393659,0.025949627161026,-0.27435994148254395,-0.1210958809026792,-0.11773043870925903,-0.0861973762512207,-0.050344441122682326,-0.024568527936935425,-0.17765048146247864,-0.08179032806244635,0.015619367361068726,-0.15349894762039185,-0.08334837112513327,0.010329991579055786,-0.12430831789970398,-0.080834955013664,-0.09168824553489685,-0.027872681617736816,-0.06130954254356169,0.005969494581222534,-0.11603230237960815,-0.09141834083882117,0.03317801654338837,-0.10076406598091125,-0.07877569649306082,0.023310139775276184,-0.07777130603790283,-0.06419616196242117,-0.05680437386035919,0.02442985773086548,-0.07416900250998282,0.02023172378540039,-0.04939258098602295,-0.09257879856911444,0.04515331983566284,-0.06692677736282349,-0.08065701279726767,0.0446448028087616,-0.06711697578430176,-0.06581537429180884,am7
0.0,0.0,0.0,-0.012769520282745361,-0.08729448914527893,-0.01731500007677056,-0.028529077768325806,-0.1553681492805481,-0.03847489670383908,-0.029271632432937622,-0.19555038213729858,-0.060304106925606504,-0.020755276083946228,-0.22789981961250305,-0.08020644426810719,-0.11793693155050278,-0.15542465448379517,-0.04106613412964322,-0.05997276306152344,-0.2386021614074707,-0.08423409402835347,-0.0061875879764556885,-0.2657661437988281,-0.10955074966418721,0.026372969150543213,-0.2820189893245697,-0.12147559017407872,-0.11228416860103607,-0.09308704733848572,-0.04936390161979176,-0.019952252507209778,-0.1824316382408142,-0.08146873653399922,0.01606801152229309,-0.15840306878089905,-0.08517749399411656,0.009417146444320679,-0.13179779052734375,-0.0846881473110912,-0.08423736691474915,-0.034478068351745605,-0.06059537247288205,0.00697462260723114,-0.1207529604434967,-0.09163304210174061,0.032568126916885376,-0.10516566038131714,-0.08133760631549336,0.02425844967365265,-0.08312076330184937,-0.06868157327640034,-0.04895828664302826,0.01753520965576172,-0.07378802240359761,0.02407759428024292,-0.054879605770111084,-0.0931073629902599,0.04782712459564209,-0.06742238998413086,-0.0826635563420055,0.047289639711380005,-0.06400424242019653,-0.06933451235759236,am7
0.0,0.0,0.0,-0.011275410652160645,-0.08891454339027405,-0.017256760155966333,-0.026149392127990723,-0.16018325090408325,-0.03887343884091621,-0.02548818290233612,-0.20601564645767212,-0.060871002381851724,-0.016212642192840576,-0.24001264572143555,-0.0814590315578485,-0.11014676094055176,-0.1662428081035614,-0.04652050242405181,-0.053120359778404236,-0.25254595279693604,-0.08843638107757812,0.00039309263229370117,-0.27952665090560913,-0.11196220025997405,0.032127052545547485,-0.2953720986843109,-0.12285504595022445,-0.10578037053346634,-0.10552978515625,-0.05514463514666801,-0.012163430452346802,-0.19665217399597168,-0.08736678317766433,0.023237526416778564,-0.16857922077178955,-0.09027046070080047,0.01792246103286743,-0.13830241560935974,-0.08909288153629547,-0.07886604964733124,-0.04589909315109253,-0.06613975868206268,0.012673258781433105,-0.13170361518859863,-0.09882334724645858,0.03701356053352356,-0.11311367154121399,-0.0898625116107965,0.029748529195785522,-0.08851078152656555,-0.0778141255734468,-0.04421424865722656,0.007280945777893066,-0.07867930189352279,0.02916783094406128,-0.06553542613983154,-0.09982275322656875,0.055761128664016724,-0.0778372585773468,-0.09008246765117889,0.05977994203567505,-0.07256868481636047,-0.07719302282314544,am7
0.0,0.0,0.0,-0.009437009692192078,-0.09853926301002502,-0.016972967313691356,-0.02058941125869751,-0.17710262537002563,-0.03988226399020789,-0.01749776303768158,-0.22766220569610596,-0.06304879754976866,-0.008999362587928772,-0.2603353261947632,-0.08508972346977828,-0.09802751243114471,-0.17551949620246887,-0.05655800447063086,-0.03377695381641388,-0.26920387148857117,-0.09546742111639617,0.02191193401813507,-0.2932606637477875,-0.11285208434061644,0.05469571053981781,-0.3056894838809967,-0.119529711904093,-0.09021738171577454,-0.11369577050209045,-0.06614185393051741,0.009117767214775085,-0.211080402135849,-0.09458457946972487,0.04330609738826752,-0.1789185106754303,-0.09135294974045394,0.03602568805217743,-0.15212532877922058,-0.0868696299214804,-0.06234678626060486,-0.053145647048950195,-0.07733200013832686,0.03748272359371185,-0.14658311009407043,-0.10558243364290831,0.0630473643541336,-0.12121269106864929,-0.09045177966551421,0.05884070694446564,-0.09571638703346252,-0.07572765916781066,-0.02624817192554474,-0.00045871734619140625,-0.09044901550011275,0.04774303734302521,-0.07243987917900085,-0.10986325413183806,0.0762370377779007,-0.09204521775245667,-0.09828613966898558,0.08715035021305084,-0.09899893403053284,-0.0847166654487097,am7
0.0,0.0,0.0,-0.007889971137046814,-0.09747275710105896,-0.016421790663940783,-0.01320996880531311,-0.1796751618385315,-0.04186158390794503,-0.0020454227924346924,-0.23624560236930847,-0.06869087504301774,0.011095583438873291,-0.27479642629623413,-0.09469203787003266,-0.08752298355102539,-0.18722596764564514,-0.057434917856795664,-0.021724700927734375,-0.27789005637168884,-0.09877759354267823,0.03498139977455139,-0.3041200637817383,-0.11881933497343766,0.07185027003288269,-0.31509929895401,-0.12740323083554017,-0.08214595913887024,-0.1245737373828888,-0.06928949194107759,0.019328981637954712,-0.22026768326759338,-0.10327226059590089,0.05042135715484619,-0.18541035056114197,-0.10403005169783341,0.04050028324127197,-0.15544292330741882,-0.10173720257435548,-0.05554111301898956,-0.06371831893920898,-0.08260181682263124,0.04561898112297058,-0.1551899015903473,-0.11324116723690736,0.06739106774330139,-0.12851747870445251,-0.10083466904316651,0.05529549717903137,-0.10032013058662415,-0.08809600161467301,-0.020034030079841614,-0.010351419448852539,-0.0977742238536905,0.05482649803161621,-0.08082553744316101,-0.11472007768307435,0.07635831832885742,-0.09116098284721375,-0.10255654292259919,0.07574394345283508,-0.0871199369430542,-0.09009086476717698,am7
0.0,0.0,0.0,-0.0068193525075912476,-0.09761735796928406,-0.013075716574348917,-0.008474022150039673,-0.18412521481513977,-0.03730618931786012,0.006107121706008911,-0.24576514959335327,-0.06419422455564927,0.02179664373397827,-0.287253737449646,-0.09056331940428208,-0.08025416731834412,-0.19986796379089355,-0.05317715906039666,-0.013344600796699524,-0.28773531317710876,-0.09629726387993287,0.045106440782547,-0.3133534789085388,-0.11781034596697282,0.08549174666404724,-0.32285480201244354,-0.1264473495675702,-0.07550270855426788,-0.13707277178764343,-0.06729233988062333,0.02811625599861145,-0.22754055261611938,-0.10246062256828736,0.05219683051109314,-0.1893605887889862,-0.10277226545349549,0.03676110506057739,-0.15943211317062378,-0.09932016559378098,-0.04956279695034027,-0.07558232545852661,-0.08304055758253526,0.04916512966156006,-0.1645786166191101,-0.11507002242342423,0.0657774806022644,-0.13447880744934082,-0.10190864630476426,0.050169408321380615,-0.1054336428642273,-0.08775537439123582,-0.015389114618301392,-0.020386040210723877,-0.10040114798084687,0.05985257029533386,-0.09072184562683105,-0.11756911106840562,0.0801469087600708,-0.09387236833572388,-0.10414079554811906,0.07862520217895508,-0.08434790372848511,-0.09017372854486894,am7
0.0,0.0,0.0,-0.005276620388031006,-0.10335513949394226,-0.008368446789290829,-0.0013089179992675781,-0.19133681058883667,-0.03185056179722778,0.015176177024841309,-0.2510198652744293,-0.05942594289740555,0.03247067332267761,-0.2867945432662964,-0.08681996568998329,-0.06925855576992035,-0.21173205971717834,-0.047262106388416214,-0.0032952576875686646,-0.2977617383003235,-0.08952823683580391,0.056501150131225586,-0.32464560866355896,-0.11293570354541771,0.09947645664215088,-0.3308164030313492,-0.12336164370140068,-0.06582631170749664,-0.15118741989135742,-0.06444381579717628,0.03612896800041199,-0.24117499589920044,-0.1001757349069976,0.05938440561294556,-0.2032075822353363,-0.10292563244661324,0.04524761438369751,-0.16904869675636292,-0.10069822922309868,-0.039860039949417114,-0.09049737453460693,-0.0827097560461425,0.06264263391494751,-0.17470422387123108,-0.11302005156835548,0.077310711145401,-0.1432526707649231,-0.10070340737661354,0.059204548597335815,-0.11392402648925781,-0.08726158395370476,-0.00492328405380249,-0.037019968032836914,-0.10238879576286308,0.07878321409225464,-0.10654345154762268,-0.11580142781099312,0.09264153242111206,-0.10382971167564392,-0.10122296616395943,0.08147147297859192,-0.08996087312698364,-0.0872994925077819,am7
0.0,0.0,0.0,-0.0030433982610702515,-0.10500690340995789,-0.005264366096923823,0.009251669049263,-0.19856303930282593,-0.03272863482601451,0.03600810468196869,-0.2629257142543793,-0.06422069301373767,0.05618567764759064,-0.30200889706611633,-0.09609766682154941,-0.05453364551067352,-0.216297447681427,-0.06111737718350696,0.013707384467124939,-0.30542194843292236,-0.10280093183285999,0.07467828691005707,-0.33203013241291046,-0.12471186747319507,0.11820526421070099,-0.3336958736181259,-0.13482975592381763,-0.047535255551338196,-0.1555900275707245,-0.0814332627273302,0.04921819269657135,-0.25589507818222046,-0.11638157447345066,0.07670484483242035,-0.22287103533744812,-0.11650646855599689,0.06618411839008331,-0.18652796745300293,-0.1136133112526636,-0.018517717719078064,-0.09546440839767456,-0.10116032143599796,0.07562239468097687,-0.190418541431427,-0.12732891371018695,0.09704376757144928,-0.16457155346870422,-0.1098058857537012,0.08204056322574615,-0.1307055652141571,-0.09511316945321369,0.017228886485099792,-0.04430729150772095,-0.12214641650683689,0.09644685685634613,-0.11830675601959229,-0.13255534698731708,0.11522884666919708,-0.1187194287776947,-0.11460920055873203,0.10606087744235992,-0.10322695970535278,-0.09990451117522525,am7
0.0,0.0,0.0,-0.005648821592330933,-0.10126999020576477,-0.0018504004124793028,0.007892638444900513,-0.19790780544281006,-0.029979606102244816,0.03579004108905792,-0.26474326848983765,-0.06212071230544325,0.05768550932407379,-0.3062255084514618,-0.09488644352092024,-0.04955071210861206,-0.21453630924224854,-0.0678433766020703,0.018335267901420593,-0.3033410608768463,-0.10904074361457106,0.0765407532453537,-0.3280406892299652,-0.12935048242940184,0.11891178786754608,-0.3294619023799896,-0.13900619646443602,-0.04057648777961731,-0.15205079317092896,-0.08969131758345839,0.05812479555606842,-0.2509081959724426,-0.12495181610717054,0.07861687242984772,-0.2133781909942627,-0.12042144587172743,0.06483019888401031,-0.17961254715919495,-0.11537660559548613,-0.012441113591194153,-0.09138166904449463,-0.11029890825881239,0.08435486257076263,-0.18734171986579895,-0.1362419565571713,0.0977633148431778,-0.1541725993156433,-0.11349447717799421,0.08041469752788544,-0.12110468745231628,-0.09635879745616194,0.022510573267936707,-0.03998929262161255,-0.13166247209443327,0.10040794312953949,-0.12160971760749817,-0.14045515557660337,0.11138643324375153,-0.11484992504119873,-0.11889900168313261,0.09800876677036285,-0.09717866778373718,-0.10293668409718748,am7
0.0,0.0,0.0,-0.005950748920440674,-0.10172444581985474,-0.000886190459965519,0.011837586760520935,-0.20225191116333008,-0.027264356332267425,0.043956562876701355,-0.2720581293106079,-0.05742304557784905,0.07037447392940521,-0.3168345242738724,-0.08779604518636575,-0.04039579629898071,-0.21505779027938843,-0.06774177932962289,0.028725817799568176,-0.3056926131248474,-0.10964008951410165,0.08737246692180634,-0.3319384604692459,-0.1296030410550486,0.1279374212026596,-0.3325389623641968,-0.13867580676301827,-0.031148791313171387,-0.1548556089401245,-0.08959487611278405,0.06523574888706207,-0.2569691836833954,-0.12558787846788277,0.09010086953639984,-0.22194799780845642,-0.12031122082694878,0.0784149318933487,-0.18771597743034363,-0.11426019454225411,-0.003026053309440613,-0.09423580765724182,-0.11011536205037942,0.09386570751667023,-0.19194135069847107,-0.13842224860414376,0.10957233607769012,-0.158655047416687,-0.11556719029172768,0.09210897982120514,-0.12475225329399109,-0.09737882548793664,0.033041104674339294,-0.041425883769989014,-0.13098929608091225,0.1143784373998642,-0.12560021877288818,-0.141998974325503,0.12771429121494293,-0.11981338262557983,-0.1206478380583178,0.11495567858219147,-0.101594477891922,-0.10425784224494805,am7
0.0,0.0,0.0,-0.00625281035900116,-0.10076195001602173,-0.0024480895120575497,0.013379842042922974,-0.20230621099472046,-0.03142050546406949,0.04920265078544617,-0.2758205235004425,-0.06263890382646764,0.07510080933570862,-0.32705312967300415,-0.0933522757589742,-0.0409495085477829,-0.21095427870750427,-0.08007696536182607,0.02997329831123352,-0.3069698214530945,-0.12312278416752065,0.08875733613967896,-0.33304591476917267,-0.14300797399877752,0.12964117527008057,-0.3341454267501831,-0.15210712966322149,-0.0296698659658432,-0.14805874228477478,-0.10094681647419179,0.0654141902923584,-0.25562718510627747,-0.13921160516142095,0.0845102071762085,-0.2274506688117981,-0.13311174032091344,0.0721922516822815,-0.19356968998908997,-0.12653445717691625,0.0011644959449768066,-0.08772298693656921,-0.11985217300056661,0.09285718202590942,-0.1941860318183899,-0.14783745524286473,0.10427230596542358,-0.16981270909309387,-0.12278168168663228,0.08729133009910583,-0.13630029559135437,-0.10352026191353048,0.03899878263473511,-0.0371590256690979,-0.1392756801545545,0.11825454235076904,-0.12489807605743408,-0.15181505200266088,0.1291552186012268,-0.13055634498596191,-0.13216712591051305,0.1168559193611145,-0.12082087993621826,-0.1168340918123647,am7
0.0,0.0,0.0,-0.009001478552818298,-0.09710526466369629,-0.0017892958493632705,0.010477215051651001,-0.19754773378372192,-0.029678875849555197,0.048241883516311646,-0.2702413499355316,-0.060014227674315634,0.07638537883758545,-0.3196430206298828,-0.09000205461771316,-0.03715065121650696,-0.21152463555335999,-0.0773485473254425,0.0331253707408905,-0.3088478744029999,-0.11957843814880675,0.09245392680168152,-0.33792880177497864,-0.13923834477455443,0.13423553109169006,-0.3412119299173355,-0.14830905412227935,-0.024878084659576416,-0.15178018808364868,-0.09805425469667739,0.07141730189323425,-0.26010358333587646,-0.13625319515259093,0.09005314111709595,-0.22891387343406677,-0.13046360229046172,0.07648009061813354,-0.1952258050441742,-0.12385687445194549,0.006347835063934326,-0.09344613552093506,-0.11675196354181594,0.09922647476196289,-0.19819453358650208,-0.14469531391651458,0.10856425762176514,-0.1690555214881897,-0.12033653472454375,0.08945471048355103,-0.13506600260734558,-0.10138908986837691,0.04394444823265076,-0.04315674304962158,-0.13582249198944396,0.12341850996017456,-0.13105395436286926,-0.14722173129112548,0.13197046518325806,-0.13033723831176758,-0.12684047435314483,0.11803197860717773,-0.11672231554985046,-0.11112050925285644,am7
0.0,0.0,0.0,-0.004677295684814453,-0.10201328992843628,-0.0016059967791761665,0.01479041576385498,-0.2076130211353302,-0.028012244879278114,0.047227710485458374,-0.2865896224975586,-0.05680195140746491,0.06612655520439148,-0.3452957421541214,-0.08499718728569405,-0.03568202257156372,-0.2152257263660431,-0.07723742249515908,0.03571096062660217,-0.31135696172714233,-0.11805992099550622,0.09481993317604065,-0.3422660380601883,-0.1351880979826774,0.13630831241607666,-0.3478304147720337,-0.14263708415535348,-0.02395525574684143,-0.1549677848815918,-0.09805961224344628,0.07355031371116638,-0.2626716196537018,-0.13525847616699593,0.08734586834907532,-0.23013463616371155,-0.12649814310577767,0.0696532130241394,-0.1956639587879181,-0.11788269403484719,0.00625196099281311,-0.09434059262275696,-0.11699919673708337,0.09905779361724854,-0.20100253820419312,-0.14514222267177956,0.10533499717712402,-0.17094218730926514,-0.11832452091482537,0.0845339298248291,-0.13630440831184387,-0.09755662354734795,0.04328948259353638,-0.040979087352752686,-0.13636768880394357,0.12406200170516968,-0.13274314999580383,-0.14928835156467812,0.12976062297821045,-0.13397634029388428,-0.12901390615013497,0.11315479874610901,-0.11961004137992859,-0.1131284711053695,am7
0.0,0.0,0.0,-0.004014730453491211,-0.10508912801742554,-0.0025305344296668864,0.016488194465637207,-0.2135169804096222,-0.029509954530936966,0.050956785678863525,-0.2940254807472229,-0.05873826928828407,0.07222718000411987,-0.35141728818416595,-0.08745764233563591,-0.0372922420501709,-0.21602347493171692,-0.07846027650330711,0.03431090712547302,-0.3122497498989105,-0.11923038997147728,0.09340345859527588,-0.34341849386692047,-0.13560918011162926,0.13514423370361328,-0.34850257635116577,-0.14250744916890312,-0.025068223476409912,-0.15491914749145508,-0.09931307323668648,0.0728321373462677,-0.26396265625953674,-0.13689355589841057,0.08661174774169922,-0.23077183961868286,-0.12731808461640526,0.06866821646690369,-0.19524145126342773,-0.11803226955626656,0.0052862465381622314,-0.09373655915260315,-0.11844833232854057,0.098032146692276,-0.20190808176994324,-0.14686484672520805,0.10414567589759827,-0.17105567455291748,-0.11956133731101204,0.08373153209686279,-0.13611096143722534,-0.0983541462609594,0.04277637600898743,-0.03954952955245972,-0.13811446763966728,0.12222722172737122,-0.1333552598953247,-0.15065638758633781,0.12741535902023315,-0.133201003074646,-0.13004583157990623,0.11114233732223511,-0.11782729625701904,-0.11408336498234917,am7
0.0,0.0,0.0,-0.005999773740768433,-0.10395634174346924,-0.002400970042629069,0.013251900672912598,-0.21036237478256226,-0.029539514289183444,0.047171205282211304,-0.29012852907180786,-0.05896093691973192,0.06772178411483765,-0.3470696657896042,-0.0879224165835808,-0.037673354148864746,-0.21505296230316162,-0.07873425628332598,0.033415138721466064,-0.31178805232048035,-0.12003814424662096,0.09260952472686768,-0.34370844066143036,-0.136749558106942,0.13467782735824585,-0.34891752898693085,-0.14365836228517992,-0.02489607036113739,-0.15419429540634155,-0.0995258613982628,0.07207280397415161,-0.2625473439693451,-0.13738470520166857,0.08485984802246094,-0.22862157225608826,-0.12775713946012957,0.06641063094139099,-0.19319245219230652,-0.11822543288855059,0.0057395994663238525,-0.09366178512573242,-0.11859045918373567,0.09789147973060608,-0.20086559653282166,-0.1477143689551781,0.10321936011314392,-0.16992241144180298,-0.12082551415352327,0.08232954144477844,-0.13544875383377075,-0.09959096457151873,0.04317593574523926,-0.04031282663345337,-0.13806476439623339,0.12172481417655945,-0.13314178586006165,-0.15106389667181475,0.12646925449371338,-0.1332789659500122,-0.13045383240370256,0.10976538062095642,-0.1184995174407959,-0.1142297833719681,am7
0.0,0.0,0.0,-0.006417602300643921,-0.10468408465385437,-0.0008911655885981418,0.01369631290435791,-0.21106120944023132,-0.0279452303793164,0.049041152000427246,-0.2901974320411682,-0.05751863181552608,0.07017624378204346,-0.34646497666835785,-0.08674194723329265,-0.036827534437179565,-0.21673235297203064,-0.07891355514487941,0.034772664308547974,-0.31198495626449585,-0.11948263704738338,0.09350109100341797,-0.3441731929779053,-0.13547663450202663,0.13480910658836365,-0.34970271587371826,-0.14191646933517177,-0.023959636688232422,-0.15577051043510437,-0.10022702127656657,0.07350027561187744,-0.2627660632133484,-0.13617266774139125,0.08665096759796143,-0.22928571701049805,-0.12512730121574123,0.06820067763328552,-0.1950995922088623,-0.11520137697419841,0.006747245788574219,-0.0950535237789154,-0.1196450895067187,0.09877932071685791,-0.20229893922805786,-0.14734809160194118,0.10482046008110046,-0.1713542342185974,-0.11984915345868785,0.08388268947601318,-0.13655823469161987,-0.09873513936958034,0.04424619674682617,-0.04201710224151611,-0.13933217585048396,0.12291321158409119,-0.135040283203125,-0.15106736183128078,0.12732073664665222,-0.1333707571029663,-0.12976113021335323,0.10990878939628601,-0.11612248420715332,-0.11346391648015697,am7
0.0,0.0,0.0,-0.009839475154876709,-0.10170194506645203,0.00012115534801182548,0.008927255868911743,-0.20873373746871948,-0.026827108782612186,0.043201982975006104,-0.28821736574172974,-0.05577745541640411,0.06562188267707825,-0.3438936769962311,-0.08423720925756584,-0.04014265537261963,-0.2135092318058014,-0.08226905643650184,0.03302231431007385,-0.31272751092910767,-0.12202989935585151,0.09204387664794922,-0.3438923954963684,-0.13659351944633613,0.1326461136341095,-0.34965014457702637,-0.14236369609542976,-0.026904761791229248,-0.15434518456459045,-0.10362125068613182,0.06945917010307312,-0.265038400888443,-0.1389623123378385,0.08255258202552795,-0.2312909960746765,-0.12666635095783363,0.06430619955062866,-0.1965518295764923,-0.11623070269533287,0.003626227378845215,-0.09497037529945374,-0.12256090223499427,0.09635046124458313,-0.20264145731925964,-0.14870801448532234,0.10168686509132385,-0.17092803120613098,-0.11981878310152183,0.08028596639633179,-0.13627997040748596,-0.09833846866794715,0.04101338982582092,-0.041911959648132324,-0.141680567261659,0.11933061480522156,-0.1351880431175232,-0.15307617068000923,0.12473273277282715,-0.13608625531196594,-0.13201878845401893,0.10754677653312683,-0.12227299809455872,-0.11614785968967567,am7
0.0,0.0,0.0,-0.011396259069442749,-0.10220122337341309,0.0015268493089592994,0.009231477975845337,-0.2109699249267578,-0.02475686468000049,0.0457073450088501,-0.2920074164867401,-0.05352676011438007,0.06903040409088135,-0.3490469306707382,-0.08193687818760509,-0.03860294818878174,-0.21410614252090454,-0.07990121565575237,0.0340653657913208,-0.3134359121322632,-0.11846742503161067,0.09199416637420654,-0.3457186222076416,-0.1321227597426855,0.13206595182418823,-0.35261207818984985,-0.13729295603747005,-0.023784339427947998,-0.15503937005996704,-0.10197470806355113,0.07106781005859375,-0.2675860524177551,-0.13587564699167842,0.08347991108894348,-0.23374655842781067,-0.1225174786877119,0.06557011604309082,-0.19883054494857788,-0.11152937732452983,0.007764935493469238,-0.09678584337234497,-0.12169143281693096,0.09817898273468018,-0.20659196376800537,-0.14618695251459712,0.10252565145492554,-0.1743578314781189,-0.1165646063518011,0.08131423592567444,-0.13874828815460205,-0.09498654030079479,0.046137481927871704,-0.04557645320892334,-0.14164892308230037,0.12326204776763916,-0.14135748147964478,-0.150620524806925,0.1255122423171997,-0.13925513625144958,-0.12843502037043208,0.10655277967453003,-0.12136828899383545,-0.11231963805670375,am7
0.0,0.0,0.0,-0.012491196393966675,-0.10183548927307129,0.0022105867816719638,0.00416526198387146,-0.20856162905693054,-0.024505365190037764,0.03802305459976196,-0.2871474325656891,-0.05356900721503166,0.06415721774101257,-0.34274041652679443,-0.08220812633348373,-0.04268556833267212,-0.21296581625938416,-0.08294687375141052,0.029436081647872925,-0.3147769272327423,-0.12296481385541824,0.08918195962905884,-0.3442395329475403,-0.1371752093703833,0.12928098440170288,-0.349771112203598,-0.14260018571926025,-0.030502796173095703,-0.15306955575942993,-0.10510978802753357,0.06608593463897705,-0.2697546184062958,-0.14130347177101044,0.08167925477027893,-0.23506605625152588,-0.1287486921222296,0.0642927885055542,-0.19956547021865845,-0.11760926946712402,0.0004614889621734619,-0.0936397910118103,-0.12451296999765304,0.09246435761451721,-0.20613577961921692,-0.1511118184001532,0.09971949458122253,-0.17438936233520508,-0.12177683368039993,0.07859191298484802,-0.13898351788520813,-0.0994312758715239,0.03846195340156555,-0.04147517681121826,-0.1438682596356955,0.1172918975353241,-0.13671937584877014,-0.15554325982643036,0.12402048707008362,-0.13961374759674072,-0.1346780876786795,0.10686430335044861,-0.12698060274124146,-0.11862506672454742,am7
0.0,0.0,0.0,-0.013223975896835327,-0.10164886713027954,0.0013518130928389382,0.0032576024532318115,-0.21081265807151794,-0.02452206529582668,0.03612130880355835,-0.2931904196739197,-0.05322399653400112,0.05713373422622681,-0.34646058082580566,-0.08156717859114337,-0.04465353488922119,-0.21266913414001465,-0.07771348498667408,0.03042304515838623,-0.3145753741264343,-0.11777368478382755,0.08955314755439758,-0.34578606486320496,-0.1330139219006412,0.12880250811576843,-0.35170936584472656,-0.13909730605686832,-0.02933928370475769,-0.15446868538856506,-0.09989811025465656,0.0672076940536499,-0.26734232902526855,-0.13581292621697116,0.0789431631565094,-0.2322809100151062,-0.12449126236046482,0.058967918157577515,-0.1955336630344391,-0.11455361090506244,0.0027982890605926514,-0.09674543142318726,-0.11988105915392566,0.09348756074905396,-0.20697546005249023,-0.1464692830284946,0.09777146577835083,-0.1737612783908844,-0.11865256272162128,0.07604584097862244,-0.13806065917015076,-0.09769539080465961,0.041989803314208984,-0.046188950538635254,-0.14002447120751071,0.1189228892326355,-0.14311489462852478,-0.15057765237892795,0.12196376919746399,-0.14023485779762268,-0.12924292974079776,0.10376870632171631,-0.12241774797439575,-0.11331133834923435,am7
0.0,0.0,0.0,-0.014109939336776733,-0.10206890106201172,0.0017604772354218312,0.0030882060527801514,-0.21274203062057495,-0.024254881508767312,0.03746539354324341,-0.29655951261520386,-0.052971212856590455,0.06014159321784973,-0.35128480195999146,-0.08141593515139789,-0.04641842842102051,-0.21338927745819092,-0.07895491897326679,0.028404027223587036,-0.3148724138736725,-0.11780711143475742,0.08705335855484009,-0.34868520498275757,-0.1315756502674219,0.12772515416145325,-0.35631901025772095,-0.13680209844571323,-0.03075692057609558,-0.15540608763694763,-0.10115196435910434,0.06629592180252075,-0.26880648732185364,-0.13557580738526553,0.07800740003585815,-0.2336024045944214,-0.12225989132386417,0.058767884969711304,-0.19758719205856323,-0.1112599360869524,0.0016584992408752441,-0.09818440675735474,-0.12104184060555667,0.09241515398025513,-0.20897284150123596,-0.14621231585007877,0.09634432196617126,-0.1751684546470642,-0.1170296731517908,0.0750105082988739,-0.139082670211792,-0.095569527439892,0.04110532999038696,-0.047735750675201416,-0.14111816018086643,0.117821604013443,-0.14608851075172424,-0.15032104282838077,0.11974230408668518,-0.14205309748649597,-0.12832487254601688,0.10096651315689087,-0.12266328930854797,-0.11230482041102618,am7
0.0,0.0,0.0,-0.014157742261886597,-0.10309678316116333,0.0008239870792294823,0.0020527243614196777,-0.21468910574913025,-0.025489139298997543,0.03645753860473633,-0.29879897832870483,-0.05437805775841298,0.05982285737991333,-0.3510853052139282,-0.08295299757560315,-0.05015283823013306,-0.21252349019050598,-0.07898475874503674,0.02587065100669861,-0.3144393563270569,-0.1179567714436871,0.0850619375705719,-0.34757813811302185,-0.13225953180631222,0.1251945197582245,-0.355617880821228,-0.1380838294728619,-0.03409793972969055,-0.15392231941223145,-0.10105933148702206,0.06284159421920776,-0.2687333822250366,-0.13589414853890958,0.07554835081100464,-0.23295599222183228,-0.12337846208652081,0.05618724226951599,-0.19574010372161865,-0.1129765947564465,-0.0011947453022003174,-0.09659838676452637,-0.12087707866271558,0.08931425213813782,-0.20883235335350037,-0.14616580207189145,0.09426766633987427,-0.17522680759429932,-0.1173495863779408,0.07268178462982178,-0.1390424370765686,-0.09615336258252682,0.03892505168914795,-0.046259403228759766,-0.14101530511220517,0.1152314841747284,-0.14551854133605957,-0.15052372116883816,0.11751171946525574,-0.14177575707435608,-0.12878851492246213,0.0983368456363678,-0.12231606245040894,-0.11293747920831265,am7
0.0,0.0,0.0,-0.015128076076507568,-0.10124814510345459,0.0009814928321816296,0.0016067922115325928,-0.2117212414741516,-0.025730614057863477,0.03908431529998779,-0.2948996126651764,-0.05510418533452821,0.0664837658405304,-0.34909024834632874,-0.08421498208412004,-0.049226582050323486,-0.2129172682762146,-0.07932503192790819,0.02625274658203125,-0.3158155381679535,-0.11845712780126405,0.08522027730941772,-0.3498973846435547,-0.13306369303830934,0.12582841515541077,-0.3592498302459717,-0.13902664600976777,-0.032386958599090576,-0.15550574660301208,-0.10153077959188295,0.06537336111068726,-0.27216672897338867,-0.13653250455030275,0.07655587792396545,-0.23592501878738403,-0.12460598020919633,0.056213706731796265,-0.19938504695892334,-0.11451327472099138,0.0015523135662078857,-0.09950923919677734,-0.12136176644929719,0.09215739369392395,-0.21261030435562134,-0.14658143042692018,0.09557655453681946,-0.17838001251220703,-0.11822179376252961,0.07346108555793762,-0.14183419942855835,-0.09732027023204637,0.04217943549156189,-0.05049777030944824,-0.1414713901198752,0.1184876561164856,-0.15183764696121216,-0.1500729662097342,0.12037095427513123,-0.14681077003479004,-0.1276079010880835,0.1018655002117157,-0.12594148516654968,-0.11138514100679231,am7
0.0,0.0,0.0,-0.016725361347198486,-0.10519397258758545,0.00043814941963660203,0.0009045302867889404,-0.22102683782577515,-0.026162715412652915,0.03918808698654175,-0.3068416118621826,-0.05496245042232317,0.06717836856842041,-0.3571304678916931,-0.08351623804119868,-0.053822875022888184,-0.21099120378494263,-0.08097196907547755,0.023552358150482178,-0.31526243686676025,-0.1189516836479072,0.0821787416934967,-0.3503364324569702,-0.132583377666748,0.12223851680755615,-0.3609832525253296,-0.13832217247036738,-0.03574362397193909,-0.1533111333847046,-0.10274149269608301,0.06104007363319397,-0.2727639079093933,-0.13655894786862177,0.07235482335090637,-0.23803138732910156,-0.12326805085686487,0.05216500163078308,-0.19936296343803406,-0.1125955560877685,-0.0011138319969177246,-0.09693819284439087,-0.1220051327422027,0.08831700682640076,-0.21408215165138245,-0.14596743673828882,0.09271970391273499,-0.18106558918952942,-0.11662131340054316,0.07156559824943542,-0.14385414123535156,-0.09534689576176447,0.04085204005241394,-0.047456979751586914,-0.14166126937416834,0.11566928029060364,-0.15071478486061096,-0.14984558314827723,0.11609989404678345,-0.14670014381408691,-0.1277361193373565,0.09629777073860168,-0.12567418813705444,-0.11196853757647318,am7
0.0,0.0,0.0,-0.015734195709228516,-0.10307389497756958,0.0017952413147952484,0.00096854567527771,-0.2164609730243683,-0.02471971797396577,0.03870055079460144,-0.30118560791015625,-0.05374726752390302,0.06695112586021423,-0.35371631383895874,-0.08256121824135221,-0.05300319194793701,-0.21256223320960999,-0.0797429690753404,0.023298591375350952,-0.3163641691207886,-0.11817582795967496,0.081819087266922,-0.34847354888916016,-0.13232795248379148,0.12172254920005798,-0.3574272692203522,-0.13827606389870084,-0.035825759172439575,-0.15434175729751587,-0.10207834194054044,0.060953736305236816,-0.2715713381767273,-0.13563522050728238,0.0719459056854248,-0.23513728380203247,-0.12307975540508664,0.05189019441604614,-0.19776424765586853,-0.11314325878967679,-0.0016228854656219482,-0.09785598516464233,-0.12181345472683347,0.08813309669494629,-0.21283045411109924,-0.14599476108898557,0.09160453081130981,-0.17964637279510498,-0.11738617072452939,0.07008638978004456,-0.14327624440193176,-0.09668613324512876,0.039403051137924194,-0.048707783222198486,-0.14171528170456327,0.11495837569236755,-0.14996331930160522,-0.15014588187088407,0.11721649765968323,-0.14798644185066223,-0.12811564753403104,0.09882935881614685,-0.12967652082443237,-0.11232090840687192,am7
0.0,0.0,0.0,-0.015401273965835571,-0.10396033525466919,0.0013887212741394706,0.0026890337467193604,-0.21888214349746704,-0.024960848280301207,0.04193753004074097,-0.3034938871860504,-0.053721536659708136,0.07202214002609253,-0.35475027561187744,-0.08220740851115238,-0.051343634724617004,-0.21411201357841492,-0.07987988438557636,0.02633190155029297,-0.31778883934020996,-0.11846965994786274,0.08463796973228455,-0.3499099314212799,-0.1326868503923322,0.1245967447757721,-0.3591756224632263,-0.1386927187080289,-0.03340071439743042,-0.15609034895896912,-0.10223685648392689,0.06407904624938965,-0.273312509059906,-0.1362554549808408,0.07378622889518738,-0.23631489276885986,-0.12379371073197376,0.053264111280441284,-0.19902724027633667,-0.1139049499864484,0.0008551478385925293,-0.09945690631866455,-0.12207934703778278,0.0918755829334259,-0.2143842577934265,-0.1467408805723096,0.09378701448440552,-0.17976108193397522,-0.11854076083849918,0.0718550980091095,-0.14401105046272278,-0.09804386343907368,0.04252532124519348,-0.049926161766052246,-0.14210083779047977,0.11854562163352966,-0.15227997303009033,-0.15035129781912815,0.11817100644111633,-0.14700397849082947,-0.12819653447817814,0.09824174642562866,-0.12665528059005737,-0.11247272487830173,am7
0.0,0.0,0.0,-0.018481403589248657,-0.1032019853591919,0.002224814161593258,-0.0015541315078735352,-0.21020296216011047,-0.026922145843570888,0.03938096761703491,-0.2880081534385681,-0.05798687411851233,0.07489165663719177,-0.33729714155197144,-0.08834850414103812,-0.05021485686302185,-0.21540644764900208,-0.08931935949630088,0.026802241802215576,-0.31968551874160767,-0.12785917891568488,0.08680856227874756,-0.3516533374786377,-0.13902022315568274,0.1268976926803589,-0.35817959904670715,-0.14214975012845343,-0.031778484582901,-0.15719062089920044,-0.11171187086409873,0.0675835907459259,-0.27695539593696594,-0.14491850508755988,0.0794021487236023,-0.24195122718811035,-0.12815422190732306,0.05939039587974548,-0.20620137453079224,-0.11499369515485114,0.003192692995071411,-0.10104584693908691,-0.1308883912712986,0.09651213884353638,-0.2156568467617035,-0.15333968772000617,0.09926670789718628,-0.18297457695007324,-0.12118365241593665,0.07680442929267883,-0.14596766233444214,-0.09821772201365775,0.045057594776153564,-0.05289804935455322,-0.1502447612435276,0.12224531173706055,-0.15448114275932312,-0.15604129804677314,0.12193000316619873,-0.14871495962142944,-0.131044853463834,0.10090610384941101,-0.12518370151519775,-0.11331803722686118,am7
0.0,0.0,0.0,-0.019277840852737427,-0.10077929496765137,0.0028293927657614404,-0.0047814249992370605,-0.20845219492912292,-0.024226217205523426,0.032977551221847534,-0.2880765497684479,-0.05377047569572824,0.06512394547462463,-0.3379189372062683,-0.0827872163158645,-0.051332056522369385,-0.21706730127334595,-0.0817985317212333,0.02498742938041687,-0.32006147503852844,-0.11852189959108728,0.08319252729415894,-0.3517919182777405,-0.12912244410335916,0.12348037958145142,-0.35840535163879395,-0.13208627016365426,-0.03429144620895386,-0.15995240211486816,-0.10379425496876138,0.06653597950935364,-0.2776685059070587,-0.13671510727226632,0.07562321424484253,-0.2412734031677246,-0.12143394411623376,0.05521973967552185,-0.20586583018302917,-0.10896483124315637,-0.00018510222434997559,-0.10430073738098145,-0.12282271743833917,0.09475484490394592,-0.21810057759284973,-0.1457326492768516,0.09513092041015625,-0.18297147750854492,-0.1158263614875068,0.07294175028800964,-0.14625689387321472,-0.09404222727835077,0.04114431142807007,-0.05555605888366699,-0.14193710000336068,0.12060496211051941,-0.15510740876197815,-0.14864531965076822,0.11970856785774231,-0.14844509959220886,-0.1258232972127189,0.09942445158958435,-0.12692373991012573,-0.10935976416885751,am7
0.0,0.0,0.0,-0.01933273673057556,-0.10009765625,0.003570947015901993,-0.007145404815673828,-0.20493978261947632,-0.023232531815523316,0.029321998357772827,-0.28183090686798096,-0.05278579060708921,0.0614662766456604,-0.3299364745616913,-0.08203410644804876,-0.05265119671821594,-0.21747934818267822,-0.08014320124661367,0.02207392454147339,-0.3200642466545105,-0.11832929690157812,0.08062011003494263,-0.35134485363960266,-0.1309485836771671,0.12097141146659851,-0.3577967882156372,-0.13518540103709142,-0.036017537117004395,-0.16019657254219055,-0.10255349715029638,0.06438708305358887,-0.2758532762527466,-0.13695828159129064,0.0746130645275116,-0.2393665611743927,-0.12390741248404424,0.05402827262878418,-0.2032448649406433,-0.11277567137753408,-0.001841723918914795,-0.10397446155548096,-0.12202184189831655,0.0911918580532074,-0.2162662148475647,-0.14682206054007452,0.09363314509391785,-0.18212008476257324,-0.11868544210469167,0.07198849320411682,-0.1457754671573639,-0.09753638793503683,0.039080649614334106,-0.05487948656082153,-0.14134218831335943,0.11678946018218994,-0.1534748375415802,-0.14974019964014929,0.11997762322425842,-0.1505969762802124,-0.12776331146037023,0.1025092601776123,-0.13298335671424866,-0.11139952678954046,am7
0.0,0.0,0.0,-0.019554436206817627,-0.10041844844818115,0.0026445127160457105,-0.007568567991256714,-0.20746013522148132,-0.024867869534233478,0.029397279024124146,-0.2878047227859497,-0.05490537322376099,0.06169646978378296,-0.33959245681762695,-0.08457574582908478,-0.0559750497341156,-0.21595680713653564,-0.08202109820459214,0.01891106367111206,-0.31982752680778503,-0.11942300535056916,0.07770323753356934,-0.351430743932724,-0.13078184015367356,0.11740449070930481,-0.35776641964912415,-0.13430444485757675,-0.03863838315010071,-0.1589818298816681,-0.10410177297208634,0.06072312593460083,-0.2755063474178314,-0.1371175009689125,0.07316309213638306,-0.23966339230537415,-0.12258393652055588,0.05322539806365967,-0.20345142483711243,-0.11101864612911072,-0.0041882991790771484,-0.10298347473144531,-0.12327397949312058,0.08768144249916077,-0.21690192818641663,-0.14702061898324814,0.09224909543991089,-0.18359145522117615,-0.11773209608409729,0.07114723324775696,-0.14659824967384338,-0.09641948676917877,0.03700783848762512,-0.05417776107788086,-0.142410840459803,0.11339017748832703,-0.15439999103546143,-0.15058606452558365,0.1174827516078949,-0.15156325697898865,-0.12826998121354904,0.10008442401885986,-0.13257703185081482,-0.11200888789508667,am7
0.0,0.0,0.0,-0.01874929666519165,-0.10024046897888184,0.0025644941711107094,-0.007970929145812988,-0.2072821855545044,-0.025494980487110297,0.027685493230819702,-0.2886791229248047,-0.056191936927916686,0.058785051107406616,-0.34221383929252625,-0.08653395329702107,-0.06063258647918701,-0.21245723962783813,-0.08250333075511662,0.011845320463180542,-0.3163984417915344,-0.12113068704593388,0.0706041157245636,-0.3483002781867981,-0.13412283067691533,0.1097448468208313,-0.35551148653030396,-0.13890078370559422,-0.04415535926818848,-0.15572643280029297,-0.10511360769260136,0.0534786581993103,-0.2719196677207947,-0.138955113339307,0.06920993328094482,-0.23859354853630066,-0.1257979095457813,0.050825923681259155,-0.20310300588607788,-0.1154928923128864,-0.009806513786315918,-0.10036909580230713,-0.12490615700471608,0.08045002818107605,-0.21430417895317078,-0.14934265320289342,0.08868122100830078,-0.18373164534568787,-0.12069935803401677,0.06841850280761719,-0.14727848768234253,-0.10003073965299336,0.03127497434616089,-0.05299735069274902,-0.14468133156287877,0.1056986153125763,-0.1533518135547638,-0.15355057721126286,0.11304306983947754,-0.15261787176132202,-0.13150626127708165,0.09737899899482727,-0.13468816876411438,-0.11554100816238133,am7
0.0,0.0,0.0,-0.020658016204833984,-0.09705346822738647,0.0008959861097252997,-0.013740509748458862,-0.1983940601348877,-0.027990592343513754,0.01870104670524597,-0.27598685026168823,-0.05918997309893825,0.04811188578605652,-0.3263530731201172,-0.0900368408092902,-0.06495612859725952,-0.20660826563835144,-0.08515625603288868,0.006741851568222046,-0.31130316853523254,-0.1253236100801871,0.06677770614624023,-0.34247368574142456,-0.13963037885517338,0.10626482963562012,-0.34854042530059814,-0.145213069094126,-0.04723590612411499,-0.15102940797805786,-0.10715659864038685,0.05015614628791809,-0.2678772509098053,-0.14207743264526584,0.06587281823158264,-0.23410311341285706,-0.1308243290314124,0.04650604724884033,-0.19751104712486267,-0.12187799222559192,-0.011707007884979248,-0.09698742628097534,-0.12622483230919102,0.07703816890716553,-0.21151316165924072,-0.1518080548176215,0.08501014113426208,-0.17941609025001526,-0.12482174642175892,0.06438371539115906,-0.1413429081439972,-0.10521306998819568,0.02953299880027771,-0.05072718858718872,-0.14534057833046177,0.1022132933139801,-0.14893299341201782,-0.15571029640526035,0.11044377088546753,-0.14810720086097717,-0.13448599137157657,0.09626337885856628,-0.13011106848716736,-0.11879579879135349,am7
0.0,0.0,0.0,-0.019905537366867065,-0.09498947858810425,-0.0012529341333049615,-0.013467520475387573,-0.19837304949760437,-0.03010568817299486,0.01577240228652954,-0.2789110243320465,-0.06142135759037615,0.0388951301574707,-0.3320462107658386,-0.09246698443931223,-0.06790009140968323,-0.20044174790382385,-0.08196224694293619,-0.0010602176189422607,-0.30517613887786865,-0.12314523433488489,0.056096047163009644,-0.3396466374397278,-0.13853765701097132,0.09617239236831665,-0.34485816955566406,-0.14431579088014246,-0.050607770681381226,-0.14518460631370544,-0.10309772615474344,0.0429053008556366,-0.26226696372032166,-0.13815079306405664,0.058865129947662354,-0.22807228565216064,-0.12678536449712396,0.04203560948371887,-0.19118928909301758,-0.11759131078761698,-0.015377521514892578,-0.09260308742523193,-0.12223087673228861,0.07148358225822449,-0.20930588245391846,-0.1488170442466128,0.07809776067733765,-0.17637217044830322,-0.12243768249791742,0.05869978666305542,-0.1391385793685913,-0.10319510524314524,0.026112347841262817,-0.04828828573226929,-0.14166418885034204,0.09778136014938354,-0.14938175678253174,-0.15316883896630884,0.10239523649215698,-0.1444457471370697,-0.1329437461976397,0.08659288287162781,-0.12374556064605713,-0.11798196708005548,am7
0.0,0.0,0.0,-0.018817365169525146,-0.09409177303314209,-0.002138332772034346,-0.014149218797683716,-0.1960989534854889,-0.0310591145706951,0.011026352643966675,-0.27557623386383057,-0.0625032487613737,0.028326481580734253,-0.3292693495750427,-0.09366302968092555,-0.07020631432533264,-0.1964978575706482,-0.08063962341375941,-0.004281908273696899,-0.30323973298072815,-0.12189769775696391,0.0513899028301239,-0.3393142819404602,-0.13759382844992274,0.09038582444190979,-0.3444586992263794,-0.14331079305239314,-0.05201321840286255,-0.14076709747314453,-0.10160648108549708,0.03837531805038452,-0.26266080141067505,-0.13745171607561701,0.055517762899398804,-0.22896265983581543,-0.12724792243071192,0.04063683748245239,-0.1895994246006012,-0.11827405572958583,-0.015685945749282837,-0.08905839920043945,-0.12073256106205577,0.06723707914352417,-0.20878762006759644,-0.14771131456919306,0.07443705201148987,-0.17473891377449036,-0.12175475091763133,0.05660295486450195,-0.13514608144760132,-0.10240248621531123,0.026611685752868652,-0.046769678592681885,-0.14029335261412257,0.09520947933197021,-0.15137538313865662,-0.15259683908053034,0.0995800793170929,-0.14653265476226807,-0.13288117230959529,0.08501625061035156,-0.12461134791374207,-0.1178718212348997,am7
0.0,0.0,0.0,-0.019521057605743408,-0.09250229597091675,-0.0023344081090499458,-0.016865402460098267,-0.19608736038208008,-0.029944781792323738,0.0058761537075042725,-0.27796879410743713,-0.05999771749691263,0.01966923475265503,-0.333099901676178,-0.08992117887453333,-0.07347548007965088,-0.19517365097999573,-0.07773132866338983,-0.008121639490127563,-0.30081868171691895,-0.11850834881977335,0.04633671045303345,-0.3377644419670105,-0.13451872265056863,0.08542647957801819,-0.34488803148269653,-0.14052217697815195,-0.05507493019104004,-0.14034238457679749,-0.09816941117958322,0.0342499315738678,-0.2615528106689453,-0.13329115009025827,0.05188649892807007,-0.22795724868774414,-0.12363553291277185,0.03825989365577698,-0.18904834985733032,-0.11505739634947076,-0.01855108141899109,-0.0890088677406311,-0.11693436151460901,0.06350162625312805,-0.20869308710098267,-0.14420775568203226,0.0713815987110138,-0.17484769225120544,-0.11936895048336282,0.05469897389411926,-0.13624030351638794,-0.1005098620624949,0.0239546000957489,-0.04663962125778198,-0.13603701686577097,0.09229287505149841,-0.15217828750610352,-0.14865777885631815,0.09765198826789856,-0.14800220727920532,-0.12950534617618814,0.08428952097892761,-0.12693306803703308,-0.11472982412294641,am7
0.0,0.0,0.0,-0.02179703116416931,-0.09039604663848877,-0.0035260232685345727,-0.02122291922569275,-0.1929720938205719,-0.031452817754654916,0.0014123022556304932,-0.2746424674987793,-0.061664378182797464,0.017038792371749878,-0.3295646607875824,-0.09173503695598129,-0.07807701826095581,-0.1914009153842926,-0.07768707154860977,-0.01452299952507019,-0.2972554564476013,-0.11820767997375015,0.03875994682312012,-0.33520764112472534,-0.13420172213187698,0.07760435342788696,-0.34318944811820984,-0.14044383345714095,-0.059407711029052734,-0.13837695121765137,-0.0976292508708525,0.028243303298950195,-0.2581886649131775,-0.13269402264228347,0.046137094497680664,-0.22397717833518982,-0.12328285901418212,0.03280183672904968,-0.18546774983406067,-0.11498767315021041,-0.022760450839996338,-0.08856391906738281,-0.11606675563922408,0.0587693452835083,-0.20695599913597107,-0.14337369977107528,0.06642425060272217,-0.17145800590515137,-0.1188859733807135,0.04986691474914551,-0.13267585635185242,-0.1003707665072966,0.02021080255508423,-0.04682546854019165,-0.13500392614474777,0.08708903193473816,-0.1514403223991394,-0.1482058185206938,0.09210720658302307,-0.14596378803253174,-0.12963622985949996,0.07900738716125488,-0.12453556060791016,-0.11519108145108703,am7
0.0,0.0,0.0,-0.022525131702423096,-0.0919804573059082,-0.004699883236838787,-0.022890567779541016,-0.19278952479362488,-0.034695903956247776,-0.00019755959510803223,-0.27269452810287476,-0.0669664882117047,0.016545206308364868,-0.3252416253089905,-0.09905390366847655,-0.07962647080421448,-0.1897788643836975,-0.07985369786555907,-0.015369802713394165,-0.2949180603027344,-0.12159662619168898,0.03759840130805969,-0.3323507606983185,-0.1378803543740048,0.0759347677230835,-0.33958640694618225,-0.1440563194447293,-0.06121203303337097,-0.13546109199523926,-0.0999431677156224,0.02607026696205139,-0.25582027435302734,-0.13508211001689574,0.04719275236129761,-0.2228774130344391,-0.12525109872157714,0.03458598256111145,-0.18641066551208496,-0.11667701527412078,-0.024416953325271606,-0.08564084768295288,-0.11869951263005873,0.057276904582977295,-0.20489850640296936,-0.1457890115671887,0.06886515021324158,-0.17180442810058594,-0.12045845314796111,0.053178250789642334,-0.13413941860198975,-0.10150757357413909,0.019007951021194458,-0.044678688049316406,-0.13818666264350554,0.08406400680541992,-0.14916092157363892,-0.1514415584498181,0.09168162941932678,-0.1457543969154358,-0.13240736648376128,0.07947543263435364,-0.12520581483840942,-0.11755609437759063,am7
0.0,0.0,0.0,-0.022324293851852417,-0.09149527549743652,-0.004901898790052428,-0.02374514937400818,-0.19110825657844543,-0.034995815016230836,-0.002458900213241577,-0.26989516615867615,-0.06732087791701247,0.01399126648902893,-0.32218557596206665,-0.0992525985910504,-0.08108687400817871,-0.18754661083221436,-0.07882315874834944,-0.01831182837486267,-0.2945523262023926,-0.12202433706065108,0.03609955310821533,-0.33103710412979126,-0.13944647670527388,0.07375741004943848,-0.3368382453918457,-0.14595272601386,-0.062529057264328,-0.1347789764404297,-0.09884210885306288,0.023594200611114502,-0.25536981225013733,-0.13406545878191878,0.046549320220947266,-0.22344142198562622,-0.1245678833200543,0.03336420655250549,-0.18732178211212158,-0.11622853041430403,-0.025653958320617676,-0.08557575941085815,-0.11779307038327147,0.055661290884017944,-0.20566648244857788,-0.14521341980238844,0.06928092241287231,-0.17443889379501343,-0.11987176001807143,0.053446173667907715,-0.13788720965385437,-0.10080580622692992,0.018040359020233154,-0.044457435607910156,-0.13747800350924422,0.08203005790710449,-0.1499425172805786,-0.15077366889258315,0.09156662225723267,-0.14928489923477173,-0.13124902010699202,0.08015424013137817,-0.13049042224884033,-0.11588503629704405,am7
0.0,0.0,0.0,-0.023025035858154297,-0.0892716646194458,-0.005811893068738527,-0.02605152130126953,-0.1865271031856537,-0.03581967965189392,-0.005796492099761963,-0.2639785408973694,-0.06808701917950089,0.010642051696777344,-0.3159894049167633,-0.09988350436512405,-0.08092367649078369,-0.18971270322799683,-0.07685852066103394,-0.019445091485977173,-0.2960439622402191,-0.12034893051210815,0.034774601459503174,-0.3318963050842285,-0.13813534394327576,0.07350119948387146,-0.33822816610336304,-0.14464694276873047,-0.06355494260787964,-0.13584864139556885,-0.096110582504906,0.023877352476119995,-0.25643301010131836,-0.132306888852753,0.04755896329879761,-0.22455212473869324,-0.12396706656042511,0.03551745414733887,-0.1903008222579956,-0.11570938691917831,-0.02740994095802307,-0.08657032251358032,-0.1145213992935794,0.05512276291847229,-0.20578086376190186,-0.14309662595812256,0.06929749250411987,-0.17513754963874817,-0.11915472910229141,0.05426648259162903,-0.1398240625858307,-0.10021697000090057,0.015462607145309448,-0.04579979181289673,-0.13366486147467072,0.0804576575756073,-0.14961981773376465,-0.1473709495407718,0.09119251370429993,-0.1509372889995575,-0.1284372063023227,0.08107155561447144,-0.1346982717514038,-0.11293190733019287,am7
0.0,0.0,0.0,-0.023229748010635376,-0.08993083238601685,-0.005844233381168351,-0.027289777994155884,-0.18842095136642456,-0.03530777880044411,-0.00808301568031311,-0.2669752836227417,-0.06698695831985901,0.007473260164260864,-0.3197776675224304,-0.0981599863717122,-0.08254465460777283,-0.18869253993034363,-0.07602925860376786,-0.02133086323738098,-0.29580581188201904,-0.11859006696434449,0.03289687633514404,-0.33286356925964355,-0.1357578884908719,0.07206317782402039,-0.3408381938934326,-0.14218095951767395,-0.06478965282440186,-0.13581740856170654,-0.09511448704691361,0.022322088479995728,-0.2576192021369934,-0.13075839989872406,0.04538765549659729,-0.22480246424674988,-0.12225825601311158,0.032636404037475586,-0.1901002824306488,-0.11409685277433823,-0.02864202857017517,-0.08740741014480591,-0.11333151423426102,0.05386918783187866,-0.20760494470596313,-0.14165436738224457,0.06759276986122131,-0.17586669325828552,-0.1177197944471402,0.05186954140663147,-0.14002808928489685,-0.09892858081551026,0.014253377914428711,-0.04695314168930054,-0.13230972998829316,0.07934150099754333,-0.1525479257106781,-0.1464319925853772,0.0899013876914978,-0.1537441909313202,-0.12791621201725434,0.07933178544044495,-0.1370067298412323,-0.11273518466444443,am7
0.0,0.0,0.0,-0.024513304233551025,-0.08989477157592773,-0.005521050830083141,-0.030163586139678955,-0.18688258528709412,-0.03452330286492611,-0.011412560939788818,-0.26372030377388,-0.06603389809717441,0.00466194748878479,-0.31531810760498047,-0.097078545194762,-0.08618170022964478,-0.1880195140838623,-0.07438749651302601,-0.02428072690963745,-0.29309314489364624,-0.11761200259317661,0.030290424823760986,-0.3276609778404236,-0.13562573323835636,0.06864696741104126,-0.33538299798965454,-0.14268906245817448,-0.06909668445587158,-0.1340034306049347,-0.09399308840622211,0.018977224826812744,-0.2536269426345825,-0.13050952385057712,0.04124125838279724,-0.21874240040779114,-0.12316248397220875,0.027089089155197144,-0.18374758958816528,-0.11574335972656513,-0.03323599696159363,-0.0842505693435669,-0.11284947971691395,0.05071038007736206,-0.20349997282028198,-0.1423731876431873,0.0639154314994812,-0.1702786087989807,-0.11950178275694157,0.04709511995315552,-0.1349116861820221,-0.10122055391659046,0.009926527738571167,-0.04309415817260742,-0.13240156899084354,0.07480525970458984,-0.14788469672203064,-0.14707098732580448,0.0843263566493988,-0.14692479372024536,-0.12889544497122074,0.0729479193687439,-0.12888294458389282,-0.11388016323437,am7
0.0,0.0,0.0,-0.02378752827644348,-0.08972400426864624,-0.006672155365748722,-0.030651479959487915,-0.18383574485778809,-0.03594327463994773,-0.015616148710250854,-0.25686123967170715,-0.06766646101365836,-0.0026521682739257812,-0.304462194442749,-0.09910865619073661,-0.08806255459785461,-0.1887577474117279,-0.07177781804691108,-0.025228172540664673,-0.290807843208313,-0.11313201978097709,0.028870075941085815,-0.32633262872695923,-0.1302077670324877,0.06938961148262024,-0.33569517731666565,-0.13701703145395072,-0.07183626294136047,-0.1344674527645111,-0.09074114009032996,0.01752445101737976,-0.2524715065956116,-0.12646806731115134,0.041147053241729736,-0.21575835347175598,-0.11963788165937217,0.028851807117462158,-0.1809159517288208,-0.112421614371641,-0.03686985373497009,-0.0843854546546936,-0.10906209542642387,0.04830607771873474,-0.20125332474708557,-0.13742346062551292,0.06358525156974792,-0.16525647044181824,-0.11458711817155631,0.04927915334701538,-0.12961295247077942,-0.09632475420127662,0.005585610866546631,-0.0425148606300354,-0.12837370231042655,0.07086256146430969,-0.14483848214149475,-0.14249986901174339,0.08193635940551758,-0.1438423991203308,-0.12470767393003257,0.07257860898971558,-0.12729546427726746,-0.10978468998561652,am7
0.0,0.0,0.0,-0.023220837116241455,-0.09029197692871094,-0.0069214404597062185,-0.02968081831932068,-0.1831873655319214,-0.03553006854272667,-0.014096379280090332,-0.25477874279022217,-0.06674234252787414,0.00019919872283935547,-0.3003544211387634,-0.09762241375065628,-0.08878087997436523,-0.18867218494415283,-0.06938251536703888,-0.02615290880203247,-0.2891114354133606,-0.110267047401436,0.02866232395172119,-0.3244425058364868,-0.1273941962084848,0.06837925314903259,-0.33422166109085083,-0.13425811808920685,-0.07320964336395264,-0.13353663682937622,-0.0882481230459291,0.01640951633453369,-0.2526661455631256,-0.12411008458948913,0.040995657444000244,-0.2155899703502655,-0.11871429216481033,0.0277482271194458,-0.17964032292366028,-0.11219660621500793,-0.03801459074020386,-0.08306509256362915,-0.10649495255566421,0.04724094271659851,-0.20186033844947815,-0.1357310531697351,0.06478863954544067,-0.16624408960342407,-0.11492421161747757,0.0500275194644928,-0.13005122542381287,-0.09760039728499237,0.004305779933929443,-0.041955649852752686,-0.12561723273611847,0.07083389163017273,-0.14543300867080688,-0.13961781245089355,0.082511305809021,-0.1392737627029419,-0.1219237936697084,0.07204100489616394,-0.11709848046302795,-0.1070394633374292,am7
0.0,0.0,0.0,-0.021662086248397827,-0.09238451719284058,-0.006984186973539863,-0.027941852807998657,-0.18440601229667664,-0.03591784756642369,-0.012930512428283691,-0.25471004843711853,-0.06756651323300389,0.0005146563053131104,-0.30015677213668823,-0.09901188235741643,-0.09020136296749115,-0.1885509490966797,-0.06887940984231022,-0.027658402919769287,-0.28864312171936035,-0.10984674017888096,0.026946574449539185,-0.32484298944473267,-0.12775360714655903,0.0666070282459259,-0.3350038528442383,-0.13513906966906575,-0.07472765445709229,-0.13234421610832214,-0.08790394585591343,0.014255166053771973,-0.25199687480926514,-0.12323003184062031,0.04044699668884277,-0.2176332175731659,-0.11821925561886815,0.028221309185028076,-0.18209269642829895,-0.11218745928269414,-0.03935912251472473,-0.0810626745223999,-0.1063354454563239,0.04543095827102661,-0.20008337497711182,-0.1351714051888564,0.06506985425949097,-0.16639479994773865,-0.11405491005641011,0.05133911967277527,-0.12969613075256348,-0.09660889130097416,0.0027715563774108887,-0.03958040475845337,-0.12570700716239003,0.06745544075965881,-0.14405477046966553,-0.13931871127348927,0.08073461055755615,-0.1392194628715515,-0.12082905244093922,0.07148277759552002,-0.11661070585250854,-0.10540459226828602,am7
0.0,0.0,0.0,-0.019805431365966797,-0.09387052059173584,-0.009648166305140649,-0.026749342679977417,-0.18363088369369507,-0.039775284646765385,-0.01288411021232605,-0.2522523105144501,-0.07241664332033793,-7.912516593933105e-05,-0.29724955558776855,-0.10460128885389963,-0.09239180386066437,-0.18783557415008545,-0.06936115276695887,-0.0290776789188385,-0.28779447078704834,-0.11122037720562616,0.025958716869354248,-0.3237590193748474,-0.1297957996714274,0.0653333067893982,-0.3343568742275238,-0.13752856355787912,-0.07727110385894775,-0.13028815388679504,-0.0873831535566012,0.01113981008529663,-0.249717116355896,-0.12391186010719935,0.037816643714904785,-0.21574833989143372,-0.12005304795385996,0.02532297372817993,-0.18113231658935547,-0.11449557793022791,-0.04182383418083191,-0.07865160703659058,-0.10511067759873072,0.04221385717391968,-0.1979014277458191,-0.13550821941973368,0.06309270858764648,-0.16545149683952332,-0.1153294990646998,0.04931354522705078,-0.12899065017700195,-0.09806548309208551,-0.00016829371452331543,-0.03735983371734619,-0.12398981553198496,0.06493714451789856,-0.1410192847251892,-0.13905988138796488,0.07922470569610596,-0.13784265518188477,-0.12135675054670969,0.070151686668396,-0.11558958888053894,-0.10609860223414103,am7
0.0,0.0,0.0,-0.018891364336013794,-0.09343010187149048,-0.009347059397157409,-0.025650590658187866,-0.1847214698791504,-0.03892591745233176,-0.013391554355621338,-0.2525829076766968,-0.0711383499262297,-0.0034309029579162598,-0.29805004596710205,-0.10315624401545165,-0.0929240733385086,-0.18772855401039124,-0.06836265102600692,-0.02880913019180298,-0.28740769624710083,-0.10940971002554534,0.02697184681892395,-0.32508811354637146,-0.1278087623474562,0.06628608703613281,-0.33829885721206665,-0.13569418863033889,-0.07746297121047974,-0.1296555995941162,-0.08661683425879119,0.010700464248657227,-0.2521841526031494,-0.12281080112433074,0.03859895467758179,-0.21733063459396362,-0.1194927074072325,0.026583552360534668,-0.18069609999656677,-0.1142649851796591,-0.041669607162475586,-0.07787418365478516,-0.1043981216905081,0.04136505722999573,-0.2001035213470459,-0.13440504447197554,0.06430396437644958,-0.16685053706169128,-0.1140022032020056,0.05180776119232178,-0.12879619002342224,-0.0965800710079634,0.0002040266990661621,-0.03659963607788086,-0.12335334495281813,0.06461575627326965,-0.14171361923217773,-0.13818509653782485,0.0795145034790039,-0.13678163290023804,-0.12011802718615172,0.07129928469657898,-0.11244350671768188,-0.10461872593140242,am7
0.0,0.0,0.0,-0.017503589391708374,-0.09541153907775879,-0.010482445810310992,-0.023555904626846313,-0.18564105033874512,-0.04002922259675756,-0.010865926742553711,-0.25263527035713196,-0.07221134238349691,8.535385131835938e-05,-0.29821622371673584,-0.10421599679099813,-0.09467682242393494,-0.1865454614162445,-0.0666998126398255,-0.029418110847473145,-0.2849610447883606,-0.10851095103132025,0.02730920910835266,-0.3224477469921112,-0.12837965272771612,0.06699877977371216,-0.33605045080184937,-0.13728802882539526,-0.08058780431747437,-0.1278359591960907,-0.08452022307025686,0.009041011333465576,-0.24805259704589844,-0.12144959949361578,0.037098586559295654,-0.2134382128715515,-0.1194782727252175,0.025350481271743774,-0.1770159900188446,-0.11499113075839773,-0.044963568449020386,-0.07521778345108032,-0.10216750435935751,0.040503621101379395,-0.19525545835494995,-0.13300582252847448,0.0633493959903717,-0.16246092319488525,-0.11374923818218008,0.05051761865615845,-0.12453314661979675,-0.09680851780282751,-0.0028513073921203613,-0.0330507755279541,-0.12116480105029837,0.06291282176971436,-0.1343752145767212,-0.1367553272138764,0.07827654480934143,-0.1311459243297577,-0.11957208298551336,0.0706055760383606,-0.10940402746200562,-0.10446101658450857,am7
0.0,0.0,0.0,-0.01831585168838501,-0.0966143012046814,-0.010798745262803777,-0.024073153734207153,-0.18621137738227844,-0.04087245877403234,-0.010643362998962402,-0.2516018748283386,-0.07347788702267621,0.000573575496673584,-0.29657381772994995,-0.10618464689272855,-0.0928274393081665,-0.18798884749412537,-0.06850277673024152,-0.026704400777816772,-0.2838849425315857,-0.11070648621338819,0.03063809871673584,-0.32176077365875244,-0.13109353970307325,0.07016819715499878,-0.3357849419116974,-0.1403721947552583,-0.0790095329284668,-0.12729212641716003,-0.08625887374896024,0.01053851842880249,-0.2480376958847046,-0.12324718426484083,0.041740089654922485,-0.21713745594024658,-0.12210781167763685,0.032114386558532715,-0.18060091137886047,-0.118239470231714,-0.0428907573223114,-0.0735623836517334,-0.10364629368800138,0.041053563356399536,-0.1933409571647644,-0.13454569171685193,0.067280113697052,-0.1663164496421814,-0.11610054265278791,0.055338382720947266,-0.12792542576789856,-0.09969528805035566,-0.0018149614334106445,-0.030965685844421387,-0.12231082509774183,0.06439611315727234,-0.13185837864875793,-0.1378564615132234,0.08211177587509155,-0.13280552625656128,-0.12068156938570951,0.07477226853370667,-0.11145740747451782,-0.10564601461905454,am7
0.0,0.0,0.0,-0.01827949285507202,-0.09590041637420654,-0.010248056258120641,-0.024837613105773926,-0.1852690875530243,-0.03914786560372363,-0.011537611484527588,-0.2503041625022888,-0.07068845314816485,0.0010537803173065186,-0.2961650490760803,-0.1019918663604642,-0.09330339729785919,-0.18447312712669373,-0.06547981185750018,-0.02701592445373535,-0.2822406589984894,-0.10923355502919208,0.032169610261917114,-0.3171260356903076,-0.13172224594191562,0.07222086191177368,-0.3274146318435669,-0.14206342829302798,-0.07957056164741516,-0.12441521883010864,-0.08329390419558536,0.009217500686645508,-0.24381092190742493,-0.1216250850065137,0.03942123055458069,-0.21201524138450623,-0.12230996472672473,0.029185086488723755,-0.17280098795890808,-0.11926736367777835,-0.043628811836242676,-0.07079410552978516,-0.10097554011181842,0.03996625542640686,-0.18848344683647156,-0.13274229003027926,0.06483075022697449,-0.16087967157363892,-0.11547266377047549,0.051495522260665894,-0.12216717004776001,-0.09937134815291415,-0.0026175081729888916,-0.02825874090194702,-0.1198921321137334,0.06493458151817322,-0.12745869159698486,-0.13619220686987887,0.0811237096786499,-0.1276794970035553,-0.1198303518994237,0.07181036472320557,-0.10567206144332886,-0.10495734644965182,am7
0.0,0.0,0.0,-0.016123682260513306,-0.09807479381561279,-0.011211410301143587,-0.02258777618408203,-0.1860148012638092,-0.04046346167694992,-0.011983305215835571,-0.2477811872959137,-0.07157780150544113,-0.0037184953689575195,-0.29157763719558716,-0.10244419346224731,-0.09302803874015808,-0.18437373638153076,-0.06820394764315552,-0.025078177452087402,-0.2813209295272827,-0.11054676691662735,0.032806992530822754,-0.3199918270111084,-0.13162154624831146,0.07255354523658752,-0.33299076557159424,-0.141406200031156,-0.07892312109470367,-0.12472158670425415,-0.08552718828093475,0.011040300130844116,-0.2449222207069397,-0.12335560391318268,0.03957453370094299,-0.21290814876556396,-0.12283181319605774,0.029422014951705933,-0.17207786440849304,-0.11898009399544662,-0.043640583753585815,-0.0707278847694397,-0.10256078014742798,0.043738335371017456,-0.18804195523262024,-0.13356275031935638,0.06661796569824219,-0.16116276383399963,-0.1155353106058783,0.053841233253479004,-0.12520787119865417,-0.09914916674267715,-0.0020000338554382324,-0.02668321132659912,-0.1209458849824614,0.06698104739189148,-0.1264161467552185,-0.13708122740160888,0.08264410495758057,-0.1304386556148529,-0.12081851730715698,0.07442757487297058,-0.11478039622306824,-0.10611954996954864,am7
0.0,0.0,0.0,-0.017934083938598633,-0.09845101833343506,-0.009765458648217873,-0.020564675331115723,-0.18776193261146545,-0.03914871847362633,-0.0012529194355010986,-0.25132691860198975,-0.07108368015022393,0.01408037543296814,-0.2951411008834839,-0.1030903760168087,-0.08769693970680237,-0.18718525767326355,-0.06664451992244835,-0.019829750061035156,-0.2838759124279022,-0.10852600669593926,0.039032042026519775,-0.3222159743309021,-0.13024225121469613,0.07908409833908081,-0.33434587717056274,-0.14048924332590218,-0.07246142625808716,-0.1273195743560791,-0.0844976905557644,0.016750633716583252,-0.24610421061515808,-0.12038916384906884,0.046120136976242065,-0.2172853946685791,-0.12069251423807259,0.03600668907165527,-0.17810925841331482,-0.11806412821741219,-0.035511016845703125,-0.07428467273712158,-0.10183688288660164,0.04955422878265381,-0.19136393070220947,-0.13000813907117958,0.0731966495513916,-0.166470468044281,-0.11255691235990639,0.05983316898345947,-0.12875014543533325,-0.09737271851034279,0.006426811218261719,-0.03212684392929077,-0.12056204712123986,0.0757441520690918,-0.12946459650993347,-0.13396484440298195,0.09064126014709473,-0.13141962885856628,-0.11722943967313881,0.0808393657207489,-0.11190921068191528,-0.1028152558776867,am7
0.0,0.0,0.0,-0.016212373971939087,-0.09674263000488281,-0.008965798038161665,-0.020494550466537476,-0.1877773106098175,-0.03812902359209147,-0.00619196891784668,-0.252674400806427,-0.06961671946487513,0.006955921649932861,-0.299063503742218,-0.10122892199001399,-0.09030473232269287,-0.18273377418518066,-0.06939414082012263,-0.02229386568069458,-0.27911967039108276,-0.11134035078725901,0.03568592667579651,-0.314555823802948,-0.13261361358604518,0.07524514198303223,-0.32728302478790283,-0.14296753642997828,-0.07566255331039429,-0.12242847681045532,-0.08756545869550791,0.01409059762954712,-0.24097079038619995,-0.12379613457164851,0.041751712560653687,-0.2102692723274231,-0.12240357635459986,0.030723094940185547,-0.17221632599830627,-0.11907666860065547,-0.03978976607322693,-0.06805592775344849,-0.1050530367895135,0.04427134990692139,-0.1870945394039154,-0.13404041467151728,0.06714150309562683,-0.16062772274017334,-0.11483780978164759,0.05416938662528992,-0.12373238801956177,-0.09876844970426646,0.0014706850051879883,-0.025137364864349365,-0.12371679333887187,0.06850674748420715,-0.1251581907272339,-0.13864061174831477,0.08349713683128357,-0.1268591582775116,-0.12183219132862178,0.07412272691726685,-0.10805091261863708,-0.10747605500660029,am7
0.0,0.0,0.0,-0.018062502145767212,-0.09693819284439087,-0.008735596541214363,-0.019324004650115967,-0.1879338026046753,-0.03735935442512073,0.003405749797821045,-0.25268077850341797,-0.06867184244458713,0.022157371044158936,-0.29577454924583435,-0.10014033817117252,-0.08575208485126495,-0.18565598130226135,-0.06533235066001453,-0.01729041337966919,-0.28300538659095764,-0.10735085361068286,0.042007774114608765,-0.32146286964416504,-0.12947569541995563,0.08291837573051453,-0.3337398171424866,-0.1400217985398058,-0.07077877223491669,-0.1258995532989502,-0.08355037622516193,0.01975160837173462,-0.24321675300598145,-0.11964358888928928,0.04746243357658386,-0.2135445773601532,-0.11989765368764438,0.03636366128921509,-0.17425143718719482,-0.11704355977838077,-0.03457683324813843,-0.07220828533172607,-0.1012801726943735,0.05306169390678406,-0.18855446577072144,-0.12947378807132282,0.07450142502784729,-0.16366428136825562,-0.11228390537564792,0.05983051657676697,-0.12758761644363403,-0.097118904221702,0.007577419281005859,-0.028947174549102783,-0.12034050129716434,0.07823878526687622,-0.12525725364685059,-0.13446023814742603,0.09242886304855347,-0.12857523560523987,-0.11845448367660083,0.08253520727157593,-0.11211639642715454,-0.10425905637805499,am7
0.0,0.0,0.0,-0.015210986137390137,-0.09902799129486084,-0.00960567160740311,-0.01720830798149109,-0.1897541582584381,-0.0391525284875911,-0.0005623698234558105,-0.25305044651031494,-0.07077822773948128,0.01362338662147522,-0.297999769449234,-0.1024353200127166,-0.08743548393249512,-0.18451449275016785,-0.06954783140912468,-0.018310070037841797,-0.2807478904724121,-0.11108408062949593,0.04065883159637451,-0.3160773515701294,-0.13243550746932442,0.0806230902671814,-0.32620885968208313,-0.14276178865924294,-0.07317778468132019,-0.12445658445358276,-0.08725000112548287,0.01650446653366089,-0.24145525693893433,-0.12286172001853402,0.04518041014671326,-0.21332648396492004,-0.12231201618209298,0.03542158007621765,-0.17501068115234375,-0.11954513131871636,-0.037446945905685425,-0.0697813630104065,-0.10419506519332344,0.048194825649261475,-0.18515506386756897,-0.13215016513362343,0.07146915793418884,-0.16198956966400146,-0.11432833909287865,0.058786541223526,-0.12669417262077332,-0.09933676510348732,0.004198014736175537,-0.02597784996032715,-0.12235157876506264,0.07291382551193237,-0.12180891633033752,-0.13635791032805855,0.08848658204078674,-0.12685701251029968,-0.1201246374775451,0.07957801222801208,-0.11131584644317627,-0.10630799024596627,am7
0.0,0.0,0.0,-0.01473495364189148,-0.099357008934021,-0.01139896772258453,-0.015975922346115112,-0.18938910961151123,-0.04146079569511585,0.004161179065704346,-0.25291842222213745,-0.07338967024736576,0.02038043737411499,-0.29693663120269775,-0.10520577281170063,-0.08532518148422241,-0.18381920456886292,-0.06998996287040882,-0.01711118221282959,-0.2810099720954895,-0.1123297646587389,0.04135879874229431,-0.3174198269844055,-0.13432063012771778,0.08146575093269348,-0.3281140923500061,-0.1450070872848528,-0.07072672247886658,-0.1238255500793457,-0.08679389804058246,0.019097447395324707,-0.2403273582458496,-0.12353426813535862,0.046951621770858765,-0.2126586139202118,-0.12353952824526004,0.03694525361061096,-0.17466986179351807,-0.12080355584078006,-0.0352054238319397,-0.07001209259033203,-0.10318067520313434,0.05170494318008423,-0.1850074827671051,-0.13193602710418872,0.07300606369972229,-0.16253653168678284,-0.11474067568235569,0.059277892112731934,-0.12802723050117493,-0.09985779821329288,0.006329059600830078,-0.02675461769104004,-0.12103711664133243,0.0774594247341156,-0.12088096141815186,-0.13618269413166217,0.0914476215839386,-0.12805384397506714,-0.12120008319072895,0.08135589957237244,-0.11539196968078613,-0.10792864709549121,am7
0.0,0.0,0.0,-0.013913750648498535,-0.09957295656204224,-0.01050940193621841,-0.014608889818191528,-0.1896829605102539,-0.040401453528687625,0.00534406304359436,-0.2519587278366089,-0.07246510908393589,0.021637797355651855,-0.29540956020355225,-0.10458799675492969,-0.08468469977378845,-0.18409106135368347,-0.06943465248136249,-0.016275644302368164,-0.280342161655426,-0.11147372648505893,0.04242461919784546,-0.3162487745285034,-0.13349776938943592,0.08248302340507507,-0.3269807696342468,-0.14420742765454975,-0.0704217255115509,-0.1232132613658905,-0.08675033077983585,0.01963767409324646,-0.23970076441764832,-0.12284981683282581,0.047924578189849854,-0.21186736226081848,-0.12255674824504581,0.03794458508491516,-0.1741454303264618,-0.11976567879705158,-0.03465357422828674,-0.06887173652648926,-0.10353178009776798,0.052148282527923584,-0.1841188669204712,-0.13163014725236621,0.07435965538024902,-0.16089007258415222,-0.11374633983163562,0.06093257665634155,-0.12565761804580688,-0.09858850613622394,0.0067529380321502686,-0.025955677032470703,-0.12174456045417514,0.07765579223632812,-0.12144118547439575,-0.135978693518922,0.09261637926101685,-0.1267552375793457,-0.11993689313916889,0.08327159285545349,-0.11197236180305481,-0.10612561032561985,am7
0.0,0.0,0.0,-0.014668285846710205,-0.0992727279663086,-0.01083092103434069,-0.015849679708480835,-0.18786314129829407,-0.04153395156097872,0.00316011905670166,-0.25036126375198364,-0.07412647167873843,0.018668413162231445,-0.2936328053474426,-0.10661407272053225,-0.08499199151992798,-0.18341225385665894,-0.07214252362680895,-0.015485167503356934,-0.27937471866607666,-0.11422896097136004,0.043364107608795166,-0.31490975618362427,-0.1351224453253792,0.08367007970809937,-0.32539740204811096,-0.1450089485449837,-0.07084240019321442,-0.12277913093566895,-0.08941445211601717,0.019673049449920654,-0.23811331391334534,-0.1259136320157097,0.047689199447631836,-0.20865049958229065,-0.12439340064955218,0.037720948457717896,-0.17037886381149292,-0.12058242867422564,-0.036020249128341675,-0.06825858354568481,-0.10608808408213122,0.051282525062561035,-0.18126904964447021,-0.1344643951458977,0.07337787747383118,-0.1578383445739746,-0.11590081910324557,0.06025815010070801,-0.12313461303710938,-0.10023489306402666,0.004797548055648804,-0.024384140968322754,-0.12419108758402331,0.07570862770080566,-0.11644086241722107,-0.13889780352545245,0.09074759483337402,-0.12411004304885864,-0.12332606027555926,0.08158427476882935,-0.11223551630973816,-0.10979211787415011,am7
0.0,0.0,0.0,-0.015786081552505493,-0.09492999315261841,-0.01054244843169272,-0.018458157777786255,-0.18264707922935486,-0.03961334918483317,-0.0006927549839019775,-0.24506524205207825,-0.07095542718514025,0.01439446210861206,-0.28843268752098083,-0.10232659597738802,-0.08580818772315979,-0.18262726068496704,-0.06683261860951006,-0.018179655075073242,-0.27811306715011597,-0.11018330027206957,0.03982380032539368,-0.31337812542915344,-0.13317232747419894,0.08044195175170898,-0.32470956444740295,-0.14424865861280978,-0.07326748967170715,-0.12283501029014587,-0.08406143803938448,0.01742073893547058,-0.23748672008514404,-0.12244675476893008,0.04546940326690674,-0.20654714107513428,-0.1230936290775162,0.0360332727432251,-0.16838514804840088,-0.11986398865326464,-0.039537668228149414,-0.06839543581008911,-0.10111136902912676,0.04992076754570007,-0.18088197708129883,-0.13191091437681735,0.07220330834388733,-0.15534266829490662,-0.11539589037045062,0.05927959084510803,-0.12131261825561523,-0.09987262059792101,0.0008182227611541748,-0.023856639862060547,-0.11948942561491549,0.07360467314720154,-0.1156664788722992,-0.1357024403367859,0.08878174424171448,-0.12227270007133484,-0.12113021482571185,0.07997792959213257,-0.11120665073394775,-0.10751168598278582,am7
0.0,0.0,0.0,-0.0155714750289917,-0.09430545568466187,-0.010049537476618298,-0.01782679557800293,-0.18135488033294678,-0.0393817142588091,-0.0005941390991210938,-0.24340474605560303,-0.07105906466068745,0.012271791696548462,-0.2858922779560089,-0.10281635234179021,-0.08239349722862244,-0.1843147873878479,-0.06792029896797658,-0.01644471287727356,-0.2777419984340668,-0.11026883283676625,0.04049259424209595,-0.3140280246734619,-0.13146673301281453,0.08071178197860718,-0.3270428776741028,-0.1413711921316576,-0.06938381493091583,-0.1248261034488678,-0.08554067621054173,0.021222054958343506,-0.23998841643333435,-0.12294906536163808,0.049244195222854614,-0.20680570602416992,-0.12213018694939137,0.03903082013130188,-0.16920527815818787,-0.11802674988331319,-0.03576979041099548,-0.07084780931472778,-0.10279527464928151,0.053291887044906616,-0.1831563413143158,-0.1328805402857256,0.07449296116828918,-0.15422889590263367,-0.11506775924982549,0.06068769097328186,-0.11879876255989075,-0.09893004009546758,0.004266947507858276,-0.026561200618743896,-0.121393354330678,0.07686519622802734,-0.1200253963470459,-0.137322069798131,0.09245708584785461,-0.12628382444381714,-0.1220518738967371,0.08459535241127014,-0.11426067352294922,-0.1080058158379984,am7
0.0,0.0,0.0,-0.015337646007537842,-0.09633100032806396,-0.01168400588227314,-0.018560469150543213,-0.18287032842636108,-0.04251405670089525,-0.0038541555404663086,-0.2436453402042389,-0.07492503969712061,0.007528424263000488,-0.2868826389312744,-0.10726175158066553,-0.08720497786998749,-0.18050634860992432,-0.07291148303789896,-0.01733359694480896,-0.27433228492736816,-0.11501359640402598,0.041128724813461304,-0.31022918224334717,-0.1361026137952308,0.0811987817287445,-0.32226285338401794,-0.1463456123952369,-0.0730443000793457,-0.11960151791572571,-0.08989075272126001,0.01672530174255371,-0.23516178131103516,-0.12708110808176798,0.044357478618621826,-0.2040044069290161,-0.12593432961745066,0.03420105576515198,-0.16499623656272888,-0.12220240830225748,-0.03780964016914368,-0.06473857164382935,-0.10623770653052134,0.04858991503715515,-0.1774366796016693,-0.13546266852659983,0.07070991396903992,-0.1520242989063263,-0.11681522129816813,0.05714520812034607,-0.11667850613594055,-0.100873735535572,0.002670586109161377,-0.0210874080657959,-0.12401044069571299,0.07301920652389526,-0.11400091648101807,-0.13940973280710978,0.08770397305488586,-0.1195334792137146,-0.12376590518994135,0.07783085107803345,-0.10565471649169922,-0.11009067742867273,am7
0.0,0.0,0.0,-0.01761484146118164,-0.09053009748458862,-0.01105208225703791,-0.021313518285751343,-0.17550694942474365,-0.0397446779177244,-0.004958063364028931,-0.23648867011070251,-0.0706604597733076,0.00771331787109375,-0.2773999273777008,-0.10153307296491221,-0.08344420790672302,-0.18325567245483398,-0.06646390535092905,-0.015917807817459106,-0.2771502435207367,-0.10915234215713099,0.041166990995407104,-0.3127027153968811,-0.13081822820163325,0.08147832751274109,-0.32508713006973267,-0.1408600909278448,-0.07132212817668915,-0.1238618791103363,-0.08321222938752726,0.022926926612854004,-0.23700293898582458,-0.12043515868640498,0.04840672016143799,-0.20158791542053223,-0.12007499016976908,0.03604578971862793,-0.16320154070854187,-0.11624151744103983,-0.03832906484603882,-0.0696401596069336,-0.0999233973786886,0.05377161502838135,-0.17903506755828857,-0.13011049755073145,0.07226786017417908,-0.1485106647014618,-0.11335070707059458,0.056676626205444336,-0.1133221685886383,-0.09776710994697169,0.0013079345226287842,-0.02460312843322754,-0.11810985483384684,0.07594910264015198,-0.11549517512321472,-0.13456390328860834,0.09096282720565796,-0.12234532833099365,-0.12047171123481348,0.08323115110397339,-0.1121470034122467,-0.10699071265912607,am7
0.0,0.0,0.0,-0.016518592834472656,-0.09380519390106201,-0.009284160419440468,-0.01848939061164856,-0.18108057975769043,-0.03807416590217372,-0.0010321438312530518,-0.24368679523468018,-0.06927404957178851,0.012251526117324829,-0.28696101903915405,-0.10057069020632525,-0.08170723915100098,-0.18407079577445984,-0.06711566107634326,-0.01363953948020935,-0.2780507802963257,-0.10867011206511279,0.043591707944869995,-0.3138827681541443,-0.12950265066984912,0.0838225781917572,-0.32630449533462524,-0.13929257946375628,-0.06885001063346863,-0.12490856647491455,-0.08487627314690371,0.02197057008743286,-0.23960953950881958,-0.12124462830189486,0.049308955669403076,-0.20609888434410095,-0.11989503013256808,0.03866332769393921,-0.16820865869522095,-0.11562025951508303,-0.03527519106864929,-0.07099300622940063,-0.10218891160849353,0.05351758003234863,-0.18256571888923645,-0.1314088519132497,0.07473880052566528,-0.15386709570884705,-0.11341796474818011,0.06079232692718506,-0.11868235468864441,-0.09737114267710467,0.004642963409423828,-0.0267145037651062,-0.12077452646855136,0.07748550176620483,-0.11901062726974487,-0.13618489759329577,0.09262186288833618,-0.12389197945594788,-0.12087320940855761,0.08405062556266785,-0.11087509989738464,-0.10696218567255755,am7
0.0,0.0,0.0,-0.015257835388183594,-0.09516972303390503,-0.010487402423137837,-0.016607195138931274,-0.1821977198123932,-0.04087034762542885,0.0006702542304992676,-0.242890864610672,-0.07311077193062943,0.013827294111251831,-0.2849768400192261,-0.10532184467356842,-0.08208940923213959,-0.18143358826637268,-0.07227825150530975,-0.012434184551239014,-0.2756546139717102,-0.11396768466275375,0.04615926742553711,-0.3109256625175476,-0.1344548218015973,0.08621260523796082,-0.3224796652793884,-0.1443575374845807,-0.06815354526042938,-0.12100750207901001,-0.0898504458431546,0.02158340811729431,-0.23586109280586243,-0.12667754814665955,0.04857742786407471,-0.20325037837028503,-0.1250015996460263,0.0374484658241272,-0.16459110379219055,-0.12099778429310959,-0.03357234597206116,-0.06639313697814941,-0.10671145991128128,0.05334010720252991,-0.1784037947654724,-0.13559976742308777,0.07413560152053833,-0.15142503380775452,-0.11682365611832779,0.05933883786201477,-0.11592784523963928,-0.10093603805344742,0.006513744592666626,-0.022558867931365967,-0.1249272652034108,0.07815822958946228,-0.11395403742790222,-0.14049155042212647,0.09227561950683594,-0.11963158845901489,-0.1252944372658078,0.08195191621780396,-0.10689854621887207,-0.1119834385876004,am7
0.0,0.0,0.0,-0.016042649745941162,-0.09204506874084473,-0.009714762983662695,-0.017080962657928467,-0.17955246567726135,-0.038849435118777365,0.0019265413284301758,-0.24256041646003723,-0.07020686131511411,0.01716482639312744,-0.2868756949901581,-0.1017380685785838,-0.07827410101890564,-0.184096097946167,-0.06915387820993146,-0.010114461183547974,-0.2771766185760498,-0.11157532346044263,0.04699590802192688,-0.311874657869339,-0.13305509400163373,0.08678564429283142,-0.32350653409957886,-0.14328867506776533,-0.06604894995689392,-0.12471160292625427,-0.08675969701801023,0.025830447673797607,-0.2385767102241516,-0.12427255075965604,0.053486377000808716,-0.20555317401885986,-0.12354915898833951,0.042867302894592285,-0.16781002283096313,-0.11959041964803419,-0.03279310464859009,-0.07049834728240967,-0.10381191533599576,0.05646711587905884,-0.18142539262771606,-0.13367097389493665,0.07787305116653442,-0.15347495675086975,-0.11558149319682798,0.06363621354103088,-0.11806291341781616,-0.09934283357654294,0.00647243857383728,-0.026215434074401855,-0.12213017356191358,0.0794995129108429,-0.11819440126419067,-0.1380140365341731,0.09545275568962097,-0.12347608804702759,-0.12245159905944547,0.08717453479766846,-0.11031591892242432,-0.10825724464450559,am7
0.0,0.0,0.0,-0.01583614945411682,-0.09300470352172852,-0.009261799141029314,-0.01759260892868042,-0.18051955103874207,-0.03908923464194913,-0.0009399056434631348,-0.24239113926887512,-0.07071620049254079,0.011680275201797485,-0.28553080558776855,-0.10253290655390401,-0.08196774125099182,-0.18087244033813477,-0.07203565361277242,-0.012299686670303345,-0.27330106496810913,-0.11307029994503637,0.04532232880592346,-0.30858340859413147,-0.1335109231092133,0.08524477481842041,-0.3207777738571167,-0.14367774697319646,-0.06794662773609161,-0.12105607986450195,-0.09002599688545843,0.022278785705566406,-0.2345167100429535,-0.12631518217102666,0.049399226903915405,-0.20207533240318298,-0.1243869272090592,0.03870639204978943,-0.16363736987113953,-0.12042832197920461,-0.03359076380729675,-0.06603652238845825,-0.10703503163830419,0.05331864953041077,-0.1775154173374176,-0.13538520606533666,0.0740739107131958,-0.1498672366142273,-0.11579347225205083,0.05991658568382263,-0.11377584934234619,-0.09955745013729711,0.006427884101867676,-0.02120417356491089,-0.12524779709355016,0.0766696035861969,-0.11253473162651062,-0.14077573092953344,0.09193691611289978,-0.11890092492103577,-0.12496009292379995,0.08301582932472229,-0.10683465003967285,-0.11121415915266653,am7
0.0,0.0,0.0,-0.016145914793014526,-0.09115463495254517,-0.010613299685815036,-0.016495883464813232,-0.1784886121749878,-0.03965155851403779,0.0034035444259643555,-0.24187180399894714,-0.0707923106507451,0.018688440322875977,-0.2861749827861786,-0.10205661576549119,-0.07671111822128296,-0.18365734815597534,-0.06973058801452225,-0.008685439825057983,-0.27702391147613525,-0.11266190629760331,0.04870787262916565,-0.3119630217552185,-0.13461297821561402,0.08810058236122131,-0.3238592743873596,-0.14506994258920258,-0.0641639232635498,-0.12442901730537415,-0.0870533220128209,0.0276375412940979,-0.23900094628334045,-0.12547385763684815,0.055832087993621826,-0.20654022693634033,-0.12554286491433686,0.04571995139122009,-0.16841378808021545,-0.12178930711309022,-0.030388951301574707,-0.07045102119445801,-0.1038888550953061,0.05885457992553711,-0.18163448572158813,-0.13454490971128052,0.08032035827636719,-0.1536560356616974,-0.11701517623225755,0.0658966600894928,-0.11767542362213135,-0.10078237276832169,0.008865565061569214,-0.026609957218170166,-0.12206241559545106,0.08261853456497192,-0.11822867393493652,-0.13852988254586762,0.09837508201599121,-0.12274760007858276,-0.12333642017404145,0.09009581804275513,-0.10871413350105286,-0.1091834090308339,am7
0.0,0.0,0.0,-0.013231426477432251,-0.09551668167114258,-0.009130098981245283,-0.012709885835647583,-0.185100257396698,-0.038492106025501016,0.0047644078731536865,-0.24675115942955017,-0.06973261771111083,0.018539458513259888,-0.28910622000694275,-0.10119054106382919,-0.07757775485515594,-0.18454024195671082,-0.07198807237057281,-0.007662326097488403,-0.2764512300491333,-0.1133711525550325,0.05067664384841919,-0.3098447322845459,-0.13439043251185012,0.09018334746360779,-0.31992602348327637,-0.1448405721536119,-0.06463022530078888,-0.12412890791893005,-0.0900075176110704,0.026859551668167114,-0.2362368404865265,-0.12646420684961868,0.053736984729766846,-0.2047162652015686,-0.1254292317977388,0.04270711541175842,-0.16587838530540466,-0.12211206195263458,-0.03065672516822815,-0.06809544563293457,-0.10699928191809249,0.057225316762924194,-0.17844361066818237,-0.13539380220083785,0.07820817828178406,-0.1519891917705536,-0.11669932690767837,0.06389269232749939,-0.1163131594657898,-0.10103608307747436,0.008865177631378174,-0.022708237171173096,-0.1251472720256288,0.08078551292419434,-0.1132536232471466,-0.14025335398821426,0.09606119990348816,-0.11915874481201172,-0.12444243219999862,0.0868043303489685,-0.106661856174469,-0.11079495040087295,am7
0.0,0.0,0.0,-0.014569222927093506,-0.09314286708831787,-0.008880914063752243,-0.014689117670059204,-0.1807067096233368,-0.03759045793265159,0.0035796761512756348,-0.2417682409286499,-0.0685689364239579,0.018163621425628662,-0.28436413407325745,-0.09959448023289497,-0.07737067341804504,-0.18660792708396912,-0.06839565082043464,-0.008328348398208618,-0.277780145406723,-0.10974315448254401,0.04945215582847595,-0.31150031089782715,-0.13101074738949592,0.0894494354724884,-0.3224930167198181,-0.1415473733708268,-0.06612429022789001,-0.12560558319091797,-0.08639904751032645,0.02520310878753662,-0.23714375495910645,-0.12360343976467902,0.051952898502349854,-0.20459100604057312,-0.12347761435955817,0.04112285375595093,-0.16642674803733826,-0.12008927656859214,-0.03292998671531677,-0.06940275430679321,-0.10355144633501823,0.05539470911026001,-0.1787802278995514,-0.13299208028763587,0.07589256763458252,-0.1512548327445984,-0.11501398576945121,0.06040996313095093,-0.11500799655914307,-0.09909453137368018,0.006104648113250732,-0.023760676383972168,-0.12189274175614173,0.08063551783561707,-0.11426493525505066,-0.13823418958634193,0.09578430652618408,-0.12042811512947083,-0.12316691769808585,0.08562523126602173,-0.10790729522705078,-0.10937443269938285,am7
0.0,0.0,0.0,-0.014646679162979126,-0.09385883808135986,-0.009059627489193645,-0.014831304550170898,-0.1817944347858429,-0.03816963540856477,0.0032736361026763916,-0.24327075481414795,-0.06950218784157869,0.017095506191253662,-0.28536272048950195,-0.10113308387343523,-0.0781145691871643,-0.18587368726730347,-0.06896209525410768,-0.008300721645355225,-0.27715981006622314,-0.11055220472161409,0.049345433712005615,-0.31150051951408386,-0.13245659130160448,0.0894308090209961,-0.3237605094909668,-0.1434774901205742,-0.06587344408035278,-0.12490615248680115,-0.08696860628668901,0.025848031044006348,-0.237039715051651,-0.12391303288285371,0.05194896459579468,-0.20496153831481934,-0.12385404663626787,0.040766775608062744,-0.16685396432876587,-0.12074872659985658,-0.03249242901802063,-0.06914067268371582,-0.10412286775653001,0.055914342403411865,-0.17935749888420105,-0.13301484840457078,0.07627055048942566,-0.15265196561813354,-0.11495598959271547,0.06122046709060669,-0.11702081561088562,-0.09922423767392274,0.006490886211395264,-0.024072647094726562,-0.1225111986929619,0.07978960871696472,-0.11442714929580688,-0.13772169309203264,0.09497976303100586,-0.12056758999824524,-0.12207007216755983,0.08537030220031738,-0.10850867629051208,-0.10815692501608964,am7
0.0,0.0,0.0,-0.014661163091659546,-0.09360307455062866,-0.00916877111865233,-0.014685273170471191,-0.18178322911262512,-0.03803142069352816,0.003872394561767578,-0.24409031867980957,-0.06908039657844256,0.0184079110622406,-0.28807708621025085,-0.10032725243343066,-0.07740408182144165,-0.18501487374305725,-0.06861585287822436,-0.0076875388622283936,-0.2783953547477722,-0.11105198322309207,0.05025142431259155,-0.3129538297653198,-0.13364598809255313,0.09055167436599731,-0.32415491342544556,-0.14488772212041567,-0.06500087678432465,-0.12457013130187988,-0.08640600650085162,0.026747971773147583,-0.2370935082435608,-0.12412147878183077,0.05271351337432861,-0.20587122440338135,-0.12449280826820086,0.0417635440826416,-0.1674690842628479,-0.12143266855252932,-0.031534940004348755,-0.06917327642440796,-0.10351423828376483,0.057342082262039185,-0.17966297268867493,-0.13328391967786501,0.07708653807640076,-0.1542070508003235,-0.1160710668422098,0.06185236573219299,-0.11938467621803284,-0.10060429482234667,0.007767587900161743,-0.024248778820037842,-0.12178540884031008,0.08133962750434875,-0.1134071946144104,-0.13800566552652072,0.09568324685096741,-0.12091284990310669,-0.12339799760354708,0.08555307984352112,-0.1102931797504425,-0.1099481722570772,am7
0.0,0.0,0.0,-0.014091700315475464,-0.09571075439453125,-0.009276980713366356,-0.013638824224472046,-0.18429934978485107,-0.0381383823159922,0.005562305450439453,-0.24505043029785156,-0.0692835153940905,0.02153986692428589,-0.2873724102973938,-0.10062377917802223,-0.07875004410743713,-0.18583333492279053,-0.06825443375146278,-0.008201450109481812,-0.2779480814933777,-0.10998100805318245,0.05033761262893677,-0.3116612434387207,-0.13202536869084724,0.09022146463394165,-0.3230956196784973,-0.14308895933663734,-0.06604520976543427,-0.12475273013114929,-0.08617948013579735,0.02608180046081543,-0.23677515983581543,-0.12347726541793236,0.05193641781806946,-0.20565670728683472,-0.12390722352301964,0.040501534938812256,-0.1677127480506897,-0.1211224498156298,-0.032201290130615234,-0.06873422861099243,-0.1033665614131678,0.05646255612373352,-0.1788226068019867,-0.1328370796445597,0.07675892114639282,-0.1530773937702179,-0.11562225985562691,0.061775922775268555,-0.1183214783668518,-0.1003252120617617,0.007213979959487915,-0.023383259773254395,-0.12174403685366997,0.08054324984550476,-0.11325263977050781,-0.13730869460141548,0.09469884634017944,-0.11910289525985718,-0.12219309079682716,0.08427408337593079,-0.10696229338645935,-0.10865297931468376,am7
0.0,0.0,0.0,-0.015565544366836548,-0.09252601861953735,-0.008975653319453158,-0.0153159499168396,-0.18185436725616455,-0.03785986114928619,0.0046079158782958984,-0.24525728821754456,-0.06918732111046211,0.020805954933166504,-0.2887780964374542,-0.10079979185650245,-0.07635369896888733,-0.18760308623313904,-0.06875855509827034,-0.007637768983840942,-0.2803820073604584,-0.11180341277906791,0.05044415593147278,-0.3142554759979248,-0.13473380391189949,0.09070220589637756,-0.32552504539489746,-0.14603696052620307,-0.06408606469631195,-0.12684664130210876,-0.08690647815058128,0.028677791357040405,-0.23968958854675293,-0.1248143318731536,0.05458971858024597,-0.20693933963775635,-0.12518893961498634,0.04258033633232117,-0.16893315315246582,-0.1222249421913375,-0.03035232424736023,-0.0712653398513794,-0.10436968539545433,0.05894163250923157,-0.18212193250656128,-0.13443178717682258,0.07863640785217285,-0.15415045619010925,-0.11660647426435844,0.06286481022834778,-0.11811339855194092,-0.10070321743080513,0.008843839168548584,-0.026534557342529297,-0.12301152978727714,0.08232668042182922,-0.11860725283622742,-0.13841123168060676,0.09713923931121826,-0.1221003532409668,-0.12213864956686393,0.08764117956161499,-0.10759419202804565,-0.10765200887510673,am7
0.0,0.0,0.0,-0.012838691473007202,-0.09721949696540833,-0.00918920855983174,-0.011137545108795166,-0.18760180473327637,-0.03959660377367413,0.00954321026802063,-0.24965709447860718,-0.07196956273182309,0.02602440118789673,-0.2922208905220032,-0.1044111638890115,-0.07815790176391602,-0.18692848086357117,-0.07408532645567334,-0.007749378681182861,-0.2797660529613495,-0.11458957340582288,0.051191508769989014,-0.3120914101600647,-0.13389952626093304,0.09088194370269775,-0.32030534744262695,-0.1430064603315202,-0.06494301557540894,-0.12598556280136108,-0.09209964569672024,0.02847588062286377,-0.2381824254989624,-0.12685074057444012,0.0545046329498291,-0.2073478102684021,-0.12397524114712155,0.0426023006439209,-0.17034676671028137,-0.11997955437763608,-0.03054821491241455,-0.06973522901535034,-0.10897991206510937,0.05931234359741211,-0.1810969114303589,-0.135400803350052,0.07913881540298462,-0.1548042893409729,-0.11537171300514615,0.06447994709014893,-0.11988675594329834,-0.09966176148518002,0.009867340326309204,-0.024430692195892334,-0.1271189465747682,0.0828036367893219,-0.11641433835029602,-0.14011666324003613,0.09601777791976929,-0.1192018985748291,-0.12302021082504666,0.08496889472007751,-0.10373944044113159,-0.10912259813412106,am7
0.0,0.0,0.0,-0.015500694513320923,-0.09477090835571289,-0.008476141441008167,-0.01401779055595398,-0.1855468451976776,-0.038327335912129,0.006467878818511963,-0.24858659505844116,-0.07044262399091394,0.022930383682250977,-0.2914900779724121,-0.10264436860694559,-0.07662110030651093,-0.1899699568748474,-0.07214495499744089,-0.0063609778881073,-0.28216832876205444,-0.11312628497495325,0.05229559540748596,-0.3146708309650421,-0.13277894218578012,0.09220990538597107,-0.3235304653644562,-0.14193293412341745,-0.06378766894340515,-0.1298213005065918,-0.09048273374452265,0.02978619933128357,-0.24179887771606445,-0.12606765289916666,0.055662959814071655,-0.20884263515472412,-0.12366944511546762,0.04282054305076599,-0.1712501049041748,-0.11947183271064432,-0.02958238124847412,-0.07432150840759277,-0.1077492605627981,0.06053468585014343,-0.1840956211090088,-0.13488209207667978,0.08041086792945862,-0.15525314211845398,-0.11488246877803476,0.06492209434509277,-0.11897701025009155,-0.09863604565276773,0.0104123055934906,-0.029066801071166992,-0.1262455876649824,0.0840243399143219,-0.12119659781455994,-0.13947606046809824,0.09807226061820984,-0.12226557731628418,-0.12220841606273325,0.08763918280601501,-0.10571196675300598,-0.10779724975242289,am7
0.0,0.0,0.0,-0.015400409698486328,-0.09603464603424072,-0.007164540512150097,-0.013178646564483643,-0.18871435523033142,-0.03722657337564783,0.00792086124420166,-0.25401797890663147,-0.06942167207378702,0.02534690499305725,-0.2986552119255066,-0.10179871395010309,-0.07774502038955688,-0.18716484308242798,-0.07481924518722849,-0.0077765583992004395,-0.2813067138195038,-0.11602573916096048,0.04989692568778992,-0.31381475925445557,-0.13592399731058435,0.08940428495407104,-0.3225482702255249,-0.14542126729864435,-0.0638808161020279,-0.12772589921951294,-0.09398926868814783,0.028616279363632202,-0.2409299612045288,-0.12840960994142847,0.053841859102249146,-0.20853248238563538,-0.12421158775467234,0.04195675253868103,-0.17145612835884094,-0.11971426829475718,-0.029012471437454224,-0.07234245538711548,-0.11196208074468927,0.05918964743614197,-0.1841285228729248,-0.13775780871290522,0.07780507206916809,-0.15539252758026123,-0.11633516922373133,0.06320026516914368,-0.11992102861404419,-0.10010565891641932,0.012035161256790161,-0.027902185916900635,-0.13105188384432154,0.0826004147529602,-0.12253269553184509,-0.14288497045416193,0.09369155764579773,-0.11981555819511414,-0.12459916695732431,0.08131089806556702,-0.10028791427612305,-0.11033129021305399,am7
0.0,0.0,0.0,-0.014384061098098755,-0.09598022699356079,-0.0077244580563160525,-0.01205742359161377,-0.18798506259918213,-0.03746419463567463,0.009184598922729492,-0.25235870480537415,-0.06942694325260845,0.02631324529647827,-0.29718416929244995,-0.10146192897371975,-0.07673430442810059,-0.18737947940826416,-0.07316605437807766,-0.00789305567741394,-0.281840980052948,-0.11429141897968975,0.05069538950920105,-0.31366968154907227,-0.13378190685324398,0.09004411101341248,-0.3204619288444519,-0.14269435096792904,-0.06305679678916931,-0.12835240364074707,-0.09187505085282055,0.029789626598358154,-0.24181818962097168,-0.12671905447058407,0.05678275227546692,-0.20935064554214478,-0.12320015270523754,0.044861823320388794,-0.1715414822101593,-0.11872320313267437,-0.02814510464668274,-0.07327169179916382,-0.10950946498923031,0.060154110193252563,-0.18474239110946655,-0.136066344271228,0.08031710982322693,-0.1558566391468048,-0.11546943772844998,0.06553497910499573,-0.11981523036956787,-0.09930785436444012,0.012867391109466553,-0.028679847717285156,-0.12822845269255367,0.08382481336593628,-0.12296035885810852,-0.14066660095267025,0.09621551632881165,-0.12132406234741211,-0.12272726435475079,0.08429014682769775,-0.10209453105926514,-0.1083684756260368,am7
0.0,0.0,0.0,-0.015230119228363037,-0.09423786401748657,-0.007203497159650851,-0.013110309839248657,-0.18691164255142212,-0.037138836625388194,0.008561044931411743,-0.2532385587692261,-0.06928585300164514,0.025668799877166748,-0.29823553562164307,-0.10158864984231286,-0.07563209533691406,-0.1884743571281433,-0.07469641992764764,-0.007377505302429199,-0.2845247983932495,-0.11475585976558023,0.049713969230651855,-0.31690162420272827,-0.13293587991910272,0.08926203846931458,-0.3243165612220764,-0.14108379015641503,-0.06144043803215027,-0.13001665472984314,-0.09348773041682534,0.03066420555114746,-0.2442035675048828,-0.12708885798173242,0.056247055530548096,-0.21176296472549438,-0.12197036871629052,0.04467388987541199,-0.17537906765937805,-0.11675062606053643,-0.02676120400428772,-0.07543253898620605,-0.11105514893250756,0.060012608766555786,-0.1882694959640503,-0.1365403963060885,0.07891985774040222,-0.1587652564048767,-0.11494757810550027,0.06551045179367065,-0.12319168448448181,-0.0985055623384028,0.014026373624801636,-0.03110361099243164,-0.12967695126252465,0.08393052220344543,-0.12738174200057983,-0.14170807430463128,0.0956537127494812,-0.12592822313308716,-0.12370285967307382,0.08467504382133484,-0.10733038187026978,-0.10948692092614465,am7
0.0,0.0,0.0,-0.012682825326919556,-0.09461390972137451,-0.00885231263686137,-0.010639935731887817,-0.18630245327949524,-0.04028773430485444,0.0090864896774292,-0.2523179054260254,-0.0738641743709536,0.02435263991355896,-0.29779279232025146,-0.1073489834715815,-0.07675787806510925,-0.19043967127799988,-0.07653806853790002,-0.0087546706199646,-0.28530794382095337,-0.11792471755046563,0.04904600977897644,-0.3174683153629303,-0.13608070958156304,0.08850681781768799,-0.32563868165016174,-0.14416007447738366,-0.06321494281291962,-0.13210910558700562,-0.09539280581969933,0.030368149280548096,-0.24463173747062683,-0.13092197227973656,0.05510994791984558,-0.2084294855594635,-0.1252782915880175,0.04089522361755371,-0.1729031801223755,-0.1194070627142878,-0.029514282941818237,-0.07740569114685059,-0.11332212138671593,0.06054943799972534,-0.18879824876785278,-0.14118146646518426,0.07841843366622925,-0.1548331379890442,-0.1186436315228434,0.06252843141555786,-0.1192341148853302,-0.10120760399598794,0.010934114456176758,-0.03289562463760376,-0.1324235622932406,0.08176654577255249,-0.13010874390602112,-0.1459406738330813,0.0935702919960022,-0.12464761734008789,-0.1270982300092669,0.08184662461280823,-0.10351794958114624,-0.11208110052842812,am7
0.0,0.0,0.0,-0.011682599782943726,-0.09573698043823242,-0.009853269531134856,-0.010503023862838745,-0.1871185600757599,-0.041659440471534026,0.007766067981719971,-0.2523573338985443,-0.07547455616176535,0.021938800811767578,-0.2974472641944885,-0.10920856483161856,-0.07705497741699219,-0.19164913892745972,-0.0770269591349404,-0.007940113544464111,-0.28666749596595764,-0.11823144890249182,0.04978930950164795,-0.3184092938899994,-0.13596765287101675,0.08907416462898254,-0.32552361488342285,-0.14364672787368704,-0.06415429711341858,-0.13309943675994873,-0.09537969864786078,0.03057807683944702,-0.24548879265785217,-0.13045346327007223,0.05610620975494385,-0.20937106013298035,-0.12465396858632971,0.04202413558959961,-0.1740190088748932,-0.11879541315019537,-0.031118124723434448,-0.07819294929504395,-0.1128758896130364,0.06048917770385742,-0.18982791900634766,-0.14059622175872732,0.07921940088272095,-0.15573564171791077,-0.1179723251599114,0.06357511878013611,-0.12040534615516663,-0.10056792534768988,0.008691549301147461,-0.03355950117111206,-0.1316221613425057,0.07983255386352539,-0.1312946081161499,-0.14473659880340506,0.09273484349250793,-0.12484017014503479,-0.12539785690486838,0.08188259601593018,-0.10269621014595032,-0.110114786400203,am7
0.0,0.0,0.0,-0.010949760675430298,-0.09591007232666016,-0.009770412906590309,-0.009679794311523438,-0.18783998489379883,-0.041111499979678,0.00802236795425415,-0.25392889976501465,-0.0744546176638039,0.02155858278274536,-0.29997462034225464,-0.10763602422136387,-0.07635170221328735,-0.19376349449157715,-0.07587307409900745,-0.006897270679473877,-0.28921371698379517,-0.11672276721853336,0.050411343574523926,-0.32073110342025757,-0.1342545645083817,0.08950024843215942,-0.3270246684551239,-0.14176643358129581,-0.0638803243637085,-0.13533419370651245,-0.09397794769662937,0.03109726309776306,-0.24798524379730225,-0.12874581383127293,0.057187676429748535,-0.21221333742141724,-0.12318841831344685,0.0438171923160553,-0.1764901578426361,-0.11743291185754856,-0.030833452939987183,-0.08038496971130371,-0.1112302290048035,0.06065371632575989,-0.1926535665988922,-0.13869502113718113,0.08003580570220947,-0.15900105237960815,-0.11635776327509006,0.0649588406085968,-0.12310659885406494,-0.09910223351377567,0.008944869041442871,-0.03557932376861572,-0.12970537410635075,0.08027571439743042,-0.13376903533935547,-0.1428260998572739,0.09368336200714111,-0.12783938646316528,-0.12374436573642811,0.08329185843467712,-0.10592833161354065,-0.108548332914296,am7
0.0,0.0,0.0,-0.011182427406311035,-0.09566187858581543,-0.010620190609358815,-0.0106925368309021,-0.18718811869621277,-0.04184358924266007,0.0075608789920806885,-0.2529669404029846,-0.07499007120367196,0.022525936365127563,-0.29767945408821106,-0.10788493588205483,-0.07693618535995483,-0.19468608498573303,-0.07419920697446969,-0.007591545581817627,-0.2906375825405121,-0.1161288841032615,0.0500359833240509,-0.32111215591430664,-0.1349242849611869,0.09042173624038696,-0.32720112800598145,-0.1431216670536628,-0.06500053405761719,-0.13644450902938843,-0.09185354396339562,0.031782329082489014,-0.24717366695404053,-0.12736580505605843,0.05626922845840454,-0.20912253856658936,-0.12220443769928124,0.04236835241317749,-0.1747482717037201,-0.11648120715852883,-0.03296598792076111,-0.08112668991088867,-0.10907820596929696,0.061248064041137695,-0.1921880841255188,-0.1372710390352836,0.0785781741142273,-0.15661188960075378,-0.11535854622360375,0.06301212310791016,-0.12232673168182373,-0.09806896730896142,0.006895214319229126,-0.03505462408065796,-0.1276592089199653,0.07775241136550903,-0.1303173303604126,-0.1412421537899604,0.08978012204170227,-0.12388584017753601,-0.12263546123739388,0.0792081356048584,-0.1037839949131012,-0.10751997664209512,am7
0.0,0.0,0.0,-0.01197776198387146,-0.09713006019592285,-0.010230912520427182,-0.011263281106948853,-0.18783190846443176,-0.04111088502301641,0.008342117071151733,-0.25171196460723877,-0.07407779681577153,0.025420278310775757,-0.29482176899909973,-0.10687925356521077,-0.07737630605697632,-0.19525370001792908,-0.07266480910672612,-0.008404195308685303,-0.28976497054100037,-0.11382445382966466,0.048744797706604004,-0.3216196298599243,-0.13260349321259923,0.08857116103172302,-0.32849106192588806,-0.14092836964024968,-0.06492778658866882,-0.13711297512054443,-0.09037679123773046,0.030697256326675415,-0.24774903059005737,-0.12529682803048559,0.05496370792388916,-0.21140643954277039,-0.12067911463870473,0.040460169315338135,-0.17664435505867004,-0.11545508789910741,-0.03248897194862366,-0.0820656418800354,-0.10760146814479299,0.06001478433609009,-0.19223430752754211,-0.1355165212143845,0.07753169536590576,-0.15776878595352173,-0.11449367242946096,0.061577022075653076,-0.12288689613342285,-0.09778815942897268,0.007445156574249268,-0.036127567291259766,-0.1261401145447678,0.07819437980651855,-0.13251367211341858,-0.139402207611937,0.09008902311325073,-0.12594720721244812,-0.1209887160648293,0.07856839895248413,-0.10407012701034546,-0.10607038873328634,am7
0.0,0.0,0.0,-0.011545270681381226,-0.09554457664489746,-0.010069170998804111,-0.010503113269805908,-0.18739992380142212,-0.040981939094535846,0.008748531341552734,-0.25403398275375366,-0.07401266883539392,0.02372664213180542,-0.29942160844802856,-0.10684314559625818,-0.07669323682785034,-0.19505023956298828,-0.07314917634653284,-0.007729858160018921,-0.2913559377193451,-0.11491106640028192,0.04905879497528076,-0.3228219449520111,-0.1339797992579861,0.08933016657829285,-0.32899513840675354,-0.1423737723700924,-0.06428268551826477,-0.13715910911560059,-0.09106531183647348,0.03167971968650818,-0.24820631742477417,-0.126014934884779,0.05541244149208069,-0.21067264676094055,-0.12082582156585886,0.04095456004142761,-0.17594635486602783,-0.1153541226260586,-0.03174525499343872,-0.08229076862335205,-0.10858275185751154,0.06046617031097412,-0.1940273940563202,-0.13650413047002985,0.07732129096984863,-0.15784257650375366,-0.11440075378345682,0.06154841184616089,-0.12239000201225281,-0.09714248220848276,0.008226394653320312,-0.03653228282928467,-0.1274642814271374,0.07821550965309143,-0.13399231433868408,-0.1410239953868313,0.08997088670730591,-0.126944899559021,-0.12221115271972849,0.0791371762752533,-0.10522699356079102,-0.10701576809810831,am7
0.0,0.0,0.0,-0.013466089963912964,-0.09475809335708618,-0.009550251865789505,-0.012356877326965332,-0.1871550977230072,-0.04032968437115869,0.007563680410385132,-0.25386589765548706,-0.07328244378606996,0.024690836668014526,-0.2984686493873596,-0.10602363278906068,-0.07671700417995453,-0.19581681489944458,-0.07289013346473894,-0.008768320083618164,-0.292060911655426,-0.11445867350141725,0.04808482527732849,-0.32398751378059387,-0.1333559461478444,0.08797407150268555,-0.33102530241012573,-0.14166753073970995,-0.06325423717498779,-0.1387341022491455,-0.09093856146375856,0.031469762325286865,-0.24949151277542114,-0.12586687585155687,0.054917097091674805,-0.21236461400985718,-0.12055380722324571,0.039854586124420166,-0.1780136525630951,-0.114935443604395,-0.02991199493408203,-0.08479589223861694,-0.10848811348716936,0.06093290448188782,-0.19543933868408203,-0.13599747499267778,0.07730686664581299,-0.15954360365867615,-0.11367905219833574,0.061034440994262695,-0.12422063946723938,-0.0962613530997487,0.010658353567123413,-0.03993445634841919,-0.12736770590584,0.07996231317520142,-0.13742512464523315,-0.14001852353851518,0.09155455231666565,-0.13012516498565674,-0.1206797816399785,0.08026105165481567,-0.10837674140930176,-0.10520053734819612,am7
0.0,0.0,0.0,-0.015888303518295288,-0.09274381399154663,-0.009862401241718999,-0.016393810510635376,-0.18453511595726013,-0.04099189834511208,0.002930581569671631,-0.25293946266174316,-0.07415686147129463,0.019933372735977173,-0.2971971333026886,-0.10708191590225624,-0.07989507913589478,-0.1962040364742279,-0.0739166622034304,-0.01262754201889038,-0.2908696234226227,-0.11658206181442665,0.044030189514160156,-0.3226606547832489,-0.13561100112116264,0.08454340696334839,-0.33178645372390747,-0.14376588510191368,-0.06601765751838684,-0.13935229182243347,-0.09195819841539787,0.02834498882293701,-0.2499556541442871,-0.12839350448763298,0.05202046036720276,-0.21401000022888184,-0.12281419681227135,0.037709325551986694,-0.1811596155166626,-0.1164150719515078,-0.032311469316482544,-0.08529812097549438,-0.10957514839088844,0.057666122913360596,-0.1953357458114624,-0.13869224833166527,0.07436001300811768,-0.16188961267471313,-0.11638785498058724,0.058496952056884766,-0.12746840715408325,-0.09827435361063408,0.008086949586868286,-0.04003256559371948,-0.1284084652534716,0.07673037052154541,-0.13755974173545837,-0.1415436302295916,0.08968156576156616,-0.13339737057685852,-0.12199879037058281,0.07943743467330933,-0.11348104476928711,-0.10601081298506188,am7
0.0,0.0,0.0,-0.01683223247528076,-0.09401810169219971,-0.007806636276313839,-0.0177018940448761,-0.18716782331466675,-0.03657398733741957,0.001181572675704956,-0.25603094696998596,-0.06794310349471289,0.018465489149093628,-0.3002118468284607,-0.0992051734352799,-0.07902118563652039,-0.19792592525482178,-0.06786538648850637,-0.011705458164215088,-0.29267618060112,-0.10903675842530447,0.044695526361465454,-0.3245857357978821,-0.12826163310057836,0.08482605218887329,-0.3324512839317322,-0.1368071957255097,-0.06595088541507721,-0.1415119171142578,-0.08636002230889517,0.02855515480041504,-0.25238317251205444,-0.12123338121421057,0.05156591534614563,-0.2166353464126587,-0.1171623616243096,0.03669425845146179,-0.18260812759399414,-0.11204979557044226,-0.032634735107421875,-0.08757346868515015,-0.10436188417918402,0.05816057324409485,-0.19761428236961365,-0.13229704636580664,0.07478854060173035,-0.16405022144317627,-0.1115311383033486,0.058368831872940063,-0.12937211990356445,-0.09459562587983328,0.007657825946807861,-0.041984736919403076,-0.12347678828484732,0.07751601934432983,-0.13953101634979248,-0.13606759149081427,0.09028050303459167,-0.13608160614967346,-0.11733241367585379,0.07982298731803894,-0.11677014827728271,-0.10194455820567327,am7
0.0,0.0,0.0,-0.017186015844345093,-0.09442794322967529,-0.007430022443116968,-0.01879417896270752,-0.18732714653015137,-0.0362901588440252,-0.0008481442928314209,-0.25669026374816895,-0.0676828151107145,0.017435222864151,-0.3016629219055176,-0.09873951724770791,-0.08137093484401703,-0.19700732827186584,-0.06861638776067025,-0.014576554298400879,-0.29150405526161194,-0.11034773788455254,0.042327821254730225,-0.322617769241333,-0.12904958925250298,0.08227530121803284,-0.3311392068862915,-0.1371461202860189,-0.06850723922252655,-0.14182788133621216,-0.08742780736687905,0.025923699140548706,-0.2520335018634796,-0.12367111942771203,0.04848223924636841,-0.21468773484230042,-0.11901151142123467,0.032928407192230225,-0.18085789680480957,-0.11311556152108437,-0.03551056981086731,-0.08864647150039673,-0.10574996969702966,0.05627480149269104,-0.1976354718208313,-0.13498756787780053,0.07186615467071533,-0.16308951377868652,-0.11415231726172692,0.0548039972782135,-0.12950554490089417,-0.0969036420345617,0.004957646131515503,-0.04332238435745239,-0.12504211566451318,0.07612034678459167,-0.1391075849533081,-0.1380781283140493,0.0880391001701355,-0.13360130786895752,-0.11942162117961175,0.07663309574127197,-0.11431744694709778,-0.10406724861863381,am7
0.0,0.0,0.0,-0.016920387744903564,-0.0951387882232666,-0.007028774212045619,-0.017302364110946655,-0.18890249729156494,-0.03539326632667894,0.002523273229598999,-0.25826770067214966,-0.06652868757296915,0.020967453718185425,-0.3022916913032532,-0.09764670798827524,-0.07831589877605438,-0.1993010938167572,-0.06708917985011453,-0.011433511972427368,-0.29344987869262695,-0.10764581183244104,0.04489248991012573,-0.3250160217285156,-0.12607944229890222,0.08495205640792847,-0.3338812589645386,-0.13412367025662775,-0.06527823209762573,-0.1434198021888733,-0.08588474462081308,0.029798656702041626,-0.2534194588661194,-0.1199442617063653,0.052596211433410645,-0.218220055103302,-0.11533527294446344,0.037509918212890625,-0.185716450214386,-0.11005257288266534,-0.032283782958984375,-0.08960831165313721,-0.10414488831807489,0.05895364284515381,-0.19864410161972046,-0.13148246923734064,0.07571366429328918,-0.1647387146949768,-0.11062557468463297,0.05940315127372742,-0.13055774569511414,-0.09378308275987024,0.007725924253463745,-0.04390984773635864,-0.12348439017583246,0.07761996984481812,-0.140821635723114,-0.13529344121266718,0.09130612015724182,-0.1375192403793335,-0.11621124515582437,0.08197230100631714,-0.11866343021392822,-0.10075623015214319,am7
0.0,0.0,0.0,-0.01710417866706848,-0.09379339218139648,-0.007714305354369344,-0.017869889736175537,-0.18731141090393066,-0.03734940132321185,0.0026828646659851074,-0.2584444582462311,-0.0693009442669279,0.02189713716506958,-0.3043965697288513,-0.10100960200847453,-0.07942211627960205,-0.1974753737449646,-0.07162047391952342,-0.01298975944519043,-0.2926369905471802,-0.11284965491117305,0.04262244701385498,-0.3238471746444702,-0.1300730428677923,0.0827522873878479,-0.3311179578304291,-0.13709172820867366,-0.06652159988880157,-0.14254716038703918,-0.09017421519578761,0.028504788875579834,-0.25194719433784485,-0.1254183820468313,0.05124661326408386,-0.2154393196105957,-0.11890644794524974,0.03679123520851135,-0.1829393208026886,-0.11203671461166209,-0.0338762104511261,-0.08924722671508789,-0.10817207610429591,0.05775657296180725,-0.19762170314788818,-0.13651505327047175,0.0729140043258667,-0.16351822018623352,-0.11445071017564601,0.05678898096084595,-0.1302662193775177,-0.09675415074647731,0.006361961364746094,-0.043105244636535645,-0.12719659721673793,0.07679545879364014,-0.13785576820373535,-0.14032127177537745,0.0898059606552124,-0.13640958070755005,-0.12184564983667201,0.08034878969192505,-0.12091419100761414,-0.10674418723405665,am7
0.0,0.0,0.0,-0.016752809286117554,-0.09450894594192505,-0.0072078783855715756,-0.01726117730140686,-0.1879754662513733,-0.035889901206729746,0.0030775368213653564,-0.25825172662734985,-0.0671874992408732,0.02157461643218994,-0.3032330870628357,-0.09838433934831414,-0.07917740941047668,-0.19844168424606323,-0.06836616619014535,-0.01279941201210022,-0.29250985383987427,-0.10941591484927926,0.04333621263504028,-0.3243064284324646,-0.12781347705507073,0.08367016911506653,-0.3332943022251129,-0.13580629600667748,-0.06636059284210205,-0.14326629042625427,-0.08718054367685113,0.02822244167327881,-0.25333037972450256,-0.12196863813781533,0.05180758237838745,-0.21751326322555542,-0.11683152242088113,0.03749760985374451,-0.18507754802703857,-0.11106315626287255,-0.03355368971824646,-0.08993810415267944,-0.10551239176177774,0.05780366063117981,-0.19867026805877686,-0.13363385571622644,0.07455936074256897,-0.16431859135627747,-0.1125438772001246,0.05821692943572998,-0.1301790475845337,-0.09544609858178887,0.006523191928863525,-0.044642090797424316,-0.12487110121631417,0.07701376080513,-0.14155378937721252,-0.13730638100290093,0.08987036347389221,-0.13565105199813843,-0.11832692845248971,0.07905292510986328,-0.11461350321769714,-0.10296193881416116,am7
0.0,0.0,0.0,-0.015648245811462402,-0.09531533718109131,-0.007445009598711749,-0.01689031720161438,-0.18885162472724915,-0.03608234756273987,0.0006463825702667236,-0.2590245008468628,-0.06720204435868027,0.017418473958969116,-0.3050289452075958,-0.09801956795735123,-0.08034507930278778,-0.1980171501636505,-0.06751254730505707,-0.01382458209991455,-0.29200121760368347,-0.10935246728939774,0.04290321469306946,-0.32358261942863464,-0.12846751295609238,0.08377090096473694,-0.3311619162559509,-0.13675665639919998,-0.0679396539926529,-0.14302536845207214,-0.08622372679991486,0.02648073434829712,-0.2519456744194031,-0.12264794640822174,0.049728989601135254,-0.21676349639892578,-0.11885856621546509,0.03536111116409302,-0.18316856026649475,-0.11340254329724075,-0.035443395376205444,-0.08950787782669067,-0.1044663541821933,0.05634981393814087,-0.1970544457435608,-0.13366713904423477,0.07311198115348816,-0.16501808166503906,-0.11303159379048111,0.057190269231796265,-0.13192561268806458,-0.09571504377407791,0.0045461952686309814,-0.042942166328430176,-0.12372331850809815,0.07488155364990234,-0.13658106327056885,-0.1373669483570552,0.08916959166526794,-0.13761574029922485,-0.11932239465994599,0.0801803469657898,-0.1238325834274292,-0.10403016739172699,am7
0.0,0.0,0.0,-0.015737175941467285,-0.0962059497833252,-0.007098520857397261,-0.017293214797973633,-0.18850791454315186,-0.034992041749063674,0.00047013163566589355,-0.2575957179069519,-0.06562286124855632,0.01723933219909668,-0.3016762137413025,-0.09610680000216121,-0.08016712963581085,-0.19964510202407837,-0.06524791078001613,-0.01356402039527893,-0.2916378974914551,-0.10551667467981929,0.04260873794555664,-0.323475182056427,-0.12362782911688441,0.08331924676895142,-0.3316655158996582,-0.13138833896547908,-0.06880190968513489,-0.14409220218658447,-0.08370816217095012,0.02711626887321472,-0.25204765796661377,-0.11827122674614543,0.050176382064819336,-0.21610116958618164,-0.11406736330420131,0.03523075580596924,-0.18267783522605896,-0.10861654834181422,-0.037048548460006714,-0.08993178606033325,-0.10174625621468181,0.05532121658325195,-0.1969265639781952,-0.13024181382090205,0.07283729314804077,-0.1637268364429474,-0.11059125767380351,0.056791752576828,-0.13005000352859497,-0.09401093677908534,0.0022348761558532715,-0.04335939884185791,-0.120731587273184,0.07340800762176514,-0.13732028007507324,-0.13381618515879268,0.08788609504699707,-0.13573679327964783,-0.11600506560236568,0.07853811979293823,-0.11869162321090698,-0.10103261725336665,am7
0.0,0.0,0.0,-0.014873474836349487,-0.09544450044631958,-0.008915468161376339,-0.016616463661193848,-0.1867457926273346,-0.037918780972631794,-0.00015476346015930176,-0.254611074924469,-0.06943406634536586,0.015385866165161133,-0.2980143129825592,-0.10060298912731014,-0.08102160692214966,-0.19821691513061523,-0.06690145753827892,-0.013963758945465088,-0.2907431721687317,-0.1079721125265678,0.043166935443878174,-0.32089895009994507,-0.1261925520798286,0.08345520496368408,-0.3277142643928528,-0.13385884188619457,-0.06985180079936981,-0.14181333780288696,-0.08476071529594265,0.02685767412185669,-0.2496035397052765,-0.12049701534715496,0.05032467842102051,-0.21302813291549683,-0.1166298883458694,0.03497859835624695,-0.17981472611427307,-0.11115505271163784,-0.03803554177284241,-0.08730345964431763,-0.10235031419006191,0.054770588874816895,-0.19437286257743835,-0.13163400911298595,0.07248413562774658,-0.16104647517204285,-0.11175914578643642,0.05627015233039856,-0.1274392008781433,-0.09489382528272472,0.0011449456214904785,-0.040856778621673584,-0.12106471978631816,0.07276812195777893,-0.13369864225387573,-0.13492992245164714,0.0877561867237091,-0.13268685340881348,-0.11734936111179195,0.07871079444885254,-0.11658373475074768,-0.10236042462793193,am7
0.0,0.0,0.0,-0.01540464162826538,-0.09498965740203857,-0.009035699090389926,-0.01525166630744934,-0.1866379976272583,-0.039010038620261867,0.006561577320098877,-0.2542281746864319,-0.07159906441572161,0.023830503225326538,-0.2964729070663452,-0.1039826031983182,-0.07583880424499512,-0.1988968849182129,-0.06951854938867541,-0.008877336978912354,-0.29309946298599243,-0.1106279473960683,0.04815560579299927,-0.3231852650642395,-0.1279136892617032,0.08828282356262207,-0.328739196062088,-0.1345711704552457,-0.06372985243797302,-0.1425517201423645,-0.08757885361316653,0.03233832120895386,-0.2514702081680298,-0.12208758855464907,0.056857556104660034,-0.2146269977092743,-0.1168237310111806,0.04137599468231201,-0.18196192383766174,-0.1107909213960454,-0.03235703706741333,-0.08826595544815063,-0.1053144913375661,0.06016117334365845,-0.19652801752090454,-0.1337333675682828,0.07898932695388794,-0.16157788038253784,-0.11308254862430545,0.06289070844650269,-0.12758749723434448,-0.09606163764598818,0.0064446330070495605,-0.04244399070739746,-0.1241888758003995,0.07584834098815918,-0.13681241869926453,-0.13672075236442538,0.09078776836395264,-0.1318320631980896,-0.1177913155615613,0.08181741833686829,-0.11131703853607178,-0.10227488542201968,am7
0.0,0.0,0.0,-0.015471577644348145,-0.09526902437210083,-0.008035615996362822,-0.01606491208076477,-0.18648630380630493,-0.03752577395820822,0.003257274627685547,-0.25469857454299927,-0.06955212073111738,0.020200610160827637,-0.2994040250778198,-0.10146424637818541,-0.07608863711357117,-0.19976481795310974,-0.07015137092852797,-0.008905172348022461,-0.29175829887390137,-0.11253568248534407,0.04765784740447998,-0.3222854733467102,-0.13154219554448332,0.08827894926071167,-0.33033645153045654,-0.13966507183098997,-0.06478939950466156,-0.14260637760162354,-0.08860483484053816,0.03145292401313782,-0.2501142621040344,-0.1252234028437158,0.05547788739204407,-0.21414631605148315,-0.1207758532621881,0.04141324758529663,-0.1825008988380432,-0.11494225727105345,-0.03325548768043518,-0.08826154470443726,-0.10660490112090315,0.059087783098220825,-0.1949390172958374,-0.13661167489075865,0.07675319910049438,-0.16145813465118408,-0.11624911145949568,0.06063282489776611,-0.12822917103767395,-0.09902362243914808,0.005431056022644043,-0.04268753528594971,-0.12556475864434447,0.07698401808738708,-0.13584032654762268,-0.139510487184765,0.09099453687667847,-0.13203465938568115,-0.12131370322489943,0.08080050349235535,-0.1132543683052063,-0.10602476166272368,am7
0.0,0.0,0.0,-0.01391652226448059,-0.09633320569992065,-0.008519690084881404,-0.013813018798828125,-0.18850210309028625,-0.03742534813625298,0.004493027925491333,-0.25597336888313293,-0.06888713088972054,0.020524054765701294,-0.2982209324836731,-0.10008341220361672,-0.07681280374526978,-0.1993323564529419,-0.06741190848094902,-0.008459776639938354,-0.29109033942222595,-0.10834866908533058,0.04891058802604675,-0.32069510221481323,-0.12665710744602166,0.089292973279953,-0.32755082845687866,-0.13447935280544243,-0.0649554431438446,-0.14280790090560913,-0.08556912240726433,0.03159716725349426,-0.2497137188911438,-0.12084287551385842,0.054494231939315796,-0.21354055404663086,-0.11652366963369332,0.039062052965164185,-0.18111830949783325,-0.11104428169471703,-0.03321480751037598,-0.08828699588775635,-0.10339082923871956,0.05945327877998352,-0.19425031542778015,-0.13186810312015496,0.07615470886230469,-0.16061446070671082,-0.11144329008800469,0.059445321559906006,-0.12749475240707397,-0.09459375736457787,0.005678892135620117,-0.04198646545410156,-0.12237056491119347,0.07713109254837036,-0.13558629155158997,-0.13534500596267662,0.09009900689125061,-0.13131633400917053,-0.11709209677917443,0.07921329140663147,-0.11239945888519287,-0.10199354735357247,am7
0.0,0.0,0.0,-0.014172762632369995,-0.09546419978141785,-0.008529745772847264,-0.013907939195632935,-0.1874646544456482,-0.03754111452437314,0.005146682262420654,-0.25460463762283325,-0.06903011424876127,0.021661102771759033,-0.29693663120269775,-0.1003863446269122,-0.07582825422286987,-0.1984913945198059,-0.06809979005194577,-0.007252633571624756,-0.2899744212627411,-0.1088709615025607,0.04970178008079529,-0.3199446499347687,-0.12721368743515882,0.08996397256851196,-0.3273581266403198,-0.1352192468795863,-0.06412103772163391,-0.1416909098625183,-0.08631044699288282,0.032152920961380005,-0.24869543313980103,-0.12143910004235181,0.05493372678756714,-0.21286284923553467,-0.11718951238728437,0.039789557456970215,-0.18053632974624634,-0.11185482217408094,-0.03270044922828674,-0.08691811561584473,-0.10410019083357724,0.05973237752914429,-0.19315096735954285,-0.1323949105892268,0.07654193043708801,-0.1598934829235077,-0.11191192342377576,0.06013989448547363,-0.12701642513275146,-0.09510339869595441,0.005950331687927246,-0.04017549753189087,-0.12306857182122144,0.07690295577049255,-0.13319289684295654,-0.1362178929004756,0.09046438336372375,-0.13082841038703918,-0.1182064421329585,0.08051556348800659,-0.11371061205863953,-0.10327179802990827,am7
0.0,0.0,0.0,-0.01419171690940857,-0.09499925374984741,-0.008704583782076725,-0.01431766152381897,-0.1868312656879425,-0.03796231436294306,0.004408985376358032,-0.25332072377204895,-0.06964564758104075,0.021331757307052612,-0.29630714654922485,-0.10116385358136881,-0.07495066523551941,-0.19800212979316711,-0.06894514399331797,-0.006210803985595703,-0.2908105254173279,-0.11064358490270365,0.05064019560813904,-0.320542573928833,-0.12976446437400568,0.09064385294914246,-0.32644784450531006,-0.13810266243976344,-0.06325902044773102,-0.14109274744987488,-0.08713300960820902,0.032209426164627075,-0.24916213750839233,-0.12279363411229838,0.05546700954437256,-0.2123977541923523,-0.11869107621473063,0.04078248143196106,-0.17909377813339233,-0.11333272295755137,-0.031800806522369385,-0.08634746074676514,-0.10493723737758387,0.06078779697418213,-0.19363245368003845,-0.1336995183185934,0.07753017544746399,-0.15938234329223633,-0.11317605214875925,0.060895293951034546,-0.12584754824638367,-0.09622227835220087,0.007064729928970337,-0.03989666700363159,-0.12387499647897471,0.07799205183982849,-0.13362476229667664,-0.1371889381365179,0.09055188298225403,-0.12841352820396423,-0.11883635508579005,0.0796145498752594,-0.10877525806427002,-0.10361420052808512,am7
0.0,0.0,0.0,-0.013583123683929443,-0.0950828492641449,-0.008983501716528508,-0.013417184352874756,-0.18737703561782837,-0.03856910813507852,0.004776448011398315,-0.2539629638195038,-0.07045284707007227,0.02075144648551941,-0.296644389629364,-0.1022516121333581,-0.07607129216194153,-0.19731548428535461,-0.07039547014889536,-0.006982088088989258,-0.28948837518692017,-0.11157023209986505,0.049411118030548096,-0.31923091411590576,-0.13015617478546915,0.0893944501876831,-0.3265221118927002,-0.13835978556332407,-0.06405946612358093,-0.1396624743938446,-0.08855012107548532,0.03185755014419556,-0.2476711869239807,-0.12376555103716669,0.054063647985458374,-0.21089309453964233,-0.11888210523781595,0.03917723894119263,-0.17825213074684143,-0.11330711889920053,-0.03234019875526428,-0.08465349674224854,-0.10627004552540598,0.0598016083240509,-0.1921946108341217,-0.134399414545868,0.07532581686973572,-0.1575608253479004,-0.11304986525234995,0.05874747037887573,-0.12423193454742432,-0.09594248283562479,0.006646871566772461,-0.03851693868637085,-0.12522348809895334,0.07728984951972961,-0.133404940366745,-0.13815830696282205,0.08898749947547913,-0.1274598240852356,-0.11952181208786783,0.0778074860572815,-0.10746908187866211,-0.10439192552027521,am7
0.0,0.0,0.0,-0.01306992769241333,-0.09577643871307373,-0.0093746627027258,-0.013013005256652832,-0.1874150037765503,-0.03871482371334878,0.006291240453720093,-0.2524793744087219,-0.07035364716296044,0.023970216512680054,-0.29495781660079956,-0.10177436231617776,-0.0748119205236435,-0.19751650094985962,-0.06947327910904733,-0.00606381893157959,-0.29051169753074646,-0.11131886898522225,0.05084329843521118,-0.3202824592590332,-0.1307088038230404,0.09051784873008728,-0.3263513743877411,-0.13928942888026086,-0.06328922510147095,-0.14032825827598572,-0.08745385467057076,0.0325394868850708,-0.248647540807724,-0.12340625881199685,0.05573204159736633,-0.21072372794151306,-0.11957953630928841,0.04055342078208923,-0.17685842514038086,-0.11446944384817925,-0.03183940052986145,-0.08543217182159424,-0.10510883986000863,0.061010152101516724,-0.19332224130630493,-0.13433006911520806,0.07750368118286133,-0.15692895650863647,-0.11381663142685738,0.06044912338256836,-0.12248286604881287,-0.096823615422295,0.007290869951248169,-0.03916651010513306,-0.12396188586001244,0.07792097330093384,-0.13432195782661438,-0.13775027303938714,0.08973464369773865,-0.12635397911071777,-0.11922960489039269,0.07814374566078186,-0.10434645414352417,-0.10385998099093285,am7
0.0,0.0,0.0,-0.014110386371612549,-0.09372776746749878,-0.009851740550658405,-0.014049053192138672,-0.18522801995277405,-0.040276553359291256,0.005378663539886475,-0.2515445351600647,-0.07278752687241763,0.02278771996498108,-0.2945108711719513,-0.10494837525155276,-0.07704278826713562,-0.1966041624546051,-0.07228421780135363,-0.009162187576293945,-0.29048606753349304,-0.11416131618287295,0.04713761806488037,-0.32059580087661743,-0.13288684549596042,0.08661779761314392,-0.327314168214798,-0.1409512645271036,-0.06450240314006805,-0.13951954245567322,-0.09007189038064212,0.03035643696784973,-0.24835419654846191,-0.12548110249306887,0.053435564041137695,-0.2117994725704193,-0.1200743428137514,0.03873834013938904,-0.17946261167526245,-0.11411672445800036,-0.032235562801361084,-0.0852629542350769,-0.10751857968833178,0.05923166871070862,-0.19323337078094482,-0.13570867839123935,0.0749516487121582,-0.15783408284187317,-0.11375687631633014,0.058184027671813965,-0.12372863292694092,-0.09625167014863223,0.007265329360961914,-0.040075600147247314,-0.12629004183079928,0.07744723558425903,-0.13608044385910034,-0.13908906641270846,0.08870631456375122,-0.12815576791763306,-0.11988573881652087,0.07691928744316101,-0.10601741075515747,-0.10434279206063479,am7
0.0,0.0,0.0,-0.014701485633850098,-0.09418284893035889,-0.009617596939705209,-0.01434430480003357,-0.18546339869499207,-0.039830081239841775,0.007128983736038208,-0.25160858035087585,-0.07220620296945413,0.026057004928588867,-0.2937508225440979,-0.10431750498761971,-0.07602262496948242,-0.1973547637462616,-0.07172199718704064,-0.008420079946517944,-0.29146629571914673,-0.11318552874078591,0.0479159951210022,-0.3223920464515686,-0.13187486313333352,0.08774071931838989,-0.3301282525062561,-0.14006880305757363,-0.06351621448993683,-0.14035779237747192,-0.08964722238530953,0.031155169010162354,-0.25008654594421387,-0.12496820472230752,0.05442667007446289,-0.21390029788017273,-0.12012800954332192,0.039946138858795166,-0.1814180314540863,-0.11458678178539117,-0.031513214111328125,-0.08647119998931885,-0.10714339099874337,0.059781163930892944,-0.19510504603385925,-0.13529910527219613,0.07633855938911438,-0.16014015674591064,-0.11390046410312493,0.06006571650505066,-0.12593179941177368,-0.09670951597442468,0.007727265357971191,-0.041322171688079834,-0.12594637654771645,0.07800471782684326,-0.13750573992729187,-0.13863946877469857,0.0897572934627533,-0.13041380047798157,-0.11958026520957787,0.0782095193862915,-0.10856950283050537,-0.10414392881145318,am7
0.0,0.0,0.0,-0.014450371265411377,-0.09545683860778809,-0.010046932283955812,-0.014617353677749634,-0.18673405051231384,-0.040643898207861184,0.004439234733581543,-0.2536628842353821,-0.07339798044057488,0.02247270941734314,-0.2966020107269287,-0.10576383154483437,-0.07876291871070862,-0.19753903150558472,-0.07122196387143731,-0.011254578828811646,-0.29020005464553833,-0.11313454936833978,0.044828057289123535,-0.3214262127876282,-0.13178369532914758,0.08510065078735352,-0.32967886328697205,-0.13979028295369744,-0.06597882509231567,-0.1411115825176239,-0.08897891025634408,0.02886110544204712,-0.24971699714660645,-0.1252119256147921,0.05145210027694702,-0.21401333808898926,-0.12020727377029061,0.03667604923248291,-0.18235698342323303,-0.1141648082027018,-0.03345757722854614,-0.08746451139450073,-0.10648325960727334,0.05835843086242676,-0.19441106915473938,-0.1355791998991549,0.07384294271469116,-0.16060075163841248,-0.11434784661622643,0.05705469846725464,-0.127393901348114,-0.0969788370618403,0.006256520748138428,-0.04233497381210327,-0.12527889143319726,0.07689791917800903,-0.13729771971702576,-0.1384006304630816,0.08849453926086426,-0.13163971900939941,-0.11969851832481027,0.07674703001976013,-0.11171451210975647,-0.10439260434003472,am7
0.0,0.0,0.0,-0.015638649463653564,-0.09553474187850952,-0.008797289686071963,-0.01585182547569275,-0.18725356459617615,-0.03848209685997972,0.004257321357727051,-0.2545759677886963,-0.07044509879665384,0.02219390869140625,-0.2978140413761139,-0.10216378501968393,-0.07859504222869873,-0.196963369846344,-0.07005437544898996,-0.01059335470199585,-0.28988996148109436,-0.11066974780874261,0.04552742838859558,-0.32185429334640503,-0.12881309620456705,0.08573132753372192,-0.33125489950180054,-0.1368436895998002,-0.06523965299129486,-0.14100712537765503,-0.08831642649488458,0.029319554567337036,-0.2500160038471222,-0.12292248092012414,0.051462531089782715,-0.21470099687576294,-0.11787263385372171,0.03626862168312073,-0.1827872097492218,-0.11234449676589975,-0.0326102077960968,-0.08756077289581299,-0.10610240779237756,0.05844733119010925,-0.19534793496131897,-0.1336231016309739,0.07435432076454163,-0.16142752766609192,-0.11221823922710428,0.05769488215446472,-0.1278539001941681,-0.0952109181077958,0.007186025381088257,-0.04227513074874878,-0.12515942088680276,0.07674720883369446,-0.1377553641796112,-0.13751099340038309,0.08876252174377441,-0.13287535309791565,-0.11864967725591669,0.07768183946609497,-0.11285358667373657,-0.10343703708963403,am7
0.0,0.0,0.0,-0.015817999839782715,-0.09508705139160156,-0.008115614828284379,-0.016810446977615356,-0.18645808100700378,-0.037262344796772595,0.0012215673923492432,-0.25330650806427,-0.0687644761694628,0.018105298280715942,-0.29684171080589294,-0.10002434818875372,-0.07928255200386047,-0.19613218307495117,-0.06937620608937323,-0.011698693037033081,-0.2884965240955353,-0.11036538897883474,0.04465159773826599,-0.3200048506259918,-0.12885605363976538,0.08489528298377991,-0.3295881450176239,-0.1370763686193186,-0.06644432246685028,-0.13984999060630798,-0.08785962133538305,0.02797412872314453,-0.2489149272441864,-0.12324393360745489,0.05064234137535095,-0.21297210454940796,-0.11851033388506949,0.03609374165534973,-0.17991632223129272,-0.11283883272540152,-0.03391507267951965,-0.08584892749786377,-0.10582208453547537,0.05683028697967529,-0.1932099163532257,-0.13409355847966253,0.07333981990814209,-0.1598067283630371,-0.11291563331019461,0.057040512561798096,-0.1259060502052307,-0.09564529924523413,0.0056660473346710205,-0.04016917943954468,-0.1249347311152178,0.07558760046958923,-0.13574111461639404,-0.1380197313321787,0.08820757269859314,-0.13289794325828552,-0.11957964866292059,0.07751893997192383,-0.11412137746810913,-0.10435687570702612,am7
0.0,0.0,0.0,-0.015816092491149902,-0.09401059150695801,-0.008812348298334882,-0.01689240336418152,-0.18584269285202026,-0.03806797315886001,0.001779317855834961,-0.2528455853462219,-0.06960507383158188,0.01901799440383911,-0.296771764755249,-0.10089969535877685,-0.07830190658569336,-0.19525104761123657,-0.06903035839607696,-0.01069176197052002,-0.28944629430770874,-0.11068365623762588,0.04565131664276123,-0.3211170434951782,-0.12999950250198822,0.08544951677322388,-0.3281448483467102,-0.1384996910910843,-0.06555773317813873,-0.1396459937095642,-0.08703068544676285,0.027594566345214844,-0.2497178316116333,-0.12246349354794006,0.05069723725318909,-0.21413081884384155,-0.11849257995893936,0.03626236319541931,-0.1800449788570404,-0.11330624570658188,-0.03316989541053772,-0.08628255128860474,-0.10464411129763107,0.05768856406211853,-0.19449302554130554,-0.1330934753041504,0.0743066668510437,-0.1608322560787201,-0.11266493698170166,0.05781930685043335,-0.12668979167938232,-0.09584095229914169,0.006429433822631836,-0.04114818572998047,-0.12340950121691208,0.07612782716751099,-0.13625141978263855,-0.1364099373440979,0.08792254328727722,-0.13108563423156738,-0.11804943432619552,0.07636815309524536,-0.1109032928943634,-0.10289055009891968,am7
0.0,0.0,0.0,-0.015633076429367065,-0.09495276212692261,-0.008840140434415389,-0.01702764630317688,-0.18610215187072754,-0.038307714755148936,0.001831144094467163,-0.2526961863040924,-0.0700390595146132,0.019586652517318726,-0.29575589299201965,-0.10140489369115357,-0.08031794428825378,-0.19475474953651428,-0.06946472405871873,-0.01281788945198059,-0.2880939841270447,-0.11091086595735078,0.04337295889854431,-0.3193137049674988,-0.12980620145282273,0.08327800035476685,-0.3277391195297241,-0.13817520021876817,-0.06730876863002777,-0.13853639364242554,-0.08765941440543656,0.026140689849853516,-0.2480015754699707,-0.12328534900626664,0.048888593912124634,-0.21294930577278137,-0.11902979343614106,0.034322500228881836,-0.18019366264343262,-0.11368435948571687,-0.03455185890197754,-0.08473825454711914,-0.10543902545651918,0.0555570125579834,-0.19287309050559998,-0.13381649136027818,0.07230028510093689,-0.16060081124305725,-0.11288667797526841,0.056051671504974365,-0.12717732787132263,-0.09580828576764588,0.005202353000640869,-0.039216697216033936,-0.12444138854226594,0.07421267032623291,-0.1347006857395172,-0.1375238704629851,0.08686131238937378,-0.1324174404144287,-0.11910524546584611,0.07618540525436401,-0.1141166090965271,-0.10392023205241685,am7
0.0,0.0,0.0,-0.015016227960586548,-0.0952155590057373,-0.009075659548813064,-0.016392767429351807,-0.1871233582496643,-0.03838950324612256,0.0021023452281951904,-0.25356563925743103,-0.07002663913922902,0.019284874200820923,-0.2976812720298767,-0.10150635544019337,-0.07791902124881744,-0.1948724389076233,-0.06923206452088948,-0.011077851057052612,-0.28956812620162964,-0.11095361713128682,0.04501962661743164,-0.3210121989250183,-0.1303892389293253,0.08470681309700012,-0.32823967933654785,-0.13896429095225926,-0.06514106690883636,-0.13811779022216797,-0.08711322698550816,0.027713000774383545,-0.2488999366760254,-0.12275880131679173,0.05110633373260498,-0.2133636772632599,-0.11919251385884877,0.036672502756118774,-0.17946511507034302,-0.11427917633014317,-0.0326196551322937,-0.08422678709030151,-0.10458845201688405,0.05675584077835083,-0.1945599615573883,-0.13345759663539525,0.07408380508422852,-0.16123470664024353,-0.11329651180463429,0.05811390280723572,-0.12669408321380615,-0.0965273335929453,0.007017374038696289,-0.03888809680938721,-0.12322183254914876,0.0749293863773346,-0.13517937064170837,-0.13697528395610448,0.0873619019985199,-0.13121113181114197,-0.11893720481353398,0.076814204454422,-0.11127200722694397,-0.10382560942130681,am7
0.0,0.0,0.0,-0.016283005475997925,-0.09346449375152588,-0.010297081429911259,-0.01803123950958252,-0.18399208784103394,-0.04209495335484803,-3.567337989807129e-05,-0.25087934732437134,-0.07563164084817231,0.01648503541946411,-0.29546117782592773,-0.10879249870444596,-0.08206292986869812,-0.192105233669281,-0.076398245986951,-0.015383154153823853,-0.28692224621772766,-0.118342965837968,0.04018339514732361,-0.3192360997200012,-0.13631557672883332,0.08008387684822083,-0.3286479711532593,-0.14402196555997193,-0.06777901947498322,-0.1353984773159027,-0.09428508579398454,0.024350136518478394,-0.24653440713882446,-0.13053251057530701,0.047351181507110596,-0.2110530436038971,-0.12448928504849732,0.033322691917419434,-0.1787140965461731,-0.1180941984024173,-0.03404045104980469,-0.08231806755065918,-0.11157931387091935,0.053483933210372925,-0.1935766339302063,-0.1401051506366855,0.07000699639320374,-0.1602136790752411,-0.11733355372811616,0.055201053619384766,-0.12597772479057312,-0.09937597065831483,0.006616652011871338,-0.03838855028152466,-0.13020596652890504,0.07293108105659485,-0.13565021753311157,-0.1436138972606784,0.08473113179206848,-0.1314336359500885,-0.12466730922128022,0.0745394229888916,-0.1119813621044159,-0.10932052880193055,am7
0.0,0.0,0.0,-0.015171468257904053,-0.09500610828399658,-0.010887972307074278,-0.015958070755004883,-0.18631774187088013,-0.04264627699242851,0.0033377110958099365,-0.25281888246536255,-0.07615478266464493,0.019008219242095947,-0.29691168665885925,-0.10929895122038147,-0.08045333623886108,-0.1910901963710785,-0.0758995779274585,-0.01298433542251587,-0.2878037393093109,-0.11685991961942932,0.042440444231033325,-0.3207088112831116,-0.134189843428004,0.08165979385375977,-0.3280642032623291,-0.14134833146320602,-0.06557531654834747,-0.13410615921020508,-0.0933059819458606,0.026128530502319336,-0.2472625970840454,-0.12812907923446915,0.04958805441856384,-0.21250009536743164,-0.12239637900577804,0.035469263792037964,-0.1787225604057312,-0.11651403386579773,-0.03158870339393616,-0.08142119646072388,-0.11010427702652237,0.05577722191810608,-0.19484665989875793,-0.1376565091727855,0.07320797443389893,-0.1616416573524475,-0.11584395099865219,0.058721065521240234,-0.1269325315952301,-0.09885804284797928,0.009250253438949585,-0.0381740927696228,-0.12825916637169144,0.07567957043647766,-0.136408269405365,-0.14135871757255813,0.08728128671646118,-0.13110938668251038,-0.12295535136448166,0.07701820135116577,-0.10987445712089539,-0.10818104375587723,am7
0.0,0.0,0.0,-0.017844289541244507,-0.09237688779830933,-0.009631191275701667,-0.019215136766433716,-0.18273672461509705,-0.04127710488407388,0.000309675931930542,-0.24879899621009827,-0.07485978481142297,0.016474545001983643,-0.2915650010108948,-0.10825981375543847,-0.08188667893409729,-0.18968361616134644,-0.07609916654197946,-0.015531957149505615,-0.2852124571800232,-0.1174465062913157,0.03977096080780029,-0.31872236728668213,-0.1355247515138842,0.07932832837104797,-0.329112708568573,-0.1434406804737307,-0.06624533236026764,-0.13260483741760254,-0.09443149891464486,0.024930179119110107,-0.24540871381759644,-0.12975618419019952,0.04759097099304199,-0.2100544273853302,-0.12385332760183587,0.03303834795951843,-0.17643937468528748,-0.11782269355623498,-0.03165328502655029,-0.0798153281211853,-0.11204254057972207,0.054079651832580566,-0.19290220737457275,-0.13979014930097833,0.07141995429992676,-0.15912789106369019,-0.11713393953411355,0.057047754526138306,-0.12422898411750793,-0.09945319768755212,0.009466499090194702,-0.036809325218200684,-0.13095282193987146,0.07452535629272461,-0.1361774206161499,-0.14382401284544244,0.08627307415008545,-0.13015472888946533,-0.12458577182857766,0.07629209756851196,-0.1083492636680603,-0.10919498082964196,am7
0.0,0.0,0.0,-0.0168229341506958,-0.09312331676483154,-0.010408456957406997,-0.018715202808380127,-0.18348997831344604,-0.04217175818837404,0.00012001395225524902,-0.24963760375976562,-0.0757593517736268,0.015194237232208252,-0.29338377714157104,-0.10913270018852472,-0.08227518200874329,-0.18710094690322876,-0.07659123144901514,-0.016479551792144775,-0.2835979461669922,-0.11770084552324533,0.03892436623573303,-0.31724002957344055,-0.13542203657186747,0.07795548439025879,-0.326553612947464,-0.14305988006151438,-0.06661856174468994,-0.13007065653800964,-0.09448038838661432,0.02408391237258911,-0.24449288845062256,-0.12935203365839243,0.04729652404785156,-0.20940044522285461,-0.12331670574701548,0.03228491544723511,-0.1752311885356903,-0.11740632407224894,-0.03200209140777588,-0.07771754264831543,-0.11170680127895594,0.053700268268585205,-0.19240450859069824,-0.1391073172525239,0.07110151648521423,-0.15868201851844788,-0.11636125348366022,0.05609768629074097,-0.12340596318244934,-0.09890217386043787,0.009072989225387573,-0.03530937433242798,-0.13033142737901926,0.07411256432533264,-0.13618725538253784,-0.14340928248918772,0.08568668365478516,-0.130133718252182,-0.1244128426150155,0.07519251108169556,-0.10750505328178406,-0.10933431289947748,am7
0.0,0.0,0.0,-0.015054523944854736,-0.09391170740127563,-0.010962679037220369,-0.017227977514266968,-0.18362900614738464,-0.04214554371810664,0.0007245242595672607,-0.2486494481563568,-0.07515299039459933,0.014810055494308472,-0.29217660427093506,-0.10779228525734652,-0.0829119086265564,-0.18651586771011353,-0.07414504604912509,-0.016858011484146118,-0.2831805944442749,-0.11537219303227175,0.038468241691589355,-0.3167017698287964,-0.1338015170631479,0.0778166651725769,-0.3255299925804138,-0.1419240655241083,-0.06784111261367798,-0.12981534004211426,-0.09152091758824099,0.023076415061950684,-0.24348899722099304,-0.12675872164345492,0.0469970703125,-0.207378089427948,-0.12173488455391634,0.03306207060813904,-0.17260217666625977,-0.11624728607512225,-0.033537834882736206,-0.07743251323699951,-0.10847726183510531,0.053200602531433105,-0.19109666347503662,-0.13664383905506838,0.07098498940467834,-0.15617290139198303,-0.11500699537373293,0.05662113428115845,-0.12081411480903625,-0.09788497256613482,0.007623165845870972,-0.03475147485733032,-0.12686311917877902,0.07411602139472961,-0.1347813606262207,-0.14101160781956423,0.08576467633247375,-0.1292513906955719,-0.12310597019768466,0.07560184597969055,-0.10741034150123596,-0.10841136890030612,am7
0.0,0.0,0.0,-0.013994932174682617,-0.09440147876739502,-0.011026201749331221,-0.015181034803390503,-0.18441170454025269,-0.04266746340144323,0.0019655823707580566,-0.24881285429000854,-0.07599638400424169,0.01413753628730774,-0.2921941578388214,-0.10889927295792745,-0.0834994912147522,-0.18640586733818054,-0.075319409350044,-0.017938047647476196,-0.28308892250061035,-0.11547652629960226,0.037166595458984375,-0.3177822232246399,-0.13327655194152044,0.07601720094680786,-0.32767829298973083,-0.14137707648623632,-0.06776288151741028,-0.1299448311328888,-0.09286998955357717,0.02212098240852356,-0.24524450302124023,-0.12733328340399908,0.046645015478134155,-0.20998334884643555,-0.12209854272950338,0.03338789939880371,-0.1746397316455841,-0.1168642341886823,-0.03274255990982056,-0.0781049132347107,-0.10978686807501958,0.05305105447769165,-0.19168782234191895,-0.13646784422743963,0.07062637805938721,-0.15657153725624084,-0.11400488016951726,0.05614796280860901,-0.12004292011260986,-0.09700094906438039,0.008914291858673096,-0.03633087873458862,-0.12828259168017553,0.07438698410987854,-0.13836878538131714,-0.14151185748923467,0.08571577072143555,-0.13225555419921875,-0.12313102183688329,0.0755336582660675,-0.10921517014503479,-0.10856476424086736,am7
0.0,0.0,0.0,-0.015661180019378662,-0.09320211410522461,-0.010072299674106944,-0.017518937587738037,-0.18447944521903992,-0.04165430313344132,-0.0002931058406829834,-0.2519240975379944,-0.07489037832613121,0.012354224920272827,-0.2978782653808594,-0.1077236863076223,-0.08262930810451508,-0.18667897582054138,-0.07670124194021355,-0.017619848251342773,-0.28520333766937256,-0.11782191267604958,0.03681600093841553,-0.3200857639312744,-0.13596081307525765,0.07600599527359009,-0.3299841284751892,-0.14414362183208596,-0.06624343991279602,-0.13078254461288452,-0.094794663995458,0.021968573331832886,-0.24755999445915222,-0.1296743260919584,0.045770108699798584,-0.21166008710861206,-0.12369186004991661,0.03277498483657837,-0.1761699616909027,-0.11792011132831703,-0.030623525381088257,-0.07911944389343262,-0.1121845724284185,0.05267682671546936,-0.19578763842582703,-0.1394191192686094,0.06977429986000061,-0.16082647442817688,-0.11637927910680901,0.0562211275100708,-0.1242046058177948,-0.09890928438301216,0.011913210153579712,-0.03710693120956421,-0.1310028093158735,0.07567483186721802,-0.13956984877586365,-0.14524897506828438,0.08595681190490723,-0.13557645678520203,-0.12725624015922676,0.07564243674278259,-0.11456823348999023,-0.11278458258504998,am7
0.0,0.0,0.0,-0.018723756074905396,-0.0919371247291565,-0.010746676858019555,-0.02184426784515381,-0.1819494664669037,-0.042876926633965695,-0.0046648383140563965,-0.24951797723770142,-0.07655577493036958,0.009975254535675049,-0.2944920063018799,-0.10979670417631837,-0.08559215068817139,-0.18626904487609863,-0.07646510136450502,-0.023012220859527588,-0.283741295337677,-0.11782867592896196,0.03071865439414978,-0.3205726146697998,-0.13606971633757325,0.06969207525253296,-0.3324008584022522,-0.1443268222841141,-0.06873154640197754,-0.1311335265636444,-0.09409650546635362,0.01741454005241394,-0.2468985915184021,-0.12993998957003328,0.04216408729553223,-0.21341559290885925,-0.12415937465752336,0.0296594500541687,-0.1798725724220276,-0.1181436641248581,-0.03277495503425598,-0.08063572645187378,-0.11113870275343629,0.048942357301712036,-0.19531559944152832,-0.13904936743105623,0.06626144051551819,-0.16260290145874023,-0.11615141612614366,0.05250099301338196,-0.1268952488899231,-0.0983561737569687,0.01001092791557312,-0.03935885429382324,-0.1296204788717148,0.07103988528251648,-0.14001020789146423,-0.14357736838186952,0.08200344443321228,-0.1374211311340332,-0.12532657516325685,0.07198897004127502,-0.11787468194961548,-0.11051285398329469,am7
0.0,0.0,0.0,-0.020856589078903198,-0.09062010049819946,-0.00946913435959118,-0.02515345811843872,-0.1822766661643982,-0.04037131518029469,-0.007555097341537476,-0.25150707364082336,-0.07323173582457798,0.008524507284164429,-0.29599857330322266,-0.10569942146443623,-0.08828362822532654,-0.1853988766670227,-0.07353428900145786,-0.025126099586486816,-0.2849918603897095,-0.11532721072339314,0.029112577438354492,-0.32118815183639526,-0.13400471359395283,0.06777381896972656,-0.3332148790359497,-0.1422358021130492,-0.07054111361503601,-0.13017341494560242,-0.09174825400017994,0.015068590641021729,-0.24912238121032715,-0.1278833314766814,0.03980904817581177,-0.21596753597259521,-0.12259937226676243,0.02737066149711609,-0.18161025643348694,-0.11650110185050266,-0.03364330530166626,-0.07997572422027588,-0.10943055301808613,0.04673740267753601,-0.19805943965911865,-0.13782766610287922,0.06495380401611328,-0.1662762463092804,-0.11555439382695454,0.05147969722747803,-0.1301732361316681,-0.09756761193179386,0.009577572345733643,-0.03963601589202881,-0.12838094085358875,0.06971555948257446,-0.14322924613952637,-0.14177905172013539,0.08114412426948547,-0.13985303044319153,-0.12305396944188374,0.07109364867210388,-0.11837205290794373,-0.10767049491309422,am7
0.0,0.0,0.0,-0.022477447986602783,-0.09054088592529297,-0.008671003351480522,-0.028431743383407593,-0.18262487649917603,-0.03858595244076923,-0.013033419847488403,-0.25307315587997437,-0.0705495653250523,0.0013952255249023438,-0.2986481785774231,-0.10225957907226757,-0.09104007482528687,-0.1849779486656189,-0.07153953887012676,-0.028795689344406128,-0.2841850519180298,-0.11232880778101162,0.024245500564575195,-0.3215104937553406,-0.13040247089651302,0.06347969174385071,-0.3344574570655823,-0.13833374805238918,-0.07390302419662476,-0.13057300448417664,-0.08964100755241589,0.011306345462799072,-0.24894094467163086,-0.12436144329097942,0.0357644259929657,-0.21658459305763245,-0.11866919226434902,0.024059325456619263,-0.1829739809036255,-0.11253736443308071,-0.037500739097595215,-0.08075934648513794,-0.10721628643062786,0.04329627752304077,-0.19815737009048462,-0.13501248783853725,0.06146693229675293,-0.1676514446735382,-0.11328549213197903,0.04840725660324097,-0.1328430473804474,-0.0958328870632954,0.005324810743331909,-0.04029721021652222,-0.12594495243814663,0.06559628248214722,-0.14319893717765808,-0.1389644247987576,0.07758742570877075,-0.14197346568107605,-0.12063236064699367,0.06844767928123474,-0.12228167057037354,-0.10562166846779064,am7
0.0,0.0,0.0,-0.022655963897705078,-0.09154075384140015,-0.0073118845303952185,-0.0293540358543396,-0.18317699432373047,-0.03629745238697524,-0.014768272638320923,-0.2526756823062897,-0.06784489446556563,-0.0003394484519958496,-0.29717913269996643,-0.09921756827509398,-0.09150591492652893,-0.1858263611793518,-0.06917632066881652,-0.030272483825683594,-0.2848269045352936,-0.10999083214676375,0.023528307676315308,-0.32165712118148804,-0.1281498714653253,0.06241267919540405,-0.33360403776168823,-0.13593884253180022,-0.0751505196094513,-0.1304183304309845,-0.0879579975572824,0.010035604238510132,-0.2500169277191162,-0.12272456729090209,0.035492658615112305,-0.2172054946422577,-0.11786964231407637,0.023431330919265747,-0.18294090032577515,-0.11219437116062636,-0.03868687152862549,-0.08020144701004028,-0.10612506115114684,0.04173693060874939,-0.19932177662849426,-0.13451222026026244,0.06095963716506958,-0.1681433618068695,-0.11375983500158782,0.04748117923736572,-0.13210627436637878,-0.0966806828347444,0.00413021445274353,-0.03997635841369629,-0.12525050782835478,0.06487670540809631,-0.14525744318962097,-0.13848190450346465,0.07695615291595459,-0.14150434732437134,-0.12003865533745284,0.06736856698989868,-0.11843037605285645,-0.10479654812490935,am7
0.0,0.0,0.0,-0.023101240396499634,-0.09172624349594116,-0.008016643187772843,-0.029719173908233643,-0.1835947334766388,-0.03706746555752716,-0.014195889234542847,-0.2531493008136749,-0.0685556829709526,0.0008346736431121826,-0.29760462045669556,-0.09979581840224228,-0.09282267093658447,-0.18607619404792786,-0.06888503588623962,-0.0313224196434021,-0.28610020875930786,-0.10866867013163528,0.021691232919692993,-0.3234236538410187,-0.12631525851674041,0.060383141040802,-0.33671167492866516,-0.13406879462189636,-0.07557615637779236,-0.13088178634643555,-0.08724451817460022,0.009047597646713257,-0.25087642669677734,-0.12122703350968322,0.03340718150138855,-0.21812278032302856,-0.11635823555178604,0.02127915620803833,-0.18519291281700134,-0.11104613549895248,-0.03874674439430237,-0.08156555891036987,-0.10504876829571685,0.04102104902267456,-0.201127827167511,-0.13258128620572052,0.05902406573295593,-0.16838917136192322,-0.1118545458454605,0.04577794671058655,-0.13228821754455566,-0.09517126537747345,0.004428952932357788,-0.04238992929458618,-0.12398075319714508,0.0646054744720459,-0.14862316846847534,-0.13663261391110382,0.07575637102127075,-0.14266884326934814,-0.11824973679966888,0.06625112891197205,-0.11828732490539551,-0.10331531621403656,am7
0.0,0.0,0.0,-0.023433297872543335,-0.09133213758468628,-0.007707185654737714,-0.031378358602523804,-0.18284839391708374,-0.036253165996470216,-0.017633408308029175,-0.25339117646217346,-0.06722195128241992,-0.0032893121242523193,-0.29963842034339905,-0.09785490164796329,-0.09477712213993073,-0.18505993485450745,-0.06781690249482608,-0.035281211137771606,-0.28541338443756104,-0.10765873322526431,0.01736310124397278,-0.32280194759368896,-0.12529122511188007,0.05617925524711609,-0.3347524404525757,-0.13289235214034534,-0.07833459973335266,-0.13095420598983765,-0.08594640771190143,0.005444854497909546,-0.25179365277290344,-0.11987929472962833,0.031068235635757446,-0.21908250451087952,-0.11475228199998355,0.020125269889831543,-0.18513751029968262,-0.10903344730178333,-0.0418945848941803,-0.08216100931167603,-0.10360134074727512,0.03819882869720459,-0.2021433711051941,-0.13124461153785205,0.056914061307907104,-0.17079004645347595,-0.11078431139031863,0.04428309202194214,-0.13502854108810425,-0.09411191622058368,0.0013912618160247803,-0.042994141578674316,-0.12230948040524936,0.062122732400894165,-0.14857977628707886,-0.13498621860782123,0.07327717542648315,-0.14306104183197021,-0.11696272770205951,0.06351068615913391,-0.11889317631721497,-0.10220633873979068,am7
0.0,0.0,0.0,-0.02444988489151001,-0.09146171808242798,-0.006510989501208542,-0.03208106756210327,-0.18455782532691956,-0.034251623082042215,-0.016423195600509644,-0.256380170583725,-0.06477482639539289,5.453824996948242e-05,-0.30308008193969727,-0.09510578237760114,-0.09257817268371582,-0.1875729262828827,-0.06532282404887724,-0.03258517384529114,-0.2901572287082672,-0.10487396292674589,0.020583748817443848,-0.32861238718032837,-0.12244100146281767,0.059927284717559814,-0.34127169847488403,-0.12986799352157163,-0.07594424486160278,-0.13498449325561523,-0.08393576018798399,0.007817119359970093,-0.2566569447517395,-0.11748637281644392,0.033136576414108276,-0.2228122055530548,-0.11256378166663694,0.021793246269226074,-0.18816661834716797,-0.10691542946088362,-0.039844006299972534,-0.0872187614440918,-0.10206265770185041,0.04108133912086487,-0.2083154320716858,-0.1292681472777133,0.05961048603057861,-0.17472264170646667,-0.1089586841343646,0.04690361022949219,-0.13836345076560974,-0.09234869502770948,0.0035456418991088867,-0.048701345920562744,-0.12116578243958998,0.06487172842025757,-0.15495920181274414,-0.13294347398269224,0.07602262496948242,-0.14618468284606934,-0.11443205200421858,0.06643405556678772,-0.1204964816570282,-0.09937710337626982,am7
0.0,0.0,0.0,-0.025387614965438843,-0.0908002257347107,-0.0051498271002117235,-0.03375169634819031,-0.18268316984176636,-0.033380759175742014,-0.019339710474014282,-0.2548477351665497,-0.06421428662153517,-0.0037622153759002686,-0.30345165729522705,-0.09470268827291761,-0.09349092841148376,-0.18501189351081848,-0.07000823807331358,-0.03680834174156189,-0.288023442029953,-0.1104437310657147,0.016410648822784424,-0.32440751791000366,-0.12757611763092314,0.05549269914627075,-0.3348044157028198,-0.13469516229244505,-0.07753795385360718,-0.13110291957855225,-0.08928473037096296,0.0041227638721466064,-0.25191134214401245,-0.1236399162969235,0.031203359365463257,-0.22021767497062683,-0.11745927226158415,0.022443383932113647,-0.18640315532684326,-0.11105840396496092,-0.04119351506233215,-0.08229535818099976,-0.1077334929666165,0.036822110414505005,-0.20266497135162354,-0.13516217958542143,0.055173128843307495,-0.17385420203208923,-0.11381626617523466,0.04312628507614136,-0.13847795128822327,-0.0968120593986157,0.0025091469287872314,-0.042649030685424805,-0.12697878968330656,0.06220954656600952,-0.14604434370994568,-0.14040747773262297,0.074281245470047,-0.14984333515167236,-0.12331189703556333,0.06578263640403748,-0.1343248188495636,-0.10922150057169233,am7
0.0,0.0,0.0,-0.026337414979934692,-0.09062671661376953,-0.004036011399477957,-0.03418731689453125,-0.18513119220733643,-0.03137743774965429,-0.018491894006729126,-0.25873470306396484,-0.061835958847552774,-0.0022001564502716064,-0.30724918842315674,-0.09241291064932966,-0.09489959478378296,-0.18602976202964783,-0.06617824662640714,-0.0365852415561676,-0.2886044979095459,-0.10481027443125868,0.015661001205444336,-0.32885706424713135,-0.12167009640648985,0.05508837103843689,-0.34359705448150635,-0.12903495807364607,-0.07701170444488525,-0.13426125049591064,-0.08606980670407438,0.004459023475646973,-0.25644445419311523,-0.11843094904139662,0.029081344604492188,-0.22339171171188354,-0.11212200600817823,0.017969489097595215,-0.18871307373046875,-0.10611575026229048,-0.0401797890663147,-0.08688777685165405,-0.10513254929497862,0.038368165493011475,-0.2085493803024292,-0.13118650693610334,0.05678856372833252,-0.1752147674560547,-0.10960018564179563,0.045053631067276,-0.13834452629089355,-0.09270209748461866,0.003929406404495239,-0.048495590686798096,-0.12501472909167433,0.06273084878921509,-0.1562604010105133,-0.13634080369189405,0.07444697618484497,-0.14977684617042542,-0.11741200763896131,0.06633004546165466,-0.12536859512329102,-0.10242203552439832,am7
0.0,0.0,0.0,-0.026651740074157715,-0.08892822265625,-0.004436912427280504,-0.0365673303604126,-0.18006238341331482,-0.03133836616072472,-0.023787111043930054,-0.2511700987815857,-0.061478795895908434,-0.008715569972991943,-0.29921954870224,-0.0913267493644696,-0.09489777684211731,-0.1861197054386139,-0.06452682469281967,-0.03896951675415039,-0.2888047397136688,-0.10571812693271454,0.014220982789993286,-0.3261502683162689,-0.12459061149749573,0.053410857915878296,-0.33735185861587524,-0.13274244819078262,-0.07986083626747131,-0.13228774070739746,-0.08403315250072296,0.0023532509803771973,-0.25323522090911865,-0.11964649562034424,0.02951115369796753,-0.2213260531425476,-0.11586231593284424,0.019737303256988525,-0.18699216842651367,-0.11051998887452896,-0.04403793811798096,-0.08366382122039795,-0.1029306933680516,0.03479251265525818,-0.20442205667495728,-0.1322435722151738,0.05415669083595276,-0.17532610893249512,-0.11264420900735672,0.041275352239608765,-0.13948491215705872,-0.0958954528370839,-0.0011905431747436523,-0.04400825500488281,-0.12249374244603928,0.05958843231201172,-0.1495296061038971,-0.13711847219857987,0.07334411144256592,-0.1528053879737854,-0.12027585361394699,0.06538617610931396,-0.1363542377948761,-0.10566678498182114,am7
0.0,0.0,0.0,-0.025523602962493896,-0.0908765196800232,-0.005269291646015972,-0.03533944487571716,-0.18336033821105957,-0.03248823045117888,-0.02313181757926941,-0.2561342120170593,-0.06262819079978499,-0.008812010288238525,-0.30356431007385254,-0.09242695180995497,-0.09588485956192017,-0.1879441738128662,-0.0650327539287332,-0.03765237331390381,-0.2916542887687683,-0.1041853612504724,0.015030860900878906,-0.3295557200908661,-0.12072401104791197,0.054445862770080566,-0.34129056334495544,-0.1274443378887895,-0.08007565140724182,-0.13575759530067444,-0.08401871828658614,0.003878176212310791,-0.2570631504058838,-0.11729670672042403,0.028585493564605713,-0.22213372588157654,-0.11161633936984572,0.016945749521255493,-0.18670356273651123,-0.10547043739182982,-0.044435083866119385,-0.08790421485900879,-0.10241793452127013,0.03646931052207947,-0.2076377272605896,-0.12958187965972456,0.05425271391868591,-0.1749415397644043,-0.1092103531800035,0.04139941930770874,-0.13939115405082703,-0.09270014969928297,-0.0010623037815093994,-0.04833054542541504,-0.1216639241419557,0.060282498598098755,-0.15305081009864807,-0.13422499208076033,0.07284143567085266,-0.15223410725593567,-0.11674206314904723,0.06497001647949219,-0.13416531682014465,-0.10233826546294722,am7
0.0,0.0,0.0,-0.025768250226974487,-0.09037774801254272,-0.004284678883436754,-0.036535441875457764,-0.18155407905578613,-0.030432533863518074,-0.02584478259086609,-0.2528620958328247,-0.05971684345934136,-0.012398779392242432,-0.2995372414588928,-0.08892046326729997,-0.09653186798095703,-0.18874940276145935,-0.06242462286684258,-0.039567798376083374,-0.2903922200202942,-0.10199802780482514,0.012294858694076538,-0.32894206047058105,-0.11977538878056748,0.052289366722106934,-0.3416687250137329,-0.127324570361111,-0.08216986060142517,-0.13575640320777893,-0.08147558981511338,0.001064002513885498,-0.25534096360206604,-0.11566579008433564,0.02816903591156006,-0.22291219234466553,-0.1117565002474521,0.01968708634376526,-0.18873563408851624,-0.10636234695050462,-0.04734274744987488,-0.08725893497467041,-0.09991147035691483,0.03301098942756653,-0.20608064532279968,-0.12853199655148728,0.052683860063552856,-0.17596223950386047,-0.11001478547188981,0.04115685820579529,-0.14083099365234375,-0.09398755842778428,-0.004647284746170044,-0.047038376331329346,-0.11893937403294785,0.05632391571998596,-0.1507643163204193,-0.13294040078255875,0.07182562351226807,-0.155936598777771,-0.11670472884509309,0.06646066904067993,-0.14240774512290955,-0.1025825556549762,am7
0.0,0.0,0.0,-0.026076972484588623,-0.08987164497375488,-0.005540787563290905,-0.03744491934776306,-0.18065312504768372,-0.03301650550645263,-0.026934117078781128,-0.25312674045562744,-0.06330135357063682,-0.01384878158569336,-0.3014276623725891,-0.09318859767597587,-0.0993587076663971,-0.18637195229530334,-0.06509899985474021,-0.04156377911567688,-0.2900561988353729,-0.10515372347515495,0.011062532663345337,-0.3280070424079895,-0.12231434774082572,0.05086904764175415,-0.34045228362083435,-0.12935580205601127,-0.0837763249874115,-0.13407906889915466,-0.08389644962232978,8.103251457214355e-05,-0.25518864393234253,-0.11833721291702659,0.026211321353912354,-0.22164922952651978,-0.11328399818819435,0.015984416007995605,-0.18677276372909546,-0.10723255467098625,-0.04833930730819702,-0.0860062837600708,-0.1021771494714585,0.03185108304023743,-0.20562463998794556,-0.13047571372669609,0.051606208086013794,-0.17583799362182617,-0.11046580862682731,0.039938002824783325,-0.14056935906410217,-0.09370462488811881,-0.005356252193450928,-0.04608863592147827,-0.12125772130173118,0.05450281500816345,-0.14937466382980347,-0.13483391594570548,0.06869116425514221,-0.15406867861747742,-0.11800420921724708,0.06181338429450989,-0.139724999666214,-0.10364545774143608,am7
0.0,0.0,0.0,-0.02546742558479309,-0.09207487106323242,-0.004529867553742406,-0.03621804714202881,-0.18363022804260254,-0.03039484261501002,-0.02567237615585327,-0.2558315396308899,-0.0593611614309566,-0.012049436569213867,-0.3028757870197296,-0.08811157732236552,-0.09747451543807983,-0.18958166241645813,-0.06117189093458819,-0.03968009352684021,-0.2919231653213501,-0.09956162958371806,0.013243138790130615,-0.33076220750808716,-0.1158990839027183,0.05330732464790344,-0.3435131907463074,-0.1225037404798286,-0.08215492963790894,-0.1374967098236084,-0.08015465526807475,0.001907646656036377,-0.2583961486816406,-0.11354527412879634,0.029288887977600098,-0.22511404752731323,-0.10924994735944438,0.019855231046676636,-0.18911883234977722,-0.1036295869849937,-0.04677733778953552,-0.08909714221954346,-0.0985435375474708,0.032810091972351074,-0.20875784754753113,-0.12680779932964015,0.05391767621040344,-0.1782274842262268,-0.10827006190049815,0.042994916439056396,-0.14170598983764648,-0.09220638661611247,-0.003925919532775879,-0.048802971839904785,-0.11755885719287562,0.05596831440925598,-0.15200892090797424,-0.1313889080189483,0.07219576835632324,-0.1573379933834076,-0.11512264399755168,0.06740385293960571,-0.14300620555877686,-0.10095815896022486,am7
0.0,0.0,0.0,-0.028023093938827515,-0.0881851315498352,-0.004481727247537037,-0.039593130350112915,-0.17894074320793152,-0.03088267519086685,-0.0276736319065094,-0.25189536809921265,-0.060378549610675236,-0.01283109188079834,-0.2999382019042969,-0.08954489043861713,-0.09968766570091248,-0.18774259090423584,-0.06386379710346546,-0.042533546686172485,-0.29115816950798035,-0.10394356957584705,0.010225564241409302,-0.3287954330444336,-0.12144797108084049,0.04935812950134277,-0.34044021368026733,-0.1286546792736658,-0.08485457301139832,-0.1353025734424591,-0.08304370007425632,-0.0008863508701324463,-0.25706323981285095,-0.11719474009186115,0.026120096445083618,-0.22367724776268005,-0.11250159702211704,0.016112565994262695,-0.18812572956085205,-0.10666860452801075,-0.04913482069969177,-0.08723795413970947,-0.10163495502382602,0.03098389506340027,-0.20632389187812805,-0.12987262568384494,0.05083397030830383,-0.17629361152648926,-0.11038688383013096,0.03798982501029968,-0.14009663462638855,-0.0938927661529192,-0.0063613057136535645,-0.047774314880371094,-0.12090793064743366,0.05488145351409912,-0.15306627750396729,-0.1341018434515604,0.06974330544471741,-0.15564259886741638,-0.11683545819431629,0.06245839595794678,-0.13826334476470947,-0.10221426001697864,am7
0.0,0.0,0.0,-0.026847243309020996,-0.09056788682937622,-0.004688012286493404,-0.03844273090362549,-0.18150416016578674,-0.030932828191140516,-0.028151094913482666,-0.25425803661346436,-0.06029884271643482,-0.014495879411697388,-0.3013060688972473,-0.08933882169745289,-0.10128006339073181,-0.18804633617401123,-0.06092043720505558,-0.04351899027824402,-0.29098060727119446,-0.09979339443466984,0.009630173444747925,-0.33048802614212036,-0.1167922591450008,0.049595266580581665,-0.34352201223373413,-0.1238134851338657,-0.08564436435699463,-0.13659778237342834,-0.07994220160267673,-0.0022385716438293457,-0.25764766335487366,-0.11308997623942219,0.024897903203964233,-0.225225031375885,-0.1085680251600536,0.014944612979888916,-0.1896006464958191,-0.10298532001993976,-0.049695104360580444,-0.08880388736724854,-0.09847575925610386,0.029646098613739014,-0.20770615339279175,-0.12601368628762089,0.050200819969177246,-0.17847764492034912,-0.10688475273869358,0.03843921422958374,-0.14234530925750732,-0.09078803412936054,-0.006542682647705078,-0.04896712303161621,-0.11776965611002765,0.05372035503387451,-0.15248000621795654,-0.13054620229027591,0.06911838054656982,-0.15605565905570984,-0.11352172993443332,0.06267395615577698,-0.1396351456642151,-0.0991380711676868,am7
0.0,0.0,0.0,-0.02792888879776001,-0.08976167440414429,-0.004112199826323604,-0.039145588874816895,-0.18088415265083313,-0.03008292563461623,-0.027504801750183105,-0.2544819414615631,-0.05943766370617709,-0.013196408748626709,-0.30250418186187744,-0.08852998674117885,-0.09957079589366913,-0.19010204076766968,-0.06031955167853198,-0.042119115591049194,-0.29359906911849976,-0.09908750415050349,0.011181622743606567,-0.33271417021751404,-0.11597737431728206,0.050569742918014526,-0.3450374901294708,-0.12295523792707286,-0.08397024869918823,-0.13957780599594116,-0.0795906385799583,8.386373519897461e-05,-0.26006367802619934,-0.1124880886098083,0.027775824069976807,-0.22772842645645142,-0.10799100011789164,0.017574965953826904,-0.19240453839302063,-0.10254312813484034,-0.04837924242019653,-0.09217458963394165,-0.09837495297395549,0.03226184844970703,-0.21011069416999817,-0.12573702395164332,0.053480565547943115,-0.18069350719451904,-0.10677934199773631,0.04152384400367737,-0.14448282122612,-0.0908651626130279,-0.00556570291519165,-0.05233675241470337,-0.11788301676713786,0.0553053617477417,-0.15554210543632507,-0.13045026123725734,0.07124683260917664,-0.1583385169506073,-0.1133667951842483,0.0650860071182251,-0.1409352719783783,-0.09898388147556147,am7
0.0,0.0,0.0,-0.02862614393234253,-0.09019362926483154,-0.0023386504392703955,-0.03930655121803284,-0.1823514997959137,-0.027734027279876727,-0.026955485343933105,-0.2563891112804413,-0.05670496731843855,-0.011843949556350708,-0.30456846952438354,-0.08552304193224813,-0.09752079844474792,-0.19308456778526306,-0.061844474671744365,-0.040414273738861084,-0.29684051871299744,-0.10091258868422415,0.012681841850280762,-0.33511990308761597,-0.1177201224848261,0.05238798260688782,-0.3466454744338989,-0.12442859545197393,-0.08262407779693604,-0.1410493552684784,-0.08185405567135717,0.0014378130435943604,-0.26247304677963257,-0.11470347180809881,0.029363572597503662,-0.23001083731651306,-0.10952545985426809,0.020873546600341797,-0.19458574056625366,-0.10349815621819403,-0.04702961444854736,-0.09290111064910889,-0.10107277616705801,0.03297388553619385,-0.21146059036254883,-0.1283329679056635,0.053472548723220825,-0.18125471472740173,-0.10891042932715322,0.04205170273780823,-0.1446220576763153,-0.0925722001477709,-0.004356086254119873,-0.05339038372039795,-0.12080706193890478,0.057712286710739136,-0.1582149863243103,-0.1330915494247904,0.07331788539886475,-0.16009995341300964,-0.11554598346199896,0.06751519441604614,-0.1421484351158142,-0.10081082865443136,am7
0.0,0.0,0.0,-0.02882152795791626,-0.08998048305511475,-0.0014477731970998775,-0.04055052995681763,-0.18223091959953308,-0.026648602223389162,-0.029169946908950806,-0.2551838159561157,-0.05548915151356937,-0.01441812515258789,-0.30306774377822876,-0.08426464605926753,-0.0983893871307373,-0.19194060564041138,-0.061863287127010835,-0.04147312045097351,-0.2956034243106842,-0.10097519565223934,0.010538846254348755,-0.33427295088768005,-0.11801418173908473,0.05059385299682617,-0.3464760482311249,-0.12507330883144618,-0.08322158455848694,-0.14007684588432312,-0.08223673213123561,0.00032207369804382324,-0.2611350417137146,-0.11512222397922756,0.027002334594726562,-0.228337824344635,-0.10951654869913341,0.01865348219871521,-0.19352874159812927,-0.10340833920835735,-0.048292696475982666,-0.09181249141693115,-0.10176553089021922,0.03194117546081543,-0.21129152178764343,-0.12892956543564082,0.05077514052391052,-0.1799933910369873,-0.10906490195392848,0.039562106132507324,-0.1439691185951233,-0.09268810856937648,-0.005670666694641113,-0.05152195692062378,-0.12177696335911037,0.0559268593788147,-0.15614888072013855,-0.1346780757963586,0.07028400897979736,-0.1581559181213379,-0.11762015033363582,0.06438332796096802,-0.14151835441589355,-0.10326691973804714,am7
0.0,0.0,0.0,-0.027870357036590576,-0.09145808219909668,-0.0023952272528049434,-0.03889024257659912,-0.1833166480064392,-0.027647748989352294,-0.027567952871322632,-0.25586819648742676,-0.056553608206399986,-0.01256638765335083,-0.3030705451965332,-0.0852045029674855,-0.09800098836421967,-0.19380205869674683,-0.06091324466217429,-0.041173964738845825,-0.296763151884079,-0.10036451968301208,0.011772304773330688,-0.33465710282325745,-0.11740887018788726,0.05191358923912048,-0.34562021493911743,-0.12418266239512832,-0.08374887704849243,-0.14122313261032104,-0.08088569196809203,0.0007773339748382568,-0.261932909488678,-0.11454178991664321,0.02881413698196411,-0.22848516702651978,-0.10972349944461257,0.020563989877700806,-0.19322127103805542,-0.10360736253608138,-0.048835933208465576,-0.09251540899276733,-0.1001607537542668,0.03243809938430786,-0.21138405799865723,-0.1283456892048207,0.05295398831367493,-0.18027451634407043,-0.10927643480647475,0.041731804609298706,-0.14391416311264038,-0.0928130656753865,-0.006403088569641113,-0.05223435163497925,-0.11994736495364577,0.056534141302108765,-0.15628653764724731,-0.1333249271189061,0.07192638516426086,-0.15848508477210999,-0.1164288059150067,0.06602481007575989,-0.14169561862945557,-0.101807257560381,am7
0.0,0.0,0.0,-0.02890363335609436,-0.09023618698120117,-0.0012958262859399383,-0.04038470983505249,-0.18212753534317017,-0.025947715509545333,-0.029242873191833496,-0.2556755244731903,-0.054409033972632415,-0.014612764120101929,-0.3036668300628662,-0.08273138420642567,-0.09885117411613464,-0.19342926144599915,-0.05970406102002812,-0.04178449511528015,-0.2973374128341675,-0.09938529448569966,0.01124456524848938,-0.33528459072113037,-0.11716012971461964,0.051553934812545776,-0.3461288809776306,-0.12434605078757954,-0.08476898074150085,-0.14152872562408447,-0.07994491176665974,-0.0001672506332397461,-0.2619119882583618,-0.11323202716172887,0.02740880846977234,-0.22870972752571106,-0.10864448117078496,0.018962949514389038,-0.19286265969276428,-0.10283072607577992,-0.05004951357841492,-0.0931161642074585,-0.09945680515826893,0.03127327561378479,-0.21197599172592163,-0.12746271060765935,0.05154767632484436,-0.1812831461429596,-0.10877253429950429,0.04017984867095947,-0.14498090744018555,-0.09264239983619404,-0.007923901081085205,-0.053070127964019775,-0.11933669762672139,0.05526724457740784,-0.15715378522872925,-0.13223030732930852,0.07137945294380188,-0.15879952907562256,-0.11512084620059682,0.06595760583877563,-0.14164620637893677,-0.10045337246717168,am7
0.0,0.0,0.0,-0.028545647859573364,-0.09151417016983032,-0.0015739008110813302,-0.039811521768569946,-0.18347546458244324,-0.026251616890249352,-0.028904885053634644,-0.25676533579826355,-0.05482114386063586,-0.013966143131256104,-0.3040524125099182,-0.08320677560072909,-0.09949123859405518,-0.19434216618537903,-0.05851598363619814,-0.04178711771965027,-0.2981916666030884,-0.0979792056630231,0.011761695146560669,-0.3362818658351898,-0.11576493364077578,0.05252695083618164,-0.3471919894218445,-0.12296898942690859,-0.08495175838470459,-0.14270123839378357,-0.07875973265868197,0.00022205710411071777,-0.26276785135269165,-0.1120410067985631,0.027415335178375244,-0.2292676568031311,-0.10790986847382555,0.018304795026779175,-0.19331324100494385,-0.10233429353934298,-0.049861907958984375,-0.09450066089630127,-0.0983412889788724,0.03143090009689331,-0.21267277002334595,-0.1261290116260625,0.051839739084243774,-0.18190070986747742,-0.10757384728890429,0.04048651456832886,-0.14556756615638733,-0.0914801685164548,-0.00753021240234375,-0.05455571413040161,-0.1183922914813138,0.05499070882797241,-0.15770629048347473,-0.1310970587680913,0.07115218043327332,-0.15939128398895264,-0.11394561361771594,0.06596577167510986,-0.14241471886634827,-0.09914639126759539,am7
0.0,0.0,0.0,-0.029301494359970093,-0.09153121709823608,-0.00034646248417402603,-0.04025563597679138,-0.1839524805545807,-0.024627825225195465,-0.02817666530609131,-0.25748181343078613,-0.05298351494451481,-0.012196242809295654,-0.30477726459503174,-0.08125163240214306,-0.09943434596061707,-0.19388478994369507,-0.05813528595348316,-0.04153174161911011,-0.29834574460983276,-0.09744066370507198,0.012210041284561157,-0.3361755609512329,-0.11562805248280483,0.05270552635192871,-0.34752294421195984,-0.12329736722489315,-0.08455285429954529,-0.14209705591201782,-0.07892986757536846,7.253885269165039e-05,-0.2624296545982361,-0.11177368832608181,0.026253998279571533,-0.22965654730796814,-0.10781619323273617,0.016552388668060303,-0.1935707926750183,-0.10271135343094784,-0.04927864670753479,-0.09394127130508423,-0.09890137983342129,0.031092971563339233,-0.21270591020584106,-0.12587216866990047,0.050463706254959106,-0.18259692192077637,-0.10730033738394695,0.038533926010131836,-0.14623799920082092,-0.09160517526646572,-0.006921738386154175,-0.054193079471588135,-0.11927800251027065,0.05532422661781311,-0.15782129764556885,-0.13139038158436733,0.07053151726722717,-0.15863943099975586,-0.11415258420487362,0.0643218457698822,-0.1406135857105255,-0.09957052392741161,am7
0.0,0.0,0.0,-0.02853432297706604,-0.09174686670303345,-6.565679518644174e-05,-0.03965681791305542,-0.18405193090438843,-0.024324325300540295,-0.028681248426437378,-0.25731360912323,-0.052679154477800694,-0.01409950852394104,-0.3049994111061096,-0.08096034770437655,-0.09881904721260071,-0.19445067644119263,-0.05800810774394449,-0.04122042655944824,-0.2990376353263855,-0.09705106859632906,0.012285888195037842,-0.3371874690055847,-0.11481186693140444,0.05283847451210022,-0.34867480397224426,-0.12214666550585207,-0.08415904641151428,-0.14291006326675415,-0.07881337349840578,0.0003807544708251953,-0.2632070779800415,-0.11133330260940966,0.02708020806312561,-0.2301049530506134,-0.10699565654226717,0.017930924892425537,-0.19433993101119995,-0.10159818028637346,-0.04921907186508179,-0.09486496448516846,-0.0987633312267917,0.032035887241363525,-0.21365097165107727,-0.1256185615582126,0.051861077547073364,-0.18290340900421143,-0.10685197954603609,0.04029247164726257,-0.14655551314353943,-0.09099361246057924,-0.006992697715759277,-0.055165648460388184,-0.11906198357769426,0.05526018142700195,-0.15846914052963257,-0.1309318090004581,0.0710347592830658,-0.15998810529708862,-0.11354103630014833,0.06558823585510254,-0.14293700456619263,-0.09885647838541445,am7
0.0,0.0,0.0,-0.051263123750686646,-0.029699981212615967,-0.014303598517976468,-0.09877288341522217,-0.06681030988693237,-0.03775309954067296,-0.12273010611534119,-0.1181790828704834,-0.05960774231930799,-0.1341598629951477,-0.15446454286575317,-0.07989952523490018,-0.13190454244613647,0.001481771469116211,-0.06813224215289182,-0.13573598861694336,-0.11817491054534912,-0.10089365948220319,-0.10160046815872192,-0.14885306358337402,-0.11143191714068479,-0.07820302248001099,-0.14129012823104858,-0.11639956940194196,-0.09460076689720154,0.013277888298034668,-0.07963397909184522,-0.09865832328796387,-0.1384982466697693,-0.11184801716586179,-0.0578882098197937,-0.1459760069847107,-0.10808156986018247,-0.03728163242340088,-0.11779963970184326,-0.10389713753243512,-0.049275875091552734,0.010240614414215088,-0.09086169112702436,-0.051821768283843994,-0.1263972520828247,-0.11512787450333661,-0.023158609867095947,-0.12797433137893677,-0.09986921210070676,-0.013214111328125,-0.10066169500350952,-0.08863994289418287,-0.0028409063816070557,-0.00022268295288085938,-0.10327964086314267,-0.004219859838485718,-0.10205429792404175,-0.11629470993062085,0.005813926458358765,-0.10667288303375244,-0.10545839924593992,0.006813347339630127,-0.08637601137161255,-0.09761454720278806,am7
0.0,0.0,0.0,-0.046479374170303345,-0.03403282165527344,-0.0162548591858247,-0.09321039915084839,-0.06781727075576782,-0.03865875131548435,-0.11921584606170654,-0.10912606120109558,-0.05914694271148235,-0.13587689399719238,-0.13805347681045532,-0.0780401100880006,-0.13043859601020813,0.012618958950042725,-0.0649187808400491,-0.1382218599319458,-0.10539057850837708,-0.09697035900414974,-0.10447660088539124,-0.13469582796096802,-0.10851282826722652,-0.08084338903427124,-0.12548327445983887,-0.11415747008384258,-0.09394598007202148,0.025771796703338623,-0.07442974499524624,-0.09924766421318054,-0.12588641047477722,-0.10752089521945507,-0.05833819508552551,-0.13338914513587952,-0.10543637178004772,-0.03515559434890747,-0.10526582598686218,-0.10161721161664516,-0.04847726225852966,0.02298128604888916,-0.08399837664426357,-0.05350285768508911,-0.11336445808410645,-0.10951835117400677,-0.026706278324127197,-0.11753055453300476,-0.0961600636607507,-0.01618361473083496,-0.09264492988586426,-0.08547884426177532,-0.002615034580230713,0.012623727321624756,-0.09474336556256802,-0.006624668836593628,-0.08901679515838623,-0.10809396407664806,0.0029566287994384766,-0.09470599889755249,-0.09799055955470592,0.004528999328613281,-0.07574957609176636,-0.09040660611451656,am7
0.0,0.0,0.0,-0.04922559857368469,-0.034029364585876465,-0.014250846676233664,-0.09897774457931519,-0.06588631868362427,-0.03359785592526521,-0.12872621417045593,-0.10303056240081787,-0.051761946737471476,-0.14403283596038818,-0.13069206476211548,-0.06790445661515321,-0.13610899448394775,-0.00046634674072265625,-0.05545558696955766,-0.1448296308517456,-0.11786571145057678,-0.08733460223645295,-0.10777124762535095,-0.14939150214195251,-0.09861987745732392,-0.07989674806594849,-0.14299777150154114,-0.10335552608937348,-0.10129940509796143,0.015963435173034668,-0.06405699169606294,-0.10086211562156677,-0.13159531354904175,-0.09529074943036164,-0.05803042650222778,-0.14322543144226074,-0.0934704608318242,-0.035281091928482056,-0.11839950084686279,-0.0900977692601117,-0.0580807626247406,0.01624244451522827,-0.07331135040492143,-0.058777451515197754,-0.1185280978679657,-0.09842236256569947,-0.02970060706138611,-0.12489601969718933,-0.08684971100062455,-0.018245548009872437,-0.10124403238296509,-0.07710687732667054,-0.01372140645980835,0.0085068941116333,-0.08359373277396287,-0.015436172485351562,-0.09579497575759888,-0.09748674100607957,-0.002759099006652832,-0.10307896137237549,-0.08944463646382417,-0.0005179345607757568,-0.08382201194763184,-0.08273733323783006,am7
0.0,0.0,0.0,-0.048461198806762695,-0.03134220838546753,-0.01254604927083669,-0.09579253196716309,-0.06845444440841675,-0.03363741266360698,-0.12128758430480957,-0.11430624127388,-0.05358005019655643,-0.1362868845462799,-0.14498522877693176,-0.0717460595332664,-0.13176694512367249,0.002682209014892578,-0.061727792795805314,-0.13944756984710693,-0.11662489175796509,-0.09138330894341884,-0.10473471879959106,-0.14640653133392334,-0.1000302963220161,-0.08029988408088684,-0.13604888319969177,-0.10365066754451213,-0.09481260180473328,0.015739083290100098,-0.07253591048350749,-0.09658518433570862,-0.13557618856430054,-0.10213749932876048,-0.057568758726119995,-0.14177241921424866,-0.09812015372147975,-0.03785824775695801,-0.11025932431221008,-0.09412196355691371,-0.0499633252620697,0.01421421766281128,-0.08306233662000118,-0.05310961604118347,-0.12215477228164673,-0.10570609646668849,-0.025831937789916992,-0.12334433197975159,-0.09092388379207073,-0.016553610563278198,-0.09453773498535156,-0.08032325732341228,-0.0040302276611328125,0.005494236946105957,-0.09454626667132793,-0.007640093564987183,-0.0971076488494873,-0.10683162587514339,0.0023424923419952393,-0.1027023196220398,-0.09643836396565852,0.0033115148544311523,-0.08221453428268433,-0.08892998176446376,am7
0.0,0.0,0.0,-0.047080427408218384,-0.02944284677505493,-0.015101839729824817,-0.09515747427940369,-0.06351768970489502,-0.0366055685442479,-0.12051087617874146,-0.10510450601577759,-0.05636125238356904,-0.13378478586673737,-0.13356244564056396,-0.07448828400788621,-0.12821340560913086,0.007954955101013184,-0.0649174022835286,-0.1378275603055954,-0.11420518159866333,-0.09459757240233735,-0.10191145539283752,-0.1398525834083557,-0.10327489109454469,-0.07795271277427673,-0.12679582834243774,-0.10732031794009522,-0.09145766496658325,0.021173954010009766,-0.07400081487117127,-0.09287357330322266,-0.13140767812728882,-0.10424745263276414,-0.05303394794464111,-0.1350092589855194,-0.10058500798163728,-0.032735615968704224,-0.10437816381454468,-0.09688949765382127,-0.04655545949935913,0.01905679702758789,-0.08282593818126038,-0.0511966347694397,-0.11812290549278259,-0.10579151840625123,-0.0241948664188385,-0.11749336123466492,-0.09152544470248536,-0.014130592346191406,-0.0902981162071228,-0.08124675782141999,-0.0016162991523742676,0.009697020053863525,-0.09279305668292359,-0.006431877613067627,-0.09143739938735962,-0.10562755347905473,0.002989351749420166,-0.09518826007843018,-0.09610095055518464,0.004532366991043091,-0.07606834173202515,-0.08916901232419328,am7
0.0,0.0,0.0,-0.04806998372077942,-0.03138589859008789,-0.013790356002679971,-0.09743326902389526,-0.06245577335357666,-0.033052051447263864,-0.12515902519226074,-0.10084104537963867,-0.050753550611368325,-0.13796156644821167,-0.12995684146881104,-0.06641463377319923,-0.13316932320594788,-0.003098130226135254,-0.057438598953119424,-0.1415105164051056,-0.11931091547012329,-0.08808586933457008,-0.1043175756931305,-0.14857012033462524,-0.09758886881910911,-0.07665994763374329,-0.14051327109336853,-0.10127810575806251,-0.09813997149467468,0.012836039066314697,-0.06629202701889625,-0.10117790102958679,-0.13379549980163574,-0.09630940296494117,-0.057573914527893066,-0.14295777678489685,-0.09227410890900245,-0.034414142370224,-0.11739489436149597,-0.08713980951153388,-0.05424603819847107,0.012523889541625977,-0.0755840260609304,-0.05719083547592163,-0.12210997939109802,-0.09902074374996772,-0.028819352388381958,-0.12461888790130615,-0.08527610637985816,-0.018036723136901855,-0.09903579950332642,-0.07422751375280967,-0.009319096803665161,0.004445016384124756,-0.08593315073095908,-0.013187676668167114,-0.09784436225891113,-0.09896478988968482,-0.0015991926193237305,-0.10230398178100586,-0.08975185640894523,0.00045225024223327637,-0.08220785856246948,-0.08225862123810401,am7
0.0,0.0,0.0,-0.05016067624092102,-0.02865499258041382,-0.01355388217449871,-0.09980255365371704,-0.0628589391708374,-0.03411052950502125,-0.12479564547538757,-0.10325184464454651,-0.05357202344418255,-0.13442741334438324,-0.13399749994277954,-0.07135694675923077,-0.13466322422027588,-0.0029303431510925293,-0.05983863227844921,-0.1401166319847107,-0.12172728776931763,-0.09028061681271282,-0.10354691743850708,-0.14806801080703735,-0.10060882025242535,-0.08008402585983276,-0.1343848705291748,-0.10563761942864147,-0.09928598999977112,0.012867391109466553,-0.06929299437285152,-0.09675037860870361,-0.13480252027511597,-0.09644590520144192,-0.05845871567726135,-0.1396356225013733,-0.09217454694987026,-0.04208889603614807,-0.10930541157722473,-0.08932507985115734,-0.055134117603302,0.013819515705108643,-0.07896413110972134,-0.055540502071380615,-0.12234076857566833,-0.09993780606270519,-0.028011977672576904,-0.12201398611068726,-0.08552738481045452,-0.01869642734527588,-0.09452313184738159,-0.07587944918156353,-0.009708404541015625,0.0060961246490478516,-0.08994079583168713,-0.015906572341918945,-0.09991735219955444,-0.10131339185715404,-0.0037805140018463135,-0.10277700424194336,-0.0910985788035461,0.0008530020713806152,-0.08117961883544922,-0.08397071265459743,am7
0.0,0.0,0.0,-0.051186591386795044,-0.02609992027282715,-0.010689074081135175,-0.10008028149604797,-0.06315165758132935,-0.02958938749576845,-0.12243834137916565,-0.11012020707130432,-0.0481303845539216,-0.12898799777030945,-0.14402157068252563,-0.06528928028489389,-0.13091076910495758,-0.012594819068908691,-0.055873534549725434,-0.13626760244369507,-0.12718278169631958,-0.08459047870780267,-0.10179176926612854,-0.1580553650856018,-0.09332407908583917,-0.0779438316822052,-0.14955469965934753,-0.0966060970916871,-0.09574511647224426,0.002089560031890869,-0.0660577555194024,-0.08921948075294495,-0.14401376247406006,-0.09075444089318552,-0.052352070808410645,-0.15100479125976562,-0.08563259141589441,-0.03770732879638672,-0.12109515070915222,-0.08223842727090158,-0.05216097831726074,0.0030906200408935547,-0.07632412659074106,-0.050901859998703,-0.13079017400741577,-0.09580250727082529,-0.024607568979263306,-0.1324712336063385,-0.08197022127057352,-0.016374051570892334,-0.10541552305221558,-0.07258335398579874,-0.007533729076385498,-0.00423276424407959,-0.08761726217414179,-0.012903809547424316,-0.10755035281181335,-0.09753245757962503,-0.0014348030090332031,-0.11153417825698853,-0.08715926008368768,0.002874135971069336,-0.09112077951431274,-0.07982776211644449,am7
0.0,0.0,0.0,-0.051953524351119995,-0.030029654502868652,-0.010577842782955926,-0.09968730807304382,-0.07272541522979736,-0.03054700997076587,-0.12047746777534485,-0.127036452293396,-0.050042163770418924,-0.1246078610420227,-0.16503426432609558,-0.0683561677148159,-0.13114696741104126,-0.022612690925598145,-0.059807472120743554,-0.1309010535478592,-0.13703134655952454,-0.08905547503731803,-0.09860190749168396,-0.16606861352920532,-0.0988977292587574,-0.0766419768333435,-0.15423303842544556,-0.10317194108269767,-0.09546345472335815,-0.007889330387115479,-0.07038773987792091,-0.08419468998908997,-0.1545623540878296,-0.09588143620989875,-0.04959002137184143,-0.1613638699054718,-0.09100555274985389,-0.03541162610054016,-0.13063865900039673,-0.08794121090672569,-0.05210784077644348,-0.005830049514770508,-0.0806821176817234,-0.04793396592140198,-0.1405017077922821,-0.09973205272458152,-0.023643940687179565,-0.14272385835647583,-0.0851003939320858,-0.015347719192504883,-0.11559686064720154,-0.07547357324860648,-0.007608979940414429,-0.011625051498413086,-0.0921082759311016,-0.010363638401031494,-0.1156930923461914,-0.10167769734166221,-0.0009129941463470459,-0.12126782536506653,-0.09077572469018058,0.0016294419765472412,-0.10202634334564209,-0.08323787544272498,am7
0.0,0.0,0.0,-0.05124279856681824,-0.029803156852722168,-0.008185417008586882,-0.09654998779296875,-0.07445007562637329,-0.027238327627070902,-0.11562791466712952,-0.12953072786331177,-0.04603943562973356,-0.12402042746543884,-0.16904142498970032,-0.0638422366129241,-0.12884223461151123,-0.027151823043823242,-0.05918502396810865,-0.1257929503917694,-0.13798663020133972,-0.0872494500027976,-0.09250101447105408,-0.16909536719322205,-0.09625766388047552,-0.06968602538108826,-0.1580212414264679,-0.09977246782649374,-0.09402218461036682,-0.009518861770629883,-0.07075249365437841,-0.0803537666797638,-0.15155759453773499,-0.09535084626544332,-0.04547455906867981,-0.16134291887283325,-0.09099668226111746,-0.03147116303443909,-0.13065987825393677,-0.08813891521561956,-0.05022987723350525,-0.004844784736633301,-0.08154464474786138,-0.043379008769989014,-0.13700392842292786,-0.10035817286837911,-0.01909768581390381,-0.14487352967262268,-0.0863244902240119,-0.011556297540664673,-0.11854338645935059,-0.07697504720557546,-0.004989147186279297,-0.007895827293395996,-0.09297372362483358,-0.0056938230991363525,-0.11149752140045166,-0.1031110878931365,0.004629015922546387,-0.12432602047920227,-0.0920220609651885,0.0072998106479644775,-0.10862037539482117,-0.084065928672441,am7
0.0,0.0,0.0,-0.0500866174697876,-0.02991396188735962,-0.008110086696770935,-0.09466251730918884,-0.07568418979644775,-0.025936463179615288,-0.11434072256088257,-0.1313726305961609,-0.04362812943997696,-0.12143975496292114,-0.1693171262741089,-0.06060949646177605,-0.12587782740592957,-0.03333359956741333,-0.054973583000329285,-0.11982586979866028,-0.14198637008666992,-0.08277153901996925,-0.08925670385360718,-0.17130956053733826,-0.09319789640846565,-0.06992888450622559,-0.15858930349349976,-0.09805688940229729,-0.09355020523071289,-0.018603265285491943,-0.06618578665199593,-0.07760953903198242,-0.1570846140384674,-0.08927228980007484,-0.04360613226890564,-0.16640594601631165,-0.08553223990145042,-0.030554145574569702,-0.13695448637008667,-0.08337075196447685,-0.051991164684295654,-0.014780819416046143,-0.07683795623722389,-0.043092817068099976,-0.14480724930763245,-0.094882308768657,-0.01871928572654724,-0.1519429087638855,-0.0815429755324395,-0.010498970746994019,-0.12625154852867126,-0.07275450162830666,-0.007393091917037964,-0.017826199531555176,-0.0882515230053933,-0.004249125719070435,-0.11858075857162476,-0.0985940762633355,0.007103949785232544,-0.1295446753501892,-0.08815722845735863,0.01047864556312561,-0.11379167437553406,-0.08057277582826927,am7
0.0,0.0,0.0,-0.05392429232597351,-0.023847460746765137,-0.00878866138909018,-0.09800407290458679,-0.07029861211776733,-0.028341696886755585,-0.11032924056053162,-0.12740984559059143,-0.04768753546331084,-0.10995721817016602,-0.16820567846298218,-0.06715310487005866,-0.11693617701530457,-0.032756030559539795,-0.06082412722561514,-0.11347377300262451,-0.12730872631072998,-0.0887836453602091,-0.09088709950447083,-0.16427063941955566,-0.1010718208834902,-0.07812759280204773,-0.16774693131446838,-0.10804937156889594,-0.08252811431884766,-0.016385555267333984,-0.07256723317358649,-0.06469488143920898,-0.1533474624156952,-0.09772272530052817,-0.034960925579071045,-0.15997403860092163,-0.09509106847498572,-0.024799257516860962,-0.13270479440689087,-0.09349012496922171,-0.040025293827056885,-0.01277393102645874,-0.08327966305468237,-0.02876579761505127,-0.1420997977256775,-0.10118823620531714,-0.010132372379302979,-0.14622440934181213,-0.08731844398234045,-0.005544990301132202,-0.12046164274215698,-0.07823720696423209,0.0037899911403656006,-0.016059458255767822,-0.0951136288330332,0.00502130389213562,-0.11694365739822388,-0.10488930466625845,0.010940849781036377,-0.12735635042190552,-0.09365278604481375,0.012394487857818604,-0.11372455954551697,-0.08563274267170584,am7
0.0,0.0,0.0,-0.052247583866119385,-0.024932503700256348,-0.007592630997926619,-0.09308302402496338,-0.07348191738128662,-0.025855639909089234,-0.10447162389755249,-0.12884420156478882,-0.04387528817790809,-0.10461428761482239,-0.1663004457950592,-0.061938893009603646,-0.11650601029396057,-0.039851486682891846,-0.05907798181909385,-0.10736706852912903,-0.14498326182365417,-0.08526103194493118,-0.07990384101867676,-0.17171230912208557,-0.09519966687697234,-0.06577795743942261,-0.16345149278640747,-0.10048934813278976,-0.08276179432868958,-0.027153849601745605,-0.07032174613016906,-0.06097707152366638,-0.16376453638076782,-0.09186395998734298,-0.031691163778305054,-0.16894131898880005,-0.08761548991936507,-0.02083200216293335,-0.143622487783432,-0.08553893115061584,-0.040867000818252563,-0.024125516414642334,-0.08040522779959502,-0.028716623783111572,-0.1522601842880249,-0.09552291776675048,-0.009319990873336792,-0.15399861335754395,-0.08227899666565719,-0.0026617348194122314,-0.13109201192855835,-0.07418670501250091,0.003278791904449463,-0.027404069900512695,-0.09139820184248748,0.007508367300033569,-0.12357163429260254,-0.10021813954848113,0.012822866439819336,-0.13264599442481995,-0.09062113608855071,0.013977140188217163,-0.12319129705429077,-0.08389742668408218,am7
0.0,0.0,0.0,-0.04886868596076965,-0.02181333303451538,-0.007917339643086052,-0.08869606256484985,-0.0704728364944458,-0.026005038721109486,-0.09766152501106262,-0.12871405482292175,-0.04422804872467623,-0.09748470783233643,-0.17072740197181702,-0.06338595385625467,-0.10827046632766724,-0.040065646171569824,-0.05437842543199167,-0.10582852363586426,-0.12519869208335876,-0.08286355222537622,-0.09616261720657349,-0.1609397530555725,-0.09888645793273554,-0.09305697679519653,-0.1742890477180481,-0.10878499384000406,-0.07633823156356812,-0.028330624103546143,-0.06597566391303644,-0.059407562017440796,-0.15767639875411987,-0.09200440133884058,-0.033633023500442505,-0.16375404596328735,-0.09140096391513453,-0.022717207670211792,-0.14348429441452026,-0.09003425176217661,-0.036200135946273804,-0.02678579092025757,-0.07683018381669626,-0.02474936842918396,-0.15108251571655273,-0.09581514234616861,-0.0067122578620910645,-0.15105578303337097,-0.08351209546401606,-0.00038820505142211914,-0.12859520316123962,-0.07415978397204981,0.006445944309234619,-0.0315132737159729,-0.08876450146510706,0.011359602212905884,-0.1293272078037262,-0.09896995658948526,0.01771053671836853,-0.13313716650009155,-0.08895117576196299,0.019540756940841675,-0.1184186339378357,-0.08119810159280405,am7
0.0,0.0,0.0,-0.047495901584625244,-0.026621103286743164,-0.008142940627124062,-0.08546915650367737,-0.0768299400806427,-0.026414878593470803,-0.09567666053771973,-0.13296672701835632,-0.044290935547735444,-0.1004018485546112,-0.17276382446289062,-0.06304692283430313,-0.10416606068611145,-0.040951669216156006,-0.05764523700037216,-0.10127893090248108,-0.12693417072296143,-0.08659762695589279,-0.08770087361335754,-0.15827587246894836,-0.10241922542610382,-0.08029207587242126,-0.16753241419792175,-0.11191561624565338,-0.0717025101184845,-0.024926424026489258,-0.06916299268760895,-0.05576521158218384,-0.15072152018547058,-0.0954854916051886,-0.03432154655456543,-0.16397932171821594,-0.09688673719921326,-0.022419750690460205,-0.15346282720565796,-0.09704168692388748,-0.031064629554748535,-0.019447922706604004,-0.0795921365932486,-0.019065886735916138,-0.14184144139289856,-0.09893465593614792,-0.005529165267944336,-0.15055254101753235,-0.08965623930254196,0.0006671249866485596,-0.13871252536773682,-0.08258543715038513,0.011713802814483643,-0.020415544509887695,-0.09079244539299225,0.021471381187438965,-0.10709613561630249,-0.10373034134664749,0.021291762590408325,-0.1226157546043396,-0.09781093701877808,0.018583059310913086,-0.12359577417373657,-0.09273191347875809,am7
0.0,0.0,0.0,-0.046873897314071655,-0.03261232376098633,-0.008338894551457088,-0.08432096242904663,-0.08338192105293274,-0.025987919276417415,-0.0936194360256195,-0.13757416605949402,-0.04345701061731688,-0.09575402736663818,-0.17299297451972961,-0.06160840936547629,-0.10741961002349854,-0.04065638780593872,-0.05188419841772429,-0.10261377692222595,-0.12291276454925537,-0.07923207231408469,-0.09002465009689331,-0.15547585487365723,-0.09544925936108939,-0.08295673131942749,-0.1669391393661499,-0.10541271217709891,-0.07401424646377563,-0.02495253086090088,-0.06290445276147238,-0.05417501926422119,-0.15562301874160767,-0.08738949694281928,-0.032833755016326904,-0.1635667383670807,-0.08856746353751532,-0.02220165729522705,-0.14658641815185547,-0.08901653238183371,-0.03237542510032654,-0.019881367683410645,-0.07317834891921393,-0.01980575919151306,-0.14563655853271484,-0.09071445264464728,-0.006585836410522461,-0.14919120073318481,-0.08054044642096869,-0.001140296459197998,-0.13148874044418335,-0.07337706335431449,0.011120319366455078,-0.021733403205871582,-0.08453172989732138,0.018880099058151245,-0.11430555582046509,-0.09508000858670584,0.020266711711883545,-0.12302091717720032,-0.08701732554084174,0.018989980220794678,-0.11549171805381775,-0.08083439417725913,am7
0.0,0.0,0.0,-0.04470247030258179,-0.027395904064178467,-0.007981568513528714,-0.08423912525177002,-0.08117860555648804,-0.025068343555645356,-0.09695172309875488,-0.1400233507156372,-0.041881010806278596,-0.10457804799079895,-0.17926621437072754,-0.059630495434717545,-0.10573625564575195,-0.04718571901321411,-0.053503946339802155,-0.09971272945404053,-0.13929182291030884,-0.0817752116677326,-0.08368292450904846,-0.16721951961517334,-0.09798382309647025,-0.07777246832847595,-0.17254778742790222,-0.10784274426670493,-0.07291987538337708,-0.034127116203308105,-0.06474720028610648,-0.05271118879318237,-0.1687435805797577,-0.08833082107277335,-0.030133485794067383,-0.172586590051651,-0.08849669334860266,-0.021127015352249146,-0.15225651860237122,-0.08880005863876761,-0.031391024589538574,-0.02971893548965454,-0.07525946286888541,-0.019050776958465576,-0.15865486860275269,-0.0923655637857479,-0.0034846067428588867,-0.1587558388710022,-0.08177147147627295,0.002137094736099243,-0.13862982392311096,-0.07481826183767737,0.012697398662567139,-0.030661284923553467,-0.08669207332106055,0.020350754261016846,-0.12554383277893066,-0.09809993294449271,0.024698615074157715,-0.13259932398796082,-0.09048739907713355,0.025408685207366943,-0.12352979183197021,-0.08471326616974295,am7
0.0,0.0,0.0,-0.045028746128082275,-0.03375500440597534,-0.005722040976564813,-0.08235126733779907,-0.08624017238616943,-0.020947913373987603,-0.09581106901168823,-0.1357942521572113,-0.03649241730121844,-0.10261094570159912,-0.16714274883270264,-0.05349372580198519,-0.10640108585357666,-0.04670131206512451,-0.04698953285364382,-0.10360920429229736,-0.11245185136795044,-0.07280490800289385,-0.10616225004196167,-0.1474851667881012,-0.08916687473205798,-0.11003750562667847,-0.16777458786964417,-0.09988536938575976,-0.07824721932411194,-0.028384685516357422,-0.059033675785343576,-0.05641278624534607,-0.1517963707447052,-0.083924579168837,-0.038935333490371704,-0.16304564476013184,-0.08676526203302615,-0.03103122115135193,-0.14995935559272766,-0.08734289064554446,-0.03806617856025696,-0.020498812198638916,-0.06985361381916277,-0.02103617787361145,-0.1436006724834442,-0.09106044724134676,-0.009035885334014893,-0.14873036742210388,-0.08394523962883227,-0.005068689584732056,-0.13313961029052734,-0.07721668734697573,0.005549013614654541,-0.018557190895080566,-0.08105354263929598,0.018259525299072266,-0.11101821064949036,-0.09593376770166628,0.020103752613067627,-0.12338712811470032,-0.09053757294563525,0.01907980442047119,-0.11927986145019531,-0.0850079382911133,am7
0.0,0.0,0.0,-0.04097944498062134,-0.02895110845565796,-0.010320592216061186,-0.07699808478355408,-0.0859518051147461,-0.027529870635675024,-0.08719655871391296,-0.14555704593658447,-0.04404114513735635,-0.09278014302253723,-0.1822260618209839,-0.06186678960065706,-0.1013021171092987,-0.04790550470352173,-0.05379851489405496,-0.10002020001411438,-0.1249593198299408,-0.08210066660384996,-0.10081884264945984,-0.15804389119148254,-0.10091473116617067,-0.10774630308151245,-0.17498093843460083,-0.11377477600316865,-0.06972494721412659,-0.03379780054092407,-0.06430485799054964,-0.05209970474243164,-0.1634678840637207,-0.09028886213044984,-0.032027989625930786,-0.16839483380317688,-0.09334672196845872,-0.02570614218711853,-0.1508026421070099,-0.09535454168062074,-0.02771344780921936,-0.031456589698791504,-0.07395061804990632,-0.01490524411201477,-0.1559864580631256,-0.0926129142854677,-0.0004750490188598633,-0.1520843803882599,-0.08161920263509614,0.0031518638134002686,-0.1297450065612793,-0.0740114669416414,0.015344589948654175,-0.03477156162261963,-0.08500102861862047,0.024022400379180908,-0.130090594291687,-0.09615305765609605,0.02765747904777527,-0.12888291478157043,-0.08724120958785875,0.02760675549507141,-0.11250323057174683,-0.08066689177493913,am7
0.0,0.0,0.0,-0.041922032833099365,-0.028120696544647217,-0.006584168428020121,-0.07682710886001587,-0.08469843864440918,-0.022121945412294508,-0.08443951606750488,-0.14155173301696777,-0.03806725518538201,-0.08380818367004395,-0.17756301164627075,-0.055861391143338324,-0.09971031546592712,-0.058876752853393555,-0.049770031140582205,-0.10078001022338867,-0.1324605941772461,-0.07668833808733666,-0.10522991418838501,-0.1674644649028778,-0.09474731610848153,-0.1163817048072815,-0.18276405334472656,-0.10687847809626305,-0.0712709128856659,-0.04220843315124512,-0.0620938204391166,-0.06474694609642029,-0.15949702262878418,-0.08437472210957253,-0.06030872464179993,-0.17868506908416748,-0.08902709560229027,-0.0639868974685669,-0.17443153262138367,-0.09271702544523919,-0.0310630202293396,-0.03508317470550537,-0.07282887028290475,-0.0150737464427948,-0.15862345695495605,-0.09028774874045098,-0.0034473538398742676,-0.15642806887626648,-0.08154010401798928,-0.0016998350620269775,-0.1341317594051361,-0.07489195840193474,0.012098133563995361,-0.03383094072341919,-0.08450973408056939,0.0249631404876709,-0.1276877522468567,-0.09684095160795891,0.02742946147918701,-0.13192734122276306,-0.0891643725497886,0.025627046823501587,-0.11934968829154968,-0.08248623834683144,am7
0.0,0.0,0.0,-0.0441456139087677,-0.03667694330215454,-0.008703315273209,-0.07722187042236328,-0.09554246068000793,-0.026214875854833508,-0.08273500204086304,-0.15412050485610962,-0.04372548928139963,-0.08351314067840576,-0.19172602891921997,-0.0624170998263196,-0.10438945889472961,-0.05868661403656006,-0.05042815452097216,-0.09825828671455383,-0.1296745240688324,-0.07721020152447977,-0.0956006646156311,-0.16879194974899292,-0.09573275467036524,-0.0978955626487732,-0.1901654601097107,-0.10832748433230677,-0.0731738805770874,-0.03900587558746338,-0.061780719660504246,-0.06264162063598633,-0.15817472338676453,-0.08517834415314951,-0.05540016293525696,-0.1742844581604004,-0.09007198979733744,-0.05593007802963257,-0.16455760598182678,-0.09357660134909906,-0.03127235174179077,-0.03148871660232544,-0.07189180573104181,-0.0166376531124115,-0.15513011813163757,-0.09077270200131693,-0.008494049310684204,-0.1567874252796173,-0.0835243748652772,-0.00931599736213684,-0.13343378901481628,-0.0777352364885644,0.011394113302230835,-0.030201375484466553,-0.0829128088581399,0.025645941495895386,-0.12828943133354187,-0.09613155444739618,0.026000171899795532,-0.13306817412376404,-0.08981674780724802,0.021604955196380615,-0.11814340949058533,-0.08431677391408243,am7
0.0,0.0,0.0,-0.04469558596611023,-0.03451371192932129,-0.007169123468258931,-0.07739073038101196,-0.0907943844795227,-0.02366872616977389,-0.0835195779800415,-0.14803463220596313,-0.04067595229417975,-0.08344677090644836,-0.18567430973052979,-0.05905536488563712,-0.1054435670375824,-0.05905669927597046,-0.04564734474689658,-0.10174340009689331,-0.1287917196750641,-0.07113369480640586,-0.10227924585342407,-0.1687893569469452,-0.08831177578241522,-0.10561460256576538,-0.19031450152397156,-0.09935687408716376,-0.07536202669143677,-0.04347336292266846,-0.05703526661665137,-0.06788879632949829,-0.1537373960018158,-0.078752569117853,-0.0664808452129364,-0.1772732138633728,-0.08446030245096381,-0.07084673643112183,-0.1767103374004364,-0.08846817837030585,-0.034375786781311035,-0.03762894868850708,-0.06724593714744742,-0.020157158374786377,-0.15820148587226868,-0.08573158011705573,-0.01226341724395752,-0.16197949647903442,-0.08152736649782355,-0.012431412935256958,-0.14209198951721191,-0.07746409551174338,0.008742272853851318,-0.0379486083984375,-0.07814467624694998,0.022465169429779053,-0.13106000423431396,-0.09148188606769736,0.02324366569519043,-0.13588812947273254,-0.08750434891254599,0.020248234272003174,-0.12244117259979248,-0.0833265848544329,am7
0.0,0.0,0.0,-0.04597604274749756,-0.02630007266998291,-0.008141965441836874,-0.08137434720993042,-0.07910469174385071,-0.025838299490942518,-0.0872344970703125,-0.13352712988853455,-0.04377300741566614,-0.08336541056632996,-0.1685199737548828,-0.062344641261233846,-0.10514259338378906,-0.055394887924194336,-0.04920981156124071,-0.10161978006362915,-0.1385473906993866,-0.0767928742100139,-0.09505841135978699,-0.1761951446533203,-0.09334720747961,-0.09362807869911194,-0.19115281105041504,-0.10322921054853396,-0.07356512546539307,-0.04153627157211304,-0.0602036796738048,-0.057761192321777344,-0.16804897785186768,-0.08479168342842058,-0.047655582427978516,-0.17455145716667175,-0.08703263925804094,-0.04810705780982971,-0.15636825561523438,-0.08725107537998156,-0.03295552730560303,-0.03657788038253784,-0.07037551777852968,-0.013376176357269287,-0.16497182846069336,-0.08945700603021578,-0.005898475646972656,-0.15626928210258484,-0.08073917853130297,-0.009599834680557251,-0.12918174266815186,-0.07309281902803377,0.009470373392105103,-0.03720360994338989,-0.08145390527738527,0.024423867464065552,-0.13679149746894836,-0.09349747823966936,0.026249587535858154,-0.13306286931037903,-0.08586342709554629,0.02237120270729065,-0.1122153103351593,-0.07891305612815813,am7
0.0,0.0,0.0,-0.04653668403625488,-0.0339847207069397,-0.00866382190395143,-0.07849353551864624,-0.09397736191749573,-0.02846539386916902,-0.08210256695747375,-0.1566569209098816,-0.04837416851330545,-0.08195605874061584,-0.1994292140007019,-0.06903603294301774,-0.1055004894733429,-0.0688011646270752,-0.0540796182434633,-0.09786462783813477,-0.15460795164108276,-0.08235474297214296,-0.09141668677330017,-0.19036173820495605,-0.10039012500453737,-0.09159186482429504,-0.20573097467422485,-0.11205145337987688,-0.07346436381340027,-0.05422616004943848,-0.06579713144708421,-0.06515958905220032,-0.17277002334594727,-0.08930809417176988,-0.06049013137817383,-0.19677641987800598,-0.0951107553522661,-0.06290403008460999,-0.1988171935081482,-0.10019029298234727,-0.03156125545501709,-0.04855471849441528,-0.07587906339574602,-0.014801502227783203,-0.17483532428741455,-0.09258877107311037,-0.005879044532775879,-0.16678646206855774,-0.08410612860132005,-0.006716638803482056,-0.13792842626571655,-0.07875469693351533,0.011629223823547363,-0.047977447509765625,-0.08708662161041048,0.027382224798202515,-0.14540642499923706,-0.09897443273473527,0.027807891368865967,-0.14326998591423035,-0.09204645076204088,0.02353683114051819,-0.12330365180969238,-0.08658719429183748,am7
0.0,0.0,0.0,-0.04424184560775757,-0.04330122470855713,-0.014096641263279253,-0.07300490140914917,-0.11328303813934326,-0.040896021111223035,-0.07123920321464539,-0.182153582572937,-0.06679701460740262,-0.06824129819869995,-0.2311190366744995,-0.09224298252007657,-0.10701760649681091,-0.07201123237609863,-0.07334348960063153,-0.09560462832450867,-0.171828031539917,-0.11322016669652157,-0.07057321071624756,-0.22090113162994385,-0.139963668121311,-0.054029643535614014,-0.24880975484848022,-0.15712770475289517,-0.07288271188735962,-0.049625933170318604,-0.08754009409091168,-0.06954020261764526,-0.17607811093330383,-0.12639139248273068,-0.05371052026748657,-0.1974962055683136,-0.13753713323018246,-0.045704036951065063,-0.19353455305099487,-0.1442782993449896,-0.027091115713119507,-0.04010695219039917,-0.09989367826125317,-0.010713130235671997,-0.17472133040428162,-0.12615432990929776,0.005278646945953369,-0.15928953886032104,-0.11242964519402676,0.006460428237915039,-0.11936011910438538,-0.10176688833377057,0.018565207719802856,-0.03983241319656372,-0.11402207268616849,0.032422035932540894,-0.14812761545181274,-0.1296949799194067,0.03671666979789734,-0.14311861991882324,-0.11644810093781643,0.03387024998664856,-0.11611801385879517,-0.1057895611061781,am7
0.0,0.0,0.0,-0.04643407464027405,-0.045946598052978516,-0.012444995464477415,-0.07800650596618652,-0.11982500553131104,-0.03796988178947913,-0.07579723000526428,-0.19375845789909363,-0.0634068568513726,-0.06866997480392456,-0.24312371015548706,-0.08845211763838279,-0.11007964611053467,-0.078249990940094,-0.06839189131716239,-0.09656444191932678,-0.20004308223724365,-0.1084367503688668,-0.06861838698387146,-0.26405054330825806,-0.13402994175413596,-0.05215555429458618,-0.2995423972606659,-0.1496337821052407,-0.07498642802238464,-0.05559486150741577,-0.08329312701681602,-0.06929886341094971,-0.1928216814994812,-0.12475813378551948,-0.045196354389190674,-0.2003706693649292,-0.13365695078829276,-0.03339865803718567,-0.17427736520767212,-0.13577796717146384,-0.02943873405456543,-0.044612884521484375,-0.0965937544868325,-0.012433648109436035,-0.1786363124847412,-0.12427812267998206,0.006377667188644409,-0.16354715824127197,-0.10980659921625602,0.006107717752456665,-0.12128576636314392,-0.09642692108610618,0.016001582145690918,-0.04381662607192993,-0.11148846347788322,0.03178328275680542,-0.1514253318309784,-0.12484725018003928,0.03692469000816345,-0.14156115055084229,-0.10939856071928489,0.03156018257141113,-0.10758894681930542,-0.09638829727629172,am7
0.0,0.0,0.0,-0.044881194829940796,-0.04804748296737671,-0.011769287669267214,-0.07628756761550903,-0.12271112203598022,-0.038878453345205344,-0.08051195740699768,-0.19176170229911804,-0.06627503168692783,-0.08224406838417053,-0.23801568150520325,-0.0936491204511185,-0.1148315966129303,-0.0899994969367981,-0.07250443977227405,-0.10231149196624756,-0.2154538929462433,-0.11358349901547626,-0.07788464426994324,-0.2899421155452728,-0.14031113070359424,-0.06056267023086548,-0.3439369201660156,-0.15806510430684284,-0.0799923837184906,-0.06360411643981934,-0.08895313125958637,-0.07804477214813232,-0.2009482979774475,-0.13311890643944935,-0.055456191301345825,-0.2099960446357727,-0.14272228759637073,-0.044014930725097656,-0.18978339433670044,-0.1463059870611687,-0.03337416052818298,-0.05066758394241333,-0.103372388900425,-0.017481625080108643,-0.18861618638038635,-0.13459322732796863,0.0027818679809570312,-0.17190799117088318,-0.1189220337282677,0.002333402633666992,-0.12808474898338318,-0.10510794949641422,0.012078791856765747,-0.04975789785385132,-0.11921311301102833,0.027892231941223145,-0.16179341077804565,-0.13607908171525196,0.03329455852508545,-0.1493595540523529,-0.12080012393107609,0.026789098978042603,-0.11126399040222168,-0.10793795567860798,am7
0.0,0.0,0.0,-0.0496220588684082,-0.05559486150741577,-0.01103981942117116,-0.08284825086593628,-0.14476549625396729,-0.03878186162739894,-0.08697310090065002,-0.2246500551700592,-0.06642310958534381,-0.08564236760139465,-0.2691769003868103,-0.09339859228759906,-0.11983433365821838,-0.0897040069103241,-0.07867734771400592,-0.10551014542579651,-0.22220078110694885,-0.11975399296909472,-0.07989946007728577,-0.2958526015281677,-0.14438156675726077,-0.06109020113945007,-0.34637415409088135,-0.16062536727815768,-0.08229538798332214,-0.06183570623397827,-0.09643447291284701,-0.07981833815574646,-0.20728003978729248,-0.14047141265302798,-0.05830320715904236,-0.20818179845809937,-0.14648145329385898,-0.04902458190917969,-0.18000978231430054,-0.14832617234617373,-0.03529664874076843,-0.04925602674484253,-0.11197645109325549,-0.02131044864654541,-0.19395583868026733,-0.14197821807294986,-0.0028114616870880127,-0.17053216695785522,-0.12320781391292712,-0.0058227479457855225,-0.12322896718978882,-0.10846371095806262,0.011259615421295166,-0.04956716299057007,-0.12909674536615512,0.023973673582077026,-0.16500231623649597,-0.14394223582178256,0.028731584548950195,-0.14456230401992798,-0.12688444446951053,0.021299749612808228,-0.10064157843589783,-0.11385841559797427,am7
0.0,0.0,0.0,-0.05156832933425903,-0.05905693769454956,-0.011155448853173766,-0.0845952033996582,-0.15030553936958313,-0.040400457567670855,-0.0862305760383606,-0.23347803950309753,-0.0697582671410828,-0.08170011639595032,-0.2873002290725708,-0.09853983763525775,-0.12028762698173523,-0.09310171008110046,-0.08072656486103824,-0.10668724775314331,-0.2236170768737793,-0.12265753094027332,-0.08107489347457886,-0.296992689371109,-0.147029750979641,-0.060571253299713135,-0.34684474766254425,-0.16291617695162586,-0.08210954070091248,-0.0638306736946106,-0.09915889147589496,-0.07891440391540527,-0.21123233437538147,-0.1434686565763741,-0.057647883892059326,-0.20725199580192566,-0.1482487553722649,-0.050480812788009644,-0.17526710033416748,-0.14928678516218952,-0.03469255566596985,-0.051183998584747314,-0.11550986859867862,-0.020217180252075195,-0.19601786136627197,-0.14573197904894641,-0.0024901926517486572,-0.17298799753189087,-0.12645881716082386,-0.006555229425430298,-0.12639451026916504,-0.11164444032976917,0.011638641357421875,-0.051168739795684814,-0.13350493553946308,0.025158047676086426,-0.1666228473186493,-0.14783544186423114,0.029560953378677368,-0.14535054564476013,-0.13017188850710681,0.021716296672821045,-0.10094466805458069,-0.11708622518847278,am7
0.0,0.0,0.0,-0.05040407180786133,-0.06256961822509766,-0.010494978404551603,-0.08307918906211853,-0.15658172965049744,-0.03896550764790163,-0.08478045463562012,-0.24049818515777588,-0.06738682766905413,-0.0811038613319397,-0.28971877694129944,-0.09501873632422075,-0.12011051177978516,-0.09403735399246216,-0.07963890512934313,-0.10562220215797424,-0.22776690125465393,-0.12023987551680193,-0.07873594760894775,-0.29998934268951416,-0.14375185152044878,-0.05864313244819641,-0.3480628430843353,-0.15925005753985033,-0.08169633150100708,-0.06431913375854492,-0.09793776949396715,-0.0781002938747406,-0.2130550742149353,-0.1413365521048604,-0.055791258811950684,-0.2117691934108734,-0.14598051389208422,-0.046849727630615234,-0.18164467811584473,-0.14718193491449938,-0.03443843126296997,-0.05134785175323486,-0.11405926128378496,-0.01986551284790039,-0.19930344820022583,-0.14283036371222124,-0.002118915319442749,-0.17714565992355347,-0.12355204602232561,-0.005782186985015869,-0.1306491494178772,-0.10915186186781511,0.012496411800384521,-0.05216073989868164,-0.1318145610903798,0.025670349597930908,-0.16812986135482788,-0.1452580608939229,0.029449403285980225,-0.14759796857833862,-0.12808736344328508,0.021172910928726196,-0.10381028056144714,-0.11567880888929949,am7
0.0,0.0,0.0,-0.050450146198272705,-0.06520003080368042,-0.00963441501073703,-0.08147549629211426,-0.1612628996372223,-0.03861587247513398,-0.08262184262275696,-0.24602490663528442,-0.06759357577823266,-0.07965582609176636,-0.2914178967475891,-0.09585221237205133,-0.11840119957923889,-0.09814143180847168,-0.08180516338609323,-0.10232466459274292,-0.23418951034545898,-0.12206701314710244,-0.07399573922157288,-0.3055497109889984,-0.14491137987636193,-0.05316135287284851,-0.351693719625473,-0.15987117713950738,-0.07906201481819153,-0.06799280643463135,-0.1006261048343049,-0.0742017924785614,-0.21745455265045166,-0.14247165745757684,-0.0518990159034729,-0.2165047526359558,-0.14565828568004235,-0.04257965087890625,-0.18668466806411743,-0.146382839741932,-0.031219273805618286,-0.05470931529998779,-0.11698199188970193,-0.016175776720046997,-0.20275694131851196,-0.14341944581531152,0.0006920397281646729,-0.18094506859779358,-0.12243530279658899,-0.002696484327316284,-0.13431355357170105,-0.10775695121549234,0.01590326428413391,-0.05547052621841431,-0.13507093614600763,0.029913276433944702,-0.17112088203430176,-0.14668576544784173,0.03291085362434387,-0.1511569321155548,-0.12836882597468957,0.02477458119392395,-0.10789072513580322,-0.11561924344562158,am7
0.0,0.0,0.0,-0.05191737413406372,-0.0645553469657898,-0.009794189082526827,-0.08352261781692505,-0.1630329191684723,-0.038035064423525,-0.08384069800376892,-0.24917462468147278,-0.06603667461320128,-0.07913318276405334,-0.2977004051208496,-0.0931645812933084,-0.11893719434738159,-0.09756910800933838,-0.08182618343278136,-0.10084712505340576,-0.2373051941394806,-0.12272818707867827,-0.07310914993286133,-0.309249609708786,-0.1460827844683763,-0.051900893449783325,-0.3575502187013626,-0.16126875155612197,-0.07915467023849487,-0.06792062520980835,-0.10024025612517562,-0.07400980591773987,-0.2197059690952301,-0.14388642781420913,-0.055526137351989746,-0.21790367364883423,-0.14763138764544692,-0.04689487814903259,-0.18727803230285645,-0.14819640987559524,-0.0316045880317688,-0.054129183292388916,-0.1162336873356935,-0.0166262686252594,-0.20397871732711792,-0.1443539517466661,-0.0026026368141174316,-0.17993369698524475,-0.12375041418715682,-0.006660968065261841,-0.13348522782325745,-0.10852078669711318,0.016053617000579834,-0.054490864276885986,-0.1338069545571443,0.02873292565345764,-0.1718364953994751,-0.1462644743268129,0.029850512742996216,-0.15043219923973083,-0.12816987507983413,0.021124839782714844,-0.10719919204711914,-0.11508142524405685,am7
0.0,0.0,0.0,-0.052727341651916504,-0.06282579898834229,-0.00977324175312333,-0.08316817879676819,-0.1612718105316162,-0.038999671513579415,-0.0812152624130249,-0.24847456812858582,-0.0678945355363112,-0.0747261643409729,-0.2973164916038513,-0.09603724854662232,-0.11726093292236328,-0.09905606508255005,-0.08462282496168427,-0.0994945764541626,-0.2389567494392395,-0.1257422738023024,-0.07216107845306396,-0.3129313588142395,-0.14919024931862168,-0.050322264432907104,-0.36370353400707245,-0.1646165721364241,-0.0769401490688324,-0.07020807266235352,-0.10316355007364564,-0.07173535227775574,-0.22146624326705933,-0.14695058989002519,-0.054950714111328125,-0.21955624222755432,-0.15038071798755936,-0.04772228002548218,-0.1894022822380066,-0.15104171859695725,-0.029052674770355225,-0.05699986219406128,-0.11903072374536805,-0.014046132564544678,-0.2061084806919098,-0.14647253083660416,-0.0012151598930358887,-0.18069535493850708,-0.12496211605741792,-0.005989760160446167,-0.13306421041488647,-0.10958285855724625,0.018601685762405396,-0.0576816201210022,-0.13658175098373704,0.03138035535812378,-0.17361736297607422,-0.14861902820541673,0.03185439109802246,-0.1511971652507782,-0.13008855509235673,0.022942453622817993,-0.10737839341163635,-0.1169212557621222,am7
0.0,0.0,0.0,-0.05202624201774597,-0.06392931938171387,-0.009636994081006378,-0.08164393901824951,-0.15965846180915833,-0.03907169457750115,-0.08056750893592834,-0.24601486325263977,-0.06820658277945313,-0.07830137014389038,-0.2958231270313263,-0.09656937103943619,-0.11716580390930176,-0.09785377979278564,-0.08354834150748047,-0.09962582588195801,-0.23761829733848572,-0.12460664343313965,-0.07259100675582886,-0.31276774406433105,-0.14717705976443085,-0.05108729004859924,-0.36192743480205536,-0.16147970091776642,-0.07636621594429016,-0.06958222389221191,-0.10192115288452896,-0.07042869925498962,-0.2223522663116455,-0.14520980846361908,-0.051193803548812866,-0.21872949600219727,-0.14646448623614106,-0.04294416308403015,-0.18508946895599365,-0.1451782925076941,-0.028442800045013428,-0.056405723094940186,-0.11798435133175644,-0.014058202505111694,-0.20357555150985718,-0.1453984124608496,-0.0009977519512176514,-0.17973023653030396,-0.12278542351202759,-0.005022197961807251,-0.13379999995231628,-0.106458973700569,0.01935604214668274,-0.056564927101135254,-0.135661412591503,0.031412988901138306,-0.17113494873046875,-0.1475526286311606,0.03179675340652466,-0.1489405333995819,-0.1286631716437796,0.022969931364059448,-0.10543802380561829,-0.11518183779196534,am7
0.0,0.0,0.0,-0.052026212215423584,-0.06463980674743652,-0.010056068601670631,-0.08146712183952332,-0.15957456827163696,-0.03903741430735863,-0.08064785599708557,-0.2437988519668579,-0.067695908660653,-0.0794324278831482,-0.2897241711616516,-0.09570726048445977,-0.11586472392082214,-0.09919792413711548,-0.0826461468288926,-0.097939133644104,-0.23815342783927917,-0.12388424616551674,-0.07162222266197205,-0.3147008717060089,-0.14765045088029183,-0.05034744739532471,-0.36697645485401154,-0.16301845055318154,-0.0745268166065216,-0.07148867845535278,-0.10079114925360955,-0.06820565462112427,-0.22299590706825256,-0.14451094012952126,-0.05134418606758118,-0.22216153144836426,-0.14757965546345986,-0.04368031024932861,-0.19154095649719238,-0.14766371291375435,-0.02628001570701599,-0.05807983875274658,-0.11655191373324669,-0.010806024074554443,-0.20415863394737244,-0.1442623291561631,0.0005608499050140381,-0.17943841218948364,-0.12259128730988778,-0.004282355308532715,-0.13318324089050293,-0.10682202171778954,0.02120840549468994,-0.05786532163619995,-0.13402022462582863,0.03352510929107666,-0.17186319828033447,-0.1463840607950715,0.03292343020439148,-0.149981290102005,-0.12794069987035073,0.023696482181549072,-0.10716238617897034,-0.11460311006999291,am7
0.0,0.0,0.0,-0.05176270008087158,-0.06413054466247559,-0.010705463011333904,-0.08085420727729797,-0.16101747751235962,-0.0394354149518108,-0.07820752263069153,-0.24930238723754883,-0.0676121100602245,-0.07590284943580627,-0.3020038604736328,-0.09476664511538502,-0.11501652002334595,-0.09758055210113525,-0.08193491248465534,-0.09760382771492004,-0.23794445395469666,-0.12278711644984242,-0.07080641388893127,-0.3119690418243408,-0.14531265048361774,-0.05021718144416809,-0.3603116273880005,-0.15944957582331654,-0.0730569064617157,-0.07000017166137695,-0.09922048298693653,-0.06602028012275696,-0.223470538854599,-0.14334641246176716,-0.04872480034828186,-0.2189357578754425,-0.14533834008551594,-0.04212057590484619,-0.18468663096427917,-0.14402152447081562,-0.02483651041984558,-0.05759382247924805,-0.1143902227101421,-0.01123666763305664,-0.20410481095314026,-0.14252726582861897,-0.000719219446182251,-0.17927542328834534,-0.12054923771000858,-0.006250977516174316,-0.13333752751350403,-0.1041251778421497,0.022676706314086914,-0.057999372482299805,-0.13122957794047352,0.03391140699386597,-0.17127922177314758,-0.1435371622262096,0.032410383224487305,-0.1479734182357788,-0.1251457169470882,0.022578448057174683,-0.10448479652404785,-0.11169117538310047,am7
0.0,0.0,0.0,-0.05118367075920105,-0.06516259908676147,-0.011924587667806463,-0.08001911640167236,-0.161085307598114,-0.041181905672772245,-0.07895442843437195,-0.24756258726119995,-0.0697379880704716,-0.07849982380867004,-0.2994511127471924,-0.09727666761062892,-0.11615127325057983,-0.09670060873031616,-0.08377076919458659,-0.09697723388671875,-0.2370074987411499,-0.1251814314284161,-0.06964725255966187,-0.3093934655189514,-0.14836447919986995,-0.049099892377853394,-0.3565313071012497,-0.16302595521591456,-0.07372885942459106,-0.06878358125686646,-0.10072706873796733,-0.06505772471427917,-0.22015544772148132,-0.1444680341639355,-0.04871290922164917,-0.21708011627197266,-0.14707666124485286,-0.0423736572265625,-0.18466684222221375,-0.14682426537655147,-0.024984151124954224,-0.055399179458618164,-0.1156255402722195,-0.010163545608520508,-0.20030906796455383,-0.14398334409378322,0.0005788803100585938,-0.17538470029830933,-0.12264713133953364,-0.00422254204750061,-0.1298580765724182,-0.10696564848802836,0.022855103015899658,-0.055103600025177,-0.13227784122608455,0.03587046265602112,-0.16818547248840332,-0.14525475587032588,0.034400761127471924,-0.1457257866859436,-0.12748898054741176,0.024827539920806885,-0.1027451753616333,-0.11454196508310588,am7
0.0,0.0,0.0,-0.05095204710960388,-0.06737059354782104,-0.009797896444183607,-0.07915171980857849,-0.16434887051582336,-0.038649874924999494,-0.07768139243125916,-0.2500176727771759,-0.06739916205344798,-0.07509201765060425,-0.301031231880188,-0.09561343789039256,-0.11314359307289124,-0.09993976354598999,-0.08301401436267497,-0.09471693634986877,-0.2371874749660492,-0.12371767610250117,-0.06789520382881165,-0.31372570991516113,-0.14681908041177394,-0.0472070574760437,-0.36501699686050415,-0.16178485304055812,-0.0719718337059021,-0.07082343101501465,-0.10133579671321513,-0.06238389015197754,-0.22190850973129272,-0.1434441015118182,-0.042856425046920776,-0.21873259544372559,-0.14499373286901118,-0.03682243824005127,-0.18458259105682373,-0.14455078095136287,-0.02317628264427185,-0.05625373125076294,-0.11734987348256709,-0.00867411494255066,-0.2016076147556305,-0.14449481218991878,0.006464779376983643,-0.17854663729667664,-0.12203813642202022,0.0028601884841918945,-0.13174152374267578,-0.10615428090034129,0.024425208568572998,-0.05467110872268677,-0.13508578687844874,0.038921356201171875,-0.16891756653785706,-0.14767325967488887,0.040478795766830444,-0.1484163999557495,-0.1292909339064181,0.03235623240470886,-0.10425460338592529,-0.11624279916225078,am7
0.0,0.0,0.0,-0.049396783113479614,-0.0702025294303894,-0.011813986150116307,-0.07823464274406433,-0.1705361306667328,-0.03905020285168348,-0.07728597521781921,-0.2585737109184265,-0.06563564765968977,-0.07437771558761597,-0.3089487552642822,-0.09085258472481428,-0.11405616998672485,-0.0993531346321106,-0.07911863554039655,-0.0936957597732544,-0.23716622591018677,-0.11947600919523893,-0.06351560354232788,-0.3040059208869934,-0.14211645353356062,-0.04403609037399292,-0.3443765640258789,-0.15645193684616743,-0.07257670164108276,-0.07001835107803345,-0.09595315534392057,-0.0612432062625885,-0.21964895725250244,-0.13948924470463453,-0.040795087814331055,-0.21374326944351196,-0.1427154355100697,-0.03376677632331848,-0.17843708395957947,-0.14239048588791547,-0.02385556697845459,-0.055230915546417236,-0.11100183058300672,-0.007900327444076538,-0.1995113492012024,-0.1394883506349629,0.004869371652603149,-0.17643329501152039,-0.1194499172619885,-0.0003591179847717285,-0.1313389539718628,-0.10428253192225156,0.02409723401069641,-0.05341136455535889,-0.1278391294530934,0.04048570990562439,-0.16581737995147705,-0.14107028770962415,0.03938356041908264,-0.1445462703704834,-0.12452098358193098,0.028692305088043213,-0.1022258996963501,-0.1123732515029019,am7
0.0,0.0,0.0,-0.04797479510307312,-0.07102102041244507,-0.010590301946194813,-0.07442370057106018,-0.16913753747940063,-0.03766395722368543,-0.07309460639953613,-0.25391244888305664,-0.06453030754664724,-0.07504060864448547,-0.2972026467323303,-0.09041495819428746,-0.11136758327484131,-0.10230976343154907,-0.07786524494031255,-0.09195384383201599,-0.23732131719589233,-0.11813334573844259,-0.06360951066017151,-0.3112560510635376,-0.1422535722408611,-0.04295709729194641,-0.35966694355010986,-0.15779409755805318,-0.07111191749572754,-0.07152920961380005,-0.09535099019149129,-0.06105735898017883,-0.2196691632270813,-0.13741520990470235,-0.042304426431655884,-0.22233062982559204,-0.1416497622881252,-0.034782737493515015,-0.1938439905643463,-0.14284321118930166,-0.022650212049484253,-0.05527883768081665,-0.11080106546023671,-0.0057131946086883545,-0.19961458444595337,-0.13808656682112996,0.006641000509262085,-0.17886942625045776,-0.11783451785186116,0.0016026496887207031,-0.13314127922058105,-0.1031298061166126,0.024903088808059692,-0.05237126350402832,-0.12810633529761617,0.0415782630443573,-0.16650709509849548,-0.14127164532283132,0.04092946648597717,-0.14792600274085999,-0.12423062522748296,0.03110828995704651,-0.10548585653305054,-0.11181114067176168,am7
0.0,0.0,0.0,-0.048703908920288086,-0.07227665185928345,-0.011722777363104342,-0.07645344734191895,-0.17318853735923767,-0.03914072862659168,-0.0748281180858612,-0.26104894280433655,-0.06583356610332203,-0.07091116905212402,-0.30789077281951904,-0.09124736240897846,-0.11336216330528259,-0.09771168231964111,-0.07853467515502643,-0.09257805347442627,-0.233104407787323,-0.11888606599364948,-0.06263691186904907,-0.30283722281455994,-0.14175643524919224,-0.041827648878097534,-0.3458024561405182,-0.15624686083589268,-0.07200738787651062,-0.06843745708465576,-0.09543404481206608,-0.06078246235847473,-0.21719926595687866,-0.13911147913728428,-0.0404166579246521,-0.21305567026138306,-0.14214563867841434,-0.03286087512969971,-0.1784263551235199,-0.14146931967530918,-0.023428410291671753,-0.05329781770706177,-0.1105731328466959,-0.007620275020599365,-0.196914941072464,-0.139017214391572,0.004761338233947754,-0.17463526129722595,-0.11866927645002079,-0.0004652440547943115,-0.12997084856033325,-0.10310805341993046,0.024563640356063843,-0.05110961198806763,-0.12753864130769443,0.040656864643096924,-0.1620180308818817,-0.1406554927567072,0.038776248693466187,-0.14119163155555725,-0.12397000691686344,0.0274813175201416,-0.09950393438339233,-0.11165329566989612,am7
0.0,0.0,0.0,-0.04862084984779358,-0.06917333602905273,-0.010807594133211751,-0.07327675819396973,-0.16718673706054688,-0.03802352942307152,-0.0707186758518219,-0.2521888315677643,-0.06495326183517136,-0.0724557638168335,-0.2866741716861725,-0.0909999104567305,-0.1130037009716034,-0.1003369688987732,-0.07708066873033204,-0.09160640835762024,-0.2356487512588501,-0.11632523111779847,-0.06248125433921814,-0.3083054721355438,-0.14050034604747452,-0.04125222563743591,-0.3580282926559448,-0.1567747684546248,-0.07256776094436646,-0.0709986686706543,-0.09465789221007981,-0.06136539578437805,-0.21835008263587952,-0.13651430032928147,-0.042205363512039185,-0.2191658616065979,-0.14207575641353287,-0.035195499658584595,-0.19090452790260315,-0.14450640402515091,-0.02426406741142273,-0.05537247657775879,-0.10998577795703568,-0.006704807281494141,-0.20003142952919006,-0.13657466493327775,0.007246613502502441,-0.1759626269340515,-0.1165390255280272,0.002542644739151001,-0.12930148839950562,-0.1022926362581984,0.023032158613204956,-0.052852630615234375,-0.1273041906185881,0.03961959481239319,-0.1652480959892273,-0.14061381838996567,0.04026317596435547,-0.14431169629096985,-0.1239567341633574,0.0308263897895813,-0.10127848386764526,-0.11188452116925873,am7
0.0,0.0,0.0,-0.04926702380180359,-0.07151132822036743,-0.011133272027166186,-0.07427904009819031,-0.17353442311286926,-0.03839762770900279,-0.07014644145965576,-0.2623146176338196,-0.06523607188233882,-0.06420600414276123,-0.3062823414802551,-0.09130132460364848,-0.11127176880836487,-0.10227000713348389,-0.0777233865238145,-0.09032604098320007,-0.23473772406578064,-0.11739821249017268,-0.061843305826187134,-0.307272732257843,-0.14129648619660884,-0.040783196687698364,-0.35735154151916504,-0.15718158596524745,-0.07019537687301636,-0.07192003726959229,-0.09513135516414195,-0.057494670152664185,-0.21973776817321777,-0.1380735736466363,-0.039618998765945435,-0.21557879447937012,-0.14270272367963344,-0.034414589405059814,-0.18295839428901672,-0.14376018458375484,-0.021189630031585693,-0.05602496862411499,-0.11050486826667338,-0.004665404558181763,-0.20029467344284058,-0.1386519771195367,0.00688403844833374,-0.17762044072151184,-0.11951786541709453,0.0009150207042694092,-0.13286960124969482,-0.10497971886167079,0.026866137981414795,-0.0535544753074646,-0.1276733677960351,0.042306095361709595,-0.16626283526420593,-0.1410105627156213,0.04057183861732483,-0.14563706517219543,-0.1246402960396722,0.029901564121246338,-0.10355710983276367,-0.11255786829957515,am7
0.0,0.0,0.0,-0.04959660768508911,-0.07051301002502441,-0.010924677724801768,-0.07369005680084229,-0.1730455756187439,-0.03856287373866962,-0.0655648410320282,-0.26322945952415466,-0.06563061325516628,-0.05618101358413696,-0.3134419918060303,-0.09163825808730053,-0.10849127173423767,-0.10327678918838501,-0.07954908012118267,-0.08663564920425415,-0.23828774690628052,-0.11986674218144344,-0.056214332580566406,-0.3107236623764038,-0.1430756807204716,-0.033491939306259155,-0.3585119843482971,-0.15804705618586468,-0.06666803359985352,-0.07397204637527466,-0.0970239475246899,-0.055703550577163696,-0.22397983074188232,-0.14123499988284038,-0.03697475790977478,-0.21936029195785522,-0.14483905433382915,-0.029831111431121826,-0.18435388803482056,-0.14443500934805797,-0.01771983504295349,-0.058450400829315186,-0.11242130248513149,-0.0014830231666564941,-0.20290225744247437,-0.1407360345002644,0.00946095585823059,-0.17923790216445923,-0.12046447991099285,0.003288865089416504,-0.1335410475730896,-0.10478135048117565,0.030358821153640747,-0.05569249391555786,-0.12959389983382152,0.04575181007385254,-0.16714543104171753,-0.1424406677361958,0.04309186339378357,-0.14531287550926208,-0.12530178426470684,0.03164267539978027,-0.1026144027709961,-0.11255405693020748,am7
0.0,0.0,0.0,-0.04807114601135254,-0.06791234016418457,-0.010602870755349159,-0.07221877574920654,-0.16871559619903564,-0.03792927952900982,-0.06554964184761047,-0.25555458664894104,-0.06477999108329868,-0.05728799104690552,-0.3045290410518646,-0.09038575904861545,-0.10604342818260193,-0.10663068294525146,-0.0796589495469675,-0.0845845639705658,-0.24140596389770508,-0.12133852558628178,-0.05353415012359619,-0.31439918279647827,-0.1450665982295618,-0.028989195823669434,-0.3624441623687744,-0.15984518247142887,-0.06595993041992188,-0.0772058367729187,-0.0971431227256403,-0.054670095443725586,-0.22637629508972168,-0.14301527457729435,-0.036498308181762695,-0.2195287048816681,-0.14615839140907383,-0.029186248779296875,-0.18415948748588562,-0.14465867894188023,-0.018184036016464233,-0.061331331729888916,-0.11264226006761646,0.0006700754165649414,-0.20507225394248962,-0.1423498036195383,0.011388331651687622,-0.17820292711257935,-0.12114538418546772,0.005151122808456421,-0.13255736231803894,-0.10403384434476948,0.02965506911277771,-0.0584484338760376,-0.1298480124999628,0.0462491512298584,-0.17075061798095703,-0.14259577708736515,0.04369273781776428,-0.14637121558189392,-0.12413778322235203,0.03242650628089905,-0.10302609205245972,-0.11006975340143299,am7
0.0,0.0,0.0,-0.04840251803398132,-0.0704880952835083,-0.011032063566858596,-0.07106420397758484,-0.17225775122642517,-0.03939018124412996,-0.06082439422607422,-0.2602214813232422,-0.06740288907360537,-0.04932123422622681,-0.31760650873184204,-0.09415910118889315,-0.1041455864906311,-0.11029911041259766,-0.08263604813885195,-0.0824270248413086,-0.24293920397758484,-0.1254399465925644,-0.049983322620391846,-0.3128340542316437,-0.14972554618191225,-0.025878608226776123,-0.35720545053482056,-0.16478108340572817,-0.0639074444770813,-0.07860428094863892,-0.10045180940699083,-0.051297664642333984,-0.22608038783073425,-0.14705895358395082,-0.0335007905960083,-0.22054314613342285,-0.15069532865356905,-0.027923107147216797,-0.18627357482910156,-0.14991926127743227,-0.015346556901931763,-0.0612146258354187,-0.11625667387318117,0.0032819807529449463,-0.20589229464530945,-0.14674602919888002,0.014557123184204102,-0.1795257329940796,-0.12508067959618074,0.008317947387695312,-0.13283666968345642,-0.1077463152415703,0.03334391117095947,-0.057403385639190674,-0.13379754597019655,0.04974234104156494,-0.17086052894592285,-0.14747833186459047,0.04732406139373779,-0.14816755056381226,-0.12871300154995424,0.03657439351081848,-0.10527575016021729,-0.11435393714975817,am7
0.0,0.0,0.0,-0.04901576042175293,-0.0704033374786377,-0.009546981307835267,-0.07224926352500916,-0.17289996147155762,-0.03674003213939159,-0.06191191077232361,-0.26036736369132996,-0.063608312162728,-0.04748958349227905,-0.3187631666660309,-0.08908628776964633,-0.10304749011993408,-0.11076736450195312,-0.0820663507312247,-0.08254516124725342,-0.24084609746932983,-0.12347496405539005,-0.050277143716812134,-0.30842816829681396,-0.1451466541021773,-0.027487188577651978,-0.34899741411209106,-0.15810877189335315,-0.0631815493106842,-0.08012521266937256,-0.10006255761084049,-0.050826460123062134,-0.22909370064735413,-0.1460389356344649,-0.03221398591995239,-0.22106635570526123,-0.14781640574631183,-0.02757689356803894,-0.1827864646911621,-0.1449783156841704,-0.014664143323898315,-0.06252181529998779,-0.11581146076616733,0.0036694705486297607,-0.20548191666603088,-0.1463646899193236,0.015471041202545166,-0.17913779616355896,-0.12456992373165576,0.008829712867736816,-0.13247141242027283,-0.10639361396727054,0.0343775749206543,-0.05718356370925903,-0.13293805823025195,0.05101397633552551,-0.17059510946273804,-0.14582789048847644,0.04854366183280945,-0.14835408329963684,-0.1266307394236037,0.037549614906311035,-0.10499083995819092,-0.11178825155195682,am7
0.0,0.0,0.0,-0.04769083857536316,-0.07038390636444092,-0.010316608844050279,-0.07120981812477112,-0.17277827858924866,-0.037872441483386865,-0.06137755513191223,-0.2607632279396057,-0.06500234491909396,-0.04664820432662964,-0.31901806592941284,-0.09068010039413821,-0.10338565707206726,-0.11111366748809814,-0.08323621041859042,-0.08272555470466614,-0.24242308735847473,-0.12532693184698473,-0.04892998933792114,-0.3085710406303406,-0.14643022455061327,-0.025814980268478394,-0.34590280055999756,-0.1585650000699843,-0.06398344039916992,-0.0791783332824707,-0.10101477838838946,-0.05095267295837402,-0.2299988567829132,-0.14810359515035998,-0.029249876737594604,-0.21995404362678528,-0.14898531175936114,-0.023416757583618164,-0.1791265606880188,-0.1447761360534514,-0.015698015689849854,-0.06081646680831909,-0.11671164668882739,0.003911882638931274,-0.20288151502609253,-0.14853678680742632,0.01809626817703247,-0.1757192313671112,-0.12632627822245013,0.011879146099090576,-0.1289021372795105,-0.10716910697306048,0.033007919788360596,-0.05503034591674805,-0.13377584554041277,0.05142861604690552,-0.16728311777114868,-0.14698173142755877,0.04995429515838623,-0.14537516236305237,-0.12744663692797076,0.03827551007270813,-0.10267990827560425,-0.11210697181309115,am7
0.0,0.0,0.0,-0.048435091972351074,-0.06898808479309082,-0.00834411786001965,-0.07240456342697144,-0.16910770535469055,-0.034830596605957,-0.06362512707710266,-0.2542409598827362,-0.06138852269452855,-0.04969701170921326,-0.3092353343963623,-0.08669504926604077,-0.10178008675575256,-0.11318737268447876,-0.0801680947939758,-0.08204516768455505,-0.24254322052001953,-0.1220069642464523,-0.04981526732444763,-0.31026339530944824,-0.14401270852488324,-0.026687920093536377,-0.3497043251991272,-0.15682107613486096,-0.0637531578540802,-0.08242309093475342,-0.0986057783762817,-0.05102697014808655,-0.23072952032089233,-0.14450152621668622,-0.031587421894073486,-0.22353792190551758,-0.1460245590011482,-0.026398122310638428,-0.18532046675682068,-0.14269251034659192,-0.016475141048431396,-0.06439685821533203,-0.11484416232508465,0.004246354103088379,-0.20614317059516907,-0.14600336954993054,0.016787588596343994,-0.17950493097305298,-0.12444556162756726,0.009771168231964111,-0.1328423023223877,-0.10599827424687192,0.03199872374534607,-0.05880439281463623,-0.13229255781573102,0.050401270389556885,-0.171675443649292,-0.14546789632242962,0.04851025342941284,-0.14979317784309387,-0.12613341615599438,0.036788761615753174,-0.10713702440261841,-0.11093058840435788,am7
0.0,0.0,0.0,-0.04709517955780029,-0.06864720582962036,-0.009211935164330498,-0.07037588953971863,-0.16815796494483948,-0.0359103363621216,-0.0627044141292572,-0.2519172430038452,-0.0624073465037327,-0.04972037672996521,-0.30421411991119385,-0.08770122198939134,-0.10062858462333679,-0.11477041244506836,-0.0810138714182358,-0.08181831240653992,-0.2437140941619873,-0.12316113530278017,-0.04802125692367554,-0.3115246891975403,-0.14532937674403001,-0.023528248071670532,-0.35181665420532227,-0.15812300710558702,-0.06242012977600098,-0.08437478542327881,-0.09889858035921861,-0.05059903860092163,-0.23329275846481323,-0.1456929501759987,-0.029650896787643433,-0.22691333293914795,-0.14756258396982957,-0.022793352603912354,-0.18956726789474487,-0.14385673968672563,-0.015045374631881714,-0.06615263223648071,-0.11451819358944704,0.006287217140197754,-0.20657718181610107,-0.1461224165427666,0.019276410341262817,-0.17858648300170898,-0.12445012299895097,0.012897491455078125,-0.13191181421279907,-0.1053237748014908,0.0335577130317688,-0.060099780559539795,-0.13140522508501817,0.05253741145133972,-0.17194101214408875,-0.144420152591465,0.05048048496246338,-0.150526762008667,-0.12464898644566347,0.038768112659454346,-0.10870906710624695,-0.10882665781855394,am7
0.0,0.0,0.0,-0.04859080910682678,-0.06916660070419312,-0.009779773228899558,-0.0718984305858612,-0.17079907655715942,-0.0364270252595702,-0.0607323944568634,-0.25728315114974976,-0.06264872154696377,-0.04398292303085327,-0.31588271260261536,-0.08771535804970654,-0.10024157166481018,-0.11538955569267273,-0.08198756775362881,-0.08378204703330994,-0.2409137785434723,-0.12429452738268765,-0.05094122886657715,-0.31001222133636475,-0.14668472907050045,-0.02577918767929077,-0.35120174288749695,-0.15941230258448513,-0.06290081143379211,-0.08409768342971802,-0.09902478060229214,-0.05104079842567444,-0.23166462779045105,-0.14540957710249813,-0.029904335737228394,-0.23068490624427795,-0.14720829627020748,-0.02243936061859131,-0.19666296243667603,-0.14359644851191433,-0.015347480773925781,-0.06482851505279541,-0.11386359533770474,0.005628854036331177,-0.20491653680801392,-0.14614082178576382,0.018065333366394043,-0.1796419322490692,-0.12549663385851773,0.011613637208938599,-0.1331620216369629,-0.10672145387633236,0.033613383769989014,-0.05810558795928955,-0.12980601987345608,0.05210009217262268,-0.17079222202301025,-0.14308079382880123,0.04948130249977112,-0.15210437774658203,-0.123736590654687,0.03815239667892456,-0.110920250415802,-0.10811471244795712,am7
0.0,0.0,0.0,-0.04945528507232666,-0.06804734468460083,-0.00905233662132332,-0.07332241535186768,-0.166528582572937,-0.03545675467256615,-0.06445622444152832,-0.250400573015213,-0.061658285963574144,-0.049075037240982056,-0.30381250381469727,-0.08682312484387467,-0.10315605998039246,-0.112831711769104,-0.07972298230532715,-0.08557212352752686,-0.23939961194992065,-0.12105387862328598,-0.05224698781967163,-0.30928486585617065,-0.14301139529351303,-0.02597266435623169,-0.35191017389297485,-0.1555641185820491,-0.06472152471542358,-0.0828704833984375,-0.09691876586083481,-0.05228555202484131,-0.23105937242507935,-0.14276463206414292,-0.032498687505722046,-0.22867470979690552,-0.14499362226132462,-0.025544822216033936,-0.19306915998458862,-0.14153002615574906,-0.017202526330947876,-0.06495547294616699,-0.11175649281148026,0.004029184579849243,-0.2039082646369934,-0.14320925291184494,0.015847444534301758,-0.17793008685112,-0.12285426672104904,0.009335994720458984,-0.13170507550239563,-0.10436202253703186,0.031241655349731445,-0.059251248836517334,-0.12767330225113938,0.04937845468521118,-0.17005443572998047,-0.14023156877163956,0.04710441827774048,-0.1496347188949585,-0.12068816687468598,0.03583043813705444,-0.10820108652114868,-0.10489269759062836,am7
0.0,0.0,0.0,-0.04780489206314087,-0.06723326444625854,-0.009540700011370973,-0.07239696383476257,-0.16639897227287292,-0.036005829118607835,-0.06409701704978943,-0.2519845962524414,-0.06211037620198567,-0.04874959588050842,-0.3082192540168762,-0.08689207270037969,-0.101773202419281,-0.11494344472885132,-0.0808931557763799,-0.08448782563209534,-0.24291515350341797,-0.12193899288070043,-0.05010145902633667,-0.3080378770828247,-0.14208198770177205,-0.0271986722946167,-0.3433223068714142,-0.15331569000375112,-0.06426554918289185,-0.08630144596099854,-0.09828991129290898,-0.05266258120536804,-0.23491573333740234,-0.1436256585944875,-0.029223233461380005,-0.22629883885383606,-0.14414198382985433,-0.023296773433685303,-0.1860993206501007,-0.13949672564160664,-0.017434656620025635,-0.06873869895935059,-0.11343921407353719,0.003658592700958252,-0.20717790722846985,-0.14427874668729146,0.019030064344406128,-0.17984631657600403,-0.12230942829739888,0.012785613536834717,-0.1335403025150299,-0.10303871765029271,0.030977845191955566,-0.06187260150909424,-0.12977629586350758,0.04950353503227234,-0.17214339971542358,-0.14217838331353505,0.04941171407699585,-0.15118542313575745,-0.12194475217950185,0.038321107625961304,-0.10950857400894165,-0.10585840477835973,am7
0.0,0.0,0.0,-0.04997551441192627,-0.06326723098754883,-0.008395126134416842,-0.0759817361831665,-0.1578148901462555,-0.03407067810024955,-0.06891506910324097,-0.23929360508918762,-0.05948038776244857,-0.054271847009658813,-0.29453951120376587,-0.08362630759205558,-0.10222926735877991,-0.11238455772399902,-0.07956855748619773,-0.08618104457855225,-0.2407015562057495,-0.12123706196274497,-0.05343559384346008,-0.30890196561813354,-0.14215759192433097,-0.029696762561798096,-0.3470112085342407,-0.15334957097496726,-0.0651949942111969,-0.08518844842910767,-0.09635366503920295,-0.05551442503929138,-0.23423558473587036,-0.14194566760983207,-0.03227323293685913,-0.23022031784057617,-0.1421728060099099,-0.0239102840423584,-0.19203120470046997,-0.13654065881695487,-0.01861286163330078,-0.06819993257522583,-0.11085368697371223,0.0019524693489074707,-0.20404350757598877,-0.14280361686672904,0.016029059886932373,-0.17868682742118835,-0.12183604393925407,0.010275781154632568,-0.13303759694099426,-0.10213479404177406,0.02948319911956787,-0.06187593936920166,-0.12615025793041923,0.04752102494239807,-0.17017799615859985,-0.13865291331734397,0.04674723744392395,-0.1518821120262146,-0.1185829490872834,0.03622731566429138,-0.11186918616294861,-0.10201901201929786,am7
0.0,0.0,0.0,-0.047945111989974976,-0.06698805093765259,-0.009773245820724696,-0.07216271758079529,-0.16427534818649292,-0.03533078804048273,-0.06437203288078308,-0.24633648991584778,-0.060454712057435245,-0.05030736327171326,-0.29916417598724365,-0.08409223406943056,-0.10088005661964417,-0.116566002368927,-0.07884487956198427,-0.08370178937911987,-0.2438967227935791,-0.11976593434246752,-0.049764007329940796,-0.3094938397407532,-0.14004306196602556,-0.02494242787361145,-0.34586650133132935,-0.1511787295285103,-0.06300175189971924,-0.08916503190994263,-0.09551434665354464,-0.05274480581283569,-0.23639041185379028,-0.1416185021344063,-0.03135833144187927,-0.2284662127494812,-0.14303859769734117,-0.02446955442428589,-0.1895093023777008,-0.13833719193371508,-0.0161760151386261,-0.07174807786941528,-0.10998747199209902,0.004995107650756836,-0.20760968327522278,-0.1417214393559334,0.018431365489959717,-0.1799277663230896,-0.1207788780275223,0.012631088495254517,-0.1345767080783844,-0.10130756049784395,0.03192931413650513,-0.06421881914138794,-0.1255778640452263,0.05056610703468323,-0.17312273383140564,-0.13814995884331438,0.04949656128883362,-0.1530068814754486,-0.11812357305916521,0.039144366979599,-0.11281061172485352,-0.10162003039749834,am7
0.0,0.0,0.0,-0.04904559254646301,-0.06543821096420288,-0.00795283748550446,-0.0721161961555481,-0.16101700067520142,-0.03349923829330237,-0.06386372447013855,-0.24140691757202148,-0.058904697399270844,-0.05023294687271118,-0.295928031206131,-0.08297343293918402,-0.09815433621406555,-0.12032172083854675,-0.07886356602205069,-0.08142715692520142,-0.2463390827178955,-0.12046623716844351,-0.04757806658744812,-0.3139565885066986,-0.1402615208436373,-0.021752208471298218,-0.34896862506866455,-0.15001075456632407,-0.06155088543891907,-0.09237682819366455,-0.09578835706008704,-0.05056154727935791,-0.24078065156936646,-0.1414303828288439,-0.026617884635925293,-0.23430782556533813,-0.14033115396989615,-0.01819172501564026,-0.1930159330368042,-0.13312177846921713,-0.014949679374694824,-0.07393580675125122,-0.11048441867126257,0.007687270641326904,-0.20834189653396606,-0.14288519809736044,0.02209007740020752,-0.18182328343391418,-0.12088374535335333,0.016160637140274048,-0.13528364896774292,-0.09989425281776221,0.033444881439208984,-0.06571841239929199,-0.12583573649419577,0.052003562450408936,-0.17450439929962158,-0.13763344774736197,0.052382469177246094,-0.1547258198261261,-0.11574053506149085,0.04256927967071533,-0.11311376094818115,-0.09764605502380164,am7
0.0,0.0,0.0,-0.04831415414810181,-0.06557154655456543,-0.007262206920472636,-0.07105076313018799,-0.15910989046096802,-0.03363746386492039,-0.06552040576934814,-0.23777320981025696,-0.05969539266550328,-0.055799275636672974,-0.2910533547401428,-0.08429121952974583,-0.09991812705993652,-0.12055885791778564,-0.08262936752760197,-0.08193588256835938,-0.24653354287147522,-0.12376153450929905,-0.04794791340827942,-0.31613075733184814,-0.141544207749007,-0.021130859851837158,-0.35211342573165894,-0.14961525779688145,-0.06262370944023132,-0.09174877405166626,-0.09966458362066533,-0.051617980003356934,-0.2412295639514923,-0.1452167032333591,-0.02800622582435608,-0.23684531450271606,-0.14220939558470036,-0.019344836473464966,-0.19722431898117065,-0.13346111756288792,-0.015220880508422852,-0.07316291332244873,-0.11399197560274388,0.00719723105430603,-0.20823749899864197,-0.14640974980318333,0.02180001139640808,-0.1834021508693695,-0.12262745928489949,0.01663193106651306,-0.13776880502700806,-0.10023715328895832,0.033960312604904175,-0.06542932987213135,-0.12877854686701085,0.05163091421127319,-0.17616534233093262,-0.14022840541326786,0.051868587732315063,-0.1579115092754364,-0.11716636252128865,0.04237145185470581,-0.11721274256706238,-0.09804781508171345,am7
0.0,0.0,0.0,-0.04855078458786011,-0.06461960077285767,-0.007389009730786711,-0.07164904475212097,-0.1579308807849884,-0.033434580346465737,-0.0655767023563385,-0.23656100034713745,-0.059225595822454125,-0.05522754788398743,-0.2889019250869751,-0.08353285424959722,-0.09997832775115967,-0.12235063314437866,-0.08134803854477468,-0.08221152424812317,-0.24850326776504517,-0.12210056864273611,-0.048441410064697266,-0.3167463541030884,-0.13963203810703817,-0.021554142236709595,-0.3506361246109009,-0.1474122621918923,-0.06252065300941467,-0.09395325183868408,-0.09833747827065054,-0.05181887745857239,-0.2439868450164795,-0.14401953600895467,-0.027942955493927002,-0.23927909135818481,-0.14142539285671774,-0.018689393997192383,-0.20000338554382324,-0.13268817149651113,-0.015465259552001953,-0.07607662677764893,-0.11267252199900213,0.007061809301376343,-0.21174949407577515,-0.14486171983730856,0.021576225757598877,-0.18623295426368713,-0.12118378960144582,0.01699206233024597,-0.1406782865524292,-0.09866003625643316,0.03359663486480713,-0.06826519966125488,-0.12751544200432363,0.0506327748298645,-0.18001428246498108,-0.13820480488789144,0.051160216331481934,-0.16168242692947388,-0.11461857639801565,0.04273572564125061,-0.12121230363845825,-0.09503355555784765,am7
0.0,0.0,0.0,-0.0481819212436676,-0.06332147121429443,-0.007611781809544027,-0.07059410214424133,-0.15435755252838135,-0.033951811011945665,-0.06294873356819153,-0.23214411735534668,-0.06024917539588159,-0.05065593123435974,-0.28771689534187317,-0.08510406267276949,-0.09801620244979858,-0.12623929977416992,-0.08042745989195055,-0.07991784811019897,-0.2526877522468567,-0.1218116055094356,-0.0459381639957428,-0.32061296701431274,-0.1398486937247867,-0.01899847388267517,-0.3531621992588043,-0.14772251200309938,-0.06079384684562683,-0.09897506237030029,-0.09748842519155687,-0.049886614084243774,-0.24853691458702087,-0.1434383983575458,-0.02540034055709839,-0.24311944842338562,-0.14140056025615877,-0.016047239303588867,-0.20429229736328125,-0.13284017097583956,-0.013493567705154419,-0.08140844106674194,-0.11201038163534349,0.009826958179473877,-0.21557676792144775,-0.14482261192432588,0.02483576536178589,-0.18740707635879517,-0.12130507033697313,0.020019233226776123,-0.141018807888031,-0.098634227629816,0.035731226205825806,-0.07354933023452759,-0.12703648161522096,0.05346590280532837,-0.18411356210708618,-0.13854600441089815,0.054565608501434326,-0.16384360194206238,-0.11498925786844438,0.046172261238098145,-0.12239956855773926,-0.09509774994484133,am7
0.0,0.0,0.0,-0.04659545421600342,-0.0642973780632019,-0.006631719473375597,-0.06797954440116882,-0.1566477119922638,-0.03225969249717764,-0.06385219097137451,-0.23480892181396484,-0.05822644109241537,-0.059436649084091187,-0.2872156500816345,-0.08306928078047804,-0.09844404458999634,-0.1272793412208557,-0.07649738440625242,-0.07943528890609741,-0.253497451543808,-0.11784954468123487,-0.04613804817199707,-0.3254753351211548,-0.13681504229418806,-0.019287407398223877,-0.3631630539894104,-0.14531599084250502,-0.06118744611740112,-0.100009024143219,-0.09386232594363264,-0.04843801259994507,-0.25044941902160645,-0.13887618581168226,-0.024037212133407593,-0.2425297200679779,-0.13605482975356153,-0.016040831804275513,-0.20170491933822632,-0.12695199350230268,-0.013370662927627563,-0.08165937662124634,-0.10894895444027952,0.009790211915969849,-0.2170725166797638,-0.14128051797263197,0.025097548961639404,-0.1885143220424652,-0.11676985869519285,0.0196874737739563,-0.14206361770629883,-0.09353405336253218,0.03619477152824402,-0.07338422536849976,-0.12453400442711882,0.053757816553115845,-0.18462690711021423,-0.13569966057650618,0.05515328049659729,-0.16401824355125427,-0.1116754795085626,0.04554325342178345,-0.12211507558822632,-0.09154702822081617,am7
0.0,0.0,0.0,-0.04724058508872986,-0.06425058841705322,-0.005624799593078933,-0.06784453988075256,-0.155355304479599,-0.031454763910460315,-0.06311944127082825,-0.23237311840057373,-0.057764403125929675,-0.05928242206573486,-0.2821671962738037,-0.08296329488484844,-0.09833064675331116,-0.12773287296295166,-0.07724519034354671,-0.07957470417022705,-0.2546685039997101,-0.11769498100011333,-0.04568922519683838,-0.3259158134460449,-0.13577315916745647,-0.018323034048080444,-0.3621608763933182,-0.14372643043725475,-0.06012102961540222,-0.1000056266784668,-0.09489441623418315,-0.04755410552024841,-0.24985653162002563,-0.1387216668340443,-0.024236410856246948,-0.24412524700164795,-0.13532168378560527,-0.016339004039764404,-0.20479726791381836,-0.1262942176076649,-0.012017101049423218,-0.08161681890487671,-0.10997308751075252,0.011713206768035889,-0.21781617403030396,-0.14075342526166423,0.025627702474594116,-0.1897052824497223,-0.11570328434436306,0.019642144441604614,-0.14271894097328186,-0.09271848907201274,0.03741618990898132,-0.07363355159759521,-0.12551825453965648,0.05515977740287781,-0.18524271249771118,-0.13584422280518993,0.05563661456108093,-0.16491475701332092,-0.11158990075318798,0.045597732067108154,-0.12296992540359497,-0.09152401944129451,am7
0.0,0.0,0.0,-0.04767969250679016,-0.06267863512039185,-0.004001686346725819,-0.0685524046421051,-0.15059268474578857,-0.029806618575946686,-0.06592389941215515,-0.22443512082099915,-0.05631138663460433,-0.06525468826293945,-0.27182409167289734,-0.08173493575026214,-0.09848910570144653,-0.1277799904346466,-0.07700380962063491,-0.08014407753944397,-0.25582560896873474,-0.11679324041773498,-0.04637184739112854,-0.32685691118240356,-0.1336222020881337,-0.01913541555404663,-0.36353906989097595,-0.14064517896343887,-0.06008332967758179,-0.10082393884658813,-0.09542155544926345,-0.04859074950218201,-0.2516624331474304,-0.13896195869614303,-0.02614566683769226,-0.2456987500190735,-0.13440044503380477,-0.01851680874824524,-0.2066504955291748,-0.12437083851267516,-0.01191827654838562,-0.0824899673461914,-0.11101366858650863,0.012313693761825562,-0.21909022331237793,-0.14136845152546584,0.025582224130630493,-0.1907285451889038,-0.1150532169239682,0.01893487572669983,-0.1439073383808136,-0.09121664892603576,0.03740158677101135,-0.07404279708862305,-0.1269260076778096,0.05542588233947754,-0.18436655402183533,-0.13697624485661208,0.05529370903968811,-0.16381654143333435,-0.11209861468245208,0.04447337985038757,-0.1219359040260315,-0.0915207518236798,am7
0.0,0.0,0.0,-0.04815289378166199,-0.06451815366744995,-0.004699362386872963,-0.06878107786178589,-0.15561890602111816,-0.03003410337578316,-0.0641394555568695,-0.23199710249900818,-0.05602316459726353,-0.06071501970291138,-0.28085699677467346,-0.08077317377637883,-0.09780478477478027,-0.12967664003372192,-0.07570508023809452,-0.07941657304763794,-0.25777536630630493,-0.11499914428304692,-0.04572370648384094,-0.3290092349052429,-0.1319182803304102,-0.018065303564071655,-0.3654169589281082,-0.13903160294603367,-0.05914980173110962,-0.1028892993927002,-0.09348779073070546,-0.04731741547584534,-0.2522442042827606,-0.13584867021154423,-0.02718418836593628,-0.24736833572387695,-0.13168935379098912,-0.02071020007133484,-0.2089194655418396,-0.12234271964143772,-0.011095792055130005,-0.08469420671463013,-0.10860267182897587,0.012959301471710205,-0.2209686040878296,-0.13823982974599858,0.024760544300079346,-0.19309553503990173,-0.11301799764942189,0.017860233783721924,-0.14633935689926147,-0.09016736498188038,0.038147538900375366,-0.0766025185585022,-0.12414757808755894,0.05644354224205017,-0.18739721179008484,-0.13419462641786595,0.05552521347999573,-0.16702920198440552,-0.11024447431873341,0.04453092813491821,-0.12512031197547913,-0.09037241986106892,am7
0.0,0.0,0.0,-0.04891842603683472,-0.06399881839752197,-0.004544699912003125,-0.06987792253494263,-0.1549883782863617,-0.03043445327602967,-0.0636676549911499,-0.23253819346427917,-0.05681108252429112,-0.05824044346809387,-0.28451383113861084,-0.08197261707209691,-0.09926185011863708,-0.12867459654808044,-0.07863501028441533,-0.07997322082519531,-0.2587165832519531,-0.11796653584860906,-0.04639461636543274,-0.3285122513771057,-0.13483871833705052,-0.01837572455406189,-0.36608122289180756,-0.14213460997962102,-0.06008484959602356,-0.10058629512786865,-0.09632592217349156,-0.04806753993034363,-0.2516897916793823,-0.13869142846488103,-0.02895340323448181,-0.24590784311294556,-0.1340082915248786,-0.0228288471698761,-0.20885536074638367,-0.12456120864771947,-0.011517852544784546,-0.08251547813415527,-0.11106758133792027,0.012084096670150757,-0.2209365963935852,-0.13984869734667882,0.02301850914955139,-0.1921098232269287,-0.11312397883557423,0.01592513918876648,-0.14547723531723022,-0.08961999730490788,0.038059383630752563,-0.07481437921524048,-0.12628332094573125,0.055773645639419556,-0.18755152821540833,-0.13511234836005315,0.0541362464427948,-0.16583377122879028,-0.10997418628357991,0.0433502197265625,-0.12279048562049866,-0.08953237102650746,am7
0.0,0.0,0.0,-0.049935102462768555,-0.06298309564590454,-0.004608351573949676,-0.07069671154022217,-0.1513870656490326,-0.030641452246015888,-0.06336036324501038,-0.2269560694694519,-0.05708783755511604,-0.05520272254943848,-0.27721232175827026,-0.08262988815516792,-0.0983988344669342,-0.13137763738632202,-0.07853698621005378,-0.07914623618125916,-0.26061493158340454,-0.11829691270799003,-0.046561747789382935,-0.33171892166137695,-0.13610467950314842,-0.019730448722839355,-0.36962610483169556,-0.14401226381272636,-0.05963471531867981,-0.10403317213058472,-0.09588166216821037,-0.04601770639419556,-0.25368064641952515,-0.13777582982987724,-0.026264607906341553,-0.24803349375724792,-0.13303974906415306,-0.020087003707885742,-0.21027088165283203,-0.12377455721110664,-0.011335670948028564,-0.08590537309646606,-0.11038651952952705,0.013320565223693848,-0.22226828336715698,-0.13922224084348045,0.024088740348815918,-0.1944204866886139,-0.1133054334899839,0.017073065042495728,-0.1478375792503357,-0.09042981902570091,0.03792214393615723,-0.0777389407157898,-0.1252969268938955,0.05608072876930237,-0.18840742111206055,-0.134569621481603,0.054625630378723145,-0.16706609725952148,-0.10996825883597694,0.04401537775993347,-0.12447318434715271,-0.08987612912864051,am7
0.0,0.0,0.0,-0.048972100019454956,-0.0679202675819397,-0.0069200106385665094,-0.06854286789894104,-0.16381651163101196,-0.03335740030291845,-0.06020975112915039,-0.24514031410217285,-0.05971136674764921,-0.052113860845565796,-0.29790180921554565,-0.08484083772185613,-0.09848174452781677,-0.1300145983695984,-0.08048425227883627,-0.07733330130577087,-0.2606292963027954,-0.11989460498574545,-0.04393145442008972,-0.33041924238204956,-0.13720405459883978,-0.01609206199645996,-0.3690975159406662,-0.14510870337966253,-0.058076709508895874,-0.10139721632003784,-0.09719779700520803,-0.04337012767791748,-0.253711462020874,-0.1398079133081751,-0.02575761079788208,-0.24300190806388855,-0.13514975071433355,-0.021246612071990967,-0.20199069380760193,-0.12587018669131567,-0.009055167436599731,-0.08301413059234619,-0.11125249028685857,0.01358690857887268,-0.221970796585083,-0.14039002717021276,0.023213982582092285,-0.19238600134849548,-0.11454297960284521,0.016582787036895752,-0.14600902795791626,-0.09173170835259725,0.04098820686340332,-0.07545477151870728,-0.12598260105136205,0.05723723769187927,-0.18847474455833435,-0.13468286753180791,0.05454108119010925,-0.16535162925720215,-0.11012577623608877,0.04421347379684448,-0.12194904685020447,-0.09045125902179052,am7
0.0,0.0,0.0,-0.05023503303527832,-0.0650702714920044,-0.005753392853364403,-0.07044699788093567,-0.15314951539039612,-0.03378298230148857,-0.06097838282585144,-0.2286382019519806,-0.061624308150783236,-0.05087763071060181,-0.2810514569282532,-0.08834202311612671,-0.09866496920585632,-0.1286093294620514,-0.08534851394273346,-0.07774978876113892,-0.25928568840026855,-0.12597718558885163,-0.04488760232925415,-0.32981228828430176,-0.14319236300565308,-0.01855379343032837,-0.3676482141017914,-0.1506410511551053,-0.05902910232543945,-0.0999610424041748,-0.10223381690360611,-0.04267054796218872,-0.2517562508583069,-0.14529278598405426,-0.02283424139022827,-0.24199384450912476,-0.13872213385678833,-0.0177934467792511,-0.20102089643478394,-0.1281798752365262,-0.010177969932556152,-0.08150756359100342,-0.11607667527772492,0.014794468879699707,-0.2187061607837677,-0.14501626513578003,0.02484893798828125,-0.19107705354690552,-0.1170949312267453,0.01747274398803711,-0.14445018768310547,-0.09313464633800095,0.039268314838409424,-0.0732991099357605,-0.13039001546479767,0.05682957172393799,-0.18477863073349,-0.1387561234054715,0.05484771728515625,-0.16399133205413818,-0.11280903689242905,0.04431682825088501,-0.12173908948898315,-0.09220448605395859,am7
0.0,0.0,0.0,-0.050172656774520874,-0.06393158435821533,-0.005659917222033073,-0.07111075520515442,-0.1502692699432373,-0.03322949711389356,-0.0636981725692749,-0.22322744131088257,-0.06083033684797101,-0.05416613817214966,-0.27335941791534424,-0.08748680059022718,-0.09866148233413696,-0.13008195161819458,-0.08293079290695005,-0.07715466618537903,-0.2607715129852295,-0.12395653579540067,-0.04494643211364746,-0.33310166001319885,-0.1419967011005383,-0.018818408250808716,-0.37287987768650055,-0.14994809482402616,-0.05895775556564331,-0.10176998376846313,-0.09985647056407743,-0.04171818494796753,-0.2552298605442047,-0.1441147521526318,-0.023309171199798584,-0.24282801151275635,-0.13835727129287534,-0.01910415291786194,-0.19873693585395813,-0.12767130587405973,-0.01023179292678833,-0.08339804410934448,-0.11389328245229535,0.014826446771621704,-0.2203563153743744,-0.14397921119041257,0.024604737758636475,-0.19199404120445251,-0.11670273993320279,0.017970114946365356,-0.14539587497711182,-0.09244388792819791,0.038851916790008545,-0.0745772123336792,-0.12838238928623014,0.05653095245361328,-0.18693268299102783,-0.13732208762473874,0.05455520749092102,-0.16574126482009888,-0.11150517020530515,0.044708043336868286,-0.12333452701568604,-0.09055899534530454,am7
0.0,0.0,0.0,-0.04996487498283386,-0.06422394514083862,-0.004957734000299752,-0.07003206014633179,-0.1495862603187561,-0.03257577060571748,-0.06313112378120422,-0.2224734127521515,-0.06027463390341836,-0.05624738335609436,-0.2745431959629059,-0.08711215793005067,-0.09688252210617065,-0.13077467679977417,-0.08361545144430238,-0.07527396082878113,-0.2612961232662201,-0.12447348921409684,-0.04312744736671448,-0.33344024419784546,-0.14234080849996644,-0.017229080200195312,-0.3737325817346573,-0.15038247345796663,-0.05700770020484924,-0.10279756784439087,-0.10097898482194978,-0.03982612490653992,-0.2544035315513611,-0.1445536905418976,-0.020887166261672974,-0.24280941486358643,-0.13846580623498994,-0.016706138849258423,-0.2006077766418457,-0.12817402123323518,-0.00822344422340393,-0.08416157960891724,-0.11532904147020417,0.01651740074157715,-0.22065067291259766,-0.14485067068449098,0.02661195397377014,-0.19196981191635132,-0.11689344732872087,0.019597381353378296,-0.14520931243896484,-0.09279087125173646,0.04060620069503784,-0.07505422830581665,-0.13010299145093995,0.058220893144607544,-0.18545681238174438,-0.13930793045869905,0.05620351433753967,-0.16356489062309265,-0.11349679468980867,0.04590529203414917,-0.12071874737739563,-0.09277670769802171,am7
0.0,0.0,0.0,-0.04907450079917908,-0.06600737571716309,-0.006009345431493784,-0.0679953396320343,-0.15521496534347534,-0.033223290019350316,-0.059927403926849365,-0.23090916872024536,-0.06010042133243587,-0.05265119671821594,-0.28342705965042114,-0.08598832788379696,-0.09622451663017273,-0.13075798749923706,-0.08398343624980953,-0.07315924763679504,-0.2596600651741028,-0.12509158255966213,-0.04192456603050232,-0.3316911458969116,-0.1441534906855395,-0.016522109508514404,-0.3754522055387497,-0.1533310413590243,-0.056660592555999756,-0.10058414936065674,-0.10073442014368084,-0.03662410378456116,-0.2536284625530243,-0.14525489511402156,-0.020225226879119873,-0.24194228649139404,-0.14070662858398464,-0.017571955919265747,-0.2005840241909027,-0.13143099846752193,-0.007768452167510986,-0.0809515118598938,-0.11448035391481426,0.018461406230926514,-0.21919503808021545,-0.14466081561954525,0.02651381492614746,-0.1900627315044403,-0.11785931887538936,0.01858636736869812,-0.14370208978652954,-0.09439345451505687,0.04126507043838501,-0.07159727811813354,-0.12874925138862636,0.06008017063140869,-0.1831866204738617,-0.13811333479793575,0.05669531226158142,-0.16092607378959656,-0.11307583751590755,0.04559701681137085,-0.11839035153388977,-0.09301032128246334,am7
0.0,0.0,0.0,-0.048267513513565063,-0.06824851036071777,-0.007992567446194698,-0.06514859199523926,-0.16237396001815796,-0.03452473035838466,-0.05196782946586609,-0.24127429723739624,-0.06051763421680789,-0.0384899377822876,-0.2964302599430084,-0.08552454314019542,-0.09326401352882385,-0.13358983397483826,-0.08158282837655406,-0.07015305757522583,-0.2593790292739868,-0.12328170887019496,-0.038476765155792236,-0.33102232217788696,-0.14463267377402644,-0.01294371485710144,-0.37646229565143585,-0.1558281396963821,-0.05390113592147827,-0.10256707668304443,-0.09776848456647258,-0.03143441677093506,-0.25264906883239746,-0.14344190708186488,-0.01711893081665039,-0.24084997177124023,-0.14190999320533138,-0.016672879457473755,-0.19897791743278503,-0.13482489338900905,-0.005270063877105713,-0.08133918046951294,-0.11141956499602657,0.022807687520980835,-0.21780303120613098,-0.1427484368422256,0.02963477373123169,-0.18797188997268677,-0.11850843480613094,0.02044549584388733,-0.14151856303215027,-0.09657005867745738,0.04365542531013489,-0.07014352083206177,-0.1258864914515243,0.06392824649810791,-0.1818980574607849,-0.13646831265475612,0.06030657887458801,-0.15864074230194092,-0.11289831898000102,0.04915684461593628,-0.11536526679992676,-0.09379770508792262,am7
0.0,0.0,0.0,-0.04774734377861023,-0.06713652610778809,-0.006177249916561323,-0.06290134787559509,-0.15733319520950317,-0.03276000646195598,-0.04887145757675171,-0.230640709400177,-0.058486198161460834,-0.03660675883293152,-0.2829333245754242,-0.08337334645233341,-0.08916571736335754,-0.136086106300354,-0.08448341590604969,-0.06490722298622131,-0.26289665699005127,-0.12577208978376575,-0.03564855456352234,-0.3346148729324341,-0.14583452147684284,-0.011904746294021606,-0.38016049563884735,-0.1557046185179729,-0.05024987459182739,-0.10402625799179077,-0.10037864846430011,-0.026779353618621826,-0.2539920210838318,-0.14414368671617694,-0.013299703598022461,-0.2433624565601349,-0.13996876877985187,-0.012568473815917969,-0.20383065938949585,-0.13125005466184803,-0.0022562742233276367,-0.08172094821929932,-0.11328742009840198,0.027532100677490234,-0.2185022532939911,-0.14267709953031726,0.032248347997665405,-0.1894923448562622,-0.11643970859489627,0.022195965051651,-0.14408087730407715,-0.09350729090414234,0.04582458734512329,-0.06915801763534546,-0.12671865624628253,0.0666501522064209,-0.1798255741596222,-0.13592361015520282,0.06182071566581726,-0.15801504254341125,-0.11125003648243137,0.049839019775390625,-0.11605042219161987,-0.09135989946565815,am7
0.0,0.0,0.0,-0.04754436016082764,-0.06693392992019653,-0.006110235945016029,-0.06181421875953674,-0.15761145949363708,-0.032106603857755545,-0.04512989521026611,-0.23003345727920532,-0.05704821961808193,-0.029278963804244995,-0.2806883454322815,-0.08137232008266437,-0.08930826187133789,-0.13658061623573303,-0.08374062123584736,-0.06354525685310364,-0.26408833265304565,-0.12403370383071888,-0.033572107553482056,-0.33518728613853455,-0.14424223395872104,-0.009003520011901855,-0.38363227248191833,-0.15466243716764438,-0.04987412691116333,-0.10404843091964722,-0.09951264354276645,-0.0240209698677063,-0.2550627291202545,-0.14292313846635807,-0.01281827688217163,-0.24181613326072693,-0.1396567145256995,-0.013873815536499023,-0.2009534239768982,-0.13157618733930576,-0.001908421516418457,-0.08121126890182495,-0.11215050461578357,0.02959156036376953,-0.218587726354599,-0.14092678519773472,0.03201749920845032,-0.1883273422718048,-0.11541154178667057,0.020283013582229614,-0.14347755908966064,-0.09304542037534702,0.04624360799789429,-0.06805557012557983,-0.12530942949342716,0.06802859902381897,-0.17901906371116638,-0.13370419236707676,0.06212148070335388,-0.15576696395874023,-0.10902520212221134,0.0490516722202301,-0.11366760730743408,-0.08926580044317234,am7
0.0,0.0,0.0,-0.0474323034286499,-0.06791728734970093,-0.006689472404389107,-0.06090405583381653,-0.15841683745384216,-0.032370213699607575,-0.04310101270675659,-0.22902876138687134,-0.05689574433591815,-0.026279419660568237,-0.2774832546710968,-0.08076027436283084,-0.08620178699493408,-0.13916811347007751,-0.08293616427209827,-0.05974411964416504,-0.2652582824230194,-0.12344669206169101,-0.0303364098072052,-0.33697593212127686,-0.1448666940453336,-0.005936235189437866,-0.387306809425354,-0.15625514490631076,-0.04704335331916809,-0.10561656951904297,-0.09821319235589954,-0.0205288827419281,-0.25586870312690735,-0.14246488018062564,-0.011030703783035278,-0.24550774693489075,-0.1411139707091138,-0.012195587158203125,-0.20645630359649658,-0.13413955671813937,0.0007257759571075439,-0.08182650804519653,-0.11028111381557437,0.032647788524627686,-0.22000157833099365,-0.1396478901627347,0.03359821438789368,-0.19056499004364014,-0.11545199556377383,0.021745651960372925,-0.14530259370803833,-0.0935721884491727,0.04860582947731018,-0.06743377447128296,-0.12291617347028705,0.07081964612007141,-0.17891377210617065,-0.13185255630043002,0.06393739581108093,-0.1563568413257599,-0.10787013573673221,0.05115079879760742,-0.11418437957763672,-0.08826076639917346,am7
0.0,0.0,0.0,-0.046351462602615356,-0.06838512420654297,-0.0076121236168091855,-0.059016913175582886,-0.1564159095287323,-0.03434816421645337,-0.040899306535720825,-0.22423392534255981,-0.059364594981843766,-0.023757606744766235,-0.26964041590690613,-0.08355373935478383,-0.0844569206237793,-0.14120399951934814,-0.08764810161369496,-0.05618676543235779,-0.268535852432251,-0.12870996491687947,-0.027087807655334473,-0.33956319093704224,-0.14948960439937764,-0.0026905834674835205,-0.38797497749328613,-0.1600022544123476,-0.04455888271331787,-0.1056365966796875,-0.10235212789552861,-0.015918225049972534,-0.25802069902420044,-0.14741226331966573,-0.0077440738677978516,-0.2458917200565338,-0.14515434996860677,-0.009486079216003418,-0.20497474074363708,-0.13703966932075673,0.003499925136566162,-0.08096355199813843,-0.11361854569690877,0.03604000806808472,-0.22093534469604492,-0.14299734728115254,0.03467455506324768,-0.19255974888801575,-0.1180449728824442,0.021983951330184937,-0.14793378114700317,-0.09536781208294087,0.051306456327438354,-0.06623417139053345,-0.1254411269881075,0.07428330183029175,-0.1788071095943451,-0.1339387823798006,0.06585642695426941,-0.15817970037460327,-0.10930017428177052,0.05218702554702759,-0.11670941114425659,-0.08895485894458943,am7
0.0,0.0,0.0,-0.045237720012664795,-0.06921964883804321,-0.00945884360828586,-0.05719223618507385,-0.15846702456474304,-0.03764094038763233,-0.03662118315696716,-0.2262783646583557,-0.06366651876726337,-0.017392247915267944,-0.27049779891967773,-0.08897023274460025,-0.0833728015422821,-0.14098024368286133,-0.09147609396734424,-0.054688096046447754,-0.2686065137386322,-0.13257114215650745,-0.024786263704299927,-0.3381683826446533,-0.15299251302042194,0.0002988278865814209,-0.3857467621564865,-0.16356192155637927,-0.043349385261535645,-0.10387134552001953,-0.10584190114298053,-0.013348639011383057,-0.25654441118240356,-0.15076087041654773,-0.004958480596542358,-0.24011746048927307,-0.1479257307843227,-0.007041275501251221,-0.19758924841880798,-0.13991084321298786,0.004584252834320068,-0.07813036441802979,-0.11682990564861484,0.03778538107872009,-0.21895459294319153,-0.14537717028417774,0.036545127630233765,-0.1885053813457489,-0.11951106413164325,0.024034321308135986,-0.14386284351348877,-0.09696730597772785,0.052410900592803955,-0.06294834613800049,-0.12866291030206867,0.07544109225273132,-0.17618328332901,-0.13638028128900714,0.06686204671859741,-0.15391355752944946,-0.1113785020903606,0.05287471413612366,-0.11205345392227173,-0.09143080933847614,am7
0.0,0.0,0.0,-0.045402854681015015,-0.06915026903152466,-0.008747771157175066,-0.057542383670806885,-0.15847519040107727,-0.03568969644442177,-0.03808671236038208,-0.2272225022315979,-0.06067255489364243,-0.01924869418144226,-0.27228277921676636,-0.08504105709329224,-0.08191367983818054,-0.14158260822296143,-0.08825765900149918,-0.054222315549850464,-0.2677285969257355,-0.1295243834687767,-0.025139302015304565,-0.3382532298564911,-0.1508770024015007,-0.00042387843132019043,-0.3872344195842743,-0.1620045190288124,-0.04260733723640442,-0.10555875301361084,-0.10277374438777542,-0.012159079313278198,-0.25688308477401733,-0.14722074918284989,-0.004255771636962891,-0.24015724658966064,-0.14457911602988816,-0.006827294826507568,-0.1978183388710022,-0.13660940877929306,0.004817456007003784,-0.08011364936828613,-0.11419699691072083,0.03898540139198303,-0.2196590006351471,-0.1432268207503853,0.037161678075790405,-0.1893962323665619,-0.1185792272521553,0.024167358875274658,-0.14539575576782227,-0.09659885220065689,0.05257213115692139,-0.06459307670593262,-0.12637153617873764,0.07646644115447998,-0.17662853002548218,-0.13457468502059555,0.06745415925979614,-0.15446022152900696,-0.11044828198686218,0.05291411280632019,-0.11279946565628052,-0.09100283287301636,am7
0.0,0.0,0.0,-0.043809711933135986,-0.06921672821044922,-0.008036598194905764,-0.054712891578674316,-0.15767258405685425,-0.03462958485312129,-0.03424307703971863,-0.22510340809822083,-0.059202001993128306,-0.014588773250579834,-0.2695150375366211,-0.08323936313814784,-0.08037063479423523,-0.1437208354473114,-0.08803959340281153,-0.05253875255584717,-0.2691798806190491,-0.12898580134339,-0.02343297004699707,-0.33861243724823,-0.1501828819555726,0.0011880695819854736,-0.38813477754592896,-0.1613193839830842,-0.04133674502372742,-0.10725152492523193,-0.1027694881004777,-0.009418576955795288,-0.258319616317749,-0.14672463536686564,-0.0020295381546020508,-0.2373892366886139,-0.14361613393253947,-0.005881905555725098,-0.1931357979774475,-0.13534439504570628,0.005808025598526001,-0.0809715986251831,-0.11432244778103495,0.04060709476470947,-0.2192927896976471,-0.1424849718851533,0.039343804121017456,-0.1873970627784729,-0.11707344055599833,0.02696666121482849,-0.1436193883419037,-0.09469495118088389,0.05355295538902283,-0.06376886367797852,-0.12659420967526103,0.07763022184371948,-0.1754874587059021,-0.13350183666176463,0.06914365291595459,-0.15274545550346375,-0.10833425969309474,0.055013686418533325,-0.11103463172912598,-0.08840239942497874,am7
0.0,0.0,0.0,-0.04429250955581665,-0.06946921348571777,-0.00802715136921961,-0.055707454681396484,-0.1584605872631073,-0.033778364912336656,-0.03618982434272766,-0.2261103391647339,-0.05708110998637039,-0.01614999771118164,-0.2706688940525055,-0.07976859356529076,-0.07893779873847961,-0.14338761568069458,-0.08959559644824822,-0.05176493525505066,-0.2679297924041748,-0.1310508653081115,-0.02346709370613098,-0.33731609582901,-0.1529188856042083,0.0010554194450378418,-0.3881409764289856,-0.1644382729685958,-0.04069781303405762,-0.10609185695648193,-0.10370228733188469,-0.007441431283950806,-0.25741979479789734,-0.1471888526833709,-0.0020989179611206055,-0.23832574486732483,-0.14414199735290367,-0.007316768169403076,-0.19616356492042542,-0.13619941021568138,0.005979716777801514,-0.07944250106811523,-0.11451875712043602,0.04095488786697388,-0.2184583842754364,-0.14277265514499504,0.03745719790458679,-0.18765783309936523,-0.11808255608445961,0.023998022079467773,-0.14515236020088196,-0.09619302596217949,0.053579121828079224,-0.061815619468688965,-0.12595751430160362,0.07792088389396667,-0.1746399700641632,-0.13277686680919487,0.06802570819854736,-0.1528530716896057,-0.10797892059451897,0.05337625741958618,-0.11133980751037598,-0.08834697599775154,am7
0.0,0.0,0.0,-0.043157726526260376,-0.06948745250701904,-0.00728757450485773,-0.053011953830718994,-0.15825429558753967,-0.03183108106384225,-0.03252595663070679,-0.22636932134628296,-0.053929614873027276,-0.011735618114471436,-0.27161741256713867,-0.07524303257594056,-0.07808306813240051,-0.1460513472557068,-0.0865281289828772,-0.05092915892601013,-0.2688925862312317,-0.12846087575087495,-0.021854132413864136,-0.3372970521450043,-0.151380888224935,0.003208458423614502,-0.3882882446050644,-0.16349411666521974,-0.03975945711135864,-0.10910588502883911,-0.10080668240914292,-0.0032349824905395508,-0.2601751387119293,-0.14460470438132234,0.0013979971408843994,-0.23637041449546814,-0.1423488920939917,-0.006469905376434326,-0.19185689091682434,-0.1345683699859137,0.006750196218490601,-0.08215951919555664,-0.11196147561201997,0.04305198788642883,-0.21844804286956787,-0.14078117072710938,0.039291173219680786,-0.18546125292778015,-0.11705699473748155,0.024859637022018433,-0.14362025260925293,-0.09538558781275697,0.05395892262458801,-0.06311094760894775,-0.12360523551831193,0.07936075329780579,-0.17384538054466248,-0.12977183520922608,0.06976363062858582,-0.15141013264656067,-0.10463484287390656,0.05482906103134155,-0.11054790019989014,-0.08472849339375443,am7
0.0,0.0,0.0,-0.04120483994483948,-0.07027703523635864,-0.006799637721258023,-0.050960004329681396,-0.15738913416862488,-0.0313541669485744,-0.0315859317779541,-0.22355949878692627,-0.053984497123735764,-0.010605186223983765,-0.2668471336364746,-0.07605157085635028,-0.07343789935112,-0.15074333548545837,-0.08478939571358524,-0.04542657732963562,-0.2742733955383301,-0.12686236240841708,-0.01595485210418701,-0.3422621190547943,-0.1507077220914539,0.008866071701049805,-0.3928079754114151,-0.16350269355751834,-0.03586995601654053,-0.11337840557098389,-0.09874899723507724,0.004179328680038452,-0.26083752512931824,-0.14239980318524204,0.007900506258010864,-0.24051910638809204,-0.14163586535431705,-0.001421123743057251,-0.19856739044189453,-0.13513603844620548,0.01002153754234314,-0.08524620532989502,-0.10946227648236118,0.04899197816848755,-0.218245267868042,-0.13820241429783664,0.04380214214324951,-0.18727949261665344,-0.11592255570866428,0.02811485528945923,-0.14627742767333984,-0.09529072084404788,0.05627527832984924,-0.06489837169647217,-0.12052564361073337,0.08387121558189392,-0.17440709471702576,-0.12754856088139377,0.0736498236656189,-0.15329116582870483,-0.10343446620680652,0.05842503905296326,-0.11361032724380493,-0.08390614428498111,am7
0.0,0.0,0.0,-0.03896191716194153,-0.07261663675308228,-0.006968173316835191,-0.04812762141227722,-0.15959137678146362,-0.03109633189362171,-0.028578490018844604,-0.22611990571022034,-0.053112985684691694,-0.006728649139404297,-0.2699526846408844,-0.07454459939819458,-0.068463534116745,-0.15516412258148193,-0.08449549798589828,-0.037922680377960205,-0.27942800521850586,-0.12579563085657242,-0.007166117429733276,-0.3455592095851898,-0.1488330197773564,0.01770263910293579,-0.3956748843193054,-0.1615380776367772,-0.03094804286956787,-0.11865395307540894,-0.09804159228426101,0.012572914361953735,-0.26348480582237244,-0.14181393210512283,0.014701396226882935,-0.2376422882080078,-0.14074690465551498,0.001593172550201416,-0.19382604956626892,-0.13403619651418808,0.014494508504867554,-0.08956336975097656,-0.10833932284933212,0.05431842803955078,-0.2196284830570221,-0.13691273157220962,0.04973188042640686,-0.1871201992034912,-0.11427587096315506,0.03413844108581543,-0.14782443642616272,-0.09361067239862564,0.060266733169555664,-0.06680929660797119,-0.11898577783924225,0.08903753757476807,-0.17268982529640198,-0.1264685076914418,0.07885941863059998,-0.15114203095436096,-0.10296008561473968,0.06297090649604797,-0.11367511749267578,-0.08405273233276489,am7
0.0,0.0,0.0,-0.03584390878677368,-0.07391417026519775,-0.00535675437973282,-0.042284488677978516,-0.16207751631736755,-0.028265665023042175,-0.021304398775100708,-0.22780466079711914,-0.049904710350944015,0.001145869493484497,-0.26984041929244995,-0.07110183939190051,-0.06367391347885132,-0.16060608625411987,-0.07809893295021197,-0.030581563711166382,-0.28385841846466064,-0.11606354519577167,-0.00018581748008728027,-0.347278356552124,-0.13645901784153125,0.023857086896896362,-0.3955955505371094,-0.1479022751733794,-0.02771151065826416,-0.12315797805786133,-0.09191022321434161,0.019941598176956177,-0.26274874806404114,-0.13499894246311328,0.02043384313583374,-0.23390132188796997,-0.13375913604946277,0.0055733323097229,-0.18934038281440735,-0.12665412828178546,0.01714855432510376,-0.09152215719223022,-0.10243670150489947,0.0589958131313324,-0.2180843949317932,-0.13017048939914844,0.05332207679748535,-0.18549096584320068,-0.10707941159458301,0.03801563382148743,-0.1473020613193512,-0.08613851919622562,0.06241339445114136,-0.06564164161682129,-0.11318716659994266,0.09327968955039978,-0.1701328158378601,-0.12010144695491931,0.08238667249679565,-0.1477506160736084,-0.09658667698354861,0.06661733984947205,-0.11210870742797852,-0.07778889939041278,am7
0.0,0.0,0.0,-0.035106003284454346,-0.07335978746414185,-0.0036792618014374057,-0.0408233106136322,-0.16133078932762146,-0.025404081007138757,-0.018976598978042603,-0.2265028953552246,-0.04627982180346635,0.005003929138183594,-0.2682563066482544,-0.06688693191637185,-0.060838907957077026,-0.16305208206176758,-0.07450346674551156,-0.026332110166549683,-0.2863553464412689,-0.11087981637348321,0.004293560981750488,-0.3496277928352356,-0.13004667337764886,0.028526514768600464,-0.39820460975170135,-0.1408367085062423,-0.025234729051589966,-0.12753260135650635,-0.08838581319679406,0.023698747158050537,-0.264631062746048,-0.13033492143978265,0.0226270854473114,-0.2357797622680664,-0.1290169584356704,0.006369650363922119,-0.19191956520080566,-0.12168227907051232,0.019269466400146484,-0.09624642133712769,-0.09875849660267022,0.06175360083580017,-0.21842849254608154,-0.12535136218895104,0.05496147274971008,-0.18560796976089478,-0.10222505803932336,0.039138078689575195,-0.14835789799690247,-0.0813109802805343,0.06388947367668152,-0.06953465938568115,-0.10919330294956353,0.09574133157730103,-0.17056962847709656,-0.11557530637611535,0.08466836810112,-0.14803776144981384,-0.09219926621545937,0.06893837451934814,-0.11388403177261353,-0.07342322196592477,am7
0.0,0.0,0.0,-0.03509977459907532,-0.07154124975204468,-0.0032319452842841656,-0.04256144165992737,-0.15994518995285034,-0.02405769920406442,-0.02152267098426819,-0.22551608085632324,-0.0441303195661078,0.0022051632404327393,-0.26759257912635803,-0.06383762306032281,-0.061915576457977295,-0.16404765844345093,-0.07263876295147043,-0.02809011936187744,-0.2876218855381012,-0.10734381324110132,0.0017615854740142822,-0.3487514555454254,-0.12504628843126397,0.025316476821899414,-0.39556431770324707,-0.1350773031121264,-0.027184128761291504,-0.1284644603729248,-0.08620357310829263,0.024907946586608887,-0.26262661814689636,-0.12623973733244043,0.023443251848220825,-0.23138412833213806,-0.12409923023042779,0.005939394235610962,-0.18716996908187866,-0.11673424935398202,0.016769498586654663,-0.09666246175765991,-0.09629589861688714,0.06106892228126526,-0.21862444281578064,-0.12191030925569635,0.054104894399642944,-0.18480071425437927,-0.09883092886266809,0.03815373778343201,-0.14720019698143005,-0.07852106338796716,0.06114235520362854,-0.06991535425186157,-0.10635260289964776,0.09495455026626587,-0.16920486092567444,-0.11259573495445352,0.08401992917060852,-0.1450192630290985,-0.08963653242645364,0.06786811351776123,-0.11088228225708008,-0.07150957530794244,am7
0.0,0.0,0.0,-0.03419014811515808,-0.07395976781845093,-0.0023939616074812875,-0.03781387209892273,-0.1623816192150116,-0.023174528221602486,-0.01443144679069519,-0.22785186767578125,-0.04315239396225934,0.009959906339645386,-0.26863282918930054,-0.06295111235510831,-0.056800663471221924,-0.1690482497215271,-0.0734138211263371,-0.021151691675186157,-0.2911311388015747,-0.10930555518996243,0.009218096733093262,-0.3535494804382324,-0.12845256384741788,0.03284531831741333,-0.4014979153871536,-0.1391515528811169,-0.021624654531478882,-0.13279491662979126,-0.08718593623768811,0.03257599472999573,-0.2661185562610626,-0.12722499128710751,0.03026995062828064,-0.23634251952171326,-0.1248790567768765,0.011889725923538208,-0.19307714700698853,-0.1174003055347157,0.02226656675338745,-0.09998971223831177,-0.09744344856869702,0.06803429126739502,-0.2193913459777832,-0.12272685971390729,0.06029835343360901,-0.18669748306274414,-0.09973671492468839,0.043822407722473145,-0.1499006748199463,-0.07947080042492871,0.06616818904876709,-0.07152330875396729,-0.10760360416304593,0.10050147771835327,-0.17071983218193054,-0.11278338935505872,0.08917468786239624,-0.1475318968296051,-0.08918015118968015,0.072967529296875,-0.11349010467529297,-0.07062383946311002,am7
0.0,0.0,0.0,-0.034674763679504395,-0.07302755117416382,-0.0028640591487203437,-0.04041343927383423,-0.162499338388443,-0.022856577387443622,-0.017681628465652466,-0.22874706983566284,-0.04197007892130955,0.007363945245742798,-0.27135366201400757,-0.06037823212741955,-0.0577775239944458,-0.16895049810409546,-0.07050763917564495,-0.02356034517288208,-0.29327303171157837,-0.10539263588785275,0.008087694644927979,-0.35402870178222656,-0.12326420945524319,0.03374868631362915,-0.4001865088939667,-0.13306748968958004,-0.02164652943611145,-0.1344817876815796,-0.0836468125641261,0.03440535068511963,-0.2656319737434387,-0.1232099170744334,0.0311298668384552,-0.23322933912277222,-0.12080910903810604,0.011539936065673828,-0.1896214783191681,-0.11307012391685589,0.02232295274734497,-0.1023898720741272,-0.09346877140401944,0.06887853145599365,-0.22110161185264587,-0.11853037131427868,0.06012341380119324,-0.1869114339351654,-0.09542092782854183,0.04306107759475708,-0.1504150927066803,-0.07500641149877652,0.06597530841827393,-0.07357776165008545,-0.10321416062711819,0.10112917423248291,-0.1718163788318634,-0.1084580729663287,0.08952653408050537,-0.14810803532600403,-0.08496669036745175,0.07329294085502625,-0.11510872840881348,-0.06643502516149624,am7
0.0,0.0,0.0,-0.03410419821739197,-0.07352924346923828,-0.003624250933114581,-0.038767009973526,-0.1637459099292755,-0.023907771853316717,-0.016243726015090942,-0.23058748245239258,-0.04310665704082339,0.007633477449417114,-0.2742598056793213,-0.0614789468772301,-0.05602353811264038,-0.17051014304161072,-0.07156447000573962,-0.021205276250839233,-0.29489171504974365,-0.1066415575868973,0.01052585244178772,-0.35518133640289307,-0.12446173704933017,0.03653669357299805,-0.40065397322177887,-0.13413686729739993,-0.01963341236114502,-0.13494956493377686,-0.08426852203677981,0.03854772448539734,-0.2645263969898224,-0.12352658487628787,0.03456610441207886,-0.23193788528442383,-0.12065703101228564,0.014322370290756226,-0.18973970413208008,-0.11288221604894488,0.024013429880142212,-0.10239028930664062,-0.09374435670446246,0.07184889912605286,-0.22085130214691162,-0.11877610213826983,0.062248796224594116,-0.18640315532684326,-0.09546964294980853,0.044532716274261475,-0.1501968502998352,-0.07519736565421908,0.06705352663993835,-0.0739324688911438,-0.10320089436839908,0.10263702273368835,-0.17102164030075073,-0.10845357604097217,0.09099581837654114,-0.14652583003044128,-0.08492824114631503,0.07483649253845215,-0.11388909816741943,-0.06649160064529269,am7
0.0,0.0,0.0,-0.03441411256790161,-0.07408970594406128,-0.0022702501657363428,-0.03888353705406189,-0.1639106571674347,-0.021894102733483578,-0.014792054891586304,-0.229256272315979,-0.04042292368029621,0.01097765564918518,-0.2719374895095825,-0.05822256561731365,-0.0543331503868103,-0.17218995094299316,-0.07124999892329242,-0.019569724798202515,-0.29579856991767883,-0.10652907919501331,0.011688649654388428,-0.35644400119781494,-0.12440285813426044,0.03771063685417175,-0.4025571644306183,-0.13405386340235736,-0.017653226852416992,-0.1374584436416626,-0.08421076815938022,0.040764451026916504,-0.26593515276908875,-0.12280663084601429,0.035987019538879395,-0.23142239451408386,-0.11865147930001285,0.015906423330307007,-0.18927165865898132,-0.10994373988722828,0.025587886571884155,-0.10474526882171631,-0.09390100073431995,0.07381227612495422,-0.22221627831459045,-0.11827677470063236,0.06374087929725647,-0.18707001209259033,-0.09391438197707203,0.0462663471698761,-0.15099593997001648,-0.0729217378458884,0.0680130124092102,-0.07483911514282227,-0.10346630942439106,0.10395056009292603,-0.17155864834785461,-0.10823598485802677,0.0920330286026001,-0.14696747064590454,-0.08405277859782245,0.0759994387626648,-0.1145976185798645,-0.06514947098111179,am7
0.0,0.0,0.0,-0.03339862823486328,-0.07427287101745605,-0.001674913147269308,-0.037173330783843994,-0.16591525077819824,-0.020854640680170178,-0.012331783771514893,-0.23137137293815613,-0.03875854045412552,0.012518107891082764,-0.27382075786590576,-0.055966211410975575,-0.05241110920906067,-0.1708337962627411,-0.07168023467323792,-0.01678287982940674,-0.29587599635124207,-0.10669261396191132,0.014078676700592041,-0.35760027170181274,-0.12440391063950074,0.03993597626686096,-0.40507178008556366,-0.13412077158949387,-0.014928162097930908,-0.13472115993499756,-0.0846722963478328,0.04518851637840271,-0.2652449607849121,-0.123211631479478,0.03963577747344971,-0.23023191094398499,-0.1186754125382663,0.019283592700958252,-0.18813782930374146,-0.10969317138454926,0.0280420184135437,-0.10177063941955566,-0.09425826549789917,0.07631468772888184,-0.22173461318016052,-0.11810486197731507,0.06537824869155884,-0.18586978316307068,-0.09274748146793854,0.04793524742126465,-0.14945650100708008,-0.07122562259695542,0.06995880603790283,-0.07223379611968994,-0.10369690686724198,0.10639619827270508,-0.17045322060585022,-0.10818452567121994,0.09425222873687744,-0.14472031593322754,-0.083552846613145,0.07874536514282227,-0.11236530542373657,-0.06447363078854096,am7
0.0,0.0,0.0,-0.03265687823295593,-0.07503396272659302,-0.002259954345419146,-0.03578588366508484,-0.16713660955429077,-0.02191644115467284,-0.010327905416488647,-0.2321922779083252,-0.04024163959641669,0.015142560005187988,-0.2737244963645935,-0.057829513681127764,-0.050786733627319336,-0.172959566116333,-0.072452179622843,-0.014503002166748047,-0.29753103852272034,-0.10741084767599318,0.01637279987335205,-0.3587853014469147,-0.12431119335909102,0.04236122965812683,-0.4053899645805359,-0.13323212368507598,-0.013854235410690308,-0.13514018058776855,-0.08565696282406066,0.049159854650497437,-0.2647256851196289,-0.12499791337270949,0.04344716668128967,-0.22853100299835205,-0.1201654593469641,0.02200847864151001,-0.1866053342819214,-0.11050198925752852,0.028800398111343384,-0.10119456052780151,-0.09552778257150862,0.07938292622566223,-0.22042769193649292,-0.12019585026521895,0.06873324513435364,-0.1836356520652771,-0.09447979880590651,0.05065491795539856,-0.1474500298500061,-0.07224131329078887,0.07061648368835449,-0.07061499357223511,-0.10529011441488478,0.1082901656627655,-0.1689746379852295,-0.10980114294309828,0.09661486744880676,-0.143588125705719,-0.08459628326912139,0.08062717318534851,-0.1112399697303772,-0.0649177352907202,am7
0.0,0.0,0.0,-0.033196091651916504,-0.07425874471664429,-0.003216373620517743,-0.03643709421157837,-0.16676115989685059,-0.023321210991554153,-0.01127287745475769,-0.23151960968971252,-0.04185091296952237,0.014394998550415039,-0.2721250653266907,-0.05961354787271489,-0.053038328886032104,-0.17073702812194824,-0.07373798603933324,-0.015626579523086548,-0.29554370045661926,-0.10886204208057393,0.01629665493965149,-0.3566208779811859,-0.12587743962924947,0.043080925941467285,-0.40356552600860596,-0.13495524192970265,-0.015981227159500122,-0.13228684663772583,-0.0865251940004157,0.04780396819114685,-0.26242539286613464,-0.12622787023704518,0.04207530617713928,-0.22573930025100708,-0.12177386845272054,0.019993722438812256,-0.18337520956993103,-0.11237025226276387,0.026881545782089233,-0.09852814674377441,-0.09594500030200948,0.0783403217792511,-0.21884414553642273,-0.12075675989311208,0.06755721569061279,-0.18127527832984924,-0.09510512615364064,0.0488777756690979,-0.14445477724075317,-0.0729666572324561,0.06870535016059875,-0.06882059574127197,-0.10536751116435994,0.10733148455619812,-0.16633623838424683,-0.11039011890810002,0.09544679522514343,-0.13967597484588623,-0.08568381483476628,0.07866460084915161,-0.1071125864982605,-0.0663349028937148,am7
0.0,0.0,0.0,-0.032420068979263306,-0.07616007328033447,-0.0018732284238751618,-0.03613242506980896,-0.16988760232925415,-0.021239531417023727,-0.012553930282592773,-0.23782050609588623,-0.03915271088911254,0.010606348514556885,-0.280811071395874,-0.05625889748765189,-0.05087476968765259,-0.17280039191246033,-0.07338766679598052,-0.012132257223129272,-0.29619091749191284,-0.10981372669769485,0.020158439874649048,-0.3575657606124878,-0.1283876664979573,0.04701909422874451,-0.40516863763332367,-0.1384967334611531,-0.014607042074203491,-0.133691668510437,-0.0864829115612622,0.05190536379814148,-0.26277104020118713,-0.1260484524114247,0.04537877440452576,-0.22648215293884277,-0.12129616663290221,0.022347837686538696,-0.18508806824684143,-0.11206938252283294,0.02769896388053894,-0.09925824403762817,-0.09626106098724563,0.08080711960792542,-0.21880248188972473,-0.1212412335021611,0.06938740611076355,-0.18187600374221802,-0.09593541101051528,0.05022639036178589,-0.14573097229003906,-0.07422581986023147,0.06973770260810852,-0.06914913654327393,-0.10586735532118041,0.1095198392868042,-0.16701295971870422,-0.11121258810592849,0.09723454713821411,-0.14114832878112793,-0.08689420596195419,0.08013993501663208,-0.10883396863937378,-0.06789513603283126,am7
0.0,0.0,0.0,-0.032979726791381836,-0.0753103494644165,-0.0018118541488831852,-0.0372428297996521,-0.16921785473823547,-0.02135596210476365,-0.013604462146759033,-0.23686084151268005,-0.03957819911059346,0.009484142065048218,-0.2797653079032898,-0.05699023576792683,-0.053348660469055176,-0.17244982719421387,-0.0728994344395062,-0.013406634330749512,-0.29624006152153015,-0.10856678681787457,0.019063591957092285,-0.3576698899269104,-0.12636346714910474,0.045857399702072144,-0.4050421118736267,-0.1361013014834782,-0.017206311225891113,-0.13305115699768066,-0.08616839694198575,0.05006852746009827,-0.26199495792388916,-0.12590923505243268,0.044062674045562744,-0.22517362236976624,-0.12139287190851178,0.021055221557617188,-0.18366622924804688,-0.11228655623611417,0.025226294994354248,-0.09859722852706909,-0.096015754811134,0.07883933186531067,-0.21799084544181824,-0.12093510078605618,0.06801769137382507,-0.18081441521644592,-0.09529238539155926,0.048813074827194214,-0.14468085765838623,-0.07344841556962933,0.06715443730354309,-0.06878852844238281,-0.105707276336517,0.10716259479522705,-0.1663902997970581,-0.11101848977025952,0.09544414281845093,-0.14016956090927124,-0.08655567812141385,0.07836145162582397,-0.10833519697189331,-0.06754774945196118,am7
0.0,0.0,0.0,-0.03241857886314392,-0.07537287473678589,-0.0013002590012263227,-0.035335689783096313,-0.1678886115550995,-0.01998379206904133,-0.011803030967712402,-0.23501688241958618,-0.037721199306332664,0.011521011590957642,-0.27805036306381226,-0.054855411263787346,-0.04962891340255737,-0.1751289665699005,-0.06981888538845737,-0.012235313653945923,-0.2963205575942993,-0.10532455271729191,0.020242750644683838,-0.35692089796066284,-0.12374614304550846,0.047497183084487915,-0.40357406437397003,-0.13392640030630787,-0.013836264610290527,-0.13781112432479858,-0.08321599787720402,0.05212053656578064,-0.26220813393592834,-0.12112364298351963,0.046276092529296875,-0.22443699836730957,-0.11629046625145634,0.024042487144470215,-0.18355527520179749,-0.10759520656117161,0.028171122074127197,-0.10335570573806763,-0.09356846040734013,0.08182638883590698,-0.21905651688575745,-0.11769029623516758,0.07076290249824524,-0.1818179488182068,-0.09298641360052784,0.051703453063964844,-0.1458626389503479,-0.07225234931954105,0.06988659501075745,-0.07243591547012329,-0.10378423458584507,0.10983657836914062,-0.16819927096366882,-0.10910907513149937,0.09762874245643616,-0.14159297943115234,-0.08542218184717854,0.08014294505119324,-0.10940694808959961,-0.06711880988129337,am7
0.0,0.0,0.0,-0.03212571144104004,-0.0750153660774231,-0.0019859701706650412,-0.03495800495147705,-0.16886365413665771,-0.021028751957658187,-0.009989529848098755,-0.23564571142196655,-0.03882513612830962,0.014311254024505615,-0.27720358967781067,-0.05582872078144874,-0.05106106400489807,-0.17359691858291626,-0.07086342245662536,-0.010459989309310913,-0.2973470985889435,-0.10610478043878402,0.022583097219467163,-0.3586084246635437,-0.12394489020431365,0.04986083507537842,-0.4064275175333023,-0.1338639226588043,-0.014403194189071655,-0.13460272550582886,-0.0840687271984848,0.05195820331573486,-0.2626776099205017,-0.12418254137361373,0.04571014642715454,-0.22525626420974731,-0.12056876391494598,0.022907167673110962,-0.18360701203346252,-0.1117902961405548,0.028229981660842896,-0.09970748424530029,-0.09389552146518554,0.08088961243629456,-0.2180822193622589,-0.1191043597492012,0.07022464275360107,-0.18040379881858826,-0.09379981130683746,0.05160221457481384,-0.14473658800125122,-0.07189514905536498,0.06985586881637573,-0.06917423009872437,-0.10358595520580138,0.10942086577415466,-0.166508287191391,-0.10903563022935714,0.09760767221450806,-0.13984841108322144,-0.08451486796462859,0.0810798704624176,-0.10840463638305664,-0.0652764332326683,am7
0.0,0.0,0.0,-0.03146854043006897,-0.07469487190246582,-0.0003046933706229993,-0.03424227237701416,-0.16758418083190918,-0.01885522827788577,-0.009087443351745605,-0.23410257697105408,-0.036466621982896186,0.015433669090270996,-0.2759544849395752,-0.05346943177565322,-0.048657357692718506,-0.1754048466682434,-0.07068460546716437,-0.009077310562133789,-0.2994585335254669,-0.10579557828887687,0.023820966482162476,-0.36039936542510986,-0.12389186881765113,0.05086955428123474,-0.4075954109430313,-0.1340833764551519,-0.01278790831565857,-0.1365070939064026,-0.08418146632894263,0.05328032374382019,-0.262551873922348,-0.12202233188136802,0.04693850874900818,-0.22443228960037231,-0.11702787243112311,0.024496018886566162,-0.18413683772087097,-0.10834745429738746,0.029140770435333252,-0.10128170251846313,-0.09428030364497886,0.08260393142700195,-0.21835830807685852,-0.11782201491578803,0.07128748297691345,-0.1807219684123993,-0.09221670888646827,0.052392154932022095,-0.14485228061676025,-0.07106289379581199,0.07021903991699219,-0.07023733854293823,-0.10412168614848838,0.11080467700958252,-0.1667017936706543,-0.10905269645436988,0.09851476550102234,-0.1399596929550171,-0.08478882275804267,0.08135080337524414,-0.108298659324646,-0.06619711332305656,am7
0.0,0.0,0.0,-0.031632453203201294,-0.07608312368392944,-0.0010825538013534697,-0.03373757004737854,-0.17073413729667664,-0.020024189998622433,-0.009629756212234497,-0.23834818601608276,-0.037694754352088466,0.01298457384109497,-0.2816726863384247,-0.054609319468255535,-0.04982861876487732,-0.17538532614707947,-0.07197916348766853,-0.008865267038345337,-0.29935115575790405,-0.10680620213341285,0.024270236492156982,-0.3599295914173126,-0.123795433243032,0.051616162061691284,-0.4066395163536072,-0.13306129564833213,-0.013646990060806274,-0.1356290578842163,-0.08524679978680183,0.05411320924758911,-0.2628328800201416,-0.12422302206348945,0.047602713108062744,-0.22500485181808472,-0.11897831996273567,0.024633139371871948,-0.18358153104782104,-0.10946724404882957,0.028533518314361572,-0.09995323419570923,-0.09503637095284034,0.08273017406463623,-0.2173500657081604,-0.11925054182600547,0.07144081592559814,-0.1802261471748352,-0.09310914417099525,0.052354663610458374,-0.14464157819747925,-0.07110993405174781,0.06989917159080505,-0.06855452060699463,-0.10457523008179237,0.1103777289390564,-0.1656019389629364,-0.10916650136303474,0.09810322523117065,-0.13931047916412354,-0.08426103581976463,0.08101418614387512,-0.10778963565826416,-0.06511004110168983,am7
0.0,0.0,0.0,-0.031182914972305298,-0.07675808668136597,-0.0010500707911944573,-0.0323830246925354,-0.17150327563285828,-0.019360871102350075,-0.008198529481887817,-0.24013209342956543,-0.036270297180550415,0.01419973373413086,-0.28419461846351624,-0.05232263268126758,-0.04688292741775513,-0.1759171485900879,-0.07141524464978488,-0.006063669919967651,-0.2991492748260498,-0.10644402266635211,0.027071356773376465,-0.36031660437583923,-0.12424231232299121,0.054464906454086304,-0.4078940153121948,-0.13418172211541446,-0.010630309581756592,-0.1362537145614624,-0.08450680137767108,0.05560910701751709,-0.2639580965042114,-0.12306573898686679,0.04844614863395691,-0.22642675042152405,-0.11801063181056293,0.025769948959350586,-0.18502438068389893,-0.10880513400925906,0.0313812792301178,-0.10036015510559082,-0.09418183476819308,0.08469051122665405,-0.21879643201828003,-0.11828691424025806,0.07251951098442078,-0.18158236145973206,-0.09258966059579166,0.05356237292289734,-0.14558154344558716,-0.0709351441372803,0.07261514663696289,-0.06852924823760986,-0.10362374694241794,0.11300387978553772,-0.16558676958084106,-0.10872866125001224,0.09978654980659485,-0.13970696926116943,-0.08450075895680698,0.08244386315345764,-0.10790073871612549,-0.06572984815730365,am7
0.0,0.0,0.0,-0.03160443902015686,-0.07593834400177002,-0.0032891194681781144,-0.03269696235656738,-0.16986489295959473,-0.022499224997233114,-0.0074656009674072266,-0.23552829027175903,-0.04017370649344798,0.017843633890151978,-0.2768065929412842,-0.05697925843961116,-0.04906615614891052,-0.17376863956451416,-0.07134987869031306,-0.00850650668144226,-0.2971741259098053,-0.10559177108771678,0.024538159370422363,-0.3581732511520386,-0.12217183121211406,0.0520460307598114,-0.405330553650856,-0.13116140373713847,-0.012067139148712158,-0.1347528100013733,-0.08405820735461589,0.0539117157459259,-0.2624489367008209,-0.12410452672011729,0.04699784517288208,-0.22546011209487915,-0.12040030666358348,0.024031013250350952,-0.18276876211166382,-0.11115163274772044,0.03055909276008606,-0.09955334663391113,-0.09341139801509257,0.08329823613166809,-0.2178366482257843,-0.11852727540500041,0.07179033756256104,-0.18069884181022644,-0.09342243232495662,0.05294609069824219,-0.14491158723831177,-0.07138958283431407,0.07175454497337341,-0.06797522306442261,-0.1027390629864442,0.11136290431022644,-0.1649782359600067,-0.10821397312648173,0.09885695576667786,-0.13919150829315186,-0.08392658539779063,0.08185935020446777,-0.10742223262786865,-0.06469560124642726,am7
0.0,0.0,0.0,-0.031747639179229736,-0.07578134536743164,-0.0022511872721509008,-0.03304988145828247,-0.17026486992835999,-0.020920347122256544,-0.007251381874084473,-0.2367561161518097,-0.03820732578427055,0.01775231957435608,-0.2779480814933777,-0.05472567274958351,-0.04905885457992554,-0.17539802193641663,-0.07005506723911026,-0.008057057857513428,-0.29797083139419556,-0.10485605120450714,0.02530995011329651,-0.3593052327632904,-0.1225149106958554,0.05294272303581238,-0.4073266237974167,-0.13234880536586502,-0.012027144432067871,-0.1365627646446228,-0.08312921941072204,0.05434602499008179,-0.2643306851387024,-0.12333373695403793,0.04730728268623352,-0.2262778878211975,-0.11996132105380752,0.024456143379211426,-0.18349537253379822,-0.11102151840717056,0.030683904886245728,-0.10119527578353882,-0.09284913509875992,0.08329376578330994,-0.2185940146446228,-0.11814466833860138,0.07166162133216858,-0.18098193407058716,-0.09320989966184356,0.05321952700614929,-0.145280659198761,-0.07126721709758499,0.07223856449127197,-0.06953853368759155,-0.10242088109046676,0.11151421070098877,-0.1669030487537384,-0.10782059252053955,0.09884870052337646,-0.14055407047271729,-0.0833565142729924,0.08239522576332092,-0.10868662595748901,-0.06402295797855118,am7
0.0,0.0,0.0,-0.03239580988883972,-0.07547241449356079,-0.0024303183205347523,-0.03423932194709778,-0.17087724804878235,-0.02081244175917618,-0.00970768928527832,-0.23844480514526367,-0.037813170977301525,0.014702856540679932,-0.2806142568588257,-0.05396119428462498,-0.05050644278526306,-0.17513060569763184,-0.0691697887856435,-0.009263098239898682,-0.2984052002429962,-0.10306548250503056,0.024101287126541138,-0.3594326972961426,-0.11987093014306538,0.051622480154037476,-0.40702924132347107,-0.12923554999417775,-0.013591527938842773,-0.13649672269821167,-0.08210267794913761,0.0521794855594635,-0.26534420251846313,-0.12204070312566273,0.045575112104415894,-0.22759133577346802,-0.11880835814065449,0.02293720841407776,-0.1845667064189911,-0.1099046982604932,0.02927112579345703,-0.10145938396453857,-0.09162373019046299,0.08177858591079712,-0.22020727396011353,-0.11662484628743641,0.07046914100646973,-0.18279048800468445,-0.09173380506820195,0.05193006992340088,-0.1470375657081604,-0.06985951883382313,0.07082614302635193,-0.0702216625213623,-0.1010361902195882,0.11017519235610962,-0.16759276390075684,-0.10649006737060063,0.0975644588470459,-0.14131349325180054,-0.08230752421206944,0.08083486557006836,-0.10951155424118042,-0.06313916219062321,am7
0.0,0.0,0.0,-0.03205880522727966,-0.07605403661727905,-0.002067392245010069,-0.03394228219985962,-0.17183160781860352,-0.020080898441449335,-0.010714292526245117,-0.24145135283470154,-0.036874555535689524,0.01178818941116333,-0.28598958253860474,-0.05271699327983015,-0.04970771074295044,-0.17641013860702515,-0.0677918237821018,-0.009077370166778564,-0.2995007038116455,-0.10184928450740927,0.024475276470184326,-0.3609386086463928,-0.11881570193924063,0.0522707998752594,-0.40861713886260986,-0.12816100243486517,-0.012922108173370361,-0.13814789056777954,-0.08082417819656484,0.05247315764427185,-0.2660471200942993,-0.12046084973968618,0.04598146677017212,-0.2283857762813568,-0.11684933725751989,0.02324715256690979,-0.1857309639453888,-0.10774963770069235,0.029790669679641724,-0.10308617353439331,-0.09062026862062567,0.08182233572006226,-0.22133705019950867,-0.11582594785846823,0.0710228681564331,-0.18415632843971252,-0.09108201835312002,0.05264151096343994,-0.14845407009124756,-0.06925336692489736,0.07153794169425964,-0.07176482677459717,-0.10027006689466589,0.11051541566848755,-0.16903501749038696,-0.10584524694837683,0.09820088744163513,-0.14319086074829102,-0.08182932112373464,0.0814548134803772,-0.11131703853607178,-0.06274635765709036,am7
0.0,0.0,0.0,-0.032582998275756836,-0.07683467864990234,-0.00315773436057043,-0.03424125909805298,-0.1740725338459015,-0.02202162607761693,-0.010489732027053833,-0.24414438009262085,-0.0394772672578938,0.012528955936431885,-0.28864148259162903,-0.05607959716769528,-0.051290541887283325,-0.17688819766044617,-0.06974622323366475,-0.010184317827224731,-0.29801663756370544,-0.10421780958029103,0.023696720600128174,-0.3589327931404114,-0.12124538882824254,0.05197882652282715,-0.40618544816970825,-0.1306938202604897,-0.015034884214401245,-0.13829916715621948,-0.08273648186775517,0.05124625563621521,-0.26530900597572327,-0.12275766297432256,0.045353055000305176,-0.22694483399391174,-0.11871085032078099,0.02285832166671753,-0.1834149956703186,-0.10934268399330449,0.027587205171585083,-0.10241806507110596,-0.09261632426830602,0.08080124855041504,-0.21947968006134033,-0.11818934693189931,0.0705813467502594,-0.18216457962989807,-0.09302464588733983,0.052399396896362305,-0.14606773853302002,-0.0709573747143395,0.06950977444648743,-0.06998670101165771,-0.1024929331168778,0.10937938094139099,-0.16710370779037476,-0.10828433647009206,0.0969899594783783,-0.141265869140625,-0.08421500488373113,0.0799223780632019,-0.10851192474365234,-0.06526311948152852,am7
0.0,0.0,0.0,-0.03302556276321411,-0.07639789581298828,-0.004003934388748576,-0.03511252999305725,-0.175660640001297,-0.023118985643378664,-0.012161076068878174,-0.24947011470794678,-0.04058816080330985,0.009595394134521484,-0.29808706045150757,-0.05715565924882071,-0.05146530270576477,-0.17694053053855896,-0.07078609784483092,-0.010087013244628906,-0.29823049902915955,-0.10509024729370253,0.023850470781326294,-0.3590225875377655,-0.1216611134016432,0.052149176597595215,-0.4058447927236557,-0.13077920099138396,-0.015410125255584717,-0.13836145401000977,-0.08359161933302062,0.05069464445114136,-0.26631981134414673,-0.12333937903284209,0.044357120990753174,-0.22824084758758545,-0.11869228800176757,0.021710455417633057,-0.18438267707824707,-0.10898502339958327,0.026894599199295044,-0.10238450765609741,-0.09343349357484954,0.080253005027771,-0.2205115258693695,-0.11919289251207488,0.06964406371116638,-0.18329668045043945,-0.09412228484987395,0.050751328468322754,-0.14690786600112915,-0.0721548365557112,0.06903383135795593,-0.06969720125198364,-0.10332312603830474,0.10855412483215332,-0.16687530279159546,-0.10924343933700698,0.09618198871612549,-0.14149469137191772,-0.08542667498230117,0.07844758033752441,-0.10829389095306396,-0.06673380901455062,am7
0.0,0.0,0.0,-0.03340396285057068,-0.07657241821289062,-0.00410316897907137,-0.03571575880050659,-0.17556217312812805,-0.023520080506585828,-0.012656480073928833,-0.24952414631843567,-0.041487652942322484,0.009581536054611206,-0.2977693974971771,-0.05871813385167002,-0.05179530382156372,-0.1769258677959442,-0.07080817235984682,-0.010359078645706177,-0.2967686057090759,-0.10506899668254732,0.02389758825302124,-0.356703519821167,-0.12173420949258684,0.05245864391326904,-0.40291137993335724,-0.13103874786176561,-0.01625436544418335,-0.13855087757110596,-0.08394812060871004,0.050118982791900635,-0.265254944562912,-0.12377330674209475,0.04405391216278076,-0.22733479738235474,-0.11930534256973147,0.02128109335899353,-0.18307694792747498,-0.10985758914031862,0.025988131761550903,-0.10207748413085938,-0.09418021900930285,0.07935351133346558,-0.21934819221496582,-0.12018814696349978,0.06908455491065979,-0.182071715593338,-0.09544447822847246,0.05017712712287903,-0.14496523141860962,-0.07376716299333452,0.06842133402824402,-0.0687742829322815,-0.10449985428132891,0.10806456208229065,-0.1656099259853363,-0.11093964441099047,0.09551122784614563,-0.14046645164489746,-0.08761195106782793,0.07744300365447998,-0.10668939352035522,-0.06929207606592058,am7
0.0,0.0,0.0,-0.03280782699584961,-0.07577943801879883,-0.003331956492417021,-0.03567463159561157,-0.17355871200561523,-0.0223489357546498,-0.01293918490409851,-0.24606218934059143,-0.040323999749176664,0.009386301040649414,-0.29275014996528625,-0.05757080860590236,-0.0512198805809021,-0.17818567156791687,-0.06831881500934855,-0.00930851697921753,-0.2971481382846832,-0.10274804480528132,0.025538712739944458,-0.35568130016326904,-0.12031063534473674,0.054611027240753174,-0.4005577117204666,-0.1303129876420428,-0.015100806951522827,-0.13905727863311768,-0.08185163237308757,0.05142319202423096,-0.2642788589000702,-0.12187723912452952,0.04501786828041077,-0.22586533427238464,-0.1186748827264239,0.02188703417778015,-0.18282076716423035,-0.11020143427109019,0.027531951665878296,-0.10237085819244385,-0.09243707455848948,0.08097797632217407,-0.21903318166732788,-0.11879814513181941,0.07037320733070374,-0.18150737881660461,-0.09467198796724574,0.05110526084899902,-0.14488095045089722,-0.07340564675783412,0.06989407539367676,-0.0697445273399353,-0.10300716109728114,0.10951465368270874,-0.16626811027526855,-0.10989607967590587,0.09701943397521973,-0.1400667428970337,-0.0865258286163737,0.07917836308479309,-0.10668206214904785,-0.06800897516464488,am7
0.0,0.0,0.0,-0.0329289436340332,-0.07541543245315552,-0.003903203573884184,-0.036701738834381104,-0.1734098494052887,-0.02345915504253071,-0.014366567134857178,-0.24614453315734863,-0.04176113002455395,0.007856905460357666,-0.2926921248435974,-0.05916515730774563,-0.05322745442390442,-0.17795836925506592,-0.07023181759274166,-0.01235806941986084,-0.2977669835090637,-0.1051009743706004,0.022951573133468628,-0.35564184188842773,-0.12264902882731121,0.05270162224769592,-0.39957475662231445,-0.13258127116120022,-0.017717093229293823,-0.13878345489501953,-0.08351381116068524,0.04995638132095337,-0.2638273537158966,-0.12359973036205929,0.04388120770454407,-0.22436997294425964,-0.11979702853119534,0.02078831195831299,-0.18107682466506958,-0.11109289519941967,0.024475514888763428,-0.10198259353637695,-0.09389024965918225,0.07995283603668213,-0.21857815980911255,-0.12023738764679592,0.06950125098228455,-0.18062561750411987,-0.09561310701525372,0.050179749727249146,-0.143729567527771,-0.07419043027317684,0.06646373867988586,-0.06899207830429077,-0.1043101697460429,0.10763072967529297,-0.165206640958786,-0.11115182184136074,0.095062255859375,-0.13927996158599854,-0.08773420744097393,0.0765850841999054,-0.10598552227020264,-0.06935070448076885,am7
0.0,0.0,0.0,-0.032195478677749634,-0.07658141851425171,-0.0020982038968782035,-0.03501814603805542,-0.1729533076286316,-0.02031877290397688,-0.011998534202575684,-0.2438035011291504,-0.037915747872887096,0.01143917441368103,-0.2875186502933502,-0.054874364546833476,-0.0499514639377594,-0.18204298615455627,-0.0660609233000855,-0.009686678647994995,-0.3009697496891022,-0.09942758109360739,0.024951040744781494,-0.3579086661338806,-0.1164222064235787,0.05399513244628906,-0.40118125081062317,-0.12611626114636465,-0.014540642499923706,-0.14297550916671753,-0.08004242952853247,0.05290314555168152,-0.26504480838775635,-0.11709899481326147,0.046883463859558105,-0.22595861554145813,-0.11276668336182638,0.023949354887008667,-0.184396892786026,-0.10455492164879843,0.02743557095527649,-0.1054723858833313,-0.09126947101145788,0.08279481530189514,-0.2202722132205963,-0.11614587183981939,0.0724775493144989,-0.18212410807609558,-0.09271922733574911,0.05305573344230652,-0.1458379626274109,-0.07269933845788046,0.0696859359741211,-0.07148182392120361,-0.10240385707407995,0.1109086275100708,-0.16646674275398254,-0.10914651330500647,0.09853404760360718,-0.14038366079330444,-0.0866232516983132,0.07950127124786377,-0.10741162300109863,-0.06900932665854498,am7
0.0,0.0,0.0,-0.0331093966960907,-0.0769689679145813,-0.0029353683152351095,-0.03684282302856445,-0.1744985282421112,-0.0227037425887886,-0.014011859893798828,-0.24557557702064514,-0.04145532099428806,0.008999526500701904,-0.2903014123439789,-0.05942167339745197,-0.05357491970062256,-0.1803697645664215,-0.0705220177573267,-0.011832594871520996,-0.30023470520973206,-0.10508254168453846,0.02367439866065979,-0.35706716775894165,-0.12210681287470493,0.05387958884239197,-0.39954259991645813,-0.13165394214811954,-0.01827549934387207,-0.13983440399169922,-0.0844133198064867,0.05140793323516846,-0.2640276551246643,-0.12367777524414691,0.04516410827636719,-0.22424113750457764,-0.11907359210673008,0.021787047386169434,-0.1810697317123413,-0.1101161539358202,0.023693948984146118,-0.10182547569274902,-0.09532170740786228,0.08102643489837646,-0.21804973483085632,-0.12108535317602787,0.07054746150970459,-0.1798803210258484,-0.09613193569603595,0.05070573091506958,-0.14277386665344238,-0.07480797914686832,0.06571146845817566,-0.06780779361724854,-0.10619663445177707,0.10818919539451599,-0.1635672152042389,-0.11261188981953296,0.09584817290306091,-0.13741999864578247,-0.08889565614882144,0.07679495215415955,-0.10395550727844238,-0.07049209622564945,am7
0.0,0.0,0.0,-0.03237712383270264,-0.07879149913787842,-0.003956601469212728,-0.033735036849975586,-0.17788010835647583,-0.02282699800878163,-0.01081952452659607,-0.25064557790756226,-0.040585233344131666,0.011455804109573364,-0.29572492837905884,-0.05760496713071461,-0.0492190420627594,-0.18270307779312134,-0.06857274331002827,-0.0068863630294799805,-0.2996639907360077,-0.10259753323941823,0.0281904935836792,-0.35649460554122925,-0.11990060515552159,0.057547926902770996,-0.3998362571001053,-0.12980054922252293,-0.01346510648727417,-0.14327049255371094,-0.08212356127648945,0.05550298094749451,-0.2653293311595917,-0.11916164167075749,0.04875218868255615,-0.22699275612831116,-0.11408100880532857,0.025166630744934082,-0.18512827157974243,-0.1056006611123621,0.02836167812347412,-0.10463273525238037,-0.09317345775514241,0.0854644775390625,-0.21921110153198242,-0.118580578340584,0.07464820146560669,-0.1818632185459137,-0.09501549459844227,0.05453839898109436,-0.14570015668869019,-0.07502415634542103,0.07064524292945862,-0.06911283731460571,-0.10430896140485402,0.11300164461135864,-0.16446372866630554,-0.11149586595445271,0.10004186630249023,-0.13889044523239136,-0.08907475180774327,0.07988038659095764,-0.10511165857315063,-0.07173674411922093,am7
0.0,0.0,0.0,-0.032899558544158936,-0.07603764533996582,-0.0039521207538086855,-0.036897510290145874,-0.1746097207069397,-0.02376352841673679,-0.013982623815536499,-0.24667823314666748,-0.04268602127848453,0.009576797485351562,-0.29159969091415405,-0.060687197695358464,-0.054123908281326294,-0.18200016021728516,-0.06882574627815075,-0.011036604642868042,-0.30166396498680115,-0.10264647225557155,0.025218814611434937,-0.3574080467224121,-0.1191636494797308,0.05562478303909302,-0.3987148553133011,-0.1284259877604086,-0.019246965646743774,-0.14106720685958862,-0.08255908856807537,0.051039040088653564,-0.26526588201522827,-0.12216319362340755,0.045085608959198,-0.22551801800727844,-0.11839644829450435,0.02154269814491272,-0.18220248818397522,-0.10977491209922619,0.022646278142929077,-0.10250294208526611,-0.09346712599216289,0.08115288615226746,-0.21783322095870972,-0.11959296683488674,0.07103744149208069,-0.1795518696308136,-0.09533216277776546,0.050899118185043335,-0.14279437065124512,-0.07429299722133464,0.06450426578521729,-0.06802940368652344,-0.10445715705571956,0.10870015621185303,-0.16410240530967712,-0.11116640488324947,0.09667336940765381,-0.13840138912200928,-0.08793125520168132,0.07710593938827515,-0.10554784536361694,-0.0697786680859167,am7
0.0,0.0,0.0,-0.03286778926849365,-0.07820719480514526,-0.0038025540546868797,-0.03553372621536255,-0.17696279287338257,-0.023618777819478964,-0.012892872095108032,-0.25084736943244934,-0.04236871523460195,0.008841931819915771,-0.2962174415588379,-0.060380028166378,-0.05198362469673157,-0.18314039707183838,-0.07078969997962758,-0.0074172914028167725,-0.30083808302879333,-0.10533595604499624,0.028633177280426025,-0.35691195726394653,-0.12306196016868398,0.058390140533447266,-0.3997078984975815,-0.13342267049154088,-0.016684919595718384,-0.14258313179016113,-0.08450234455665395,0.05432465672492981,-0.26538118720054626,-0.12205341977676198,0.04857179522514343,-0.22741100192070007,-0.11711189670165822,0.02464309334754944,-0.18649473786354065,-0.10916547996600912,0.025342822074890137,-0.10358095169067383,-0.09552579147418783,0.0840848982334137,-0.21879974007606506,-0.12112290186485097,0.07374656200408936,-0.18112033605575562,-0.09734569264253423,0.052727341651916504,-0.14484885334968567,-0.07765120787223623,0.06774622201919556,-0.06901746988296509,-0.1065976969679241,0.11155229806900024,-0.1640675961971283,-0.1141330949743633,0.09888702630996704,-0.1377074122428894,-0.09194532556136892,0.07798019051551819,-0.10427999496459961,-0.07499200625022695,am7
0.0,0.0,0.0,-0.03196600079536438,-0.07796871662139893,-0.0035737361869223605,-0.033602386713027954,-0.17700845003128052,-0.022769672341496516,-0.010074138641357422,-0.24988991022109985,-0.041226077370197345,0.012902915477752686,-0.2948210835456848,-0.058879088155777026,-0.05026465654373169,-0.18396958708763123,-0.0675708497984715,-0.006635129451751709,-0.30186110734939575,-0.10134938313797193,0.029228955507278442,-0.3573935329914093,-0.11836538418367581,0.05902150273323059,-0.39909616112709045,-0.12808226748541074,-0.015692561864852905,-0.14370989799499512,-0.0812134291155644,0.05451035499572754,-0.26584598422050476,-0.11895482196644025,0.048357218503952026,-0.22759190201759338,-0.11452968373134809,0.024864375591278076,-0.18648141622543335,-0.10628898396328168,0.02605709433555603,-0.10478007793426514,-0.09222873999908643,0.08469563722610474,-0.21894675493240356,-0.11764065130785184,0.07411414384841919,-0.1815425157546997,-0.09399650945499616,0.05360111594200134,-0.14595746994018555,-0.0739213968737431,0.06805375218391418,-0.06986349821090698,-0.10331360950306134,0.11271166801452637,-0.1651008129119873,-0.11011461868122296,0.10028201341629028,-0.13934540748596191,-0.08757146402433591,0.08011215925216675,-0.10699349641799927,-0.07015432371929364,am7
0.0,0.0,0.0,-0.032041966915130615,-0.07714319229125977,-0.002768651417369483,-0.03452524542808533,-0.17527487874031067,-0.02223794914121413,-0.011313587427139282,-0.24790620803833008,-0.040942573987791775,0.011252760887145996,-0.2933739125728607,-0.05885237648422503,-0.050720155239105225,-0.18355721235275269,-0.06948141946728015,-0.007082700729370117,-0.30397602915763855,-0.1028961037033298,0.029013127088546753,-0.3586302101612091,-0.118788974427531,0.05915454030036926,-0.3986957222223282,-0.12757674052650714,-0.016329944133758545,-0.142520010471344,-0.0832926650279262,0.054080694913864136,-0.26622411608695984,-0.12053782685930514,0.047804802656173706,-0.2275446057319641,-0.11468778743679309,0.024382352828979492,-0.1864514946937561,-0.10556231632168078,0.025231391191482544,-0.10336506366729736,-0.0942681153052547,0.0845431387424469,-0.21969819068908691,-0.1190226916902759,0.07381072640419006,-0.1820480227470398,-0.09415205016071582,0.0533890426158905,-0.1457778811454773,-0.07343328192169452,0.0670672059059143,-0.0682913064956665,-0.10519808723861956,0.11179932951927185,-0.16469842195510864,-0.11118056818182254,0.09942582249641418,-0.13934749364852905,-0.0878373701804378,0.07946094870567322,-0.10678118467330933,-0.07001981332237506,am7
0.0,0.0,0.0,-0.03220629692077637,-0.07910943031311035,-0.0025656687582227278,-0.033721745014190674,-0.1795286238193512,-0.02172137270889607,-0.009805738925933838,-0.2552988529205322,-0.03995138812086907,0.01320040225982666,-0.30282366275787354,-0.057462264180401235,-0.049144089221954346,-0.1842743456363678,-0.06972181829831925,-0.004427969455718994,-0.30370277166366577,-0.1027339551152977,0.0318242609500885,-0.3583042621612549,-0.11828937414310303,0.06179055571556091,-0.39879775047302246,-0.1270680952372345,-0.01449236273765564,-0.14361512660980225,-0.08348183366678086,0.0564265251159668,-0.26678702235221863,-0.11982639166734543,0.050343215465545654,-0.22830799221992493,-0.11319632861039963,0.02668917179107666,-0.18751537799835205,-0.10391607168338624,0.027016371488571167,-0.10434633493423462,-0.09441001001022187,0.08618304133415222,-0.21984148025512695,-0.11861294540784684,0.07557281851768494,-0.18241572380065918,-0.09349636766336289,0.05485522747039795,-0.14639759063720703,-0.07296246323011246,0.06896191835403442,-0.06891554594039917,-0.10528546604535904,0.11324310302734375,-0.16408291459083557,-0.1113888624610695,0.10068103671073914,-0.13847380876541138,-0.08838109704873887,0.08030092716217041,-0.10595279932022095,-0.070962027043322,am7
0.0,0.0,0.0,-0.03325411677360535,-0.07808905839920044,-0.003061924762846502,-0.03663361072540283,-0.17801889777183533,-0.022916538808317455,-0.013337194919586182,-0.25289759039878845,-0.04179416799900082,0.010575264692306519,-0.30008357763290405,-0.0598628056978896,-0.05290129780769348,-0.18301263451576233,-0.07082350010034588,-0.007261931896209717,-0.30332136154174805,-0.10412794554588345,0.02978825569152832,-0.3575453758239746,-0.11968034708854702,0.060454338788986206,-0.3970334678888321,-0.1283946281110957,-0.018095701932907104,-0.141890287399292,-0.08456051552650479,0.05306065082550049,-0.2666843831539154,-0.12215703183767346,0.047205060720443726,-0.22835776209831238,-0.11620921099540737,0.023205071687698364,-0.1860511600971222,-0.10699338668939617,0.023720890283584595,-0.10267925262451172,-0.09532670134660748,0.08320438861846924,-0.21969082951545715,-0.12026462906953839,0.07311275601387024,-0.182184636592865,-0.09504927152750042,0.05229172110557556,-0.14531418681144714,-0.074072593990536,0.06551399827003479,-0.06757628917694092,-0.10602652484533337,0.10987058281898499,-0.16371238231658936,-0.11214205080625561,0.09786739945411682,-0.13827115297317505,-0.08871873671171215,0.07795703411102295,-0.10566246509552002,-0.07088191265222576,am7
0.0,0.0,0.0,-0.03331807255744934,-0.07981258630752563,-0.0033661929096524545,-0.034441351890563965,-0.1814374327659607,-0.022852417188460095,-0.01121819019317627,-0.25742006301879883,-0.0413403567995374,0.011032015085220337,-0.3052480220794678,-0.059124978366071446,-0.05130389332771301,-0.18431589007377625,-0.070291610541517,-0.004324853420257568,-0.3024474084377289,-0.10359528857725309,0.032663941383361816,-0.35737380385398865,-0.11966863471525357,0.06292498111724854,-0.39857275784015656,-0.12887413251655744,-0.01598086953163147,-0.14383095502853394,-0.0840233062531297,0.05425789952278137,-0.2675127685070038,-0.1206596587921922,0.048200517892837524,-0.23014351725578308,-0.11457859176653074,0.02449151873588562,-0.18886491656303406,-0.10582564223068402,0.02616015076637268,-0.10420107841491699,-0.095002124192888,0.08503428101539612,-0.22060894966125488,-0.119902046504194,0.07469379901885986,-0.18345895409584045,-0.0955325757290666,0.05399751663208008,-0.1470753252506256,-0.0754355211879556,0.0686347484588623,-0.0685470700263977,-0.10594883013027356,0.1126420795917511,-0.16504889726638794,-0.1128609796191995,0.09984737634658813,-0.13928985595703125,-0.09042324322717832,0.07919064164161682,-0.10591232776641846,-0.073373885932142,am7
0.0,0.0,0.0,-0.032079219818115234,-0.07743650674819946,-0.002537324880279357,-0.03459268808364868,-0.17446112632751465,-0.0223425196903122,-0.009952783584594727,-0.2444414496421814,-0.04169668056539422,0.01522091031074524,-0.28641536831855774,-0.06036247857383614,-0.05092519521713257,-0.18407025933265686,-0.0687122995453251,-0.0060310959815979,-0.3043626844882965,-0.10207692333034402,0.030631840229034424,-0.3586375117301941,-0.1184343675570858,0.06088441610336304,-0.3986474424600601,-0.12776302345565682,-0.016807228326797485,-0.1430518925189972,-0.08291174270681267,0.05247381329536438,-0.2677208185195923,-0.12043601818851357,0.04701417684555054,-0.22990325093269348,-0.11546960272363549,0.02402251958847046,-0.1886933445930481,-0.10702125527433282,0.024896830320358276,-0.10388833284378052,-0.09423359282783395,0.08375775814056396,-0.2215772569179535,-0.11896440186075097,0.07389268279075623,-0.18475550413131714,-0.09449522741607552,0.053478360176086426,-0.14832210540771484,-0.07406002827457314,0.06678664684295654,-0.06886398792266846,-0.1055717150168789,0.1118452250957489,-0.16615357995033264,-0.11171778835824853,0.09972244501113892,-0.14149069786071777,-0.0886286477046383,0.07966035604476929,-0.10876131057739258,-0.07098505445293313,am7
0.0,0.0,0.0,-0.033494770526885986,-0.07798188924789429,-0.0020501015336265027,-0.03637826442718506,-0.17662334442138672,-0.021697922153492755,-0.012338221073150635,-0.24962028861045837,-0.04074070650162298,0.012070655822753906,-0.2946009635925293,-0.05924962508501608,-0.05216902494430542,-0.18450525403022766,-0.06960904645742971,-0.006243079900741577,-0.3048204779624939,-0.10209208774389822,0.03041285276412964,-0.35924088954925537,-0.11735829013409216,0.0604187548160553,-0.3993099629878998,-0.12609963911594946,-0.017627298831939697,-0.14440622925758362,-0.08380644070925314,0.05197820067405701,-0.268433153629303,-0.11931981193842489,0.04646176099777222,-0.2305242419242859,-0.11244431930603582,0.023466527462005615,-0.1896866261959076,-0.10337086814465124,0.024047940969467163,-0.10529112815856934,-0.0950837587100466,0.08303526043891907,-0.22282913327217102,-0.11847525882544119,0.07296830415725708,-0.18556848168373108,-0.09305327433170874,0.052490949630737305,-0.1484834849834442,-0.07266338217081625,0.06590402126312256,-0.0699802041053772,-0.10633643764080603,0.11014536023139954,-0.16608306765556335,-0.11225180375399191,0.09780895709991455,-0.1405857801437378,-0.08924746560873587,0.07746201753616333,-0.10746335983276367,-0.07198850112976629,am7
0.0,0.0,0.0,-0.03332361578941345,-0.07823467254638672,-0.0015927407623621548,-0.03573310375213623,-0.1773878037929535,-0.021266944004537436,-0.012207657098770142,-0.2517307996749878,-0.04044183645987687,0.01087769865989685,-0.2987217605113983,-0.059164810223819586,-0.05144038796424866,-0.18464496731758118,-0.06974093918347535,-0.004962056875228882,-0.3049318194389343,-0.10219854418778596,0.031996697187423706,-0.35920852422714233,-0.11725263599896607,0.06203740835189819,-0.39888113737106323,-0.12577849928879914,-0.01699414849281311,-0.14452901482582092,-0.08410729025149521,0.052074700593948364,-0.26818257570266724,-0.11952226911330399,0.04635798931121826,-0.2300196886062622,-0.11217179451728043,0.023198843002319336,-0.18923360109329224,-0.10284337703728852,0.02480223774909973,-0.1050366759300232,-0.09551264647984681,0.08371853828430176,-0.2222033143043518,-0.11909869615578828,0.07348576188087463,-0.18479490280151367,-0.09340475056910691,0.05281713604927063,-0.1478181779384613,-0.07283946429038224,0.06685948371887207,-0.06951385736465454,-0.10677700047040162,0.11078086495399475,-0.16576248407363892,-0.11272054467940507,0.09833762049674988,-0.1400812864303589,-0.08942535076880631,0.07794734835624695,-0.10685980319976807,-0.07199050043368516,am7
0.0,0.0,0.0,-0.033600032329559326,-0.07834398746490479,-0.0023197280654301267,-0.03629371523857117,-0.17820394039154053,-0.022351936478315793,-0.012785851955413818,-0.25336772203445435,-0.04160844445615908,0.011251121759414673,-0.30104291439056396,-0.06028122365862032,-0.05245077610015869,-0.18420931696891785,-0.07113591120034357,-0.00494229793548584,-0.3052281439304352,-0.10367276803046366,0.03217810392379761,-0.3592917323112488,-0.11860174224167963,0.06225457787513733,-0.3986564874649048,-0.12705344990283152,-0.017605066299438477,-0.14387497305870056,-0.08511478737383982,0.05216971039772034,-0.2681317925453186,-0.1207515998223414,0.04648745059967041,-0.23065656423568726,-0.11350436047106882,0.02308797836303711,-0.189660906791687,-0.10427715912848612,0.02437692880630493,-0.10468584299087524,-0.09607938215523859,0.08369547128677368,-0.2222946286201477,-0.11957954898863932,0.0735902190208435,-0.18531572818756104,-0.0938278539517512,0.05267795920372009,-0.14836212992668152,-0.0733156679609408,0.06630301475524902,-0.06979423761367798,-0.10696700498849054,0.11037984490394592,-0.16574442386627197,-0.112657683942615,0.09820050001144409,-0.14040899276733398,-0.08932978943377634,0.07784265279769897,-0.10759198665618896,-0.07197427288085123,am7
0.0,0.0,0.0,-0.03375256061553955,-0.07905125617980957,-0.002881806935278064,-0.03584912419319153,-0.17911690473556519,-0.02305261384239543,-0.01189318299293518,-0.2539992034435272,-0.04246333952536929,0.012418746948242188,-0.30056294798851013,-0.06125441904654849,-0.05289158225059509,-0.18580719828605652,-0.0702159066080128,-0.004945665597915649,-0.30563443899154663,-0.10288682918539394,0.03236657381057739,-0.359482079744339,-0.11825213919868816,0.06241646409034729,-0.398912712931633,-0.1270071897982632,-0.01809963583946228,-0.1452943980693817,-0.08417259495249141,0.05177226662635803,-0.2693431079387665,-0.12008099596491206,0.04616221785545349,-0.23177504539489746,-0.11342572014322627,0.023062705993652344,-0.19039294123649597,-0.10445914756050456,0.023894667625427246,-0.10573768615722656,-0.0952667329787289,0.08360210061073303,-0.22290027141571045,-0.11918320100298274,0.07330355048179626,-0.18620768189430237,-0.09414127062549937,0.052411288022994995,-0.1494975984096527,-0.07389235835066188,0.06599688529968262,-0.07026910781860352,-0.10633557628383983,0.1106477677822113,-0.16648250818252563,-0.11224239658108104,0.09823647141456604,-0.14152991771697998,-0.08922417800417293,0.07766443490982056,-0.10855972766876221,-0.07198342274418223,am7
0.0,0.0,0.0,-0.034272581338882446,-0.07921463251113892,-0.003494902320937854,-0.036761075258255005,-0.17921757698059082,-0.02429661554543827,-0.011883020401000977,-0.2533321976661682,-0.0444503783181176,0.014024198055267334,-0.298625648021698,-0.06392699693589066,-0.054868876934051514,-0.18611782789230347,-0.06976968263535355,-0.006703734397888184,-0.3055410087108612,-0.10271189575342987,0.03145712614059448,-0.35891395807266235,-0.11836998378186081,0.062346696853637695,-0.3977511525154114,-0.12732963477520798,-0.02003467082977295,-0.1452968716621399,-0.08393687968401764,0.05049574375152588,-0.269781231880188,-0.12088874941019867,0.045152515172958374,-0.23224148154258728,-0.11515999053864334,0.02166539430618286,-0.1905592679977417,-0.10653215115218018,0.022289305925369263,-0.1057249903678894,-0.09531314884571884,0.08250501751899719,-0.22351300716400146,-0.12003990476279114,0.07230758666992188,-0.18697485327720642,-0.09544240896849487,0.050918757915496826,-0.15029487013816833,-0.07518426542429779,0.06488224864006042,-0.07034295797348022,-0.10673057501463745,0.10965552926063538,-0.16735032200813293,-0.11280301426796768,0.0972791314125061,-0.14236456155776978,-0.08971004401593063,0.07660740613937378,-0.10907864570617676,-0.07229468439965103,am7
0.0,0.0,0.0,-0.03424280881881714,-0.08012670278549194,-0.005392813878756897,-0.03611630201339722,-0.1811928153038025,-0.02650266495595588,-0.011573761701583862,-0.25719258189201355,-0.04666395095239295,0.01300513744354248,-0.3050732910633087,-0.06599758547793044,-0.05409237742424011,-0.18681588768959045,-0.06942807120333327,-0.0063436031341552734,-0.3038792610168457,-0.10303867590675964,0.032044678926467896,-0.3572707772254944,-0.11932519060621871,0.06313496828079224,-0.3964339792728424,-0.1284897102142395,-0.0190143883228302,-0.14693009853363037,-0.08308701199541701,0.05147385597229004,-0.2710718512535095,-0.12075490486870422,0.04577457904815674,-0.2334006428718567,-0.11539898795138015,0.022623449563980103,-0.19159024953842163,-0.10657962394009246,0.022919416427612305,-0.10761725902557373,-0.09432883543024673,0.08340439200401306,-0.2241801619529724,-0.11968298983822478,0.07275143265724182,-0.1873762309551239,-0.09534865600119247,0.051681190729141235,-0.15101078152656555,-0.07488086056957854,0.06526768207550049,-0.07173067331314087,-0.10584390145788802,0.10981759428977966,-0.1682603657245636,-0.11222273838768615,0.09728693962097168,-0.1433030068874359,-0.0892181692744316,0.07697197794914246,-0.11001098155975342,-0.07160555553684844,am7
0.0,0.0,0.0,-0.03413775563240051,-0.07942390441894531,-0.0038269797104533154,-0.03734111785888672,-0.17980441451072693,-0.024481620802276893,-0.013949006795883179,-0.2557968199253082,-0.04454611444353418,0.009978890419006348,-0.3036631941795349,-0.06397093289970712,-0.05485543608665466,-0.18651950359344482,-0.06845583224176721,-0.006967216730117798,-0.3041989803314209,-0.10124364697813348,0.031297653913497925,-0.3571595549583435,-0.11663679236053781,0.062363386154174805,-0.39562664926052094,-0.12533472680925684,-0.02045026421546936,-0.14638397097587585,-0.08253965729355173,0.04938808083534241,-0.2690715789794922,-0.11953699046253519,0.04402288794517517,-0.23079702258110046,-0.11371871286510782,0.020809590816497803,-0.18997067213058472,-0.10488055103897409,0.021457672119140625,-0.1068723201751709,-0.09398287737249689,0.08141878247261047,-0.2228129506111145,-0.1189995130288537,0.0713161826133728,-0.1857355237007141,-0.09427864307045297,0.049992531538009644,-0.1497260332107544,-0.07380237632870035,0.06370288133621216,-0.07114428281784058,-0.1054816862332757,0.10815238952636719,-0.1670036017894745,-0.11175606602310495,0.09594669938087463,-0.1416090428829193,-0.08855947309612588,0.07533884048461914,-0.1088910698890686,-0.07093750142931299,am7
0.0,0.0,0.0,-0.03328099846839905,-0.08026301860809326,-0.0060304196067590965,-0.03474670648574829,-0.18238505721092224,-0.027293006654872443,-0.010927736759185791,-0.2601730227470398,-0.04756892355908349,0.012413740158081055,-0.30957144498825073,-0.06706011178721383,-0.05421936511993408,-0.1867823302745819,-0.06908650579680398,-0.004885435104370117,-0.3020976781845093,-0.10292451712120965,0.0343705415725708,-0.35514265298843384,-0.11942459526289895,0.06581959128379822,-0.394605815410614,-0.12874697777260735,-0.019676506519317627,-0.14703050255775452,-0.08267322811116173,0.0530371367931366,-0.2689521014690399,-0.12052029999722436,0.04775407910346985,-0.23040267825126648,-0.11545965703953698,0.024177879095077515,-0.18917250633239746,-0.10696546616782143,0.0220625102519989,-0.10744404792785645,-0.09399804356326058,0.08433952927589417,-0.2215665876865387,-0.11982429656018212,0.07395315170288086,-0.18398800492286682,-0.09582754852999642,0.05241727828979492,-0.1486453413963318,-0.07566725346077874,0.0644199550151825,-0.07119351625442505,-0.1056261647008796,0.10982352495193481,-0.16649523377418518,-0.11242850753296807,0.0976364016532898,-0.14060264825820923,-0.08972154441107705,0.07698231935501099,-0.10798710584640503,-0.07240951689709618,am7
0.0,0.0,0.0,-0.03242754936218262,-0.07999187707901001,-0.004279437717627843,-0.03385496139526367,-0.18074774742126465,-0.02506386699212726,-0.010334432125091553,-0.2578721046447754,-0.04524521367682155,0.012578070163726807,-0.30745503306388855,-0.06475196989310916,-0.05200362205505371,-0.18667736649513245,-0.06800011755956348,-0.0036391019821166992,-0.30253905057907104,-0.1016609540773743,0.035426586866378784,-0.3552682399749756,-0.11761963577998813,0.06726130843162537,-0.3937666267156601,-0.12640810223354038,-0.018616855144500732,-0.14696738123893738,-0.08220045479072269,0.05377030372619629,-0.26808130741119385,-0.11954592378867801,0.04915061593055725,-0.22935014963150024,-0.1135853401018494,0.02595028281211853,-0.189466655254364,-0.10444979580177005,0.022334545850753784,-0.10733330249786377,-0.09405473085178073,0.08476799726486206,-0.22132056951522827,-0.11963228346837695,0.07530272006988525,-0.1834622025489807,-0.09502651007903751,0.05388832092285156,-0.14865639805793762,-0.07442398579848941,0.06416478753089905,-0.07082998752593994,-0.10602560849918063,0.1104075014591217,-0.16609779000282288,-0.11239730777276691,0.09917113184928894,-0.1407327950000763,-0.08918856294883426,0.07866957783699036,-0.10893851518630981,-0.07152810903323825,am7
0.0,0.0,0.0,-0.033390164375305176,-0.0802263617515564,-0.0033254664613195928,-0.035201966762542725,-0.18003126978874207,-0.023828736202631262,-0.010354220867156982,-0.25479868054389954,-0.043925572814259795,0.014877408742904663,-0.3013063073158264,-0.06343296232989815,-0.053435444831848145,-0.18817681074142456,-0.06704769346288231,-0.003940075635910034,-0.30364131927490234,-0.10029657992890861,0.03569146990776062,-0.3556253910064697,-0.11614451620152977,0.06793087720870972,-0.393353670835495,-0.12491488519481209,-0.020197421312332153,-0.14774268865585327,-0.08160093489459541,0.0523926317691803,-0.2687426507472992,-0.11844855609706428,0.047551751136779785,-0.23011499643325806,-0.11250949713758018,0.024249643087387085,-0.1902117133140564,-0.10346566948464897,0.02078673243522644,-0.10759514570236206,-0.09369643840364006,0.08336347341537476,-0.22202757000923157,-0.11879926982692268,0.07374486327171326,-0.18447554111480713,-0.09421087864211586,0.05232533812522888,-0.1494065225124359,-0.07362944695523765,0.06270357966423035,-0.07073831558227539,-0.1058391785936692,0.10909777879714966,-0.16672202944755554,-0.11170356783441093,0.09778541326522827,-0.14154353737831116,-0.08824188324979332,0.07730841636657715,-0.1093863844871521,-0.07041375401786354,am7
0.0,0.0,0.0,-0.03290921449661255,-0.08136510848999023,-0.004005919685198478,-0.03393620252609253,-0.1811789870262146,-0.024714259439690522,-0.009032905101776123,-0.25579527020454407,-0.04485647381244462,0.016885846853256226,-0.30189985036849976,-0.06426187233029168,-0.05290555953979492,-0.18989920616149902,-0.06742851809559625,-0.0026004910469055176,-0.3039361238479614,-0.10198635981379311,0.038426220417022705,-0.35521581768989563,-0.11958305166064065,0.07115966081619263,-0.3934970647096634,-0.12949398533402245,-0.018776118755340576,-0.14964786171913147,-0.08209685609637063,0.05407816171646118,-0.26995158195495605,-0.11974225566683572,0.048982203006744385,-0.2309243083000183,-0.11483367905913155,0.024967163801193237,-0.19097796082496643,-0.10652219877539437,0.022416889667510986,-0.10934489965438843,-0.09445859865246575,0.08529162406921387,-0.22261667251586914,-0.12020811066923898,0.07565644383430481,-0.18461379408836365,-0.09614908323584359,0.05391913652420044,-0.15000659227371216,-0.07576666400728982,0.06423294544219971,-0.07176476716995239,-0.10694408790169518,0.1107785701751709,-0.16787314414978027,-0.11284970865546029,0.09951364994049072,-0.14257663488388062,-0.08909136430321496,0.07889688014984131,-0.11015605926513672,-0.0709815137177543,am7
0.0,0.0,0.0,-0.03400513529777527,-0.0806397795677185,-0.004891791449296079,-0.03621891140937805,-0.18129760026931763,-0.026433931266325317,-0.011766254901885986,-0.2567533552646637,-0.04712338705863317,0.01331937313079834,-0.30467885732650757,-0.06689146121348699,-0.05612096190452576,-0.18940651416778564,-0.07032401820029577,-0.0050972700119018555,-0.30382460355758667,-0.10538830568398794,0.035613685846328735,-0.35538724064826965,-0.1230142336090978,0.06810849905014038,-0.39340725541114807,-0.132944106658357,-0.0219288170337677,-0.14801743626594543,-0.08452800621594747,0.05143347382545471,-0.26932862401008606,-0.1227507065733846,0.04608151316642761,-0.23088493943214417,-0.11757367809619268,0.022151529788970947,-0.19070690870285034,-0.10913742293919881,0.019703656435012817,-0.10721355676651001,-0.09635413398351034,0.08281102776527405,-0.2220994234085083,-0.12247125019635519,0.07280918955802917,-0.18507909774780273,-0.09811370780076345,0.050937771797180176,-0.14993813633918762,-0.07757063170279821,0.06179922819137573,-0.06994926929473877,-0.10832650919761022,0.10891354084014893,-0.1671784222126007,-0.11453576346244176,0.09705686569213867,-0.14320746064186096,-0.09093651135768255,0.07598364353179932,-0.11082237958908081,-0.07296813239659627,am7
0.0,0.0,0.0,-0.03262370824813843,-0.08142781257629395,-0.004578737787369391,-0.03341406583786011,-0.18414556980133057,-0.025107897132102153,-0.010631203651428223,-0.2626081705093384,-0.044819510787192485,0.011051923036575317,-0.31353771686553955,-0.06369470363802066,-0.05225038528442383,-0.18869930505752563,-0.06943962281889071,-0.0009374022483825684,-0.30292510986328125,-0.10481360858625521,0.03965044021606445,-0.3544248044490814,-0.12266027486271014,0.0721237063407898,-0.3926119804382324,-0.13253673469966998,-0.017805904150009155,-0.1488032042980194,-0.08376903390831103,0.05501365661621094,-0.26931020617485046,-0.12083698368019213,0.04954737424850464,-0.23188480734825134,-0.11506871437973132,0.026409626007080078,-0.19227051734924316,-0.10668922519630542,0.02330315113067627,-0.10820382833480835,-0.09594372218793978,0.08596932888031006,-0.22248998284339905,-0.121657411813203,0.07570469379425049,-0.18486255407333374,-0.09759013658708682,0.05420851707458496,-0.1496616005897522,-0.07756376570409884,0.06525915861129761,-0.07044631242752075,-0.10829162901586642,0.11204445362091064,-0.16773900389671326,-0.11485031551069369,0.09971725940704346,-0.1431003212928772,-0.09178683465665927,0.0782601535320282,-0.1096949577331543,-0.07430006122535815,am7
0.0,0.0,0.0,-0.034560054540634155,-0.07988607883453369,-0.0048453221329793905,-0.03698551654815674,-0.18240398168563843,-0.025716994446639774,-0.012873202562332153,-0.25955381989479065,-0.045628134650115726,0.011239171028137207,-0.309099018573761,-0.0645614345790193,-0.057093650102615356,-0.1881084442138672,-0.06959136624348616,-0.005916208028793335,-0.3034750521183014,-0.10349830288899398,0.03497573733329773,-0.35472822189331055,-0.12011704642785048,0.06768643856048584,-0.39239202439785004,-0.12950878639233565,-0.02247089147567749,-0.14708048105239868,-0.08347030032885527,0.0505603551864624,-0.2688257694244385,-0.12081532229197478,0.045548975467681885,-0.23073726892471313,-0.11538735826027846,0.021687448024749756,-0.19028624892234802,-0.10693794537795043,0.019325077533721924,-0.10680192708969116,-0.09491417605889296,0.08207949995994568,-0.22272011637687683,-0.12018884022248244,0.0724932849407196,-0.1856764853000641,-0.09575242598069167,0.05074518918991089,-0.15023571252822876,-0.07539749939454055,0.06130966544151306,-0.07004565000534058,-0.10651841808569884,0.10815134644508362,-0.16765251755714417,-0.11263515104067778,0.09654977917671204,-0.14351576566696167,-0.08941411275876021,0.07556545734405518,-0.11114329099655151,-0.07179258067620253,am7
0.0,0.0,0.0,-0.03348594903945923,-0.08182942867279053,-0.004058282500807309,-0.035090506076812744,-0.18586590886116028,-0.024240850615058207,-0.013134360313415527,-0.26617875695228577,-0.0436404879714587,0.00818052887916565,-0.31862980127334595,-0.062200633021745944,-0.05440104007720947,-0.18821001052856445,-0.06932881582036998,-0.002250880002975464,-0.30324798822402954,-0.10444484758630779,0.03947976231575012,-0.3544939458370209,-0.12198858070627239,0.07284462451934814,-0.39201556146144867,-0.13171643126264598,-0.019992530345916748,-0.14850810170173645,-0.08391468334451702,0.054028868675231934,-0.2690201997756958,-0.12048976975933101,0.04914635419845581,-0.23184657096862793,-0.11455431688085582,0.02560633420944214,-0.19255420565605164,-0.1064061682249644,0.021227717399597168,-0.10822319984436035,-0.096262731733475,0.0845726728439331,-0.22217649221420288,-0.1216659184123614,0.07500162720680237,-0.1840614378452301,-0.09751090514913585,0.05309519171714783,-0.1491384506225586,-0.07775122779861476,0.06317827105522156,-0.07110226154327393,-0.10874297577396419,0.11042958498001099,-0.16758614778518677,-0.11516879606500652,0.0985797643661499,-0.14239388704299927,-0.09207809078947093,0.07671034336090088,-0.10933411121368408,-0.07475259262577083,am7
0.0,0.0,0.0,-0.033876657485961914,-0.08228117227554321,-0.0035095460388845368,-0.03558146953582764,-0.18359273672103882,-0.023771525235105173,-0.011513352394104004,-0.2606428861618042,-0.04332855983190598,0.012844949960708618,-0.30865323543548584,-0.062000579075146334,-0.05535888671875,-0.19017356634140015,-0.06807627423219742,-0.0033788084983825684,-0.3027987778186798,-0.10277849330120148,0.037641942501068115,-0.3540298342704773,-0.12032706929855408,0.07061716914176941,-0.39242660999298096,-0.130130163268376,-0.021281301975250244,-0.15050283074378967,-0.08266449613981308,0.05326971411705017,-0.26958680152893066,-0.11927842243127884,0.04764169454574585,-0.2309056520462036,-0.11340393765382828,0.023568183183670044,-0.1916758418083191,-0.10486553503685059,0.020047783851623535,-0.11004424095153809,-0.09494174166135849,0.08403271436691284,-0.22271573543548584,-0.12056440754346909,0.07394301891326904,-0.1846911907196045,-0.09671375794820847,0.05209037661552429,-0.1500891149044037,-0.07665908976011337,0.06242436170578003,-0.07219868898391724,-0.1071971867840773,0.10952237248420715,-0.16799429059028625,-0.11326032026224198,0.09745138883590698,-0.14345666766166687,-0.09000492735319199,0.07603150606155396,-0.11119133234024048,-0.07237169785909714,am7
0.0,0.0,0.0,-0.03317070007324219,-0.08248353004455566,-0.0033758381573250063,-0.034049272537231445,-0.18524816632270813,-0.02347204589338503,-0.01032930612564087,-0.26435813307762146,-0.04275392682345114,0.01217573881149292,-0.31579485535621643,-0.061229753653123,-0.052900731563568115,-0.1890053153038025,-0.06917815596850119,-0.0009956657886505127,-0.3029288351535797,-0.10382915974648199,0.039795517921447754,-0.35464203357696533,-0.12108565063269339,0.07264044880867004,-0.3927667438983917,-0.13058371038229666,-0.018460184335708618,-0.1487615704536438,-0.08356264174969397,0.05502477288246155,-0.26883283257484436,-0.11963388265164099,0.04928380250930786,-0.23082688450813293,-0.11306425870449743,0.025458991527557373,-0.19181278347969055,-0.10428258718044958,0.022963643074035645,-0.10818630456924438,-0.0955453062155982,0.08588942885398865,-0.22239109873771667,-0.12060553521902762,0.07584154605865479,-0.1845901906490326,-0.09603544266016684,0.054078131914138794,-0.14960923790931702,-0.07574845791847906,0.06501755118370056,-0.07073622941970825,-0.10749188006909094,0.11162540316581726,-0.16771095991134644,-0.11304636986048422,0.09950998425483704,-0.1435094177722931,-0.08925936312468252,0.07806697487831116,-0.11085885763168335,-0.07140529842169485,am7
0.0,0.0,0.0,-0.03397238254547119,-0.08248019218444824,-0.0036453925848149993,-0.03512004017829895,-0.18603533506393433,-0.023479495880394552,-0.011020839214324951,-0.26423802971839905,-0.04235416905322609,0.012476801872253418,-0.3140014410018921,-0.060286591512351606,-0.05486023426055908,-0.18978241086006165,-0.06888622672596512,-0.0031273066997528076,-0.3023589551448822,-0.10269000263252792,0.037247687578201294,-0.35304898023605347,-0.11923255653420028,0.06965121626853943,-0.39052043855190277,-0.12835295380392608,-0.020451337099075317,-0.14933615922927856,-0.08301671476402817,0.05357816815376282,-0.26815468072891235,-0.1186415392283493,0.048431605100631714,-0.23116841912269592,-0.11204337210693893,0.025008171796798706,-0.19177556037902832,-0.1032207372907692,0.021138131618499756,-0.10843950510025024,-0.09474031509199676,0.08411899209022522,-0.22129535675048828,-0.11919137717524109,0.07438117265701294,-0.18498799204826355,-0.09489577145615158,0.05304494500160217,-0.1504039168357849,-0.07482936115303573,0.0634167492389679,-0.07041960954666138,-0.10645933331289825,0.11011481285095215,-0.16774389147758484,-0.11148455621042785,0.09833765029907227,-0.14444315433502197,-0.08784908683338699,0.07759827375411987,-0.1120837926864624,-0.0701927083853775,am7
0.0,0.0,0.0,-0.03472951054573059,-0.08116543292999268,-0.003196590089714846,-0.03758746385574341,-0.1838761270046234,-0.023044131904384813,-0.014832079410552979,-0.2625964879989624,-0.04206087088539334,0.007044851779937744,-0.31280604004859924,-0.06018425172521802,-0.05800732970237732,-0.18881702423095703,-0.0686454029972765,-0.005737721920013428,-0.3030029833316803,-0.10322374871327611,0.03533104062080383,-0.3549419045448303,-0.12074978670432301,0.0681922435760498,-0.39368365705013275,-0.13058768978669377,-0.022943079471588135,-0.14941257238388062,-0.08292554339720937,0.0502038300037384,-0.269961953163147,-0.11888457855536672,0.04597252607345581,-0.23177778720855713,-0.1126161666805956,0.023124128580093384,-0.19207870960235596,-0.10414054265572759,0.019514113664627075,-0.10962796211242676,-0.09479519000603887,0.0812176764011383,-0.22387024760246277,-0.11943656226947041,0.07226184010505676,-0.18612658977508545,-0.09501449039532872,0.05121350288391113,-0.15066352486610413,-0.07498805245711537,0.06248283386230469,-0.07317191362380981,-0.10663940778329106,0.108390212059021,-0.17087358236312866,-0.11232034882857533,0.0968131422996521,-0.14621233940124512,-0.08899080029084416,0.07593140006065369,-0.11360520124435425,-0.07150227597310277,am7
0.0,0.0,0.0,-0.03375011682510376,-0.08176100254058838,-0.002225294238371589,-0.035401880741119385,-0.1852395236492157,-0.021205991268573143,-0.013196766376495361,-0.26467111706733704,-0.03956079831760917,0.007473468780517578,-0.31643879413604736,-0.05721965035837684,-0.05460420250892639,-0.18842127919197083,-0.06775327003043685,-0.004283905029296875,-0.3028187155723572,-0.1010684219602922,0.036195844411849976,-0.3550693690776825,-0.11742587363761459,0.06846648454666138,-0.39320558309555054,-0.12652819579881225,-0.019803673028945923,-0.1499100923538208,-0.08257031416934524,0.050619274377822876,-0.2690090537071228,-0.11650975769799743,0.046559303998947144,-0.2323148548603058,-0.10921701020043884,0.024759113788604736,-0.19231295585632324,-0.10072127705853973,0.02224254608154297,-0.10996752977371216,-0.09495829021972213,0.08208641409873962,-0.2231113612651825,-0.11800706362765823,0.07336324453353882,-0.18606841564178467,-0.09314287430089507,0.0528130829334259,-0.1500818133354187,-0.07354766851705108,0.06485456228256226,-0.0729246735572815,-0.10736858075898681,0.10972225666046143,-0.16989919543266296,-0.11229247576039825,0.09800213575363159,-0.14536544680595398,-0.08876074081700835,0.07700243592262268,-0.11179041862487793,-0.07152383005660568,am7
0.0,0.0,0.0,-0.03507727384567261,-0.08056789636611938,-0.004549276075039188,-0.03800874948501587,-0.1856236755847931,-0.023867723057691137,-0.0160750150680542,-0.26651138067245483,-0.042130198786679784,0.005346149206161499,-0.31819018721580505,-0.05932759166759638,-0.058495521545410156,-0.18713924288749695,-0.0669828695158401,-0.008182525634765625,-0.3019165098667145,-0.10024438471597819,0.03177031874656677,-0.35373827815055847,-0.11670103342336802,0.06385186314582825,-0.39267896115779877,-0.1260912907223144,-0.02326333522796631,-0.14846885204315186,-0.0807121139864364,0.04836803674697876,-0.26969432830810547,-0.11691622854274897,0.04385858774185181,-0.23156589269638062,-0.11146685899299769,0.020938754081726074,-0.1908445656299591,-0.10331218362850336,0.0191727876663208,-0.1097826361656189,-0.09215078921121744,0.07967594265937805,-0.22483783960342407,-0.11691569955152659,0.0704754889011383,-0.18729981780052185,-0.09302130014700083,0.04944804310798645,-0.15193253755569458,-0.073292468200151,0.06185835599899292,-0.07413101196289062,-0.10373901994032053,0.10622653365135193,-0.17145898938179016,-0.10974052966636805,0.09458661079406738,-0.14619854092597961,-0.08697107852501063,0.07411324977874756,-0.1135854721069336,-0.06990179092687754,am7
0.0,0.0,0.0,-0.0346740186214447,-0.08104151487350464,-0.003686181502899899,-0.03614991903305054,-0.18657264113426208,-0.022867923835775628,-0.014274895191192627,-0.26875039935112,-0.041202888126036896,0.00535506010055542,-0.32324475049972534,-0.058757692808768525,-0.054424822330474854,-0.1861409842967987,-0.0674276354261849,-0.005101203918457031,-0.3013288676738739,-0.10138217383112647,0.03431597352027893,-0.3553774952888489,-0.11817748122896887,0.06609314680099487,-0.39503031969070435,-0.12744207703556754,-0.018857687711715698,-0.14760741591453552,-0.0815275015779946,0.050167232751846313,-0.27039963006973267,-0.11769958608832098,0.04524356126785278,-0.23361366987228394,-0.11154688918080069,0.022969216108322144,-0.19293609261512756,-0.10285220318522192,0.02342793345451355,-0.10889899730682373,-0.09332710527863242,0.08134788274765015,-0.22464606165885925,-0.11812478327240683,0.07190069556236267,-0.18748483061790466,-0.09370565437760092,0.0513877272605896,-0.15177297592163086,-0.07350825541701056,0.06580054759979248,-0.07334184646606445,-0.1052069740840409,0.10860425233840942,-0.17207762598991394,-0.11076051020111777,0.09664195775985718,-0.14749854803085327,-0.0873464273759339,0.07638442516326904,-0.11410564184188843,-0.06978946947540976,am7
0.0,0.0,0.0,-0.03469744324684143,-0.07995730638504028,-0.002642071376385502,-0.03716146945953369,-0.18130144476890564,-0.021880107735114507,-0.013146191835403442,-0.25786954164505005,-0.04056075661333125,0.01034766435623169,-0.3069841265678406,-0.05848935692461055,-0.05634066462516785,-0.18686559796333313,-0.06543144657166522,-0.008385419845581055,-0.30267590284347534,-0.0971763141349129,0.029479295015335083,-0.3555895686149597,-0.11216986997874301,0.060476064682006836,-0.3939536213874817,-0.12051892354043048,-0.021603792905807495,-0.148146390914917,-0.07956828250439685,0.04793673753738403,-0.27030524611473083,-0.11547721995862048,0.04368853569030762,-0.23341509699821472,-0.10960672869236987,0.02170252799987793,-0.19247150421142578,-0.10069007499964755,0.020423799753189087,-0.10949790477752686,-0.09104927702696841,0.08000797033309937,-0.22542932629585266,-0.11508520020993274,0.07085758447647095,-0.18947294354438782,-0.09070703460724872,0.05036023259162903,-0.15387332439422607,-0.07038628383429568,0.06259405612945557,-0.07383096218109131,-0.10247591956408542,0.10675424337387085,-0.17184671759605408,-0.10739213301690143,0.09557360410690308,-0.14795631170272827,-0.08391186668427508,0.07615125179290771,-0.11562353372573853,-0.06619640513213199,am7
0.0,0.0,0.0,-0.03468170762062073,-0.0812070369720459,-0.0024501408165065186,-0.0367928147315979,-0.18276089429855347,-0.021928820218306555,-0.013825565576553345,-0.26034608483314514,-0.040899881552320494,0.009051471948623657,-0.30987387895584106,-0.05908836184011079,-0.05544769763946533,-0.18743601441383362,-0.06597472114430047,-0.006348639726638794,-0.30247125029563904,-0.09940583391056634,0.033063292503356934,-0.3551609516143799,-0.11636566502915002,0.0645264983177185,-0.39398393034935,-0.1259276507602749,-0.020337969064712524,-0.14812138676643372,-0.08047401292191125,0.04926198720932007,-0.2710963189601898,-0.11709391457901575,0.04522979259490967,-0.2340255081653595,-0.11210326982603647,0.022623211145401,-0.192775696516037,-0.10386622084246255,0.021980464458465576,-0.10921841859817505,-0.09233993424044229,0.08143636584281921,-0.22611960768699646,-0.1171971870766697,0.07247185707092285,-0.1897953450679779,-0.09337317330704309,0.05150705575942993,-0.1539442539215088,-0.0732550410734234,0.06443896889686584,-0.07371383905410767,-0.10409138483868219,0.10874420404434204,-0.17206144332885742,-0.10953302813635446,0.09742370247840881,-0.14813697338104248,-0.08612048758135415,0.07743597030639648,-0.11536651849746704,-0.06828126443491556,am7
0.0,0.0,0.0,-0.03479790687561035,-0.08019357919692993,-0.0021828149193368063,-0.03764572739601135,-0.1812034249305725,-0.021730770285188328,-0.014181405305862427,-0.2578403353691101,-0.04077436860924877,0.009167701005935669,-0.3066446781158447,-0.05907922324067272,-0.05610001087188721,-0.1873646378517151,-0.0666539379609219,-0.008001595735549927,-0.3031803071498871,-0.0998028078330151,0.030513495206832886,-0.3559528589248657,-0.11599737491732753,0.061628490686416626,-0.3945758044719696,-0.12498435464030422,-0.02186325192451477,-0.14802762866020203,-0.08112552102929271,0.04808947443962097,-0.2710334062576294,-0.1176936187995068,0.044148415327072144,-0.23331895470619202,-0.11197999205714382,0.021849334239959717,-0.1927158236503601,-0.10320217993384517,0.0199415385723114,-0.10932129621505737,-0.09289218571311153,0.08032628893852234,-0.2260909080505371,-0.11755198326235927,0.07136207818984985,-0.18942949175834656,-0.09311246212845958,0.05047890543937683,-0.1538495123386383,-0.07265756365185894,0.06196391582489014,-0.0739603042602539,-0.10452595439082302,0.10718339681625366,-0.1723969578742981,-0.1096536674750439,0.09616032242774963,-0.1481265127658844,-0.0859369271648518,0.07627671957015991,-0.11567765474319458,-0.06799128737574733,am7
0.0,0.0,0.0,-0.035137712955474854,-0.08078640699386597,-0.0022906993556262023,-0.03732529282569885,-0.18194162845611572,-0.021520239491337634,-0.013995617628097534,-0.25906890630722046,-0.040251334388131,0.009450078010559082,-0.3082231283187866,-0.05818745606052289,-0.05602666735649109,-0.18722406029701233,-0.065263641257161,-0.00711214542388916,-0.30246418714523315,-0.09844877310501943,0.03241533041000366,-0.35523396730422974,-0.1152145985554398,0.06407809257507324,-0.3942151218652725,-0.12464674301850209,-0.020815730094909668,-0.14887556433677673,-0.07974232472884069,0.04825964570045471,-0.2719588875770569,-0.11585409678923497,0.04405507445335388,-0.2346268892288208,-0.11062693335520635,0.02150869369506836,-0.19340023398399353,-0.10226358212935338,0.021451503038406372,-0.11050981283187866,-0.09163845070111165,0.08059743046760559,-0.22720423340797424,-0.11613222696291814,0.07141655683517456,-0.19044798612594604,-0.09233353026615987,0.05050423741340637,-0.15455728769302368,-0.07228579856860051,0.06400120258331299,-0.07506191730499268,-0.1034457135986031,0.10814109444618225,-0.1726061999797821,-0.10890830047833333,0.09658831357955933,-0.14843517541885376,-0.08577255644308934,0.07645747065544128,-0.11577397584915161,-0.06811455376850972,am7
0.0,0.0,0.0,-0.03532865643501282,-0.08008122444152832,-0.0033093108165189733,-0.03862771391868591,-0.18257680535316467,-0.02291811879939587,-0.015593260526657104,-0.26083844900131226,-0.041834017897315334,0.007484108209609985,-0.3106893301010132,-0.05990835529036076,-0.057509809732437134,-0.18623855710029602,-0.06637322407431157,-0.00867927074432373,-0.3015323579311371,-0.09924551349348576,0.02995818853378296,-0.35453706979751587,-0.11549595248169453,0.06100708246231079,-0.39367079734802246,-0.12471565108961613,-0.0226057767868042,-0.14726224541664124,-0.0804814721292928,0.04738017916679382,-0.26997628808021545,-0.117142284924455,0.04342108964920044,-0.2326517403125763,-0.11205865692562611,0.020910441875457764,-0.191789448261261,-0.10379530739254506,0.019625991582870483,-0.10903853178024292,-0.09199723106092961,0.07963606715202332,-0.22547727823257446,-0.11665525537199528,0.07071107625961304,-0.18886274099349976,-0.09265195083088429,0.04970067739486694,-0.1532810926437378,-0.07262251775927098,0.062031298875808716,-0.07420176267623901,-0.10352743666834385,0.10651096701622009,-0.17235833406448364,-0.1090517292565778,0.09540224075317383,-0.14777320623397827,-0.08587116252846272,0.07544133067131042,-0.11514127254486084,-0.06834910314745457,am7
0.0,0.0,0.0,-0.03467833995819092,-0.08089631795883179,-0.0024881417057542876,-0.03575083613395691,-0.18481969833374023,-0.021054111480253823,-0.01250755786895752,-0.26480865478515625,-0.03914749069465984,0.009629100561141968,-0.31597912311553955,-0.05647770880116809,-0.053292930126190186,-0.18695354461669922,-0.06366398377670635,-0.004399150609970093,-0.3014281690120697,-0.09608630283130992,0.03468513488769531,-0.3545881509780884,-0.11231745226635326,0.06614914536476135,-0.3939431607723236,-0.12147349311365474,-0.017965584993362427,-0.14863422513008118,-0.07803581847204555,0.05120038986206055,-0.271392285823822,-0.11413034988893855,0.046501219272613525,-0.2341195046901703,-0.1092387010003506,0.023437678813934326,-0.19324582815170288,-0.10099914117111553,0.024285078048706055,-0.11042135953903198,-0.0898646582509457,0.0828610360622406,-0.22714003920555115,-0.11451040400518764,0.0736742615699768,-0.1899935007095337,-0.09088546974911083,0.05275893211364746,-0.15435388684272766,-0.07086432172312129,0.06661072373390198,-0.0751875638961792,-0.10162768705143321,0.10993650555610657,-0.17325937747955322,-0.10717938287510265,0.0984480082988739,-0.1486067771911621,-0.08411874814285625,0.07852920889854431,-0.1157422661781311,-0.06650591833843578,am7
0.0,0.0,0.0,-0.03492015600204468,-0.07991349697113037,-0.0020897259764467435,-0.03770849108695984,-0.18182331323623657,-0.02098704216220426,-0.013446807861328125,-0.2579174041748047,-0.039721096802139755,0.011581480503082275,-0.30570000410079956,-0.057888741541290756,-0.05645015835762024,-0.1862907111644745,-0.06353120778837251,-0.00803634524345398,-0.30285102128982544,-0.09443856303730058,0.030375123023986816,-0.35566726326942444,-0.10896477376260805,0.061868131160736084,-0.39370013773441315,-0.11722394351997423,-0.021749347448349,-0.14730647206306458,-0.07806474988498735,0.046397656202316284,-0.2709793448448181,-0.11455366288461732,0.04210081696510315,-0.2340925633907318,-0.1096738306168561,0.019872695207595825,-0.1923438310623169,-0.10106837277450609,0.020678192377090454,-0.10885345935821533,-0.08979688112773943,0.07891404628753662,-0.22583502531051636,-0.1138164651874547,0.07017320394515991,-0.18976598978042603,-0.0895353582982068,0.04988715052604675,-0.1535666286945343,-0.0690769729498868,0.06313371658325195,-0.07382893562316895,-0.1015031141523366,0.10677531361579895,-0.17241111397743225,-0.10655287181177187,0.09561395645141602,-0.147752046585083,-0.08313494448699998,0.07649177312850952,-0.1147618293762207,-0.06529271130600023,am7
0.0,0.0,0.0,-0.035329341888427734,-0.08069300651550293,-0.003096163492955384,-0.037709325551986694,-0.1846279799938202,-0.022293115021966514,-0.015452742576599121,-0.26519423723220825,-0.04095133578994137,0.00672835111618042,-0.3171629309654236,-0.0588178541383968,-0.056208670139312744,-0.18646982312202454,-0.06505328229286533,-0.006949961185455322,-0.3016585111618042,-0.09792642107822758,0.03244906663894653,-0.3546331822872162,-0.11417700162746769,0.06368234753608704,-0.393476203083992,-0.12334175220348698,-0.021244823932647705,-0.1481165587902069,-0.07932059279301029,0.04764878749847412,-0.27112117409706116,-0.11565092763521534,0.04381057620048523,-0.2335265874862671,-0.11036356350996357,0.02139294147491455,-0.19221019744873047,-0.1019227113447414,0.02106863260269165,-0.10995292663574219,-0.09111823699095112,0.07988327741622925,-0.22670698165893555,-0.11600094846107822,0.07111585140228271,-0.18947261571884155,-0.09201341679909092,0.05047726631164551,-0.15349805355072021,-0.07184260151007038,0.06379452347755432,-0.07499784231185913,-0.10291253587820393,0.10755568742752075,-0.17287567257881165,-0.10895666292526585,0.09623461961746216,-0.14804908633232117,-0.08605897239067417,0.07635542750358582,-0.11531156301498413,-0.06858769616701466,am7
0.0,0.0,0.0,-0.035771191120147705,-0.07978576421737671,-0.002827240301058964,-0.03870058059692383,-0.1834295094013214,-0.02200165638490148,-0.015547454357147217,-0.26357898116111755,-0.040621288733319716,0.007410645484924316,-0.3148857355117798,-0.058557462559775786,-0.056692659854888916,-0.18606510758399963,-0.06561797173483797,-0.008137941360473633,-0.3017451763153076,-0.09775077612860628,0.029996484518051147,-0.35510748624801636,-0.11316005201800294,0.060387998819351196,-0.3945954144001007,-0.12190837474329896,-0.022367745637893677,-0.1478900909423828,-0.07985921265347429,0.0466839075088501,-0.27061355113983154,-0.11576123596890397,0.04277732968330383,-0.2327958345413208,-0.10992486091120668,0.0204484760761261,-0.19208696484565735,-0.10128005655272432,0.019397079944610596,-0.10997194051742554,-0.09151940854056306,0.0790204107761383,-0.2265854775905609,-0.11586292149289079,0.07032209634780884,-0.18931490182876587,-0.09148829491599031,0.049536705017089844,-0.15354150533676147,-0.07133156867487855,0.061387717723846436,-0.07499837875366211,-0.10316530676348634,0.10595083236694336,-0.17319157719612122,-0.10881715329153963,0.09497767686843872,-0.14834463596343994,-0.08579832376702257,0.07499411702156067,-0.11556786298751831,-0.06846648515923448,am7
0.0,0.0,0.0,-0.035668641328811646,-0.07996195554733276,-0.003223444875629866,-0.03818109631538391,-0.18500098586082458,-0.02231136833347591,-0.016294658184051514,-0.2671504020690918,-0.04086228025175842,0.004927724599838257,-0.3204215168952942,-0.0587504760644606,-0.05690354108810425,-0.18542978167533875,-0.06499826100684913,-0.008472979068756104,-0.30045175552368164,-0.097179114194887,0.03011530637741089,-0.3543146252632141,-0.11248552736856254,0.061107635498046875,-0.394048273563385,-0.12108435419418129,-0.022438228130340576,-0.1479109823703766,-0.07915795532085212,0.04673689603805542,-0.2701707184314728,-0.11473144528486046,0.043047696352005005,-0.23248276114463806,-0.10855747696973594,0.020726114511489868,-0.19178920984268188,-0.0997154706440142,0.019476771354675293,-0.10997956991195679,-0.09091804859258446,0.0784914493560791,-0.22596123814582825,-0.115552655728834,0.07011926174163818,-0.18840843439102173,-0.09131013539649757,0.0495467483997345,-0.15268293023109436,-0.0711796128473452,0.06179928779602051,-0.07491171360015869,-0.10268478778220924,0.10576760768890381,-0.17240777611732483,-0.10886913475610527,0.09491261839866638,-0.14728662371635437,-0.08626489278890404,0.07493317127227783,-0.11449086666107178,-0.06917339501001152,am7
