lm_0_x,lm_0_y,lm_0_z,lm_1_x,lm_1_y,lm_1_z,lm_2_x,lm_2_y,lm_2_z,lm_3_x,lm_3_y,lm_3_z,lm_4_x,lm_4_y,lm_4_z,lm_5_x,lm_5_y,lm_5_z,lm_6_x,lm_6_y,lm_6_z,lm_7_x,lm_7_y,lm_7_z,lm_8_x,lm_8_y,lm_8_z,lm_9_x,lm_9_y,lm_9_z,lm_10_x,lm_10_y,lm_10_z,lm_11_x,lm_11_y,lm_11_z,lm_12_x,lm_12_y,lm_12_z,lm_13_x,lm_13_y,lm_13_z,lm_14_x,lm_14_y,lm_14_z,lm_15_x,lm_15_y,lm_15_z,lm_16_x,lm_16_y,lm_16_z,lm_17_x,lm_17_y,lm_17_z,lm_18_x,lm_18_y,lm_18_z,lm_19_x,lm_19_y,lm_19_z,lm_20_x,lm_20_y,lm_20_z,label
0.0,0.0,0.0,0.0268421471118927,-0.11192828416824341,-0.004589162091178878,0.05899086594581604,-0.20063179731369019,-0.02149580817149399,0.08613395690917969,-0.28680717945098877,-0.03785425636397122,0.09755244851112366,-0.36087092757225037,-0.05108301180825947,0.16984906792640686,-0.1629854440689087,-0.02449586081729649,0.1852950155735016,-0.10700154304504395,-0.02114306788371323,0.15983432531356812,-0.08525913953781128,-0.016300298529131396,0.132735013961792,-0.08860325813293457,-0.01602180700228928,0.18670055270195007,-0.09155881404876709,-0.028672993438703998,0.1942000687122345,-0.046977698802948,-0.014104271563155635,0.16532596945762634,-0.03715014457702637,-0.006827761209024175,0.1357041597366333,-0.043919503688812256,-0.010885657998187526,0.18681982159614563,-0.01937156915664673,-0.03003297958002804,0.19178679585456848,0.010909974575042725,-0.014965253206355555,0.16702285408973694,0.017324626445770264,-0.003008281601978524,0.13766035437583923,0.009265899658203125,-0.004553147847218497,0.17680418491363525,0.0457768440246582,-0.03224780249820469,0.17807137966156006,0.06366002559661865,-0.021141307684047206,0.15273788571357727,0.06534963846206665,-0.008068235846621974,0.12719085812568665,0.05541318655014038,-0.0021940726082902984,boom
0.0,0.0,0.0,0.026042327284812927,-0.11143285036087036,-0.0055906772863068,0.05796399712562561,-0.20083147287368774,-0.022612635536859216,0.08442166447639465,-0.2873622179031372,-0.03896673072762269,0.09557735919952393,-0.36172038316726685,-0.05224885468072671,0.16792091727256775,-0.16140562295913696,-0.025136875479290666,0.1814553439617157,-0.1078881025314331,-0.022331731884548844,0.15701445937156677,-0.08608347177505493,-0.018483408286044778,0.13091030716896057,-0.08812487125396729,-0.018975932641694726,0.18485429883003235,-0.09119582176208496,-0.028910762189696015,0.1905132532119751,-0.04783463478088379,-0.014207220195601167,0.16247987747192383,-0.03826558589935303,-0.007369017719099702,0.13366249203681946,-0.04448199272155762,-0.012092557295034112,0.1843980848789215,-0.01958984136581421,-0.029986918463180245,0.1863894760608673,0.009070098400115967,-0.014549926413963021,0.16203001141548157,0.015383422374725342,-0.002608326754341306,0.13354429602622986,0.007686734199523926,-0.004489548063645543,0.17378225922584534,0.045193374156951904,-0.032126028581330957,0.17482104897499084,0.06295901536941528,-0.020318590595195474,0.15047621726989746,0.06436920166015625,-0.006953433646629037,0.1256580650806427,0.05429089069366455,-0.0012324614467047468,boom
0.0,0.0,0.0,0.027694880962371826,-0.11262375116348267,-0.004128616846458044,0.06071433424949646,-0.2023140788078308,-0.02064805904711875,0.08721661567687988,-0.2888294458389282,-0.03688232096220645,0.09827160835266113,-0.3633376955986023,-0.049974782935635176,0.17065474390983582,-0.16472852230072021,-0.022975126824633207,0.1865234375,-0.10823160409927368,-0.02010620067204627,0.16128534078598022,-0.08614712953567505,-0.016047547183291044,0.1339338719844818,-0.08907538652420044,-0.016327599606768217,0.1874028444290161,-0.09470272064208984,-0.02778268473531398,0.1949816346168518,-0.04805260896682739,-0.01317625267739686,0.16625836491584778,-0.0376092791557312,-0.006137833542481985,0.1366870403289795,-0.04451566934585571,-0.010466450437263575,0.1874617338180542,-0.023190200328826904,-0.02998725751723441,0.192024827003479,0.009044229984283447,-0.014813667706505385,0.16689753532409668,0.015584588050842285,-0.002888542211906042,0.13758456707000732,0.006944775581359863,-0.004567454646632996,0.17719289660453796,0.04185432195663452,-0.03313369172002467,0.17904719710350037,0.0610845685005188,-0.02173267172958049,0.15374982357025146,0.06279587745666504,-0.008532872035459604,0.1281762719154358,0.05233275890350342,-0.002705266078294244,boom
0.0,0.0,0.0,0.0262984037399292,-0.11093419790267944,-0.005887224734124175,0.05827510356903076,-0.2003549337387085,-0.022961142402436963,0.08559414744377136,-0.2869817614555359,-0.03921189990296625,0.0964314341545105,-0.36076292395591736,-0.05233543452277445,0.16910836100578308,-0.16187947988510132,-0.025469033908393612,0.18622955679893494,-0.10556906461715698,-0.022098843869116536,0.16134583950042725,-0.08429557085037231,-0.01745451700344347,0.1349191665649414,-0.08830535411834717,-0.017412598174360028,0.1849629282951355,-0.09055674076080322,-0.028865219023373356,0.19514623284339905,-0.04592388868331909,-0.01433749862417244,0.16656190156936646,-0.03677886724472046,-0.00691840278386735,0.1368688941001892,-0.04423081874847412,-0.010960244503166905,0.18411463499069214,-0.018453598022460938,-0.02952189270808958,0.1921195387840271,0.011048495769500732,-0.014523740787353745,0.16756588220596313,0.017180442810058594,-0.0021089310052957444,0.1379120945930481,0.008951902389526367,-0.00332024383760654,0.1733354926109314,0.04617869853973389,-0.031114992615130177,0.17847111821174622,0.06193375587463379,-0.019740885984447232,0.15389609336853027,0.06367665529251099,-0.00603371991246604,0.12829646468162537,0.05416834354400635,0.00017444141622036113,boom
0.0,0.0,0.0,0.02720184624195099,-0.11379855871200562,-0.0049681659305065295,0.05974547564983368,-0.2035704255104065,-0.02200882420703465,0.08603139221668243,-0.2899516820907593,-0.038516377143707814,0.09728063642978668,-0.3644261062145233,-0.05186741524204308,0.16978003084659576,-0.16468536853790283,-0.02433544867500359,0.18505747616291046,-0.11226111650466919,-0.02089948863550717,0.1602959781885147,-0.09054803848266602,-0.01634485558435017,0.1334439069032669,-0.09297490119934082,-0.0163582275138765,0.18633614480495453,-0.09426140785217285,-0.02850330159827763,0.1940198689699173,-0.051883041858673096,-0.013752504296746793,0.16588209569454193,-0.04203236103057861,-0.006676132369932475,0.13627685606479645,-0.04796731472015381,-0.011071073867526593,0.18585105240345,-0.022605180740356445,-0.029917317487445416,0.19082914292812347,0.005833268165588379,-0.014370472215261998,0.16620878875255585,0.012482643127441406,-0.002116625242081227,0.13678710162639618,0.005188584327697754,-0.0037015679275214097,0.17519895732402802,0.04250258207321167,-0.03231109031304413,0.17805109918117523,0.05916774272918701,-0.020419576250162663,0.15340246260166168,0.06073480844497681,-0.0067787054443329,0.1281154304742813,0.05147057771682739,-0.0007772552647224984,boom
0.0,0.0,0.0,0.02558024227619171,-0.11083203554153442,-0.006622534235987132,0.05705362558364868,-0.19992798566818237,-0.024166179811629718,0.08379247784614563,-0.28620046377182007,-0.04085076971915669,0.09408441185951233,-0.3599138557910919,-0.05441706254151768,0.16804608702659607,-0.16072285175323486,-0.026558456933173602,0.18578821420669556,-0.10441076755523682,-0.02435281313029236,0.1606808602809906,-0.0835532546043396,-0.020292198276194995,0.13432082533836365,-0.08773130178451538,-0.020458880802664225,0.18315953016281128,-0.08923941850662231,-0.030024379482540553,0.19386345148086548,-0.044241368770599365,-0.016736999144825404,0.16531690955162048,-0.03553736209869385,-0.009376488616737788,0.1358930468559265,-0.042914748191833496,-0.013164518391761248,0.18209773302078247,-0.017499208450317383,-0.03094715996650166,0.18975770473480225,0.012380659580230713,-0.01708672194746441,0.16525933146476746,0.018069922924041748,-0.004659252231988376,0.13600340485572815,0.009949982166290283,-0.005554420864257281,0.17140650749206543,0.04670608043670654,-0.03290734811690754,0.17547255754470825,0.0635749101638794,-0.022377518927726214,0.15081849694252014,0.06476473808288574,-0.008964632628533309,0.12576940655708313,0.05498397350311279,-0.0027769247442961387,boom
0.0,0.0,0.0,0.024012461304664612,-0.11235874891281128,-0.007453778522005905,0.05543743073940277,-0.20195233821868896,-0.025500387648037304,0.08162666857242584,-0.28731226921081543,-0.04282744670837246,0.09262238442897797,-0.3627234399318695,-0.05723218689291798,0.16620661318302155,-0.16361844539642334,-0.02672301302283131,0.18077675998210907,-0.10823595523834229,-0.02576998876958214,0.15614299476146698,-0.08629906177520752,-0.023514545285991062,0.12987469136714935,-0.08879375457763672,-0.025098307752898563,0.18282221257686615,-0.09315627813339233,-0.030523172343066562,0.18964357674121857,-0.04752892255783081,-0.018043364161542286,0.16127102077007294,-0.03781670331954956,-0.012234226563862194,0.13216476142406464,-0.04467552900314331,-0.017311886647632946,0.18277893960475922,-0.0211867094039917,-0.031969045052221645,0.18628738820552826,0.009715080261230469,-0.0189645446333202,0.16108717024326324,0.016049444675445557,-0.007562771202913154,0.13231973350048065,0.008203506469726562,-0.009241704592398037,0.17289449274539948,0.044745802879333496,-0.03463891218035542,0.17453734576702118,0.06397658586502075,-0.025054926747372974,0.1492796391248703,0.0652666687965393,-0.012320408360949386,0.12423010170459747,0.055219948291778564,-0.006648889040491213,boom
0.0,0.0,0.0,0.02439364790916443,-0.110565185546875,-0.007713911773919335,0.05391916632652283,-0.20056599378585815,-0.02592582227504181,0.07959875464439392,-0.28707683086395264,-0.043052760603188744,0.0908498466014862,-0.3609044551849365,-0.05702237943029331,0.16248738765716553,-0.16141027212142944,-0.02912740753805565,0.17741093039512634,-0.11093205213546753,-0.027179743813633195,0.1532462239265442,-0.08885985612869263,-0.022919321151732674,0.12707006931304932,-0.09032988548278809,-0.023015817346333733,0.17854535579681396,-0.0913199782371521,-0.032249903025387994,0.1870962381362915,-0.04928833246231079,-0.019423149245142213,0.15928003191947937,-0.039390742778778076,-0.012371881583987943,0.13005119562149048,-0.04498624801635742,-0.016653120236753693,0.1783749759197235,-0.0200156569480896,-0.03271278524613308,0.1843487024307251,0.008738219738006592,-0.01904471563017296,0.16010761260986328,0.015245258808135986,-0.006677742300837508,0.1311502754688263,0.008637189865112305,-0.007933212163209191,0.1687380075454712,0.045349836349487305,-0.034304534735440484,0.17250916361808777,0.06243222951889038,-0.023981233777760735,0.14772725105285645,0.0638272762298584,-0.010611353161095849,0.12270215153694153,0.05492103099822998,-0.004702080225854388,boom
0.0,0.0,0.0,0.025467664003372192,-0.11185520887374878,-0.006731950601817971,0.056431978940963745,-0.2019343376159668,-0.024208063649268752,0.08237317204475403,-0.2881805896759033,-0.040686142089100485,0.09301996231079102,-0.3622855842113495,-0.05401693695995391,0.16582822799682617,-0.16154932975769043,-0.02793370412501872,0.18119975924491882,-0.10888409614562988,-0.02517073081645549,0.15669682621955872,-0.08741939067840576,-0.02021886074754775,0.13019222021102905,-0.0900120735168457,-0.019904515164228087,0.18228286504745483,-0.09130066633224487,-0.03136715331885398,0.19030746817588806,-0.04719746112823486,-0.01768248567196906,0.162033349275589,-0.03738182783126831,-0.01011647881779254,0.1327608823776245,-0.0435832142829895,-0.014109309220941668,0.18256166577339172,-0.01988428831100464,-0.03208664843651832,0.18845289945602417,0.010317742824554443,-0.018010376410813933,0.16372337937355042,0.016445636749267578,-0.005678917205216294,0.13458380103111267,0.00902414321899414,-0.006989198660733109,0.17282110452651978,0.04524040222167969,-0.03382262999031127,0.17724400758743286,0.0632513165473938,-0.023462344350548392,0.15179213881492615,0.06457626819610596,-0.010165543684991007,0.1262393295764923,0.055171847343444824,-0.004222391562791472,boom
0.0,0.0,0.0,0.024184972047805786,-0.11191332340240479,-0.006630806940336242,0.0547773540019989,-0.2025546431541443,-0.02405653450517775,0.08048024773597717,-0.28946226835250854,-0.040521751380254045,0.09128135442733765,-0.36372119188308716,-0.05387801606087805,0.16413888335227966,-0.1635216474533081,-0.02796588580935122,0.1789281964302063,-0.11302530765533447,-0.025345311722446695,0.1546928882598877,-0.09120583534240723,-0.02072825398175837,0.12867438793182373,-0.09272807836532593,-0.020567492804218546,0.18057551980018616,-0.09328436851501465,-0.031211500278402582,0.18846845626831055,-0.051319658756256104,-0.017054337299157396,0.16043785214424133,-0.04193234443664551,-0.009462180769730821,0.13127276301383972,-0.047807276248931885,-0.013572163170863405,0.1801949441432953,-0.021474599838256836,-0.03170005906252982,0.18506911396980286,0.0065569281578063965,-0.016778613663007036,0.1606205701828003,0.012760162353515625,-0.004253768584419504,0.13177183270454407,0.005920112133026123,-0.005678497942824379,0.1699768304824829,0.04391777515411377,-0.03324343565731169,0.17350110411643982,0.060052335262298584,-0.02181557495026709,0.14876413345336914,0.06105375289916992,-0.008125116339613214,0.12378010153770447,0.051789283752441406,-0.002174198849786535,boom
0.0,0.0,0.0,0.02516797184944153,-0.11109060049057007,-0.006720997205832191,0.05592784285545349,-0.20104998350143433,-0.02419932261005897,0.08178713917732239,-0.28716862201690674,-0.04066929854349155,0.0924939513206482,-0.3611237108707428,-0.05401741228894252,0.16649580001831055,-0.16286873817443848,-0.028384146093287654,0.1822468340396881,-0.10741621255874634,-0.026056959106483646,0.15702536702156067,-0.08569514751434326,-0.02140909880296249,0.13009798526763916,-0.08855384588241577,-0.02120322435990829,0.1828465759754181,-0.0922081470489502,-0.0317875992496397,0.19077923893928528,-0.045634925365448,-0.01825815886155624,0.16204002499580383,-0.035749971866607666,-0.010652114449896999,0.13247260451316833,-0.042134881019592285,-0.014484266563215442,0.18283787369728088,-0.020375728607177734,-0.03253348804906864,0.18776845932006836,0.011680066585540771,-0.018557780234971233,0.1628502905368805,0.017561495304107666,-0.0064748630848612265,0.1336689591407776,0.00990748405456543,-0.007826859875478931,0.1729607880115509,0.04507637023925781,-0.03430471829966564,0.17531520128250122,0.06453526020050049,-0.023964012785711475,0.14969328045845032,0.06547105312347412,-0.01108303926781673,0.12423259019851685,0.05552399158477783,-0.005373926180311628,boom
0.0,0.0,0.0,0.02425864338874817,-0.110751211643219,-0.00718704871241016,0.055517226457595825,-0.20168602466583252,-0.024832716485150286,0.08128172159194946,-0.28840118646621704,-0.04139507775533957,0.09168431162834167,-0.36288321018218994,-0.054895269026644655,0.16535136103630066,-0.16373997926712036,-0.028714245458729692,0.18047547340393066,-0.1094667911529541,-0.02675415044058127,0.1561468243598938,-0.08775579929351807,-0.022817926754839846,0.12997615337371826,-0.09000986814498901,-0.02315070693720145,0.18155094981193542,-0.0932765007019043,-0.031952010741122194,0.1891304850578308,-0.04797893762588501,-0.018319981446154543,0.16092747449874878,-0.03864240646362305,-0.011116675374694296,0.1317519247531891,-0.04523688554763794,-0.01539955315519137,0.1810283064842224,-0.020742952823638916,-0.032532351364977785,0.18482685089111328,0.009341955184936523,-0.01823841248977942,0.16021203994750977,0.015377521514892578,-0.006113563472069927,0.1316145956516266,0.007988393306732178,-0.007625073002316185,0.1707521677017212,0.04543536901473999,-0.03421769132245345,0.17225390672683716,0.06297773122787476,-0.023581756552346178,0.14755865931510925,0.06377089023590088,-0.010506230679936834,0.12295681238174438,0.053526222705841064,-0.0048251783416048966,boom
0.0,0.0,0.0,0.024590566754341125,-0.11159050464630127,-0.008091314582713949,0.054838329553604126,-0.20258665084838867,-0.026032155266591417,0.08003082871437073,-0.289300799369812,-0.0426353252293552,0.09035605192184448,-0.36357301473617554,-0.05596752453465115,0.16347789764404297,-0.16490650177001953,-0.03039466019589554,0.17826971411705017,-0.11334341764450073,-0.028124866894074785,0.15365630388259888,-0.09105813503265381,-0.023159997424670564,0.1268397569656372,-0.09248393774032593,-0.02281896572429787,0.18053367733955383,-0.09455090761184692,-0.033274486547895776,0.18777143955230713,-0.05092686414718628,-0.020398583150097238,0.15937134623527527,-0.04069274663925171,-0.013158107994684087,0.12991121411323547,-0.04643821716308594,-0.017294134831615793,0.18115028738975525,-0.022528409957885742,-0.03343030799049984,0.18570873141288757,0.007369518280029297,-0.020089436209389078,0.16078069806098938,0.013758063316345215,-0.008149566947110998,0.13150888681411743,0.006897985935211182,-0.00960944115985285,0.17179057002067566,0.04324716329574585,-0.03467674169559132,0.17448198795318604,0.06079566478729248,-0.025079570597597467,0.14939221739768982,0.06201016902923584,-0.012363509161957609,0.12421023845672607,0.05276906490325928,-0.006753499040939914,boom
0.0,0.0,0.0,0.024859771132469177,-0.11136436462402344,-0.0073304167062815395,0.055580273270606995,-0.20247822999954224,-0.02468272671558225,0.08128143846988678,-0.2887883186340332,-0.04079009592987859,0.09117542207241058,-0.3626015782356262,-0.053617779170053836,0.16422034800052643,-0.1668391227722168,-0.029550451789873478,0.17963270843029022,-0.11315786838531494,-0.026501758028643962,0.1543128937482834,-0.08978879451751709,-0.02082053199865186,0.1269948035478592,-0.09066170454025269,-0.020034378399031993,0.181344673037529,-0.09721636772155762,-0.03263313696243131,0.18939460813999176,-0.050305187702178955,-0.019102893774288532,0.16046027839183807,-0.03926432132720947,-0.011527767409461376,0.13060049712657928,-0.04475599527359009,-0.015425810594933864,0.18219755589962006,-0.02527850866317749,-0.03290057927824819,0.18727587163448334,0.008060932159423828,-0.019110081721919414,0.16216106712818146,0.014487683773040771,-0.007268755701261398,0.13267318904399872,0.00758671760559082,-0.008805199530797836,0.17334644496440887,0.040835678577423096,-0.03417814895965421,0.1761733740568161,0.06088387966156006,-0.02410913445510232,0.15075822174549103,0.06223839521408081,-0.011360217821675178,0.1254156082868576,0.05293148756027222,-0.005780900367426511,boom
0.0,0.0,0.0,0.024509519338607788,-0.11048388481140137,-0.005887382243031425,0.05568808317184448,-0.2013794183731079,-0.02270079548304693,0.08142969012260437,-0.28813880681991577,-0.03866766537373678,0.09073245525360107,-0.3613978624343872,-0.05146836261098997,0.1649264693260193,-0.16714400053024292,-0.02721333275383131,0.1808244287967682,-0.11499941349029541,-0.02469856249933855,0.1559860110282898,-0.09196925163269043,-0.019953859549218578,0.12908631563186646,-0.09250515699386597,-0.019667485308104915,0.1819763481616974,-0.09817886352539062,-0.031074318614059848,0.1907404065132141,-0.05265694856643677,-0.017493985172563953,0.16180765628814697,-0.04158216714859009,-0.010205043059045238,0.13201501965522766,-0.04687929153442383,-0.014167605478519363,0.18265166878700256,-0.026244401931762695,-0.03216168801134245,0.18761223554611206,0.005285322666168213,-0.01778945843523161,0.16251039505004883,0.012086808681488037,-0.005799674939567012,0.13323700428009033,0.005359530448913574,-0.007295153148675126,0.17362219095230103,0.04008430242538452,-0.034229600381308956,0.1755586564540863,0.05901622772216797,-0.023390629839354915,0.15057727694511414,0.060628414154052734,-0.010344234805756969,0.12556013464927673,0.05122262239456177,-0.004597968466782731,boom
0.0,0.0,0.0,0.02592143416404724,-0.10993039608001709,-0.006096692641108348,0.05792227387428284,-0.20023804903030396,-0.023322286900906875,0.08387255668640137,-0.28639328479766846,-0.03984638198915036,0.09263762831687927,-0.3601767420768738,-0.05330963700714619,0.16836485266685486,-0.16743183135986328,-0.02632704458835633,0.18779140710830688,-0.1086111068725586,-0.025062297356157615,0.16234585642814636,-0.08567345142364502,-0.021828031984000518,0.1349892020225525,-0.08817476034164429,-0.022450023216038062,0.184248149394989,-0.09765934944152832,-0.03037297434809716,0.19541877508163452,-0.0469629168510437,-0.0179856464982322,0.16581255197525024,-0.03614473342895508,-0.011306349073379351,0.13558638095855713,-0.04351794719696045,-0.015265210416941954,0.1843762993812561,-0.025624454021453857,-0.0319197018415025,0.19182369112968445,0.009948372840881348,-0.018824742060928656,0.1664382815361023,0.016328930854797363,-0.007178554196684672,0.1365920901298523,0.007722079753875732,-0.00831547088625939,0.1752031147480011,0.040239572525024414,-0.03445041447582753,0.17823457717895508,0.061186909675598145,-0.024690343883662536,0.1527501940727234,0.0631604790687561,-0.011918372359900786,0.12712791562080383,0.05271357297897339,-0.005926130690454556,boom
0.0,0.0,0.0,0.02415180206298828,-0.11004328727722168,-0.0068641043656612055,0.05419524013996124,-0.20019102096557617,-0.024937787038936676,0.07907284796237946,-0.286990761756897,-0.04206165386523253,0.08868633210659027,-0.3615652322769165,-0.05616849748577124,0.1637987643480301,-0.16553372144699097,-0.02920939302231318,0.18032993376255035,-0.1124424934387207,-0.02808731137002951,0.15560077130794525,-0.08919423818588257,-0.024848922101512017,0.12917570769786835,-0.08923763036727905,-0.025527683032407822,0.1806100755929947,-0.09641242027282715,-0.03265075845803267,0.18841145932674408,-0.05039668083190918,-0.0199085091629172,0.15961499512195587,-0.03955543041229248,-0.01310102543021685,0.13053058087825775,-0.04432690143585205,-0.01744883967722899,0.18081511557102203,-0.02469956874847412,-0.0334165291317845,0.18370331823825836,0.007071077823638916,-0.019625694436683716,0.15901292860507965,0.013594210147857666,-0.00777303934256679,0.13055278360843658,0.007234632968902588,-0.009327572716131272,0.1721300631761551,0.04137277603149414,-0.03526131896461493,0.17245511710643768,0.06164199113845825,-0.02491360804225451,0.1477307230234146,0.0632290244102478,-0.012209004668250145,0.12358267605304718,0.053850412368774414,-0.006680120659723343,boom
0.0,0.0,0.0,0.026210591197013855,-0.10986459255218506,-0.0051871784891659445,0.05781532824039459,-0.2003437876701355,-0.02219469798018281,0.08258171379566193,-0.28693127632141113,-0.03861941908706967,0.09098859131336212,-0.3616240620613098,-0.052007210899489564,0.1662784069776535,-0.16939353942871094,-0.02650300366093461,0.18437211215496063,-0.11094498634338379,-0.02530671050061528,0.15900598466396332,-0.0872652530670166,-0.02195816439797227,0.13124249875545502,-0.08914375305175781,-0.022531153161423845,0.18318600952625275,-0.10039412975311279,-0.031083169851797265,0.19329826533794403,-0.04972273111343384,-0.0181156597029144,0.16382478177547455,-0.037686169147491455,-0.011079519514339609,0.13357891142368317,-0.043971359729766846,-0.015118422445254964,0.1842479258775711,-0.028225362300872803,-0.03310267766227071,0.19044719636440277,0.00884026288986206,-0.019471177358525438,0.16474942862987518,0.01599985361099243,-0.007687909055846376,0.13503669202327728,0.008128881454467773,-0.0091462763886625,0.17570187151432037,0.03863108158111572,-0.03607026254047696,0.1772191971540451,0.062188684940338135,-0.02578179118444268,0.1511288434267044,0.06426829099655151,-0.013046810862022085,0.12556807696819305,0.05383795499801636,-0.00742272333462779,boom
0.0,0.0,0.0,0.023486852645874023,-0.11024147272109985,-0.004606095239296337,0.05572915077209473,-0.20117676258087158,-0.020711297731622835,0.08148759603500366,-0.2869669198989868,-0.0366706313600389,0.09035500884056091,-0.36050763726234436,-0.04983283449314513,0.16568121314048767,-0.16923797130584717,-0.023666957955583712,0.1839424967765808,-0.11243999004364014,-0.023299219649061342,0.15937292575836182,-0.08931642770767212,-0.021378450657948633,0.1324213445186615,-0.09017735719680786,-0.022799976732358118,0.1828061044216156,-0.10135817527770996,-0.028848903815969607,0.1925639808177948,-0.05049455165863037,-0.016240420382246157,0.1631421446800232,-0.038953423500061035,-0.009974930066391607,0.1334066092967987,-0.044945716857910156,-0.01436054297141709,0.18390798568725586,-0.02969944477081299,-0.031748971532806536,0.1888538897037506,0.006467759609222412,-0.018479418571814676,0.16286998987197876,0.013342201709747314,-0.007076723597720047,0.13371878862380981,0.005796670913696289,-0.008603480275496622,0.17551776766777039,0.03730273246765137,-0.03569561485551276,0.17607265710830688,0.06084859371185303,-0.025615880828127047,0.15019282698631287,0.06285691261291504,-0.013078176047429224,0.12507623434066772,0.05241674184799194,-0.007493750754520079,boom
0.0,0.0,0.0,0.024866312742233276,-0.11055105924606323,-0.005257103086364623,0.0570286363363266,-0.201433002948761,-0.021941402421248313,0.08222426474094391,-0.2879616618156433,-0.0381822282978419,0.090968057513237,-0.3620714247226715,-0.05146017247523105,0.16559864580631256,-0.1702621579170227,-0.024950956419957038,0.18476612865924835,-0.1125069260597229,-0.023997360334647055,0.15972305834293365,-0.08920639753341675,-0.02135510692085063,0.13238905370235443,-0.09073907136917114,-0.02241753177429473,0.1823320835828781,-0.10191166400909424,-0.029715921224010344,0.19401083886623383,-0.05166304111480713,-0.01718570613945758,0.16445858776569366,-0.039991676807403564,-0.010720839218151923,0.13423384726047516,-0.0463901162147522,-0.014989983715963717,0.18339987099170685,-0.029896795749664307,-0.03205241957391536,0.190689817070961,0.005768001079559326,-0.018655580894005652,0.16478987038135529,0.012907207012176514,-0.006729475182396527,0.13505132496356964,0.005262255668640137,-0.00793024567599332,0.17520864307880402,0.037019550800323486,-0.03540985980714595,0.1786361187696457,0.058893442153930664,-0.025087486446750518,0.1527959257364273,0.06136620044708252,-0.011903846130621787,0.12726517021656036,0.05122143030166626,-0.005910351832312699,boom
0.0,0.0,0.0,0.025097325444221497,-0.11021524667739868,-0.005248986210006024,0.05748356878757477,-0.20029032230377197,-0.022009181349801565,0.08309392631053925,-0.2865138053894043,-0.038285395621585394,0.09206311404705048,-0.36041292548179626,-0.051615207015800024,0.1676703542470932,-0.16924762725830078,-0.025178716077732588,0.18563933670520782,-0.11094284057617188,-0.024195746078419234,0.16031475365161896,-0.08759200572967529,-0.021571660905408407,0.132974311709404,-0.08874988555908203,-0.022677995755600477,0.1842518299818039,-0.1003686785697937,-0.029854232936429526,0.19457794725894928,-0.04975682497024536,-0.017189628004359747,0.16488881409168243,-0.03820443153381348,-0.010742079026329066,0.13486485183238983,-0.044479548931121826,-0.015043151124643828,0.18498612940311432,-0.02811455726623535,-0.032054434090184714,0.19008274376392365,0.007187902927398682,-0.018561298518704916,0.16436012089252472,0.014054477214813232,-0.006848741348164822,0.13493593037128448,0.006451308727264404,-0.00819365636192515,0.17656968533992767,0.03880280256271362,-0.03527678039603188,0.17803247272968292,0.060240089893341064,-0.02497993831269696,0.15243740379810333,0.06262952089309692,-0.012004768966960455,0.12720037996768951,0.05268198251724243,-0.006105951990264202,boom
0.0,0.0,0.0,0.026151955127716064,-0.11089307069778442,-0.004447266766760549,0.05948752164840698,-0.20209985971450806,-0.020880754878703556,0.0849076509475708,-0.28877127170562744,-0.037053646361414394,0.09343573451042175,-0.36285802721977234,-0.05019368029195448,0.16938480734825134,-0.17005348205566406,-0.023284880286041698,0.18786567449569702,-0.11381536722183228,-0.022226584916893444,0.1620485782623291,-0.09066212177276611,-0.019669689079705677,0.13427841663360596,-0.09215438365936279,-0.020690465187612972,0.18529537320137024,-0.10105866193771362,-0.028439771225635013,0.19745546579360962,-0.05267101526260376,-0.015741931116167507,0.16777801513671875,-0.040931105613708496,-0.009277653722051582,0.13743051886558533,-0.04724621772766113,-0.013380257254425487,0.18567520380020142,-0.028843164443969727,-0.031168084433261356,0.19486352801322937,0.005242705345153809,-0.01778018272477766,0.16911602020263672,0.01271665096282959,-0.00582268166351696,0.13892531394958496,0.005094289779663086,-0.006785717634443245,0.1764218807220459,0.03768855333328247,-0.034827144658152065,0.18130499124526978,0.057498037815093994,-0.024398514842573604,0.15572446584701538,0.06049644947052002,-0.01092777757901331,0.12990891933441162,0.05090850591659546,-0.004567885147366724,boom
0.0,0.0,0.0,0.0259840190410614,-0.10977232456207275,-0.0042052743240788,0.059095799922943115,-0.20092427730560303,-0.02044487364884162,0.08492067456245422,-0.28776663541793823,-0.03646802895065093,0.09363386034965515,-0.3613094389438629,-0.049492247331102135,0.16845986247062683,-0.1691575050354004,-0.023251289430220368,0.18833673000335693,-0.11249971389770508,-0.021748039799888375,0.16293621063232422,-0.08909827470779419,-0.018678205016215088,0.13533523678779602,-0.09069114923477173,-0.019366512003500702,0.18452155590057373,-0.10005098581314087,-0.02836178794797206,0.19780847430229187,-0.051812589168548584,-0.01546068948056245,0.168463796377182,-0.03995436429977417,-0.00866090126629615,0.13774123787879944,-0.04619234800338745,-0.012433586570580246,0.18511220812797546,-0.02802431583404541,-0.031001906770427468,0.19444873929023743,0.0060152411460876465,-0.017180401760299446,0.16891074180603027,0.013527631759643555,-0.005083554818440916,0.1386609971523285,0.005842030048370361,-0.0060116629331901095,0.17639833688735962,0.03839921951293945,-0.034577071595151665,0.1805994212627411,0.05853438377380371,-0.023885436284501793,0.15493929386138916,0.06146419048309326,-0.010552718232531788,0.129104882478714,0.0516057014465332,-0.004347967843671086,boom
0.0,0.0,0.0,0.026467278599739075,-0.1099892258644104,-0.003911112379682891,0.06001964211463928,-0.20149129629135132,-0.020000982508463494,0.08576783537864685,-0.2879931926727295,-0.03603240236679994,0.09417909383773804,-0.3622443974018097,-0.04907255008856737,0.16956749558448792,-0.1695384979248047,-0.022124906480712525,0.1908685266971588,-0.10904216766357422,-0.020810640827221505,0.16485413908958435,-0.0855712890625,-0.01820941962341749,0.13689756393432617,-0.08797115087509155,-0.019216732532186143,0.18523547053337097,-0.10097134113311768,-0.02748181991319143,0.19909176230430603,-0.04842895269393921,-0.014537034966451756,0.1690557301044464,-0.036206066608428955,-0.008010946624381177,0.13838258385658264,-0.043402671813964844,-0.011977307908637158,0.18572863936424255,-0.0290834903717041,-0.030456520095867745,0.1957596242427826,0.008591651916503906,-0.016733232364458672,0.16954168677330017,0.016198933124542236,-0.004891652092737786,0.13934975862503052,0.0074051618576049805,-0.005912312250984542,0.17696720361709595,0.0373188853263855,-0.034341623485488526,0.18210801482200623,0.06023925542831421,-0.023686831295890443,0.15592825412750244,0.06322717666625977,-0.010331487693292729,0.13003957271575928,0.05250030755996704,-0.00405350601340615,boom
0.0,0.0,0.0,0.025946110486984253,-0.11030596494674683,-0.003197680454206875,0.05960434675216675,-0.2014746069908142,-0.018855127034214547,0.08514004945755005,-0.2875708341598511,-0.03464322210612636,0.09336921572685242,-0.36154937744140625,-0.047622524661449006,0.16897547245025635,-0.16970747709274292,-0.021510642481473496,0.18889343738555908,-0.11125272512435913,-0.02027280302110057,0.164230614900589,-0.08829110860824585,-0.018235991237190774,0.1373918354511261,-0.09030169248580933,-0.01976631255212169,0.18528839945793152,-0.10182344913482666,-0.02713487529518943,0.19667774438858032,-0.05089366436004639,-0.013383813661960176,0.1675964593887329,-0.03908860683441162,-0.006697086145607045,0.13771039247512817,-0.045343101024627686,-0.011018733953562787,0.18577727675437927,-0.030370473861694336,-0.03042794437470775,0.19208291172981262,0.005255520343780518,-0.01564890937271457,0.1664908230304718,0.012783050537109375,-0.003666639787581971,0.13721001148223877,0.004992544651031494,-0.0051465672380004435,0.1769896149635315,0.036232590675354004,-0.0347174783176456,0.1797279715538025,0.05896258354187012,-0.023167197120812943,0.15437078475952148,0.061470091342926025,-0.009889010799554399,0.12916603684425354,0.050851643085479736,-0.004072197241214326,boom
0.0,0.0,0.0,0.025723636150360107,-0.11069220304489136,-0.00379780198733215,0.05920678377151489,-0.20198369026184082,-0.01972689952987139,0.08492377400398254,-0.28831231594085693,-0.03566645186680262,0.09347063302993774,-0.3622632920742035,-0.048566409464058324,0.16894620656967163,-0.17134159803390503,-0.021421332920965597,0.18962576985359192,-0.11066192388534546,-0.020452919493493482,0.16419687867164612,-0.08741205930709839,-0.018234794105467245,0.13657569885253906,-0.08966964483261108,-0.019573272283253118,0.18516424298286438,-0.10320228338241577,-0.027100942174968168,0.19865190982818604,-0.050794780254364014,-0.014295767138776228,0.16894745826721191,-0.038745999336242676,-0.0077783121569723335,0.13874804973602295,-0.04605978727340698,-0.011762529688951417,0.18612685799598694,-0.03135526180267334,-0.03054351460474436,0.19534531235694885,0.005985558032989502,-0.016963561142858907,0.16924124956130981,0.013773143291473389,-0.005061321503546878,0.139423668384552,0.005079686641693115,-0.0060752821928531375,0.17748203873634338,0.03552842140197754,-0.034965955729660436,0.18070057034492493,0.057957351207733154,-0.024589981029805585,0.1549185812473297,0.0608711838722229,-0.011481984595832273,0.129419207572937,0.04992157220840454,-0.005357866252836629,boom
0.0,0.0,0.0,0.02491159737110138,-0.10992574691772461,-0.004414242249310973,0.058092206716537476,-0.2011113166809082,-0.020431448728174928,0.08401021361351013,-0.28779667615890503,-0.03624043709072566,0.09252408146858215,-0.36182692646980286,-0.04907573109898067,0.16847696900367737,-0.17083168029785156,-0.02229599563810325,0.18738847970962524,-0.1116642951965332,-0.021237288624377015,0.1619437038898468,-0.08839201927185059,-0.019161052093238595,0.13463163375854492,-0.09005475044250488,-0.020701051712364915,0.1852704882621765,-0.10263234376907349,-0.02751912830802894,0.1967202126979828,-0.05156785249710083,-0.014539669290513757,0.16722053289413452,-0.03965359926223755,-0.008419632934362653,0.13726934790611267,-0.04626345634460449,-0.01287985781613088,0.18637436628341675,-0.03085923194885254,-0.030414558038444284,0.1931324005126953,0.005618155002593994,-0.016825024992556337,0.16712462902069092,0.01280355453491211,-0.005284984618754152,0.13751983642578125,0.004450619220733643,-0.006671587959260705,0.1779990792274475,0.03578519821166992,-0.034304902911515,0.1802651584148407,0.05850982666015625,-0.02407091020080543,0.15433207154273987,0.06089127063751221,-0.01118470171871877,0.12879914045333862,0.049977123737335205,-0.005280692618669036,boom
0.0,0.0,0.0,0.02680124342441559,-0.10972076654434204,-0.0028897512103753797,0.06095294654369354,-0.2012263536453247,-0.018247002023770165,0.08691148459911346,-0.28768062591552734,-0.03379933278591807,0.09531749784946442,-0.36178866028785706,-0.046345127034499,0.1701722890138626,-0.17208349704742432,-0.020092074978663277,0.19152824580669403,-0.1113206148147583,-0.01883881281645472,0.16553442180156708,-0.0875200629234314,-0.01650600809188063,0.13736902177333832,-0.09004628658294678,-0.017762643504454445,0.18651311099529266,-0.10405856370925903,-0.02616002525718386,0.20052962005138397,-0.05136913061141968,-0.013092694092108559,0.170688197016716,-0.03846573829650879,-0.006838393151326727,0.13991864025592804,-0.04559987783432007,-0.010982517372383427,0.18772707879543304,-0.032142579555511475,-0.02992715615363295,0.19698621332645416,0.005936026573181152,-0.01615929532380278,0.17070867121219635,0.01419079303741455,-0.004600063651366781,0.14062435925006866,0.0050847530364990234,-0.005862032282664131,0.17933939397335052,0.03503686189651489,-0.03457515056760485,0.1832304447889328,0.05841398239135742,-0.024050616878582787,0.15701891481876373,0.06148570775985718,-0.011022617328478646,0.13100071251392365,0.04985523223876953,-0.004988379995836567,boom
0.0,0.0,0.0,0.026440337300300598,-0.11017531156539917,-0.002093798029818572,0.06090337038040161,-0.20207172632217407,-0.017147286343970336,0.08691474795341492,-0.2893102169036865,-0.03246237758139614,0.09469655156135559,-0.3639668822288513,-0.04489242333511356,0.17071908712387085,-0.17403888702392578,-0.01957817051152233,0.19200846552848816,-0.11505061388015747,-0.01765234257618431,0.166330486536026,-0.09136748313903809,-0.014999372433521785,0.13853079080581665,-0.09357017278671265,-0.01613467048446182,0.187247633934021,-0.1063392162322998,-0.025663625929155387,0.2012304663658142,-0.05550175905227661,-0.011772395591833629,0.17166975140571594,-0.04262232780456543,-0.005124359871842898,0.1411280333995819,-0.04914534091949463,-0.009200856569805183,0.18836355209350586,-0.034523963928222656,-0.029306492317118682,0.19782760739326477,0.002290666103363037,-0.01464503958413843,0.17155784368515015,0.01046210527420044,-0.0028437997825676575,0.14136219024658203,0.0017545223236083984,-0.0042062783759320155,0.18007546663284302,0.03264760971069336,-0.03376039910654072,0.1846432089805603,0.05567455291748047,-0.022456599879660644,0.15830343961715698,0.05876803398132324,-0.00926059159974102,0.13213247060775757,0.04736119508743286,-0.0032912446331465617,boom
0.0,0.0,0.0,0.025524109601974487,-0.10926198959350586,-0.0015123898203341923,0.059045881032943726,-0.1995086669921875,-0.01646097652081835,0.08486863970756531,-0.2859002351760864,-0.031884620854896184,0.09239858388900757,-0.36008957028388977,-0.04461213476423609,0.16896376013755798,-0.17290574312210083,-0.019302391404551145,0.19124194979667664,-0.11185163259506226,-0.01750423848096716,0.16587582230567932,-0.08845502138137817,-0.014920327769857522,0.13819310069084167,-0.09099084138870239,-0.016076776156467076,0.18544313311576843,-0.10530734062194824,-0.0259053138590275,0.20014247298240662,-0.05238443613052368,-0.012013492131870862,0.17043140530586243,-0.04008173942565918,-0.0052135278976379595,0.13960757851600647,-0.04720938205718994,-0.009149214210253831,0.18644392490386963,-0.033348262310028076,-0.03005674756531107,0.19617420434951782,0.004308879375457764,-0.015199615577500936,0.16966405510902405,0.012214899063110352,-0.002963146850731846,0.13948017358779907,0.0031675100326538086,-0.0041025429538308344,0.17800429463386536,0.034066975116729736,-0.035028367260736104,0.18243488669395447,0.05744767189025879,-0.023451109374207135,0.15597262978553772,0.06030088663101196,-0.009861388201159116,0.12979772686958313,0.048462510108947754,-0.003693148451191064,boom
0.0,0.0,0.0,0.026237741112709045,-0.1099974513053894,-0.0033038708989465704,0.0595129132270813,-0.2018168568611145,-0.019013701346977996,0.0848521888256073,-0.28887081146240234,-0.03465675969169979,0.092383474111557,-0.3635670840740204,-0.04729583893464451,0.16782087087631226,-0.17460370063781738,-0.021586329085096168,0.19064539670944214,-0.11660271883010864,-0.019628558648093986,0.16565746068954468,-0.09252238273620605,-0.0165421332840765,0.13799864053726196,-0.09420573711395264,-0.017429000106915282,0.18440622091293335,-0.10721999406814575,-0.027148263869150924,0.19954586029052734,-0.0578465461730957,-0.013829367575510787,0.17033854126930237,-0.044277727603912354,-0.007083549970104741,0.13966649770736694,-0.049966633319854736,-0.01096622866140251,0.18599116802215576,-0.03573870658874512,-0.030262513426407622,0.19675272703170776,-2.586841583251953e-05,-0.015901660886868285,0.17060771584510803,0.008869349956512451,-0.003797194096534895,0.14032649993896484,0.001080632209777832,-0.00490920559064989,0.17845657467842102,0.03122878074645996,-0.03426991064594631,0.1842249035835266,0.05351090431213379,-0.023363057864173697,0.1581481695175171,0.05711197853088379,-0.010150944222971248,0.13213473558425903,0.046576619148254395,-0.004106867001667069,boom
0.0,0.0,0.0,0.024657920002937317,-0.1095770001411438,-0.0034242402775817027,0.05801481008529663,-0.20009148120880127,-0.018657480135061633,0.08237984776496887,-0.2862807512283325,-0.0340033068800949,0.08888515830039978,-0.36082661151885986,-0.046555955662825,0.16771870851516724,-0.17385125160217285,-0.020321140765645396,0.18862590193748474,-0.11213237047195435,-0.019279957517483126,0.16429778933525085,-0.08885324001312256,-0.017495584442713152,0.1372016966342926,-0.09039247035980225,-0.01922041620264281,0.18501004576683044,-0.10716027021408081,-0.026016066550710093,0.1969011127948761,-0.05297291278839111,-0.012768339134254347,0.1676015555858612,-0.040521085262298584,-0.006638849388309609,0.13766604661941528,-0.047010183334350586,-0.010938216700651537,0.18660849332809448,-0.03529155254364014,-0.029513499468066584,0.19246411323547363,0.0024439096450805664,-0.01559871784547795,0.1665131151676178,0.01063305139541626,-0.004377904582270276,0.1374606490135193,0.002741694450378418,-0.0058904720949612965,0.17857709527015686,0.03248196840286255,-0.033991076752045046,0.17967283725738525,0.05618131160736084,-0.023404362380006205,0.1539190709590912,0.0589827299118042,-0.01077260240117539,0.12866494059562683,0.04798823595046997,-0.005005028798677813,boom
0.0,0.0,0.0,0.025980040431022644,-0.10973846912384033,-0.0036543970717843877,0.06020934879779816,-0.2015542984008789,-0.019458077361321102,0.08545877039432526,-0.2885468602180481,-0.03503352168712581,0.09241174161434174,-0.36323675513267517,-0.0476067862263676,0.1703517884016037,-0.177559494972229,-0.022591351976132046,0.19226716458797455,-0.11714154481887817,-0.0210307086608168,0.16661573946475983,-0.09308254718780518,-0.018178637584185253,0.1389005035161972,-0.09476280212402344,-0.019171325003242146,0.18716906011104584,-0.10994285345077515,-0.0279673966369387,0.201340451836586,-0.05812889337539673,-0.014637709108626495,0.17140786349773407,-0.04519188404083252,-0.007639214841162811,0.14064623415470123,-0.05165284872055054,-0.011242929359411846,0.18860535323619843,-0.03730273246765137,-0.030897099038099896,0.1977257877588272,-0.0012886524200439453,-0.016842446734642635,0.17149560153484344,0.007307589054107666,-0.004892715697621952,0.14134036004543304,-0.0003807544708251953,-0.005900667493676792,0.1805928498506546,0.030582964420318604,-0.03471421587977375,0.18403808772563934,0.05176496505737305,-0.02415365118298496,0.15798459947109222,0.05512845516204834,-0.011115770300364147,0.13221652805805206,0.04467886686325073,-0.004975665339713942,boom
0.0,0.0,0.0,0.025844380259513855,-0.11000597476959229,-0.0032294191925643645,0.0604078471660614,-0.20142298936843872,-0.01873219754014599,0.08572369813919067,-0.2880738377571106,-0.03412776436124432,0.09243667125701904,-0.36288759112358093,-0.046574316876274224,0.1699279546737671,-0.17790764570236206,-0.021688871043068048,0.19290843605995178,-0.11612945795059204,-0.02025645221982586,0.1675739288330078,-0.09147697687149048,-0.017554234670740243,0.13967061042785645,-0.09301340579986572,-0.01854255046163189,0.18704524636268616,-0.1104743480682373,-0.027245137797933694,0.2021922469139099,-0.0574989914894104,-0.013867268296223756,0.17245733737945557,-0.04388231039047241,-0.006859107831758138,0.1415523886680603,-0.05006122589111328,-0.010401648426693555,0.18895378708839417,-0.03777885437011719,-0.030411168890339013,0.19835010170936584,-0.0007411837577819824,-0.01616740967546093,0.1722944974899292,0.008054733276367188,-0.004114408003431436,0.142171710729599,0.000303804874420166,-0.0050649800843416415,0.18141567707061768,0.03033238649368286,-0.034461110787731286,0.18520936369895935,0.052247822284698486,-0.023631924720746156,0.15922847390174866,0.05578964948654175,-0.01045333589826214,0.13347190618515015,0.04529702663421631,-0.0042493505908964835,boom
0.0,0.0,0.0,0.02639247477054596,-0.11001908779144287,-0.0035183670669880485,0.06140565872192383,-0.20229768753051758,-0.01882771553658813,0.08713403344154358,-0.2891092300415039,-0.034116038700574336,0.09389019012451172,-0.3637887239456177,-0.046386411061519084,0.170681893825531,-0.17916923761367798,-0.020542254319423137,0.19397079944610596,-0.11836135387420654,-0.019580788558357654,0.1688149869441986,-0.09314996004104614,-0.01735046656989425,0.1408674418926239,-0.09377747774124146,-0.01863612944447368,0.18778744339942932,-0.11239755153656006,-0.026163596307867465,0.2029898464679718,-0.05970245599746704,-0.013566644510262904,0.1734500527381897,-0.0451960563659668,-0.00697453005426496,0.14269179105758667,-0.050441622734069824,-0.01055013539456695,0.18997865915298462,-0.04021561145782471,-0.029639398327105937,0.19930487871170044,-0.002756834030151367,-0.016466486847036776,0.17316517233848572,0.0066800713539123535,-0.004918077608579097,0.14308810234069824,-0.0003750920295715332,-0.005847647434109149,0.18297719955444336,0.02821141481399536,-0.03404315339588493,0.18669816851615906,0.05138009786605835,-0.024230720123284755,0.16038361191749573,0.0551372766494751,-0.011669678261512217,0.1346091628074646,0.044827938079833984,-0.00563019478880733,boom
0.0,0.0,0.0,0.027345284819602966,-0.1104239821434021,-0.003495725711900377,0.06252588331699371,-0.20397233963012695,-0.01839214973347225,0.088539257645607,-0.291215717792511,-0.0330748561789278,0.09573833644390106,-0.3656831681728363,-0.04465252943532505,0.17180989682674408,-0.1777714490890503,-0.02020366527335682,0.19286055862903595,-0.1175154447555542,-0.01809882037537136,0.16709040105342865,-0.09336096048355103,-0.015277666414249325,0.13924141228199005,-0.0948021411895752,-0.01638394817905464,0.18864814937114716,-0.10993820428848267,-0.02542773857908287,0.2029910832643509,-0.059133827686309814,-0.011744927989411735,0.17373792827129364,-0.04546785354614258,-0.0049611799438480375,0.1432494968175888,-0.050690293312072754,-0.008819241451192283,0.19044388830661774,-0.03751736879348755,-0.02832370847659149,0.20023711025714874,-0.0018398761749267578,-0.01430996917383709,0.1747313290834427,0.006956756114959717,-0.002481637198570752,0.1445562094449997,-0.00012451410293579102,-0.0034989522789601324,0.18270660936832428,0.029924333095550537,-0.032074217127728843,0.18765510618686676,0.05015575885772705,-0.02156171985166111,0.16189198195934296,0.05368119478225708,-0.00842741169230976,0.1360098272562027,0.04383176565170288,-0.002194172844383502,boom
0.0,0.0,0.0,0.02594858407974243,-0.10893124341964722,-0.004272720924461737,0.060235798358917236,-0.2007431983947754,-0.01999406438216056,0.08497920632362366,-0.2884371280670166,-0.03561440404399718,0.09259366989135742,-0.36289405822753906,-0.048248409441555395,0.1697361171245575,-0.17491888999938965,-0.020802599525893584,0.18920889496803284,-0.11333632469177246,-0.02013754021271552,0.16394028067588806,-0.09037470817565918,-0.018797137922490492,0.13695606589317322,-0.09289604425430298,-0.020824347770656004,0.18638291954994202,-0.10698574781417847,-0.026329762450302496,0.19918528199195862,-0.05531740188598633,-0.013846035263384238,0.16968080401420593,-0.04383724927902222,-0.007918480000341788,0.13909092545509338,-0.05143475532531738,-0.012189866191590681,0.18755987286567688,-0.034493207931518555,-0.02973715882643546,0.19574514031410217,0.00043529272079467773,-0.016628137937630072,0.16969311237335205,0.008654773235321045,-0.004972005876595631,0.13981056213378906,0.0005602240562438965,-0.005953039190615073,0.17884418368339539,0.03299868106842041,-0.034172057322109595,0.18209925293922424,0.05366349220275879,-0.024376877731526747,0.15666809678077698,0.057347774505615234,-0.011480861491406813,0.13119497895240784,0.04727756977081299,-0.005334437041426554,boom
0.0,0.0,0.0,0.02733616530895233,-0.1094314455986023,-0.003950718430189681,0.06185127794742584,-0.2013336420059204,-0.019554164831845355,0.08625338971614838,-0.2886399030685425,-0.034936186497418475,0.093777135014534,-0.36281150579452515,-0.047167875443903995,0.17145781219005585,-0.17717361450195312,-0.02057053764661987,0.1932704597711563,-0.11579406261444092,-0.01879045983156402,0.1674959808588028,-0.09158861637115479,-0.016219953646270824,0.13933221995830536,-0.09407800436019897,-0.017288474937288356,0.1880643218755722,-0.10864454507827759,-0.025824079861251903,0.2027212232351303,-0.05676889419555664,-0.012491359015314174,0.1730651706457138,-0.044035136699676514,-0.006010294531790805,0.14160339534282684,-0.05150783061981201,-0.00978696496537168,0.18948768079280853,-0.03610110282897949,-0.028847395082323146,0.19974352419376373,0.000380098819732666,-0.014844367851821971,0.1738060861825943,0.009284138679504395,-0.0031804857899828676,0.1433667689561844,0.0009922981262207031,-0.004184452922402215,0.1811516135931015,0.03119516372680664,-0.03280604315301616,0.18623922765254974,0.05324554443359375,-0.022202054609863353,0.1601974219083786,0.05717802047729492,-0.00914912448575933,0.13399656116962433,0.04687076807022095,-0.0029273548753394607,boom
0.0,0.0,0.0,0.026866689324378967,-0.10927003622055054,-0.003772265801046615,0.06074927747249603,-0.20071381330490112,-0.0195661439204855,0.08512158691883087,-0.28772348165512085,-0.035194550698463445,0.09193356335163116,-0.36208173632621765,-0.04775277996606064,0.17008204758167267,-0.17736995220184326,-0.021317753067080503,0.19167010486125946,-0.11675959825515747,-0.019572793563668256,0.1662186235189438,-0.09220397472381592,-0.01686367305165959,0.13837169110774994,-0.09347909688949585,-0.01793456735259724,0.18661917746067047,-0.10946500301361084,-0.026761216169063573,0.20097889006137848,-0.05814671516418457,-0.013514701334599977,0.1714443415403366,-0.04469543695449829,-0.006960799509499793,0.14049135148525238,-0.0510106086730957,-0.01079058652914,0.18800918757915497,-0.03695636987686157,-0.029870170226161008,0.1973372846841812,-0.0009102821350097656,-0.015777892490689283,0.17132993042469025,0.008293747901916504,-0.004019897954378848,0.14117063581943512,0.000579833984375,-0.005107582138691669,0.17993147671222687,0.030761420726776123,-0.03392005810684395,0.1840866059064865,0.0523449182510376,-0.023234375810091024,0.1582549661397934,0.05623340606689453,-0.010162301419143205,0.13245509564876556,0.04591101408004761,-0.0040110084804041435,boom
0.0,0.0,0.0,0.026759296655654907,-0.10976231098175049,-0.0037233070477213914,0.061202600598335266,-0.20173430442810059,-0.019342505606573468,0.08571559190750122,-0.2889430522918701,-0.03475894336656893,0.09269437193870544,-0.3632071316242218,-0.047057631659072285,0.17020967602729797,-0.179232656955719,-0.020936961519282704,0.19187083840370178,-0.11842846870422363,-0.01926138368503416,0.16690203547477722,-0.0941285490989685,-0.01661057327942217,0.139341801404953,-0.09586292505264282,-0.017671634676617032,0.18687307834625244,-0.11093592643737793,-0.02645648387328947,0.2016880214214325,-0.06023627519607544,-0.013348029228609448,0.17268872261047363,-0.0469050407409668,-0.006780221826147681,0.1416621208190918,-0.05306196212768555,-0.010484110797506219,0.18849435448646545,-0.03803795576095581,-0.029672282981437093,0.19828864932060242,-0.002716541290283203,-0.015945975902241116,0.17275211215019226,0.00655132532119751,-0.004082525848161822,0.1425277590751648,-0.0007796287536621094,-0.0048927750910934265,0.18038514256477356,0.029963552951812744,-0.033815476345580464,0.18505316972732544,0.05072969198226929,-0.023466234328907376,0.15955129265785217,0.054988324642181396,-0.010311933467846757,0.13369449973106384,0.04546147584915161,-0.003978912952106839,boom
0.0,0.0,0.0,0.02750428020954132,-0.11091876029968262,-0.002414676067360233,0.0629187673330307,-0.20362228155136108,-0.017134468476228903,0.08789925277233124,-0.29117125272750854,-0.03178598492866058,0.09450463950634003,-0.3656681478023529,-0.0433353944075634,0.17193348705768585,-0.18004173040390015,-0.01988234132056732,0.19256867468357086,-0.11932879686355591,-0.016783978263788413,0.16711486876010895,-0.09555095434188843,-0.012846398572378348,0.13914553821086884,-0.09741628170013428,-0.01324290543323059,0.18920452892780304,-0.1122388243675232,-0.025727753932528685,0.20336593687534332,-0.06083559989929199,-0.011415963466220092,0.17405883967876434,-0.04740786552429199,-0.004192109159134816,0.14304141700267792,-0.0534670352935791,-0.007635971005015563,0.1911192685365677,-0.039318621158599854,-0.029039326528959464,0.201395645737648,-0.0040441155433654785,-0.014338379199557494,0.1756051927804947,0.005442559719085693,-0.002279019155480455,0.14524222910404205,-0.0018358826637268066,-0.003206180348001908,0.1828998476266861,0.028699100017547607,-0.03312733530526657,0.18765057623386383,0.048950374126434326,-0.02223301812534828,0.16191481053829193,0.05341172218322754,-0.008972600507490824,0.1357637196779251,0.043787240982055664,-0.0026556150381793486,boom
0.0,0.0,0.0,0.025191009044647217,-0.11018836498260498,-0.004335074833250019,0.05972990393638611,-0.20355087518692017,-0.019207904728716585,0.08410835266113281,-0.29101037979125977,-0.03389476114756462,0.09196653962135315,-0.3649708032608032,-0.04558462152130005,0.17048633098602295,-0.17411941289901733,-0.019897016378706667,0.18621492385864258,-0.11576616764068604,-0.01809015186375973,0.1602678894996643,-0.09437680244445801,-0.015973449366754267,0.13326871395111084,-0.0972515344619751,-0.01780015850312111,0.18702909350395203,-0.10654628276824951,-0.025416825580066416,0.19752833247184753,-0.05660349130630493,-0.0128621483767688,0.16778013110160828,-0.04561734199523926,-0.007120906523084614,0.13759589195251465,-0.05259442329406738,-0.011544981653457853,0.1879279613494873,-0.03439676761627197,-0.02878910550720093,0.1959599256515503,-0.00013446807861328125,-0.016088721024459574,0.1698833703994751,0.007888376712799072,-0.004722654035901996,0.14035379886627197,7.724761962890625e-05,-0.005831623597657654,0.17826500535011292,0.03268152475357056,-0.03316581124312279,0.18217915296554565,0.05405735969543457,-0.02406905280298588,0.15638810396194458,0.05762434005737305,-0.01155136959499714,0.1307966411113739,0.047506749629974365,-0.005639006997114393,boom
0.0,0.0,0.0,0.02514408528804779,-0.10874855518341064,-0.002271535162492455,0.05755375325679779,-0.19945669174194336,-0.017872171298279227,0.08219285309314728,-0.2861509323120117,-0.03381016832651085,0.0891890674829483,-0.3601021468639374,-0.04689759370745605,0.167991504073143,-0.17278599739074707,-0.02074435521723217,0.1919180303812027,-0.11183726787567139,-0.019292361856116713,0.166813924908638,-0.0881887674331665,-0.016426676706089438,0.13915283977985382,-0.09065186977386475,-0.01714282092513031,0.18457497656345367,-0.10542219877243042,-0.026954866767539443,0.2002486139535904,-0.05212259292602539,-0.013686479822411002,0.1701100915670395,-0.03974127769470215,-0.006646948688342036,0.13882066309452057,-0.047352373600006104,-0.00998609588356203,0.1858917623758316,-0.03356415033340454,-0.03074518387080616,0.19633229076862335,0.003506302833557129,-0.01635437068404144,0.16977421939373016,0.012167632579803467,-0.004118379492922486,0.1396373063325882,0.003491520881652832,-0.004878344301744164,0.1775117665529251,0.033746302127838135,-0.03539344278038925,0.18207888305187225,0.05662459135055542,-0.02416985650421566,0.1556338518857956,0.06028681993484497,-0.010701016344739855,0.12954537570476532,0.049170494079589844,-0.004312765140696229,boom
0.0,0.0,0.0,0.02597890794277191,-0.11141926050186157,-0.0021840880298782395,0.05909706652164459,-0.204096257686615,-0.01698641028718839,0.08330108225345612,-0.2913351058959961,-0.03177733269052396,0.09114252030849457,-0.3654443919658661,-0.04361336227970014,0.16811658442020416,-0.17639732360839844,-0.020581497964428763,0.1899123340845108,-0.11796259880065918,-0.016646486860679488,0.16539306938648224,-0.0939556360244751,-0.011767267403172355,0.138112410902977,-0.09524494409561157,-0.011563534070717196,0.18556024134159088,-0.10883152484893799,-0.026048529115485053,0.19987966120243073,-0.05916488170623779,-0.010749819842146735,0.17103825509548187,-0.04541295766830444,-0.0029280070820618675,0.14065761864185333,-0.050167858600616455,-0.006268945210592847,0.1874573677778244,-0.03693312406539917,-0.028853402626680236,0.19677229225635529,-0.0019627809524536133,-0.012812976879047255,0.17105527222156525,0.007553815841674805,-0.0006524339923430489,0.14138875901699066,0.0005971193313598633,-0.0020185312395710753,0.17968972027301788,0.0305059552192688,-0.03245351758317838,0.1846536546945572,0.05264019966125488,-0.020339626041220527,0.15885858237743378,0.05677485466003418,-0.007099806484745841,0.13325048983097076,0.046655356884002686,-0.0012217382108588026,boom
0.0,0.0,0.0,0.02635529637336731,-0.11028409004211426,-0.0016582428493165935,0.06014542281627655,-0.20152884721755981,-0.016281931616049405,0.08408236503601074,-0.28894490003585815,-0.031107782341223356,0.09106689691543579,-0.36317741870880127,-0.04300298630414545,0.17001134157180786,-0.1773785948753357,-0.019074539608936902,0.19317090511322021,-0.11568915843963623,-0.015499414831083413,0.16805574297904968,-0.09177607297897339,-0.011123382441383,0.14033061265945435,-0.09393876791000366,-0.011047957420032617,0.18664276599884033,-0.10893642902374268,-0.024939845271092054,0.20214596390724182,-0.056236863136291504,-0.009660338937919732,0.1723780632019043,-0.04344898462295532,-0.0018699278139138187,0.14086326956748962,-0.05040043592453003,-0.005028111349474784,0.18785357475280762,-0.036000072956085205,-0.02823040164230406,0.19906973838806152,0.0003139972686767578,-0.012394934847634431,0.1728690266609192,0.009297430515289307,-1.714485415504896e-05,0.1422116756439209,0.0009918212890625,-0.000970727253388759,0.17930668592453003,0.03183400630950928,-0.03224673955855906,0.18508946895599365,0.05331826210021973,-0.020214344329815503,0.15900665521621704,0.057475388050079346,-0.006497171662431356,0.13244757056236267,0.04698461294174194,-7.308229987756931e-05,boom
0.0,0.0,0.0,0.027287617325782776,-0.1120026707649231,-0.0013600845148289409,0.06136615574359894,-0.20434075593948364,-0.015763892794723233,0.08553752303123474,-0.2920011281967163,-0.03034110646950694,0.09260633587837219,-0.36585843563079834,-0.041918928737516126,0.17047551274299622,-0.1796078085899353,-0.01829998474823924,0.1924082338809967,-0.12197011709213257,-0.0140661913927147,0.16708597540855408,-0.09754514694213867,-0.009317815306360444,0.13922202587127686,-0.09848141670227051,-0.009132754991526326,0.18736997246742249,-0.11180788278579712,-0.02412867453205081,0.20179429650306702,-0.0630154013633728,-0.008671564052576741,0.17248022556304932,-0.04955774545669556,-0.0010990068574869838,0.1418173611164093,-0.054781317710876465,-0.004533448259110173,0.18885672092437744,-0.03945213556289673,-0.027298974807138165,0.1992344856262207,-0.0056743621826171875,-0.011113184506768903,0.17311400175094604,0.0038146376609802246,0.0012458056418722663,0.14286383986473083,-0.0031030774116516113,0.00010037226201120575,0.18091481924057007,0.0281180739402771,-0.031192268247480115,0.18699800968170166,0.048373401165008545,-0.01874338556336852,0.16085022687911987,0.052937090396881104,-0.004898654299552163,0.13470691442489624,0.0435023307800293,0.0014824619258320126,boom
0.0,0.0,0.0,0.025186389684677124,-0.11118471622467041,-0.0034959604976165792,0.05880008637905121,-0.2034052014350891,-0.019033096266298344,0.08362329006195068,-0.29103749990463257,-0.03438617801418786,0.09069037437438965,-0.3655582368373871,-0.04662404721727853,0.16952285170555115,-0.17793536186218262,-0.021374688950686505,0.19129857420921326,-0.11558836698532104,-0.018815762830286076,0.16655465960502625,-0.09194880723953247,-0.015069405083863785,0.13938647508621216,-0.09389472007751465,-0.01545658009251838,0.1860874891281128,-0.10929447412490845,-0.026591790375618984,0.20066779851913452,-0.05703705549240112,-0.01260105194648986,0.17127427458763123,-0.04467499256134033,-0.005297368393598845,0.1405734419822693,-0.05127483606338501,-0.008728293237595608,0.18716421723365784,-0.036341845989227295,-0.02936660079410558,0.19628193974494934,-0.0011502504348754883,-0.014661419672279408,0.17083147168159485,0.007425665855407715,-0.002573508072032382,0.14072921872138977,-8.32676887512207e-05,-0.0035581465357381603,0.1787477433681488,0.03116297721862793,-0.03302914789071565,0.18244561553001404,0.05192267894744873,-0.02198006538799291,0.15730777382850647,0.05599254369735718,-0.008876037319510033,0.13162821531295776,0.0462685227394104,-0.0027829504118699333,boom
0.0,0.0,0.0,0.025696858763694763,-0.11035454273223877,-0.0027658996322657003,0.05829276144504547,-0.20117813348770142,-0.018468326997151507,0.0832512378692627,-0.2882671356201172,-0.03408973954259409,0.09051245450973511,-0.3620660603046417,-0.0466796673053409,0.16916680335998535,-0.17657029628753662,-0.021848558556428088,0.1918870210647583,-0.1169358491897583,-0.01852788135050787,0.16707077622413635,-0.09271478652954102,-0.013896250274171962,0.13970011472702026,-0.0941019058227539,-0.013763391520967616,0.18619468808174133,-0.10779690742492676,-0.027257663305988444,0.20081216096878052,-0.05793493986129761,-0.012894629608979358,0.17127910256385803,-0.04550868272781372,-0.005224364917864932,0.14019155502319336,-0.05195361375808716,-0.0084699644857551,0.1873098611831665,-0.03514891862869263,-0.029972470473637713,0.1969732940196991,-0.0010249614715576172,-0.01465286139040245,0.17126590013504028,0.007547914981842041,-0.0021468283293302193,0.14094725251197815,5.894899368286133e-05,-0.0030662611742968693,0.17897358536720276,0.03214055299758911,-0.03348834357797159,0.18308821320533752,0.052568912506103516,-0.02203648268817915,0.1576176881790161,0.056545257568359375,-0.008646380264451636,0.1317407488822937,0.046717822551727295,-0.0024360670858527556,boom
0.0,0.0,0.0,0.02644750475883484,-0.11161607503890991,-0.0018026208375090391,0.060304075479507446,-0.2037079930305481,-0.016456131717234257,0.08469977974891663,-0.2907117009162903,-0.03125323437717498,0.09190604090690613,-0.36450693011283875,-0.043044094821482304,0.17066356539726257,-0.17787522077560425,-0.01897462539938033,0.19240671396255493,-0.11869049072265625,-0.015356307743161324,0.16720134019851685,-0.09437447786331177,-0.011070458112328652,0.13948234915733337,-0.09528815746307373,-0.011118802135854366,0.1872313916683197,-0.10941022634506226,-0.024614474630027416,0.20178735256195068,-0.05946671962738037,-0.009493758795827034,0.17254307866096497,-0.046278297901153564,-0.0018540648846396834,0.14175665378570557,-0.05194467306137085,-0.005126540442972782,0.18839102983474731,-0.037001192569732666,-0.02770255029764712,0.19831201434135437,-0.0022260546684265137,-0.012005209816663864,0.1727409064769745,0.006847023963928223,2.736552295345973e-05,0.14258798956871033,-0.0004864931106567383,-0.0011222871356153519,0.1801413595676422,0.030322253704071045,-0.03153875180151999,0.18490314483642578,0.05121743679046631,-0.019648884316950443,0.15946871042251587,0.05536097288131714,-0.006351375846236351,0.13365218043327332,0.045500099658966064,-0.0002073473399946124,boom
0.0,0.0,0.0,0.0262698233127594,-0.11111724376678467,-0.0027975724341899877,0.06025758385658264,-0.203119158744812,-0.018056869300323797,0.08520600199699402,-0.2905678153038025,-0.033278558196741415,0.09232616424560547,-0.36470651626586914,-0.04545434916229851,0.17108342051506042,-0.1792006492614746,-0.019915031062680555,0.19301360845565796,-0.12023389339447021,-0.01654255742045052,0.16757681965827942,-0.09633654356002808,-0.012511777485030962,0.13991385698318481,-0.09797656536102295,-0.012814749757069421,0.18774378299713135,-0.11100679636001587,-0.02539600411267884,0.20268160104751587,-0.06193196773529053,-0.01085433808924563,0.17332375049591064,-0.04918426275253296,-0.003494095782059503,0.14228639006614685,-0.05524235963821411,-0.006910707595068288,0.18874222040176392,-0.03864020109176636,-0.02836952710362084,0.19986003637313843,-0.005370736122131348,-0.013355068655926061,0.17390772700309753,0.003966569900512695,-0.0010230703309730416,0.1433771252632141,-0.0029334425926208496,-0.0018405515265271788,0.18027356266975403,0.028765976428985596,-0.03216949829669602,0.1867227852344513,0.0487980842590332,-0.020851995589453054,0.16089385747909546,0.053374648094177246,-0.007292613180595708,0.13469353318214417,0.04421687126159668,-0.0008600463306152051,boom
0.0,0.0,0.0,0.026268407702445984,-0.1110377311706543,-0.0025339445766690005,0.06108905375003815,-0.203363299369812,-0.017267666078794264,0.08605898916721344,-0.29018282890319824,-0.032103420488226675,0.09312604367733002,-0.3643084168434143,-0.04388998194752958,0.1717311292886734,-0.18040227890014648,-0.01894318989633348,0.1924850195646286,-0.11906576156616211,-0.016304039649355673,0.16692425310611725,-0.09521138668060303,-0.012976220130610727,0.13893727958202362,-0.09701478481292725,-0.013751566663074755,0.18898971378803253,-0.11284804344177246,-0.024944243274319433,0.20275099575519562,-0.06057417392730713,-0.010931949384200834,0.17318220436573029,-0.04748392105102539,-0.003953133497077488,0.14219866693019867,-0.0538293719291687,-0.00753330650894668,0.19076554477214813,-0.04031670093536377,-0.02863607860325601,0.20024703443050385,-0.004379689693450928,-0.014263406648922228,0.17407093942165375,0.004836976528167725,-0.0023794821665319432,0.14371617138385773,-0.002666950225830078,-0.0033691844639065494,0.1824444681406021,0.027799665927886963,-0.033208956263649725,0.1868256777524948,0.04935568571090698,-0.0226231694888952,0.16098497807979584,0.053841590881347656,-0.009667167693066858,0.1349053829908371,0.043978750705718994,-0.003547315738785528,boom
0.0,0.0,0.0,0.026012450456619263,-0.11200934648513794,-0.004029106088808021,0.061582550406455994,-0.20612895488739014,-0.018850872498830995,0.08684521913528442,-0.293717622756958,-0.03374266645022317,0.09441173076629639,-0.3686133623123169,-0.04549370354123994,0.17172357439994812,-0.1797269582748413,-0.0175871627599804,0.19092854857444763,-0.11895167827606201,-0.016576057505687913,0.16545158624649048,-0.09593909978866577,-0.015401847866257867,0.1377844214439392,-0.09816968441009521,-0.017736764830431184,0.1890375018119812,-0.112232506275177,-0.02354325374670907,0.20218554139137268,-0.060964763164520264,-0.01154461151071473,0.17257916927337646,-0.04800283908843994,-0.006151977200886449,0.14174816012382507,-0.05430567264556885,-0.010506496970435819,0.19109615683555603,-0.04016488790512085,-0.02770946009167119,0.20119979977607727,-0.0038462281227111816,-0.015393926967760763,0.17472752928733826,0.005370199680328369,-0.004262527190974197,0.14436110854148865,-0.002216815948486328,-0.0052827319324819655,0.1828247606754303,0.02762991189956665,-0.032952465322694025,0.18655794858932495,0.050923705101013184,-0.024281107094964227,0.16041254997253418,0.0554659366607666,-0.01232313664712592,0.13447460532188416,0.045495688915252686,-0.0065948546127287955,boom
0.0,0.0,0.0,0.024626582860946655,-0.11179190874099731,-0.003252910797414188,0.057834938168525696,-0.20466870069503784,-0.018110220202174787,0.08231808245182037,-0.29201728105545044,-0.032752507247892026,0.09020985662937164,-0.3653469979763031,-0.044349142231908445,0.16764970123767853,-0.17797136306762695,-0.020793211528030042,0.18840210139751434,-0.11868709325790405,-0.017756168612208967,0.16376431286334991,-0.09520816802978516,-0.013748498515155916,0.13651420176029205,-0.09669333696365356,-0.01394576194968522,0.18509338796138763,-0.10927516222000122,-0.02586642920311988,0.19931305944919586,-0.05959212779998779,-0.011145928756263856,0.17034117877483368,-0.04729717969894409,-0.003356894359853868,0.13966573774814606,-0.053315162658691406,-0.00663824972968996,0.18688662350177765,-0.03639334440231323,-0.02853509306248725,0.19703806936740875,-0.003126204013824463,-0.013416857340303068,0.17170889675617218,0.0056310296058654785,-0.0009519261637933596,0.14168207347393036,-0.0014493465423583984,-0.001830003105965261,0.17867989838123322,0.031083524227142334,-0.03207761875626147,0.18391217291355133,0.05017346143722534,-0.020785703205433492,0.15872348845005035,0.05450242757797241,-0.007334187508490686,0.13290275633335114,0.04522448778152466,-0.0010967551478415771,boom
0.0,0.0,0.0,0.02584850788116455,-0.11129224300384521,-0.0019027271475238194,0.060049429535865784,-0.20291262865066528,-0.016735130541917442,0.0846983790397644,-0.2906883955001831,-0.03163961096942103,0.09196329116821289,-0.36478203535079956,-0.04353804289638674,0.17187687754631042,-0.17677783966064453,-0.01982055752813494,0.19433939456939697,-0.11718827486038208,-0.016006560617086052,0.16900208592414856,-0.09380960464477539,-0.011334290348884224,0.14129993319511414,-0.09577560424804688,-0.01105647961884415,0.18838539719581604,-0.10707789659500122,-0.02525382637321627,0.20335352420806885,-0.057914137840270996,-0.009545203850564121,0.17381396889686584,-0.045823872089385986,-0.0011955933579770317,0.14258700609207153,-0.05185556411743164,-0.004140538715716957,0.18915873765945435,-0.03399062156677246,-0.028075774752494453,0.1988430917263031,-0.0014466047286987305,-0.011742520698305725,0.17338785529136658,0.006910920143127441,0.000956306438467891,0.1427648961544037,-0.00034439563751220703,5.2962532947731233e-05,0.1805095672607422,0.033102214336395264,-0.0316520236366955,0.18533581495285034,0.051638126373291016,-0.019250746437307953,0.160023033618927,0.055712103843688965,-0.0054611736842957725,0.1338309347629547,0.04661762714385986,0.0009072737601059089,boom
0.0,0.0,0.0,0.02438606321811676,-0.11154145002365112,-0.0024546462230432553,0.05715927481651306,-0.20447421073913574,-0.017051666102190666,0.0815136730670929,-0.29144132137298584,-0.0316381315354306,0.08943307399749756,-0.3644252121448517,-0.04324641177692001,0.16741666197776794,-0.17567378282546997,-0.020327107108016662,0.19012105464935303,-0.12170636653900146,-0.01658493379392212,0.16577446460723877,-0.09774178266525269,-0.011712297855694942,0.1387471854686737,-0.0983496904373169,-0.01121408032514637,0.18434008955955505,-0.10742861032485962,-0.02530399436392372,0.19893038272857666,-0.061721205711364746,-0.01020027889200037,0.17003107070922852,-0.04863846302032471,-0.002169265935947351,0.13969838619232178,-0.05360078811645508,-0.005169859214504413,0.18559232354164124,-0.035618603229522705,-0.02772737952210491,0.1951710283756256,-0.004167616367340088,-0.011874750315030269,0.16971075534820557,0.005102038383483887,0.00035824303603249064,0.14010000228881836,-0.0015221834182739258,-0.0007713618691127522,0.17744681239128113,0.031061768531799316,-0.03095349954702442,0.18278765678405762,0.051285743713378906,-0.018851478642602615,0.15740662813186646,0.05544018745422363,-0.00559957750402873,0.13201814889907837,0.046170830726623535,0.0003663253443733083,boom
0.0,0.0,0.0,0.024125993251800537,-0.11106383800506592,-0.0026646971778063744,0.056360840797424316,-0.20321708917617798,-0.017786618376248953,0.08102422952651978,-0.29025018215179443,-0.03259894257234919,0.08939304947853088,-0.3638289272785187,-0.0444169641082226,0.16723662614822388,-0.17509567737579346,-0.02336865296410906,0.18839767575263977,-0.11579757928848267,-0.018714707398885366,0.1634785532951355,-0.09184014797210693,-0.012499087544256327,0.13613766431808472,-0.09321451187133789,-0.011364779489213106,0.18476653099060059,-0.1062161922454834,-0.028014771694415685,0.19862934947013855,-0.05550724267959595,-0.012216175960475084,0.16965049505233765,-0.04279106855392456,-0.003284770351001498,0.13887816667556763,-0.048189759254455566,-0.00606709910380232,0.1864227056503296,-0.034105002880096436,-0.02975193416523325,0.1949608027935028,0.001806020736694336,-0.013098804334276792,0.16997671127319336,0.009656190872192383,-0.0006240959587557882,0.13995802402496338,0.0023671388626098633,-0.0020260424894331663,0.17877820134162903,0.03247940540313721,-0.03223261242555964,0.18226540088653564,0.054636359214782715,-0.01982730446206915,0.15671798586845398,0.05762672424316406,-0.006774723583930609,0.13075178861618042,0.04731905460357666,-0.0011865621740980714,boom
0.0,0.0,0.0,0.024475455284118652,-0.11105120182037354,-0.0011490320335951765,0.056068480014801025,-0.2021561861038208,-0.01590665558035198,0.0808006227016449,-0.2886880040168762,-0.03100241848881069,0.08869844675064087,-0.36155420541763306,-0.04328085051531616,0.16584014892578125,-0.1739417314529419,-0.019987573266575964,0.18892833590507507,-0.11717140674591064,-0.01603103184754673,0.164115309715271,-0.09307348728179932,-0.010937629618297251,0.1367385983467102,-0.09426158666610718,-0.010426892318378123,0.1826472282409668,-0.10595583915710449,-0.02592780941779438,0.1979604959487915,-0.05713367462158203,-0.010571861059020193,0.16894972324371338,-0.044310808181762695,-0.002349271556909116,0.13851964473724365,-0.04989510774612427,-0.005562375650356444,0.18399125337600708,-0.034382402896881104,-0.029133442208717497,0.19538259506225586,-3.254413604736328e-05,-0.012885587640653284,0.1696280837059021,0.008787930011749268,9.373269710977183e-05,0.13963377475738525,0.0014175176620483398,-0.0008810711457272191,0.17618203163146973,0.0322842001914978,-0.03305782692189041,0.1827971637248993,0.05360078811645508,-0.020514815465162428,0.15694701671600342,0.05744689702987671,-0.006537421491543682,0.13100695610046387,0.04718261957168579,-0.0003087521487259437,boom
0.0,0.0,0.0,0.024403944611549377,-0.11192542314529419,-0.002279029533838184,0.05673685669898987,-0.20372825860977173,-0.016808356231649668,0.08137235045433044,-0.29001325368881226,-0.031137195489009173,0.08935049176216125,-0.3631341755390167,-0.042548171317775996,0.1671050786972046,-0.1753251552581787,-0.022352035230596812,0.18728667497634888,-0.11703521013259888,-0.017679865545233042,0.1628374457359314,-0.09366601705551147,-0.011613131573994906,0.13592207431793213,-0.09443825483322144,-0.010585207565327437,0.18505790829658508,-0.10713845491409302,-0.027298583722313197,0.19671589136123657,-0.05744826793670654,-0.011217189094622881,0.16789671778678894,-0.044731080532073975,-0.0025424247874070716,0.1378370225429535,-0.04939877986907959,-0.005589369292010815,0.1870550811290741,-0.0348203182220459,-0.0293918150277932,0.19284534454345703,-0.0009666681289672852,-0.01271881542970732,0.16742196679115295,0.007361173629760742,-0.00037086939892105875,0.13815820217132568,0.0009661316871643066,-0.0018823488649104547,0.1795397698879242,0.03284776210784912,-0.032258591687877924,0.1823486089706421,0.05398029088973999,-0.019847766569455416,0.1567423939704895,0.057466208934783936,-0.006718043776800187,0.13137078285217285,0.04811537265777588,-0.00106550632381186,boom
0.0,0.0,0.0,0.02343049645423889,-0.11031091213226318,-0.004539316147941008,0.054676204919815063,-0.20111173391342163,-0.02063567107580866,0.07861876487731934,-0.2878660559654236,-0.03630646606944765,0.08597475290298462,-0.3611781895160675,-0.04895749976896013,0.16446760296821594,-0.17320162057876587,-0.024019965064155713,0.18543031811714172,-0.11787217855453491,-0.02125309323929514,0.16033980250358582,-0.0943799614906311,-0.016831996944176808,0.13321202993392944,-0.09575825929641724,-0.016787727456915036,0.18137848377227783,-0.10463458299636841,-0.028636549692976132,0.1955764889717102,-0.05765175819396973,-0.015032515023278847,0.1665310561656952,-0.04596149921417236,-0.007418476138639107,0.13612154126167297,-0.05223655700683594,-0.010812855419146672,0.18256860971450806,-0.0323716402053833,-0.030692967679726735,0.1937178671360016,-0.00037235021591186523,-0.01652669822834696,0.16817307472229004,0.007998764514923096,-0.0040308829400714785,0.13806676864624023,0.0009453892707824707,-0.004839355685192004,0.17422375082969666,0.034628987312316895,-0.033644962218033925,0.1804913878440857,0.053650498390197754,-0.02317806994579996,0.15506598353385925,0.05727851390838623,-0.0098752184774753,0.12918126583099365,0.0477370023727417,-0.003732881369444385,boom
0.0,0.0,0.0,0.024149015545845032,-0.1115870475769043,-0.0029302331982989926,0.05458207428455353,-0.2022792100906372,-0.018884776801883163,0.07872889935970306,-0.28864622116088867,-0.03445201617580551,0.08728726208209991,-0.3619230389595032,-0.046986008704720916,0.16510765254497528,-0.17317277193069458,-0.02527805109423298,0.18610484898090363,-0.11698448657989502,-0.021468746186315002,0.16130374372005463,-0.0931617021560669,-0.015436468356369915,0.1340741664171219,-0.09397554397583008,-0.014233321593223991,0.1826031655073166,-0.10333842039108276,-0.03001122985881466,0.1962224394083023,-0.05751526355743408,-0.014875201218842449,0.16755883395671844,-0.04490232467651367,-0.0058564363877167125,0.1369711309671402,-0.049237608909606934,-0.008507338062941017,0.18412940204143524,-0.030631422996520996,-0.031789104164658966,0.19160901010036469,0.000761866569519043,-0.015679263220249595,0.16707812249660492,0.009158015251159668,-0.0028021586491604467,0.1373685747385025,0.003054380416870117,-0.0038523724666674752,0.17631550133228302,0.036470234394073486,-0.03431440022689003,0.17850439250469208,0.05547893047332764,-0.022313221068202438,0.1535467952489853,0.058711886405944824,-0.009040497885166587,0.12823019921779633,0.04945164918899536,-0.003211963632224979,boom
0.0,0.0,0.0,0.024575024843215942,-0.11120271682739258,-0.0027201044340472436,0.05505925416946411,-0.2017124891281128,-0.018837529138181708,0.07940018177032471,-0.2883370518684387,-0.03471724586233904,0.08793818950653076,-0.3619331419467926,-0.04759755255327036,0.16568994522094727,-0.1722767949104309,-0.024568959042881033,0.1873561143875122,-0.11559790372848511,-0.02106394702241232,0.16247540712356567,-0.0918840765953064,-0.015646000296328566,0.13523578643798828,-0.09353989362716675,-0.014859589651678107,0.18314284086227417,-0.10241395235061646,-0.029533577055190108,0.19740337133407593,-0.05629265308380127,-0.014531472601447604,0.1688002347946167,-0.043956875801086426,-0.005828450337503455,0.13805723190307617,-0.04906153678894043,-0.0087127377246361,0.18448907136917114,-0.02986931800842285,-0.03158721597537806,0.1932433545589447,0.0017451643943786621,-0.015510038376305602,0.16862595081329346,0.010221004486083984,-0.002485701717887423,0.13873213529586792,0.0036629438400268555,-0.003429121939916513,0.17646974325180054,0.03686314821243286,-0.03439845787033846,0.18013674020767212,0.056041836738586426,-0.022185462430570624,0.15520554780960083,0.05945241451263428,-0.008567605071220896,0.1296827495098114,0.050073981285095215,-0.0025303609636466717,boom
0.0,0.0,0.0,0.026026368141174316,-0.11223441362380981,-0.0022355918187599855,0.057418450713157654,-0.20449429750442505,-0.01784036372526998,0.08142852783203125,-0.2920501232147217,-0.03334886272176618,0.09009528160095215,-0.3662169575691223,-0.045731601013983436,0.1671084761619568,-0.17511212825775146,-0.02246925485059137,0.18811586499214172,-0.12000584602355957,-0.0181669245354783,0.16315144300460815,-0.09583133459091187,-0.012322788766766735,0.13581126928329468,-0.09686422348022461,-0.011449739045644947,0.18466824293136597,-0.10667753219604492,-0.027804129465664573,0.1984787881374359,-0.061004042625427246,-0.012585476680840202,0.16967514157295227,-0.04782932996749878,-0.004168238199497409,0.13911044597625732,-0.052448809146881104,-0.007225920154894538,0.18622153997421265,-0.034953773021698,-0.030265639244760223,0.19472742080688477,-0.003229856491088867,-0.013870722322906204,0.1694541573524475,0.006242334842681885,-0.0009340791145291405,0.1398129165172577,-0.00023561716079711914,-0.0020301557958077865,0.17820623517036438,0.031979918479919434,-0.03352310945018644,0.18263864517211914,0.052407264709472656,-0.021260085224355407,0.15723824501037598,0.056371450424194336,-0.00773282925337071,0.13181158900260925,0.04649770259857178,-0.0017636964909684139,boom
0.0,0.0,0.0,0.025804057717323303,-0.1110764741897583,-0.0019001443903334803,0.057993412017822266,-0.20217961072921753,-0.01756030158469457,0.08270460367202759,-0.2903051972389221,-0.033228092131707854,0.09055599570274353,-0.364277184009552,-0.045833882180545515,0.1693434715270996,-0.17653101682662964,-0.0220767150200345,0.19203239679336548,-0.1172296404838562,-0.018541846660468764,0.16649901866912842,-0.09334373474121094,-0.013581882467065043,0.1387864053249359,-0.09507352113723755,-0.013073947516772932,0.18682795763015747,-0.10718929767608643,-0.027549280089829153,0.20157203078269958,-0.05779308080673218,-0.012247658570800013,0.17161637544631958,-0.04555994272232056,-0.0037789859376289314,0.1401437520980835,-0.05189335346221924,-0.006613125795070118,0.18806594610214233,-0.033939480781555176,-0.030196732146237082,0.19740986824035645,-0.001060187816619873,-0.013810601321551985,0.17181634902954102,0.007714986801147461,-0.000817038238551504,0.14129281044006348,0.0005979537963867188,-0.001617050383742935,0.17962849140167236,0.03378945589065552,-0.03356815525660295,0.18333867192268372,0.052794814109802246,-0.021001832795832343,0.15789061784744263,0.05680125951766968,-0.007101875034663863,0.13176199793815613,0.04743295907974243,-0.0006891834815405673,boom
0.0,0.0,0.0,0.025212019681930542,-0.11093062162399292,-0.0015046303013832585,0.05668748915195465,-0.20232903957366943,-0.016843415782091142,0.08007195591926575,-0.28969019651412964,-0.03231530635082436,0.0884581208229065,-0.36279943585395813,-0.04481248556101036,0.16753989458084106,-0.174862802028656,-0.020805805906888963,0.19115087389945984,-0.12002849578857422,-0.01684231123351765,0.16606822609901428,-0.0963127613067627,-0.011856977813181402,0.13883444666862488,-0.09816664457321167,-0.011326930471000196,0.18463701009750366,-0.10585951805114746,-0.026233771801230432,0.2006371021270752,-0.06061911582946777,-0.010789203442868711,0.17118650674819946,-0.04824000597000122,-0.0023363930957884804,0.1399807631969452,-0.05391937494277954,-0.005127282798525812,0.18583345413208008,-0.03365415334701538,-0.028895765528318407,0.19605305790901184,-0.0028294920921325684,-0.012003594994780542,0.17063266038894653,0.0063852667808532715,0.0010515309551237806,0.14063459634780884,-0.00034624338150024414,0.0001918002673164665,0.17779254913330078,0.03291332721710205,-0.03230461849295807,0.1826522946357727,0.05277127027511597,-0.019156277165052416,0.15731200575828552,0.056976497173309326,-0.005292486384746553,0.13189280033111572,0.047736525535583496,0.0009096506547621175,boom
0.0,0.0,0.0,0.024664372205734253,-0.11084109544754028,-0.002022027342434285,0.05567806959152222,-0.20287638902664185,-0.017485098053555248,0.07977303862571716,-0.2899942398071289,-0.03271873581860518,0.08851918578147888,-0.3638673424720764,-0.04495742831085181,0.1665135622024536,-0.17465925216674805,-0.02417769383345103,0.18742433190345764,-0.11484658718109131,-0.019808295254449604,0.16176283359527588,-0.09120696783065796,-0.013640867617766617,0.13377317786216736,-0.09344172477722168,-0.012491662126819847,0.18410709500312805,-0.10613024234771729,-0.029227254052500484,0.19885563850402832,-0.05595201253890991,-0.013610104170481918,0.16939926147460938,-0.04331129789352417,-0.004412918423156498,0.13807612657546997,-0.04901689291000366,-0.006997047063748596,0.18577790260314941,-0.033832848072052,-0.031234408800344227,0.1962912380695343,0.0017697811126708984,-0.014733887349109409,0.17096495628356934,0.010538637638092041,-0.001656035614985285,0.14043575525283813,0.0036150217056274414,-0.002602967738027928,0.17788225412368774,0.03341776132583618,-0.033902156238298176,0.18257853388786316,0.05496722459793091,-0.021597369645576237,0.15687862038612366,0.05884957313537598,-0.008087495413462875,0.13075068593025208,0.049152493476867676,-0.0021357495122060755,boom
0.0,0.0,0.0,0.026734590530395508,-0.1120138168334961,-0.0012768703160190853,0.05952423810958862,-0.20513087511062622,-0.016456178098110286,0.08416169881820679,-0.29360049962997437,-0.03164349932887944,0.0925828218460083,-0.36715516448020935,-0.043664638592986194,0.16975843906402588,-0.17911988496780396,-0.021433816000012484,0.194677472114563,-0.12244975566864014,-0.016727621375707713,0.1686999797821045,-0.09821242094039917,-0.010445399849800197,0.14006149768829346,-0.10020864009857178,-0.00905124720850381,0.186649888753891,-0.11039501428604126,-0.026965967088131038,0.20502245426177979,-0.06274181604385376,-0.011048958345440951,0.17522448301315308,-0.049768686294555664,-0.0017750745752209696,0.14320620894432068,-0.05555206537246704,-0.004014414443759051,0.18802928924560547,-0.037640511989593506,-0.02956523810246381,0.2027774453163147,-0.005086362361907959,-0.012388155504254428,0.1768990457057953,0.004481792449951172,0.0014435253691544858,0.1454874873161316,-0.002437293529510498,0.001093001629101309,0.17987212538719177,0.029963672161102295,-0.032817401631859866,0.188702791929245,0.04851639270782471,-0.01943032507517728,0.16295596957206726,0.05316132307052612,-0.004793653904584971,0.13623350858688354,0.043848395347595215,0.002012090583207282,boom
0.0,0.0,0.0,0.024601876735687256,-0.11042624711990356,-0.002752882276524815,0.056133657693862915,-0.20159858465194702,-0.018830139270846757,0.08039629459381104,-0.2893880605697632,-0.03473045126241914,0.08952763676643372,-0.3626721501350403,-0.047554818994228754,0.16714617609977722,-0.17507171630859375,-0.023892654186909112,0.19038066267967224,-0.1156114935874939,-0.021135186857407007,0.16505903005599976,-0.09205794334411621,-0.016420947468702707,0.13732147216796875,-0.09424257278442383,-0.01593190439683667,0.18427082896232605,-0.10546022653579712,-0.028976850292508516,0.20056569576263428,-0.055593252182006836,-0.014531608751838121,0.1710638403892517,-0.043594181537628174,-0.005798443767105255,0.13943728804588318,-0.04976236820220947,-0.008325834839467916,0.18545174598693848,-0.03258484601974487,-0.03134536937517396,0.1958370804786682,0.002361774444580078,-0.015535535371725473,0.17062902450561523,0.010620534420013428,-0.0023367431357996793,0.1401885747909546,0.0033913850784301758,-0.0028970870998250575,0.17712804675102234,0.03453493118286133,-0.03450885236901513,0.18101942539215088,0.05587899684906006,-0.0221061986748623,0.15561926364898682,0.059416890144348145,-0.008434470823829088,0.12977874279022217,0.04949694871902466,-0.0022823632106678815,boom
0.0,0.0,0.0,0.02528974413871765,-0.11134278774261475,-0.0019365017839163556,0.05571034550666809,-0.20343738794326782,-0.01758979000862837,0.07939097285270691,-0.2904333472251892,-0.03313125782426596,0.08803248405456543,-0.36362650990486145,-0.04560401030596495,0.1660660207271576,-0.1754416823387146,-0.023862467340791227,0.18811655044555664,-0.11693000793457031,-0.020333844430410863,0.16285935044288635,-0.09224581718444824,-0.014760498150849344,0.13496381044387817,-0.09338605403900146,-0.013873801760041715,0.18395134806632996,-0.1080629825592041,-0.0292263601046443,0.19901469349861145,-0.05863398313522339,-0.014734139859342577,0.16925835609436035,-0.04531961679458618,-0.005977618235760929,0.13808852434158325,-0.05063939094543457,-0.008512895747685434,0.18590956926345825,-0.03658401966094971,-0.031680495671594144,0.19596758484840393,-0.000334322452545166,-0.015889481834733488,0.17026203870773315,0.008704543113708496,-0.00304240869138539,0.14024096727371216,0.001225292682647705,-0.0039246661659717574,0.17820632457733154,0.03035682439804077,-0.034834002338016035,0.1820012927055359,0.054452478885650635,-0.02276593186672926,0.1560749113559723,0.05791109800338745,-0.009571227438414098,0.13056689500808716,0.046752333641052246,-0.0037457062468320146,boom
0.0,0.0,0.0,0.02453857660293579,-0.1112527847290039,-0.003503346412458086,0.05544626712799072,-0.20369386672973633,-0.019403352930225992,0.07894843816757202,-0.2905559539794922,-0.035130625187434816,0.08685100078582764,-0.363819420337677,-0.04779804643897023,0.1662733554840088,-0.17616474628448486,-0.02302354347614255,0.1871734857559204,-0.12003248929977417,-0.02141383808759656,0.16289371252059937,-0.09601938724517822,-0.01818261068967786,0.13586735725402832,-0.09598416090011597,-0.018777859925307894,0.1838887333869934,-0.10919910669326782,-0.02819023799804654,0.1984596848487854,-0.06227719783782959,-0.01480998896715846,0.17005503177642822,-0.04944676160812378,-0.007214967689492369,0.13973000645637512,-0.053816914558410645,-0.010348024374820852,0.18564441800117493,-0.037868618965148926,-0.030948491363801622,0.19528937339782715,-0.004459738731384277,-0.016532372280039453,0.17060884833335876,0.004254162311553955,-0.00467483565864768,0.14117279648780823,-0.002025783061981201,-0.005812652937152052,0.17774567008018494,0.029576003551483154,-0.034622391282596254,0.1795857846736908,0.05135756731033325,-0.023748250274934435,0.1545310616493225,0.054361164569854736,-0.011371973498739862,0.12952664494514465,0.04403722286224365,-0.005814874607153797,boom
0.0,0.0,0.0,0.024417996406555176,-0.11123615503311157,-0.00389894681950409,0.05557510256767273,-0.20316952466964722,-0.020267288218860813,0.07880544662475586,-0.29037898778915405,-0.036137443985467144,0.0862075686454773,-0.3634459972381592,-0.048893765564685054,0.16647225618362427,-0.17849397659301758,-0.02435565834832687,0.18737173080444336,-0.12244945764541626,-0.022484124656443782,0.1621837019920349,-0.09879785776138306,-0.019055495988254734,0.13481974601745605,-0.0994754433631897,-0.0194644173790266,0.1837700605392456,-0.10961472988128662,-0.029063952173714824,0.19892817735671997,-0.06479132175445557,-0.015222150850718208,0.16998541355133057,-0.053067922592163086,-0.00721988083762426,0.13913017511367798,-0.0580180287361145,-0.010179908033137508,0.1851925253868103,-0.03693360090255737,-0.031181600894456096,0.1962425708770752,-0.007190883159637451,-0.01659005043995876,0.17153450846672058,0.0013701319694519043,-0.00404588833418984,0.14108344912528992,-0.0040964484214782715,-0.004671230930512138,0.17717185616493225,0.030128002166748047,-0.03412995209885139,0.18140453100204468,0.04665422439575195,-0.023043391313080974,0.1566367745399475,0.050650715827941895,-0.009634832869892307,0.13098475337028503,0.04264795780181885,-0.0032678237367917973,boom
0.0,0.0,0.0,0.02490745484828949,-0.11175626516342163,-0.0027251720586036754,0.055946290493011475,-0.20297706127166748,-0.018677674435934932,0.07825957238674164,-0.2896074056625366,-0.03426094187136641,0.08523134887218475,-0.3627024292945862,-0.04675240648623458,0.1652265340089798,-0.17922675609588623,-0.02313070578213683,0.1870376020669937,-0.12304645776748657,-0.02007748951848498,0.16223357617855072,-0.09923207759857178,-0.015793707423767955,0.134877547621727,-0.09991151094436646,-0.015679098867735775,0.18268735706806183,-0.109779953956604,-0.028118627347907932,0.1987980753183365,-0.06671833992004395,-0.013375054315588386,0.17040403187274933,-0.054979920387268066,-0.005063794755301387,0.1392752081155777,-0.05939340591430664,-0.007860494979581745,0.18440939486026764,-0.03687083721160889,-0.030310793050489337,0.19636847078800201,-0.009736895561218262,-0.014425425992271812,0.1722993403673172,-0.0009292364120483398,-0.0015053985099484635,0.14179910719394684,-0.005719900131225586,-0.0021041654673581434,0.17668147385120392,0.030212223529815674,-0.03322470394607535,0.18144656717777252,0.04402095079421997,-0.02103993316825381,0.1574518233537674,0.048508286476135254,-0.007130946700385721,0.13213689625263214,0.04155254364013672,-0.0005768165848394347,boom
0.0,0.0,0.0,0.024733856320381165,-0.11197340488433838,-0.0038165609687723645,0.05542328953742981,-0.20251542329788208,-0.020314315693468643,0.07694225013256073,-0.28927791118621826,-0.03634464217910249,0.08391432464122772,-0.3626861870288849,-0.04931912793406923,0.16450940072536469,-0.17854219675064087,-0.023103695722312523,0.18482635915279388,-0.12287217378616333,-0.02090057766625364,0.160151407122612,-0.0999901294708252,-0.01776315121540506,0.13309164345264435,-0.10113942623138428,-0.018395481990665985,0.1817089170217514,-0.10851740837097168,-0.027559591816753937,0.19727717339992523,-0.06752169132232666,-0.0138528676573344,0.16949860751628876,-0.05632650852203369,-0.006446926748395754,0.13872729241847992,-0.059871792793273926,-0.009684888074190212,0.1833384782075882,-0.03580278158187866,-0.029368518279881073,0.19524212181568146,-0.010176897048950195,-0.014467691430837704,0.17166171967983246,-0.001777946949005127,-0.0021341106724150904,0.14108975231647491,-0.005475103855133057,-0.00279110519775827,0.17570523917675018,0.030665159225463867,-0.03196119366774042,0.17940004169940948,0.04218238592147827,-0.020355396332234932,0.15583999454975128,0.04664045572280884,-0.006796957818806959,0.13090886175632477,0.04158127307891846,-0.00033698453196961964,boom
0.0,0.0,0.0,0.023428648710250854,-0.11096525192260742,-0.004025971522480631,0.053974419832229614,-0.201535165309906,-0.020166886510253335,0.07545530796051025,-0.2884373664855957,-0.035913882316947365,0.08192288875579834,-0.36190736293792725,-0.04867186910092869,0.16383600234985352,-0.1777988076210022,-0.02249572566330471,0.18232184648513794,-0.1200823187828064,-0.020417758734822655,0.1566249132156372,-0.09725606441497803,-0.017601113306284333,0.12932226061820984,-0.09829425811767578,-0.018660624982715035,0.18105322122573853,-0.10847407579421997,-0.027120479853749657,0.194957435131073,-0.06374424695968628,-0.013615794019699479,0.16619807481765747,-0.05279010534286499,-0.006459633359611416,0.1356412172317505,-0.05701577663421631,-0.009915502281785393,0.18277519941329956,-0.03609907627105713,-0.0292779184001688,0.19348648190498352,-0.006543159484863281,-0.015039999509156132,0.1689465343952179,0.0013383030891418457,-0.0031907667926702743,0.13857167959213257,-0.003219425678253174,-0.004070609813481951,0.17528703808784485,0.03041696548461914,-0.03228796413719692,0.17754441499710083,0.04566890001296997,-0.0214646956938509,0.1536233127117157,0.04989689588546753,-0.008680057251751805,0.12899354100227356,0.04383021593093872,-0.0027273881769929176,boom
0.0,0.0,0.0,0.024051234126091003,-0.11317414045333862,-0.0023233183465833918,0.05422304570674896,-0.203685462474823,-0.01832917060627892,0.075360968708992,-0.29088228940963745,-0.03409582104458764,0.0814376026391983,-0.364544153213501,-0.04697208207025483,0.16315199434757233,-0.18043053150177002,-0.02273540671839669,0.1834610551595688,-0.12493777275085449,-0.019201091564440276,0.15830065310001373,-0.10182434320449829,-0.014814877025031592,0.13106362521648407,-0.10249555110931396,-0.014804584047936942,0.18046240508556366,-0.11062479019165039,-0.027660827226185347,0.19642163813114166,-0.06893521547317505,-0.01282577782794192,0.1678922027349472,-0.05794382095336914,-0.00462947141303971,0.137063130736351,-0.06148749589920044,-0.007554247117781188,0.18207310140132904,-0.037573277950286865,-0.029635678119205977,0.19515587389469147,-0.010635793209075928,-0.013601454979919936,0.1710243970155716,-0.00260084867477417,-0.0008520278070989207,0.1401619166135788,-0.006509602069854736,-0.0015807266618992344,0.1745593398809433,0.02929455041885376,-0.03224606167449906,0.17850102484226227,0.04209691286087036,-0.019769343621277358,0.15453694760799408,0.04630446434020996,-0.005943401790403868,0.12955342233181,0.04083806276321411,0.0004567924324021533,boom
0.0,0.0,0.0,0.025126591324806213,-0.1131519079208374,-0.0023834975866634522,0.05680501461029053,-0.2041991949081421,-0.018092892175729958,0.07880230247974396,-0.29207587242126465,-0.03383134030383417,0.08467529714107513,-0.3665570020675659,-0.046649047216590134,0.16573606431484222,-0.1814478039741516,-0.020010597115572182,0.18788619339466095,-0.12238383293151855,-0.017375764480050293,0.16198764741420746,-0.09900867938995361,-0.01440417212080547,0.13414190709590912,-0.10040795803070068,-0.01534665380250999,0.18304146826267242,-0.11142534017562866,-0.025253006300147263,0.19975264370441437,-0.06628412008285522,-0.011167293457504002,0.17071212828159332,-0.05497843027114868,-0.0039387746213037644,0.13968195021152496,-0.05917888879776001,-0.007389920806701866,0.18504895269870758,-0.038590312004089355,-0.02790421717446634,0.19838644564151764,-0.008587837219238281,-0.012777203737016407,0.17368735373020172,-0.0002943277359008789,-0.0004096207697443788,0.1425352841615677,-0.004699289798736572,-0.001112019686217991,0.17811225354671478,0.028017818927764893,-0.03125597261470148,0.1823604255914688,0.04320049285888672,-0.019564989065941063,0.15782220661640167,0.04815024137496948,-0.0059507256804067765,0.13242284953594208,0.042617857456207275,0.0005091474310461308,boom
0.0,0.0,0.0,0.024394214153289795,-0.11315816640853882,-0.002182866532052685,0.055791765451431274,-0.2035239338874817,-0.01773334186680131,0.07776781916618347,-0.291096031665802,-0.03323143053955846,0.08360522985458374,-0.36540794372558594,-0.04580319378680997,0.1647566556930542,-0.18217211961746216,-0.020847360456059505,0.18584710359573364,-0.12300211191177368,-0.01732200835056119,0.16046828031539917,-0.09976541996002197,-0.013096859531174232,0.13290995359420776,-0.10091489553451538,-0.013296985851297904,0.18271249532699585,-0.11236363649368286,-0.02628626007742696,0.19819271564483643,-0.06625324487686157,-0.011369597950647403,0.16949918866157532,-0.055139780044555664,-0.003452695293049146,0.1385953724384308,-0.05961793661117554,-0.006621328035066654,0.18497604131698608,-0.03897672891616821,-0.029000422769854595,0.19741645455360413,-0.008808016777038574,-0.013446207942138244,0.17272523045539856,-0.0004328489303588867,-0.0008063230469588234,0.14186933636665344,-0.004994690418243408,-0.0015208733656209006,0.1778056025505066,0.028704285621643066,-0.032401994654605915,0.18163150548934937,0.04391896724700928,-0.020641713255713512,0.15716740489006042,0.04863172769546509,-0.00702622797496133,0.1317133605480194,0.042479872703552246,-0.0006500504949826791,boom
0.0,0.0,0.0,0.0244905948638916,-0.11416560411453247,-0.0018539751365551638,0.056803151965141296,-0.20568466186523438,-0.01689244249814692,0.07938146591186523,-0.29372918605804443,-0.03195185774916354,0.08595234155654907,-0.3679775595664978,-0.044097298774659066,0.1675201654434204,-0.18404823541641235,-0.018906196597754388,0.18709909915924072,-0.12626808881759644,-0.01532457677626553,0.16183063387870789,-0.10332435369491577,-0.011704319175123601,0.13455504179000854,-0.10395115613937378,-0.012280479091941743,0.18560436367988586,-0.1140894889831543,-0.024197049457370667,0.19931703805923462,-0.06932103633880615,-0.009007448348938851,0.17030680179595947,-0.058639585971832275,-0.0014762568937385367,0.13957655429840088,-0.06250524520874023,-0.004901994503825335,0.18751677870750427,-0.040512919425964355,-0.026847288030921845,0.1989569365978241,-0.011790037155151367,-0.011094304751395612,0.17419451475143433,-0.0037206411361694336,0.0011870969135543419,0.1433364748954773,-0.007647395133972168,0.000303605261933626,0.17989429831504822,0.027073264122009277,-0.030159968901216416,0.18311452865600586,0.040813565254211426,-0.01820089856141749,0.1585794985294342,0.045705199241638184,-0.004679252877622275,0.13321641087532043,0.040577054023742676,0.0017094833126520825,boom
0.0,0.0,0.0,0.02397558093070984,-0.11340087652206421,-0.002541144242741211,0.05603638291358948,-0.20551562309265137,-0.017289433958239897,0.07793685793876648,-0.2941056489944458,-0.031979341389842375,0.08454328775405884,-0.3682407736778259,-0.04362790692061935,0.16771939396858215,-0.18267440795898438,-0.01766007240325962,0.18566733598709106,-0.125849187374115,-0.013561020935185297,0.16025429964065552,-0.10362827777862549,-0.00946975718647991,0.13300463557243347,-0.10443174839019775,-0.009748923922188624,0.185675710439682,-0.11270058155059814,-0.022490507321663245,0.19823786616325378,-0.0689961314201355,-0.007418976029612168,0.16913080215454102,-0.05888199806213379,-0.00010791555064315617,0.1385379135608673,-0.06263154745101929,-0.003515566330634101,0.1875748336315155,-0.039469003677368164,-0.024815164836354597,0.19873765110969543,-0.012297272682189941,-0.009759763585634573,0.17370042204856873,-0.004111349582672119,0.002067297134317414,0.14288583397865295,-0.007447659969329834,0.0012082688238024275,0.17983528971672058,0.027950286865234375,-0.027804445805259093,0.1827608346939087,0.04008406400680542,-0.016724841999121054,0.15789997577667236,0.045082271099090576,-0.0036655146202519973,0.13250765204429626,0.040871620178222656,0.002651184700198428,boom
0.0,0.0,0.0,0.02389131486415863,-0.1128959059715271,-0.0012085363648566272,0.05570605397224426,-0.2052108645439148,-0.01513935722482529,0.07696455717086792,-0.2933909296989441,-0.029248572923961547,0.0821685791015625,-0.3672473132610321,-0.040503850244704154,0.16575655341148376,-0.18288946151733398,-0.016866598316255477,0.1864100992679596,-0.1248353123664856,-0.011841343753758338,0.1609339714050293,-0.10167962312698364,-0.007039038502398398,0.133027583360672,-0.10233950614929199,-0.006837402042719987,0.18390145897865295,-0.11422687768936157,-0.022053940259638694,0.19841039180755615,-0.06747156381607056,-0.005679853298488524,0.1695001721382141,-0.056206345558166504,0.0020936147395786975,0.1385428011417389,-0.060412824153900146,-0.0011595989724355604,0.1862460970878601,-0.04146444797515869,-0.02458131689650145,0.19856658577919006,-0.01092618703842163,-0.007961550765458014,0.17355337738990784,-0.002005636692047119,0.003843201519202921,0.14266809821128845,-0.006313800811767578,0.0025819821369168494,0.1790754795074463,0.02585732936859131,-0.02772542465550032,0.18368524312973022,0.04151129722595215,-0.015339787156108287,0.15882691740989685,0.047268688678741455,-0.0021181353747579124,0.13307663798332214,0.041879117488861084,0.004007175992455814,boom
0.0,0.0,0.0,0.02367815375328064,-0.11224985122680664,-0.0018845863742171787,0.05489514768123627,-0.2038414478302002,-0.01699210979131749,0.077263742685318,-0.29229235649108887,-0.03213407375005772,0.0836249589920044,-0.36667072772979736,-0.044278900102654006,0.16557848453521729,-0.18263506889343262,-0.01985496744600823,0.18683713674545288,-0.12336111068725586,-0.016059606299677398,0.16144609451293945,-0.09924453496932983,-0.011344990656652953,0.1333673894405365,-0.09995955228805542,-0.011124993638077285,0.18364804983139038,-0.11295735836029053,-0.025352527351060417,0.19876587390899658,-0.06570512056350708,-0.010469631255546119,0.16980597376823425,-0.05380058288574219,-0.0025003773262142204,0.13871508836746216,-0.05809450149536133,-0.005538344346859958,0.18593496084213257,-0.03976160287857056,-0.028149885089078452,0.19815123081207275,-0.008490324020385742,-0.012749051638820674,0.17310872673988342,0.00035268068313598633,-0.00013742247392656282,0.14221322536468506,-0.004377126693725586,-0.0007877475218265317,0.1785658597946167,0.02798837423324585,-0.031599941627064254,0.18275001645088196,0.044186294078826904,-0.02016547411767533,0.15776017308235168,0.04944252967834473,-0.006686875094601419,0.13198882341384888,0.04317539930343628,-0.00029474158509401605,boom
0.0,0.0,0.0,0.024169236421585083,-0.1130228042602539,-0.0011718328367464892,0.0553826242685318,-0.20391863584518433,-0.016287473428576504,0.07710301876068115,-0.29185283184051514,-0.031500221628277814,0.08321008086204529,-0.3658137023448944,-0.043767870802014386,0.1653955578804016,-0.1823607087135315,-0.02000297180148891,0.1863851547241211,-0.12547671794891357,-0.015678457382648503,0.16090798377990723,-0.10166376829147339,-0.010608287926345383,0.13302311301231384,-0.10227912664413452,-0.010208052981226956,0.1836610734462738,-0.11263799667358398,-0.025799663204281842,0.19902324676513672,-0.06781226396560669,-0.010218419532805001,0.1700308918952942,-0.05595511198043823,-0.0019113813085027687,0.13893860578536987,-0.060012638568878174,-0.004861376646488225,0.18605998158454895,-0.03934752941131592,-0.028715583893983876,0.19868171215057373,-0.010694742202758789,-0.012438872295945202,0.17367833852767944,-0.0013633966445922852,0.0005063592781766602,0.1428041160106659,-0.005613386631011963,-0.0001831151365081496,0.17869579792022705,0.028353750705718994,-0.03222852705749801,0.18326106667518616,0.04277956485748291,-0.020038494307129895,0.15837407112121582,0.048433661460876465,-0.00607661663326553,0.13252145051956177,0.04282116889953613,0.0005075867031223424,boom
0.0,0.0,0.0,0.023625701665878296,-0.11220157146453857,-0.002658938311867587,0.054388970136642456,-0.2029740810394287,-0.01820285643719899,0.07573822140693665,-0.2906879186630249,-0.03349197122537362,0.08185499906539917,-0.36444300413131714,-0.045818852514855735,0.1650054156780243,-0.18073344230651855,-0.02108572635137307,0.18436765670776367,-0.12357914447784424,-0.017217247069709174,0.1589178442955017,-0.10068732500076294,-0.012687753208808772,0.13122570514678955,-0.10142356157302856,-0.01255228209578263,0.1830262839794159,-0.11035025119781494,-0.025977092117898337,0.19719147682189941,-0.06619375944137573,-0.010721713558666579,0.1685376763343811,-0.05547177791595459,-0.002733232474781744,0.13764747977256775,-0.059181272983551025,-0.005813416347734801,0.18510842323303223,-0.03685104846954346,-0.028099539012544028,0.1973513960838318,-0.009219050407409668,-0.012347752482526175,0.17263704538345337,-0.0008216500282287598,0.0001700703510891799,0.141697496175766,-0.004568040370941162,-0.000564262466866694,0.1775798201560974,0.030663728713989258,-0.030895531431667678,0.18216440081596375,0.04300868511199951,-0.019093932838075034,0.15750285983085632,0.04810631275177002,-0.005375481464795939,0.13171720504760742,0.04320979118347168,0.00118034575331194,boom
0.0,0.0,0.0,0.0240260511636734,-0.11205178499221802,-0.0007857670649968895,0.054414018988609314,-0.20271718502044678,-0.0154483132288874,0.07506667077541351,-0.28990697860717773,-0.030225572198730788,0.0808127373456955,-0.3628864288330078,-0.042160832345587096,0.16394273936748505,-0.17997819185256958,-0.019320116400820098,0.1853897124528885,-0.12431317567825317,-0.01438301897059091,0.16020093858242035,-0.10100829601287842,-0.008910438999635062,0.13219793140888214,-0.10187774896621704,-0.008152689807218394,0.18202649056911469,-0.11037248373031616,-0.0248049227745355,0.19734783470630646,-0.0668904185295105,-0.00859877748797544,0.16880790889263153,-0.05526149272918701,-0.0002681839620777282,0.13784538209438324,-0.05887526273727417,-0.0031747368854553315,0.18457134068012238,-0.03739446401596069,-0.02734216584275373,0.19743187725543976,-0.009408175945281982,-0.01043880546848186,0.17278940975666046,-0.00025784969329833984,0.001979183848845878,0.1419774740934372,-0.004187583923339844,0.0009219114211305168,0.17763014137744904,0.02989649772644043,-0.030421786964041075,0.18227224051952362,0.0438079833984375,-0.017761082410913787,0.1575273722410202,0.049433231353759766,-0.004169102314961037,0.1318749636411667,0.044290244579315186,0.0021293491366236594,boom
0.0,0.0,0.0,0.023952603340148926,-0.11289018392562866,0.00031882219332146633,0.05446617305278778,-0.20286017656326294,-0.013968797745519623,0.07464247941970825,-0.2899019122123718,-0.02860018179785584,0.07957655191421509,-0.3632991313934326,-0.04061299317550038,0.1634194254875183,-0.18037664890289307,-0.018352297479623303,0.18586093187332153,-0.12433910369873047,-0.012808683673256382,0.16070112586021423,-0.10077261924743652,-0.007143859630787119,0.1329149305820465,-0.10157203674316406,-0.006268924447113022,0.18136730790138245,-0.11050236225128174,-0.023911380553954587,0.1973552405834198,-0.06706154346466064,-0.006817044569515929,0.16895481944084167,-0.05546236038208008,0.0017154180720808654,0.13810798525810242,-0.05896115303039551,-0.00126997206393753,0.1836738884449005,-0.037495315074920654,-0.026357320482247815,0.1961188018321991,-0.009358644485473633,-0.0084123540393648,0.17172685265541077,-0.0004010796546936035,0.004150017285383001,0.14101558923721313,-0.004400134086608887,0.00292538374628748,0.17699357867240906,0.029065191745758057,-0.029243369931691632,0.1818147599697113,0.043150126934051514,-0.015451414855533585,0.15717270970344543,0.04888075590133667,-0.0013993887653214188,0.13156166672706604,0.043610990047454834,0.004957206667995706,boom
0.0,0.0,0.0,0.02315133810043335,-0.11276751756668091,0.0002836606018377097,0.052815377712249756,-0.20266902446746826,-0.014175837362870425,0.07342603802680969,-0.2895330786705017,-0.028978394779130667,0.0793241560459137,-0.3622923195362091,-0.041119991305038184,0.1627715826034546,-0.17970329523086548,-0.018652579250499457,0.18500202894210815,-0.1248311996459961,-0.013199681850835532,0.16006895899772644,-0.10148358345031738,-0.007390024109497517,0.13234001398086548,-0.10194247961044312,-0.006360235593035668,0.18098515272140503,-0.10955238342285156,-0.024212450223728865,0.19636929035186768,-0.06697511672973633,-0.00721014567346856,0.1679094433784485,-0.0555383563041687,0.001457867709234506,0.13708245754241943,-0.05871593952178955,-0.0013767499166874586,0.1833488643169403,-0.0366443395614624,-0.02666397063688919,0.19532597064971924,-0.008923947811126709,-0.008666347215637416,0.17089802026748657,-0.00026100873947143555,0.003984675308004171,0.14029693603515625,-0.004094600677490234,0.0027891551454217733,0.17659395933151245,0.030056118965148926,-0.02957110709206745,0.1799670159816742,0.04446166753768921,-0.015804298656746596,0.1552525758743286,0.04969799518585205,-0.0019714941426514088,0.12983554601669312,0.044142067432403564,0.004240389944300205,boom
0.0,0.0,0.0,0.023490726947784424,-0.11315053701400757,-0.00028286024354429173,0.0536213219165802,-0.20335698127746582,-0.015012860908257153,0.07455694675445557,-0.2905579209327698,-0.029980280115353253,0.08063501119613647,-0.3638366460800171,-0.04213182130371251,0.16357213258743286,-0.1801462173461914,-0.019333812086927082,0.1861649453639984,-0.12490135431289673,-0.01387811047499099,0.1613588035106659,-0.10131388902664185,-0.0077535548760465645,0.13365554809570312,-0.10167866945266724,-0.0065474176361135505,0.18183091282844543,-0.11031633615493774,-0.024837487056004193,0.19712212681770325,-0.0676150918006897,-0.007948076031254914,0.1690872311592102,-0.05591940879821777,0.0008037822273649908,0.1385142207145691,-0.05890047550201416,-0.0020274546976111196,0.18429604172706604,-0.037530720233917236,-0.027257092907177594,0.19546249508857727,-0.010887324810028076,-0.009453837438570645,0.1712721586227417,-0.0016115903854370117,0.003479788401079986,0.14080840349197388,-0.00491487979888916,0.002496958100152824,0.17762470245361328,0.029430508613586426,-0.03022845150445619,0.1817905604839325,0.04278916120529175,-0.016788537292825367,0.1572692096233368,0.04853224754333496,-0.0027345983824602627,0.13165107369422913,0.04346966743469238,0.0037123575759210325,boom
0.0,0.0,0.0,0.023293673992156982,-0.11258882284164429,-0.0005912393260132376,0.053279101848602295,-0.20235419273376465,-0.015291923207541913,0.07401472330093384,-0.28943580389022827,-0.03021657608201167,0.07986989617347717,-0.36253419518470764,-0.04239897384991309,0.16411501169204712,-0.17934709787368774,-0.01899250551809928,0.1862618327140808,-0.12199991941452026,-0.013700408411523313,0.16074514389038086,-0.09827262163162231,-0.007944650498529882,0.13264626264572144,-0.09915989637374878,-0.006990881652882308,0.1820552945137024,-0.10927635431289673,-0.02434346593668124,0.19708657264709473,-0.06386017799377441,-0.007608773202946395,0.1684008240699768,-0.052509188652038574,0.0008097791999261972,0.13753917813301086,-0.05628114938735962,-0.002190219953035921,0.18438413739204407,-0.03643393516540527,-0.02669470153500697,0.19586849212646484,-0.007275879383087158,-0.00923499047507903,0.17117732763290405,0.0013380050659179688,0.0032500980726126727,0.14053866267204285,-0.0027604103088378906,0.0020815643786136206,0.17762243747711182,0.03033512830734253,-0.029594108012815923,0.18127384781837463,0.045352935791015625,-0.016346275356909246,0.1564333438873291,0.05073904991149902,-0.0025942574882265035,0.13082987070083618,0.04528236389160156,0.003677510174611598,boom
0.0,0.0,0.0,0.023111402988433838,-0.11379307508468628,-0.0008632455873680556,0.05221337080001831,-0.20396316051483154,-0.016215556374788775,0.07315880060195923,-0.29122114181518555,-0.031626937053204074,0.08010414242744446,-0.3646116554737091,-0.044164401552677646,0.1625158190727234,-0.1791713833808899,-0.021034984923005595,0.18463999032974243,-0.12475055456161499,-0.015676555297375216,0.16015216708183289,-0.1007964015007019,-0.009329490437210097,0.13258615136146545,-0.10106348991394043,-0.008019060901403918,0.18092882633209229,-0.10889768600463867,-0.026335041112304225,0.19644194841384888,-0.0670168399810791,-0.009964691548645987,0.16823261976242065,-0.055189669132232666,-0.001152149940878644,0.13742539286613464,-0.05842447280883789,-0.0038860196518157863,0.18332472443580627,-0.03616821765899658,-0.02849513951599647,0.19535839557647705,-0.00904834270477295,-0.011028090565503135,0.17119130492210388,0.00013589859008789062,0.0020133342323447323,0.14067497849464417,-0.003770589828491211,0.0010710586057598448,0.1762881577014923,0.030493974685668945,-0.031206353641152873,0.17992112040519714,0.044749557971954346,-0.017974001429081454,0.15550369024276733,0.05014759302139282,-0.004052809047550454,0.13004568219184875,0.04446214437484741,0.0022326371827716684,boom
0.0,0.0,0.0,0.023889675736427307,-0.113131582736969,-4.217545932760913e-05,0.053710177540779114,-0.204123854637146,-0.01466301058820818,0.07494761049747467,-0.29167717695236206,-0.029556324458042127,0.0807817131280899,-0.364803671836853,-0.041643043732563,0.1635868400335312,-0.17896288633346558,-0.019716839989939672,0.18645362555980682,-0.12369382381439209,-0.01410605454287861,0.1617518812417984,-0.09957611560821533,-0.007553003946611625,0.1339999884366989,-0.10004204511642456,-0.006069828508714181,0.18192099034786224,-0.10938471555709839,-0.025288039570966703,0.19772912561893463,-0.06600278615951538,-0.008575363768557054,0.1694955974817276,-0.053930461406707764,0.00033238278416547473,0.13867969810962677,-0.05709737539291382,-0.002324864719355446,0.18463559448719025,-0.03701728582382202,-0.027703255167523366,0.1966368407011032,-0.008909225463867188,-0.009884576997080785,0.17230041325092316,0.00011456012725830078,0.0030546833441462695,0.1416425257921219,-0.0037332773208618164,0.0020322390046771943,0.1781609207391739,0.029700517654418945,-0.030639018616000158,0.1822357326745987,0.04448574781417847,-0.017071604481259328,0.1574908345937729,0.04986584186553955,-0.003110770587170464,0.1318197101354599,0.04437863826751709,0.003214781187182325,boom
0.0,0.0,0.0,0.023776933550834656,-0.11355465650558472,-9.488776964872159e-05,0.05338534712791443,-0.2039330005645752,-0.015187907540223478,0.0747508704662323,-0.291479229927063,-0.03062448980750787,0.08101746439933777,-0.36481359601020813,-0.04317418629767644,0.16374734044075012,-0.1795005202293396,-0.019468098455092786,0.1875988245010376,-0.12523478269577026,-0.014524098993263124,0.16288036108016968,-0.10094833374023438,-0.00871236393692243,0.1350398063659668,-0.10143965482711792,-0.0076369736762558205,0.18212848901748657,-0.10951870679855347,-0.02522622379007089,0.19870245456695557,-0.067577064037323,-0.008803690359911798,0.17053768038749695,-0.05523836612701416,-0.00013261587997703828,0.13965561985969543,-0.058543860912323,-0.0029484471725140793,0.184615820646286,-0.037001073360443115,-0.02792921061160314,0.19691437482833862,-0.00968104600906372,-0.009992194869539617,0.17272520065307617,-0.00022542476654052734,0.003203744492509486,0.14213991165161133,-0.004384458065032959,0.0022725842008526342,0.17777198553085327,0.029620707035064697,-0.031217194669864057,0.18212783336639404,0.04450923204421997,-0.017319051125070928,0.15758180618286133,0.049839019775390625,-0.003070948221704839,0.13196083903312683,0.04366326332092285,0.003369651925765993,boom
0.0,0.0,0.0,0.023073658347129822,-0.11366623640060425,-0.0012548050201530714,0.05254136025905609,-0.20395731925964355,-0.016672873525976684,0.07397140562534332,-0.2913813591003418,-0.03212633508360341,0.08062513172626495,-0.36490628123283386,-0.04467048275387242,0.16372184455394745,-0.17905128002166748,-0.020953278645038154,0.18607927858829498,-0.12253564596176147,-0.015713087870835807,0.16133810579776764,-0.09907430410385132,-0.009491597890018966,0.13369502127170563,-0.10011988878250122,-0.008283332578002955,0.18221808969974518,-0.10889613628387451,-0.026217702432631995,0.19788409769535065,-0.06475973129272461,-0.009810474357664134,0.1694229692220688,-0.05333799123764038,-0.001074473844937529,0.1384415179491043,-0.057439446449279785,-0.0038986933707292337,0.18453948199748993,-0.035975754261016846,-0.028402367263197448,0.19648851454257965,-0.007657229900360107,-0.010806176467895057,0.17194990813732147,0.0012136101722717285,0.0023236420181547146,0.1412937194108963,-0.003256857395172119,0.0013891861251522641,0.1771947294473648,0.031079649925231934,-0.031215080647825744,0.1811426430940628,0.045868515968322754,-0.017903240054010894,0.15639428794384003,0.050827980041503906,-0.0038402018892611522,0.13071806728839874,0.04453587532043457,0.0025403612469290238,boom
0.0,0.0,0.0,0.02305459976196289,-0.11219149827957153,-0.0019574813467784224,0.05214591324329376,-0.20251786708831787,-0.017792667347691804,0.07327154278755188,-0.28971099853515625,-0.033662217754624635,0.07997149229049683,-0.36312076449394226,-0.04659048755814865,0.1624969244003296,-0.17673683166503906,-0.021910839799545556,0.18523013591766357,-0.1217108964920044,-0.01778315668155983,0.16085904836654663,-0.09777301549911499,-0.012157329443596154,0.1332264542579651,-0.09861785173416138,-0.011231664653621465,0.180952250957489,-0.1070404052734375,-0.027278886262081414,0.19660186767578125,-0.0635753870010376,-0.012276739898823052,0.1682899296283722,-0.05158686637878418,-0.004068325359128266,0.13738492131233215,-0.05566895008087158,-0.00699678071936205,0.18355298042297363,-0.03469783067703247,-0.02972076189865902,0.195600688457489,-0.00607532262802124,-0.013458622704945356,0.17112311720848083,0.003149867057800293,-0.000579280864201337,0.1406497359275818,-0.0015169978141784668,-0.0013998587073160706,0.1764332354068756,0.03217428922653198,-0.032858441669247895,0.18025889992713928,0.048786282539367676,-0.02067484808316067,0.15547707676887512,0.05383676290512085,-0.007022522009663135,0.1298258900642395,0.04717528820037842,-0.0007294395163057743,boom
0.0,0.0,0.0,0.02291545271873474,-0.11272227764129639,-0.0030373317164844593,0.052148982882499695,-0.20479106903076172,-0.01884267627946201,0.0738070011138916,-0.29260873794555664,-0.03431227765730682,0.08039021492004395,-0.36658239364624023,-0.046839180958784254,0.16227230429649353,-0.1769353151321411,-0.023696714637196692,0.18297114968299866,-0.12283939123153687,-0.019341455397523077,0.15851068496704102,-0.09903377294540405,-0.01331473476938072,0.13110172748565674,-0.09930092096328735,-0.012246791829682024,0.18094530701637268,-0.10732412338256836,-0.028246059638775023,0.19592487812042236,-0.06475609540939331,-0.01352220549932781,0.1677766740322113,-0.05274099111557007,-0.005253584680474432,0.13705092668533325,-0.056564927101135254,-0.00812961775562826,0.1836501955986023,-0.03503549098968506,-0.02978892586878601,0.19513791799545288,-0.006836950778961182,-0.01382953822366062,0.1708602011203766,0.002131640911102295,-0.0011234673181093058,0.1407211720943451,-0.0025168657302856445,-0.0020083718442833742,0.17662152647972107,0.0316927433013916,-0.03205698318532768,0.18077287077903748,0.04777485132217407,-0.02010254896930519,0.15620610117912292,0.05235821008682251,-0.006645113786078127,0.130978524684906,0.045380234718322754,-0.0004957011876172146,boom
0.0,0.0,0.0,0.02122405171394348,-0.11175656318664551,-0.0014703909857303188,0.049462974071502686,-0.2026820182800293,-0.016547773661102383,0.07072716951370239,-0.2900776267051697,-0.0317127897162095,0.07689613103866577,-0.3631711006164551,-0.04423747274466905,0.1598871946334839,-0.17555934190750122,-0.022079585747803776,0.18062078952789307,-0.12156623601913452,-0.017411415161575405,0.15692684054374695,-0.0981253981590271,-0.011328440787281124,0.1303195059299469,-0.09839832782745361,-0.010148871386434166,0.17845529317855835,-0.10677546262741089,-0.027352268503989308,0.19204860925674438,-0.06294244527816772,-0.011790064791227906,0.16361331939697266,-0.0516970157623291,-0.003354386588569014,0.13343879580497742,-0.05599021911621094,-0.006246383929635613,0.18083754181861877,-0.03465306758880615,-0.029542714985097973,0.19053107500076294,-0.006167113780975342,-0.012718267435218422,0.1660115122795105,0.002549409866333008,0.00011221570986208462,0.13660067319869995,-0.0022949576377868652,-0.0009167960253648744,0.17358416318893433,0.03213369846343994,-0.032382682593549816,0.17602455615997314,0.049217164516448975,-0.019479904951538174,0.15138548612594604,0.05351227521896362,-0.005733816115196078,0.12653639912605286,0.04608786106109619,0.00042600881516818845,boom
0.0,0.0,0.0,0.02282850444316864,-0.11307096481323242,-0.0026560262820112257,0.05292637646198273,-0.20505231618881226,-0.018286641924305513,0.07440921664237976,-0.29270321130752563,-0.033771114661021784,0.0812593400478363,-0.36650964617729187,-0.04632285447291906,0.16443434357643127,-0.17838561534881592,-0.022351889176889017,0.1836107075214386,-0.12478232383728027,-0.01806648471824701,0.15837723016738892,-0.10118722915649414,-0.012602197243495539,0.13066968321800232,-0.1010940670967102,-0.01199190249167259,0.1831831932067871,-0.10894757509231567,-0.027353340997024134,0.19636118412017822,-0.06598597764968872,-0.01236043987296398,0.1678677797317505,-0.054095685482025146,-0.004436397230847433,0.13708218932151794,-0.057633936405181885,-0.00764505542315419,0.18568986654281616,-0.03664332628250122,-0.02943568700425203,0.19530311226844788,-0.00788414478302002,-0.013244938342495516,0.1706620752811432,0.0008521676063537598,-0.0008968503141204565,0.14047306776046753,-0.00361710786819458,-0.0021169425497191696,0.17842847108840942,0.030392885208129883,-0.03230069042615469,0.18044403195381165,0.04766499996185303,-0.020154381408019617,0.15536156296730042,0.05186879634857178,-0.006981506249530867,0.12989607453346252,0.04473334550857544,-0.001089153466409698,boom
0.0,0.0,0.0,0.022374287247657776,-0.11131757497787476,-0.0006207972160154895,0.05100293457508087,-0.20223718881607056,-0.015537941011189105,0.07156820595264435,-0.29046863317489624,-0.030781993756590964,0.07749097049236298,-0.3637625575065613,-0.04341955121844876,0.1607833355665207,-0.17841219902038574,-0.020588811601101042,0.18217183649539948,-0.12346422672271729,-0.016443621481357695,0.15818597376346588,-0.09916567802429199,-0.011223038772641303,0.13124980032444,-0.09911870956420898,-0.010632661285399081,0.17958830296993256,-0.10997653007507324,-0.02644121472030747,0.1937510222196579,-0.06546074151992798,-0.01103714399278033,0.16494186222553253,-0.05337005853652954,-0.0028094149870412366,0.13450975716114044,-0.05752164125442505,-0.00577511882647741,0.1823214739561081,-0.03782927989959717,-0.02935089741140473,0.19254954159259796,-0.007770121097564697,-0.012709511558114173,0.16755525767803192,0.0016072988510131836,-0.00013404703122432693,0.1379191130399704,-0.003458559513092041,-0.0012974531832696812,0.17538242042064667,0.02909034490585327,-0.03288553666561711,0.1772075742483139,0.04801410436630249,-0.02019596297532189,0.15214933454990387,0.053203046321868896,-0.0068424009928094165,0.12716661393642426,0.045928359031677246,-0.0009296597540924267,boom
0.0,0.0,0.0,0.022299230098724365,-0.11317646503448486,-0.0018392590174016732,0.05140151083469391,-0.20418894290924072,-0.01736233542408172,0.07307323813438416,-0.29170626401901245,-0.032827373321310915,0.07940924167633057,-0.36512258648872375,-0.045389547671334185,0.1621159017086029,-0.17889273166656494,-0.022552838276283182,0.1838240623474121,-0.12437057495117188,-0.018178250367896,0.15928944945335388,-0.1003602147102356,-0.012390005129532256,0.1320379078388214,-0.09982353448867798,-0.011430133792714514,0.1810326874256134,-0.1089051365852356,-0.027603270213262476,0.19548901915550232,-0.06629025936126709,-0.011974836426929869,0.1673043668270111,-0.05411887168884277,-0.0033340921692115444,0.13697367906570435,-0.057080745697021484,-0.006221890176789202,0.1838526725769043,-0.036472856998443604,-0.029628064210669436,0.19390138983726501,-0.008304774761199951,-0.012731238926903643,0.16966482996940613,0.00024503469467163086,5.997217147069023e-05,0.1395263969898224,-0.003968000411987305,-0.001053463744142391,0.17716288566589355,0.030047953128814697,-0.03232713761474315,0.1795068085193634,0.04694300889968872,-0.019499301637665667,0.15482795238494873,0.05135387182235718,-0.005997825606868901,0.12944531440734863,0.04460781812667847,8.996159408525273e-06,boom
0.0,0.0,0.0,0.022617816925048828,-0.11267805099487305,-0.0009115132959323091,0.051152125000953674,-0.20343810319900513,-0.015961365668545113,0.07174357771873474,-0.2910304069519043,-0.03125804838396107,0.077090322971344,-0.36460182070732117,-0.04386289220906292,0.16060283780097961,-0.17996537685394287,-0.020735930545697556,0.18284392356872559,-0.12470096349716187,-0.016535511134634362,0.15900656580924988,-0.10051167011260986,-0.011122853389451848,0.13203707337379456,-0.10036635398864746,-0.010383358119497643,0.1794535517692566,-0.11109989881515503,-0.02652379859841858,0.19449284672737122,-0.06684273481369019,-0.01126424492008482,0.16578304767608643,-0.054589033126831055,-0.0030736102596620185,0.13532039523124695,-0.058758556842803955,-0.006008201638678656,0.1823417842388153,-0.03869140148162842,-0.02936222766197716,0.19375452399253845,-0.009351730346679688,-0.01288878720856701,0.1688891351222992,7.462501525878906e-05,-0.000260159704112084,0.1390725076198578,-0.004949808120727539,-0.0012896987716430885,0.17540383338928223,0.028262615203857422,-0.032787376909027444,0.17835849523544312,0.04560822248458862,-0.020323468266497002,0.1533791422843933,0.05074983835220337,-0.006713956954399691,0.12816792726516724,0.043481409549713135,-0.0004874389085216535,boom
0.0,0.0,0.0,0.02229537069797516,-0.11334443092346191,-0.0028470266832982816,0.051181331276893616,-0.2047710418701172,-0.01866165397120767,0.07243311405181885,-0.29245322942733765,-0.03426663239849859,0.07917478680610657,-0.36579257249832153,-0.04695205052746587,0.16243141889572144,-0.1800999641418457,-0.02222627808703237,0.18317049741744995,-0.12471538782119751,-0.01889639568878465,0.15884843468666077,-0.10068660974502563,-0.014424186548126272,0.13176411390304565,-0.09969770908355713,-0.014293240731490187,0.1814028024673462,-0.11009526252746582,-0.026871092965734533,0.19487938284873962,-0.06700384616851807,-0.012096573946905664,0.166768878698349,-0.054878950119018555,-0.004278021747154526,0.13671380281448364,-0.05739939212799072,-0.007542031234038404,0.18444031476974487,-0.03762751817703247,-0.028765472000372938,0.19253882765769958,-0.009060800075531006,-0.012781425727439455,0.1683778464794159,-0.0007761120796203613,-0.0007186258434330739,0.13859805464744568,-0.0046416521072387695,-0.0020094785130595483,0.17820137739181519,0.028957605361938477,-0.03144900908125692,0.17869943380355835,0.04617732763290405,-0.019406628211868338,0.15420317649841309,0.05079442262649536,-0.00655415595872455,0.12930765748023987,0.04468131065368652,-0.0007712211798889257,boom
0.0,0.0,0.0,0.022597908973693848,-0.11217069625854492,-0.0010284595310281475,0.05061472952365875,-0.20267820358276367,-0.01633228467568415,0.071308434009552,-0.29028791189193726,-0.03182063543960112,0.0776304304599762,-0.3633939027786255,-0.04453430989548224,0.15957099199295044,-0.17959237098693848,-0.021029976324882682,0.1828826367855072,-0.12433385848999023,-0.016634418757405456,0.15906402468681335,-0.100227952003479,-0.01096307964786547,0.13186055421829224,-0.10033488273620605,-0.010020795406546767,0.1783033311367035,-0.1102864146232605,-0.026609282137599166,0.19448548555374146,-0.06675082445144653,-0.011254855559911903,0.1661156713962555,-0.05479699373245239,-0.002928305545594867,0.13533276319503784,-0.05867171287536621,-0.005771934183087524,0.18137702345848083,-0.03777796030044556,-0.029212051199522193,0.19378536939620972,-0.00851672887802124,-0.01250011114194649,0.16922587156295776,0.0005011558532714844,0.00024356489569754558,0.13903900980949402,-0.0040746331214904785,-0.0007594651079330106,0.17495933175086975,0.029270648956298828,-0.032405543269362624,0.17794698476791382,0.04648667573928833,-0.019823069812503036,0.15302398800849915,0.05150961875915527,-0.006343205122050222,0.1276681125164032,0.044790446758270264,-0.00025645496231163634,boom
0.0,0.0,0.0,0.02372761070728302,-0.11288028955459595,-0.0003664143583819168,0.052967458963394165,-0.2041594386100769,-0.015337504489821185,0.07427000999450684,-0.29149627685546875,-0.03072407287220358,0.08063194155693054,-0.3645835816860199,-0.04319757413725256,0.16236284375190735,-0.18085193634033203,-0.01962516647438406,0.18655255436897278,-0.1258663535118103,-0.015571709765595187,0.16253289580345154,-0.10095769166946411,-0.010268489873510589,0.13487794995307922,-0.10030472278594971,-0.009566372303766002,0.18130654096603394,-0.1123664379119873,-0.025661900682848682,0.19783198833465576,-0.06815886497497559,-0.010589525146883716,0.16972607374191284,-0.05455106496810913,-0.0025324193262576955,0.13887977600097656,-0.057443320751190186,-0.005499340637129535,0.18488150835037231,-0.04068326950073242,-0.028821390165489902,0.19588467478752136,-0.0094795823097229,-0.01213134363899826,0.17140400409698486,-0.0002931952476501465,0.0002449159950401736,0.14111247658729553,-0.005107283592224121,-0.0009986618966877359,0.179082453250885,0.02617734670639038,-0.03262310665706991,0.18145626783370972,0.046160221099853516,-0.020070562182468166,0.1562657356262207,0.05083823204040527,-0.007061939264190187,0.13065704703330994,0.04309660196304321,-0.0012975155110552805,boom
0.0,0.0,0.0,0.02440318465232849,-0.11469632387161255,-0.00068477150932722,0.0557914674282074,-0.20755106210708618,-0.015303719785947578,0.07727620005607605,-0.29606735706329346,-0.03011657017930247,0.08398237824440002,-0.36964285373687744,-0.041979490776498096,0.1659184992313385,-0.18452227115631104,-0.018825062547762172,0.18840688467025757,-0.1301426887512207,-0.013592929576475399,0.1635633409023285,-0.10600042343139648,-0.007976656776804703,0.13603681325912476,-0.10582047700881958,-0.007342785594005363,0.18456116318702698,-0.11556380987167358,-0.024484415535766857,0.20087385177612305,-0.07282251119613647,-0.008283289146561401,0.1723124384880066,-0.06029832363128662,8.703790740582917e-06,0.1414886713027954,-0.06348687410354614,-0.0030074059003482034,0.18741756677627563,-0.04294586181640625,-0.027191228230435627,0.2004348337650299,-0.014700889587402344,-0.009909150187809246,0.17557838559150696,-0.005360126495361328,0.0028541262755652497,0.14498558640480042,-0.009513795375823975,0.0017929206397866437,0.18069729208946228,0.024402856826782227,-0.03049416932924487,0.18512240052223206,0.04045116901397705,-0.017465713431079166,0.15983617305755615,0.04580378532409668,-0.0036730028194824627,0.13403046131134033,0.039627909660339355,0.0026100100977828333,boom
0.0,0.0,0.0,0.02376382052898407,-0.11288094520568848,-0.001392778914464543,0.05578163266181946,-0.20465326309204102,-0.016073514681352208,0.07808743417263031,-0.29386597871780396,-0.030897899504793713,0.08405320346355438,-0.3687021732330322,-0.04288160146404607,0.1671913117170334,-0.18392330408096313,-0.019064146067989896,0.18620507419109344,-0.12610238790512085,-0.015247288133991788,0.16125015914440155,-0.1020612120628357,-0.011073147852016518,0.13395439088344574,-0.10133922100067139,-0.011359383326066563,0.1860264390707016,-0.11509108543395996,-0.024735522430432866,0.19797532260417938,-0.06835240125656128,-0.00949748137225015,0.1687179058790207,-0.056427717208862305,-0.0021741888225506045,0.13804422318935394,-0.060243964195251465,-0.005722823061091731,0.18867699801921844,-0.0418781042098999,-0.0276284357272516,0.19648097455501556,-0.01145315170288086,-0.011887099567843507,0.17119650542736053,-0.0029985904693603516,-0.00011011756885181967,0.14084751904010773,-0.0074713826179504395,-0.0014141089953909614,0.18154145777225494,0.02591240406036377,-0.03118677900363309,0.18159319460391998,0.04338914155960083,-0.019528719570530484,0.15636061131954193,0.048178911209106445,-0.006652934450698922,0.1308623105287552,0.04176950454711914,-0.0006744523738007047,boom
0.0,0.0,0.0,0.023370876908302307,-0.11357122659683228,-0.00020394343772522916,0.05456770956516266,-0.2047138810157776,-0.014729441846782265,0.07643310725688934,-0.2927786111831665,-0.029863374079639016,0.08298535645008087,-0.3668099641799927,-0.04227035097318321,0.16607217490673065,-0.1845688819885254,-0.01638432941871315,0.1859605461359024,-0.1261005401611328,-0.012738046939546166,0.16071106493473053,-0.10259461402893066,-0.009253045315915642,0.13303159177303314,-0.10249227285385132,-0.010064676175886689,0.18518783152103424,-0.11624962091445923,-0.02307797386782795,0.19818584620952606,-0.0692286491394043,-0.007866529519731102,0.16831670701503754,-0.05791240930557251,-0.0006367057259808462,0.13751454651355743,-0.06226456165313721,-0.0042194731115046125,0.18810872733592987,-0.043457984924316406,-0.027198996166760026,0.19894354045391083,-0.012803614139556885,-0.011334839980179368,0.1727629154920578,-0.003983497619628906,0.0010122909396272917,0.14223642647266388,-0.008464038372039795,2.7773687918397627e-05,0.18091072142124176,0.024628520011901855,-0.031973421345526276,0.18187887966632843,0.04165118932723999,-0.020296484003836213,0.15644709765911102,0.04726219177246094,-0.007083384557688532,0.1312922090291977,0.04139578342437744,-0.0008897834970298391,boom
0.0,0.0,0.0,0.023121342062950134,-0.11405330896377563,-0.0007014368425188877,0.05408255755901337,-0.20540350675582886,-0.015532577712747297,0.07584638893604279,-0.2931845188140869,-0.030811626766535483,0.08145301043987274,-0.36766165494918823,-0.04331488565048858,0.16523750126361847,-0.18534976243972778,-0.016452463646146498,0.1879652589559555,-0.1287875771522522,-0.01222803753307744,0.16279004514217377,-0.10503995418548584,-0.008449136581930361,0.13514210283756256,-0.1053195595741272,-0.009021535818192206,0.18387655913829803,-0.11634171009063721,-0.02244385734638854,0.20023991167545319,-0.07278245687484741,-0.006985711701872788,0.17077459394931793,-0.061044394969940186,0.0003234771024835936,0.13954474031925201,-0.06492692232131958,-0.0031913861862449266,0.186616912484169,-0.04365342855453491,-0.02578672424397155,0.20096825063228607,-0.015245020389556885,-0.00977977674892827,0.17522157728672028,-0.00615614652633667,0.002665108000201144,0.1439141482114792,-0.01020127534866333,0.0018089836698891304,0.17979682981967926,0.02363300323486328,-0.029699974064442358,0.18448318541049957,0.038522303104400635,-0.01797252551159545,0.1587129384279251,0.044390082359313965,-0.004349750303390465,0.13258378207683563,0.039112985134124756,0.002151407231849589,boom
0.0,0.0,0.0,0.024772822856903076,-0.11567771434783936,0.00022563256325724979,0.05620288848876953,-0.20865994691848755,-0.01434838699523766,0.07658332586288452,-0.2965056300163269,-0.029415033966046167,0.08180487155914307,-0.3705456256866455,-0.0414939804223593,0.1656043827533722,-0.18944138288497925,-0.016356179699045015,0.19258111715316772,-0.13384300470352173,-0.01132447107110579,0.16768687963485718,-0.10972738265991211,-0.006273251700889659,0.13943275809288025,-0.11125451326370239,-0.005869300778698516,0.18419894576072693,-0.12089872360229492,-0.0227141680416878,0.20450258255004883,-0.07863509654998779,-0.006863055493425918,0.17523139715194702,-0.06576311588287354,0.001274812408979642,0.14317849278450012,-0.06967222690582275,-0.0014192077552195315,0.18754702806472778,-0.04837459325790405,-0.02631160451446135,0.2056640386581421,-0.020556926727294922,-0.009501914702099157,0.18020817637443542,-0.010125517845153809,0.003372266913089561,0.14819002151489258,-0.014104247093200684,0.002769280482340264,0.18119391798973083,0.01889348030090332,-0.030389219730835748,0.18828824162483215,0.03307622671127319,-0.01796804948125441,0.16277596354484558,0.039964258670806885,-0.004063627890985799,0.13627693057060242,0.03510957956314087,0.0026006638317142006,boom
0.0,0.0,0.0,0.022813856601715088,-0.1155974268913269,-0.0009428528571504557,0.052957162261009216,-0.2085552215576172,-0.016064135633968135,0.07262939214706421,-0.29698801040649414,-0.031406970970891734,0.07675719261169434,-0.3718285858631134,-0.043743165486120006,0.16286635398864746,-0.18939191102981567,-0.01861541932132127,0.18823319673538208,-0.1358746886253357,-0.01386878573950412,0.16422948241233826,-0.1110498309135437,-0.008594567232393047,0.13630205392837524,-0.11088591814041138,-0.008011897370778343,0.18238142132759094,-0.12019360065460205,-0.024303052850626727,0.2010241448879242,-0.08091795444488525,-0.00908856773432376,0.17227616906166077,-0.06782233715057373,-0.0011107543684545362,0.14041456580162048,-0.07039254903793335,-0.0039466058803725446,0.18629994988441467,-0.04769712686538696,-0.027149366491102,0.20148876309394836,-0.022212982177734375,-0.010928731687926074,0.17686709761619568,-0.012017011642456055,0.0015764829734337127,0.14515233039855957,-0.01506131887435913,0.0007451307758685743,0.18044763803482056,0.019031763076782227,-0.030520510204695483,0.18552130460739136,0.032647788524627686,-0.01860872869994523,0.1607898771762848,0.03900706768035889,-0.005204053871892711,0.13464096188545227,0.03431272506713867,0.0011080762635913288,boom
0.0,0.0,0.0,0.024244219064712524,-0.11812204122543335,-0.00042620497296752546,0.055088236927986145,-0.2133529782295227,-0.015013281848581528,0.07400506734848022,-0.3017914891242981,-0.029877601784022545,0.07853221893310547,-0.37598133087158203,-0.041578937914522385,0.16380158066749573,-0.194241464138031,-0.016231915574820732,0.19211116433143616,-0.1454106569290161,-0.011142330836804604,0.16834113001823425,-0.12064588069915771,-0.0060566385614890805,0.1397276520729065,-0.12104105949401855,-0.00539218088269422,0.18345367908477783,-0.12526237964630127,-0.0219821358437855,0.2057150900363922,-0.09258365631103516,-0.006346813530029749,0.1776961088180542,-0.07881784439086914,0.001625762426925803,0.14496394991874695,-0.08013772964477539,-0.0009834228654597155,0.188038170337677,-0.05308264493942261,-0.02502604633227179,0.20849603414535522,-0.033526480197906494,-0.008264086801858639,0.1839531660079956,-0.021692872047424316,0.004397509492633844,0.1510152816772461,-0.022737205028533936,0.0037841474299113997,0.18303418159484863,0.013779699802398682,-0.02854164749041388,0.1923249363899231,0.02169567346572876,-0.016168419864328598,0.1673261523246765,0.02958524227142334,-0.002226518826859092,0.14041736721992493,0.02788025140762329,0.004569342698601986,boom
0.0,0.0,0.0,0.023126065731048584,-0.1173853874206543,0.0003166220674302167,0.05297046899795532,-0.21124744415283203,-0.013954000972489666,0.07107406854629517,-0.30024051666259766,-0.028638530947546315,0.0743408203125,-0.3747144937515259,-0.040340081282238316,0.16283538937568665,-0.1945611834526062,-0.014918755233566117,0.1899183988571167,-0.14582520723342896,-0.009514504537264656,0.16578012704849243,-0.1203804612159729,-0.004750826821009468,0.13726764917373657,-0.11924952268600464,-0.004391651559899401,0.1836642622947693,-0.12671750783920288,-0.02075890680430348,0.20348939299583435,-0.09411478042602539,-0.004580429248790097,0.17473751306533813,-0.07993751764297485,0.0030143678129661566,0.14219114184379578,-0.08065009117126465,8.749976109356794e-05,0.18908250331878662,-0.05494338274002075,-0.023787886329273533,0.2062501311302185,-0.03680157661437988,-0.006416617851982664,0.18164485692977905,-0.02450120449066162,0.005817891604920078,0.1493871510028839,-0.024668097496032715,0.00481571633713429,0.18496155738830566,0.011771798133850098,-0.027225640096048664,0.19105839729309082,0.018486976623535156,-0.014540722087303948,0.16583383083343506,0.02708500623703003,-0.0007913479523722344,0.13928282260894775,0.026591837406158447,0.005903670604993749,boom
0.0,0.0,0.0,0.02346496284008026,-0.11828941106796265,0.0002779910808214936,0.051675572991371155,-0.21376174688339233,-0.014667446206857448,0.0693926066160202,-0.30300748348236084,-0.030077431764055973,0.07356776297092438,-0.37748077511787415,-0.04223967012350727,0.15974389016628265,-0.2001674771308899,-0.016467586572815662,0.18954844772815704,-0.15272974967956543,-0.011496688652385956,0.16555441915988922,-0.12480795383453369,-0.005822259880204683,0.13577811419963837,-0.122955322265625,-0.004762225266148334,0.18254126608371735,-0.13363760709762573,-0.022865932847906834,0.20345409214496613,-0.1006699800491333,-0.007838922034551388,0.17442654073238373,-0.08353865146636963,8.363039685832518e-05,0.14148755371570587,-0.08384209871292114,-0.0023535084385173377,0.1900685876607895,-0.062275707721710205,-0.026521331112434154,0.2082720845937729,-0.04185432195663452,-0.010260082263101822,0.1828683465719223,-0.026986122131347656,0.0022098441202444974,0.1502702683210373,-0.02687227725982666,0.0014927288810042683,0.18758468329906464,0.005498945713043213,-0.030565806146313435,0.19333596527576447,0.016267120838165283,-0.019275580014635807,0.16743038594722748,0.02630770206451416,-0.006214663333793169,0.14072613418102264,0.025313377380371094,0.00021111600815970633,boom
0.0,0.0,0.0,0.021324485540390015,-0.11658811569213867,-0.001324005554380392,0.0481264591217041,-0.21120238304138184,-0.016866866628589605,0.06478670239448547,-0.3015875220298767,-0.032392032573881124,0.06729397177696228,-0.3764284551143646,-0.044839881489934896,0.15746623277664185,-0.19703060388565063,-0.01874957060343263,0.18408140540122986,-0.1520686149597168,-0.01371807245439527,0.1597806215286255,-0.12587469816207886,-0.00845967432385919,0.13107338547706604,-0.12332820892333984,-0.007674752864005541,0.17924833297729492,-0.12998944520950317,-0.023304810876908277,0.20034611225128174,-0.10177117586135864,-0.008423074277999376,0.1711951494216919,-0.08683282136917114,-0.0006929012145349134,0.13849776983261108,-0.08594059944152832,-0.003324153264003371,0.1856480836868286,-0.058437347412109375,-0.024790374691548323,0.20517385005950928,-0.04236626625061035,-0.008383100981774305,0.18055281043052673,-0.030090153217315674,0.004143074491111065,0.14775031805038452,-0.028990507125854492,0.0035557654789215576,0.18272942304611206,0.008187592029571533,-0.02662291390723226,0.19013571739196777,0.013974487781524658,-0.014394634532692407,0.16504421830177307,0.022540926933288574,-0.0005869022700437654,0.1388484537601471,0.023071348667144775,0.006234938615051533,boom
0.0,0.0,0.0,0.020819157361984253,-0.1167336106300354,-3.360016361853013e-05,0.04678422212600708,-0.21094948053359985,-0.014863923674596435,0.06216137111186981,-0.3009908199310303,-0.02982965066857446,0.06318482756614685,-0.3751997649669647,-0.04184402666814435,0.15461072325706482,-0.19734537601470947,-0.018597861303163654,0.18059608340263367,-0.1548517346382141,-0.012963112926257736,0.15605127811431885,-0.1271076202392578,-0.006612490413857586,0.12693122029304504,-0.12327498197555542,-0.005014106648189909,0.17780908942222595,-0.1315211057662964,-0.023604226781202442,0.19795075058937073,-0.10271859169006348,-0.00846178505398143,0.16893279552459717,-0.08604687452316284,-0.00039994110065322275,0.1365712583065033,-0.08410543203353882,-0.002709689101351387,0.18569520115852356,-0.06064772605895996,-0.02537417925722707,0.20361283421516418,-0.0419122576713562,-0.00860827091909755,0.17879852652549744,-0.028959453105926514,0.0035463191865403587,0.14673954248428345,-0.027676939964294434,0.0025954232382048303,0.18429550528526306,0.0055713653564453125,-0.027383677212668545,0.19011637568473816,0.01481407880783081,-0.014921070559097416,0.16420194506645203,0.02357923984527588,-0.0016613530629854267,0.13828381896018982,0.023680567741394043,0.004662659933643454,boom
0.0,0.0,0.0,0.020746439695358276,-0.11738741397857666,-0.0010319988089690924,0.047598034143447876,-0.21248012781143188,-0.01572435061308397,0.06386202573776245,-0.3027452826499939,-0.030494744804229867,0.06617812812328339,-0.37706512212753296,-0.042174410921063554,0.15760716795921326,-0.19787603616714478,-0.01664520512196077,0.1811685860157013,-0.15730148553848267,-0.010976134714212549,0.15688878297805786,-0.13105076551437378,-0.00550268814760102,0.12845230102539062,-0.12721747159957886,-0.004677863240715396,0.18030405044555664,-0.13189035654067993,-0.021246013146367204,0.1989971399307251,-0.10595333576202393,-0.006142679516699445,0.1705915927886963,-0.0903896689414978,0.0009594901618470431,0.13871252536773682,-0.08789932727813721,-0.0021023318716402173,0.18745633959770203,-0.06129264831542969,-0.02281205813261522,0.2048417329788208,-0.045720040798187256,-0.006224862680312526,0.18066397309303284,-0.03325247764587402,0.0055441135461364865,0.14862433075904846,-0.03129059076309204,0.0044262316930030465,0.18512031435966492,0.004751265048980713,-0.024777541783180368,0.19150272011756897,0.01137632131576538,-0.012434736740317476,0.1664992868900299,0.020037293434143066,0.000839643731239903,0.14070311188697815,0.020992279052734375,0.00724799147945987,boom
0.0,0.0,0.0,0.019038766622543335,-0.11588865518569946,-0.0013018513005249588,0.045669957995414734,-0.21100735664367676,-0.01603795326315094,0.0623936653137207,-0.30199676752090454,-0.03086508921347786,0.06383506953716278,-0.37653598189353943,-0.04265098198317219,0.1558080017566681,-0.19774413108825684,-0.017455528667198905,0.1796744167804718,-0.1550876498222351,-0.011882733730601558,0.15587297081947327,-0.12819403409957886,-0.005916994241999873,0.128050297498703,-0.12401944398880005,-0.004673783844339141,0.17941325902938843,-0.1327195167541504,-0.021769666289912948,0.1975485384464264,-0.10406184196472168,-0.007285457281398067,0.16817733645439148,-0.08857941627502441,7.312383735325056e-05,0.13649410009384155,-0.08699601888656616,-0.0024426672048889486,0.1874491572380066,-0.06216287612915039,-0.023030967628585586,0.20323866605758667,-0.044921278953552246,-0.007482054820286521,0.17837780714035034,-0.03180485963821411,0.004088861690831891,0.14661237597465515,-0.029346883296966553,0.003322981353846899,0.1861080825328827,0.003815293312072754,-0.02462973742746044,0.19060775637626648,0.012203574180603027,-0.013173852292823085,0.16546335816383362,0.02185124158859253,-0.0003305047308117537,0.1399567425251007,0.02372753620147705,0.006135015571487656,boom
0.0,0.0,0.0,0.019600987434387207,-0.11746412515640259,-0.00032339185278829063,0.0468575656414032,-0.2124119997024536,-0.014576428204662761,0.06420595943927765,-0.3023774027824402,-0.02918857113260742,0.06654678285121918,-0.3768295645713806,-0.040819806612915954,0.15741711854934692,-0.19900912046432495,-0.01445260421175476,0.18052765727043152,-0.1573438048362732,-0.00863601696480032,0.15623468160629272,-0.1312239170074463,-0.0034508545490723463,0.128047913312912,-0.1270824670791626,-0.0028198669737946602,0.18080061674118042,-0.13435709476470947,-0.019375025860853157,0.1989150047302246,-0.10667532682418823,-0.004191630620397291,0.16957011818885803,-0.09131121635437012,0.002560078298785129,0.1377473771572113,-0.08899825811386108,-0.0005853624738563212,0.18853598833084106,-0.06400203704833984,-0.021321689344830475,0.20617371797561646,-0.04777449369430542,-0.005068161159641704,0.18126815557479858,-0.034880638122558594,0.006438095953427592,0.14926373958587646,-0.032396912574768066,0.005417745459936896,0.1865604817867279,0.00235140323638916,-0.023569469906277618,0.19279956817626953,0.009131431579589844,-0.011328070990629158,0.1675100028514862,0.01859968900680542,0.0020583063756305364,0.14168265461921692,0.02047133445739746,0.008719803199284115,boom
0.0,0.0,0.0,0.01944868266582489,-0.11695486307144165,-0.0013044458996773756,0.04623222351074219,-0.21281373500823975,-0.015968363145020703,0.06425212323665619,-0.3031010627746582,-0.030796320521858433,0.0679926872253418,-0.37682396173477173,-0.04236030333640883,0.15636278688907623,-0.19806897640228271,-0.016186361545351247,0.18075476586818695,-0.1549103856086731,-0.010897422553625802,0.15626417100429535,-0.12846684455871582,-0.005206458614793519,0.12757231295108795,-0.12522518634796143,-0.004134052311655978,0.180086150765419,-0.13323789834976196,-0.021132029005912045,0.19879554212093353,-0.10432273149490356,-0.007449863822785119,0.16883136332035065,-0.08835959434509277,-0.0006824169490755594,0.13667429983615875,-0.0869172215461731,-0.003314084717658261,0.18849791586399078,-0.06248319149017334,-0.02317122125032256,0.20618130266666412,-0.04570317268371582,-0.008682340727773408,0.18048135936260223,-0.03177022933959961,0.0030978574700384343,0.1483619660139084,-0.02917492389678955,0.0028369788828968012,0.18693409860134125,0.004519939422607422,-0.025536437863138417,0.19324757158756256,0.01228487491607666,-0.014981939801600674,0.16723661124706268,0.022495150566101074,-0.0017879598258332408,0.1411549299955368,0.024723529815673828,0.005202845326039096,boom
0.0,0.0,0.0,0.0196659117937088,-0.11635595560073853,-0.0002950801694225902,0.04609003663063049,-0.2117825746536255,-0.015035073314180636,0.0636679083108902,-0.30290865898132324,-0.029958793934753203,0.06607145071029663,-0.3771096169948578,-0.04182311151581075,0.1556386947631836,-0.1988285779953003,-0.017017057206800246,0.18201324343681335,-0.15625202655792236,-0.011077013839354777,0.1579158902168274,-0.12958979606628418,-0.004864021245708727,0.1296452283859253,-0.12566304206848145,-0.0033516190427747006,0.1784299910068512,-0.13332515954971313,-0.021674016531875395,0.19965070486068726,-0.1055220365524292,-0.006406655110737347,0.17028799653053284,-0.08995985984802246,0.001498081680068708,0.13802409172058105,-0.08764082193374634,-0.0007452561234515542,0.18600943684577942,-0.06247091293334961,-0.02313148420708444,0.2059408724308014,-0.04645407199859619,-0.006573730189671778,0.181012362241745,-0.03349882364273071,0.006019124254265762,0.1484273374080658,-0.030840694904327393,0.005761380266079641,0.18452230095863342,0.0039231181144714355,-0.024809548672607207,0.19328001141548157,0.008897125720977783,-0.012135841925015711,0.1680450737476349,0.01883399486541748,0.002048523589650131,0.1419798731803894,0.021411895751953125,0.00929023228181336,boom
0.0,0.0,0.0,0.01962214708328247,-0.11696147918701172,-0.00013963355218038487,0.0460822731256485,-0.21261727809906006,-0.014702388502200847,0.06363753974437714,-0.3036985993385315,-0.02938835830195785,0.06634043157100677,-0.3781552016735077,-0.04096936383052707,0.15585795044898987,-0.2004196047782898,-0.017260306931575542,0.18156227469444275,-0.15874123573303223,-0.01061879233225227,0.1571221649646759,-0.13164925575256348,-0.003766912918081289,0.12846526503562927,-0.12749749422073364,-0.002009912112271195,0.17977401614189148,-0.13606137037277222,-0.021868232123097187,0.1995084285736084,-0.10802358388900757,-0.006125954862227445,0.1700981855392456,-0.09159666299819946,0.0017701829108318634,0.13802918791770935,-0.0891386866569519,-0.0006586386682556622,0.1879112720489502,-0.06549936532974243,-0.023157560683330303,0.20633578300476074,-0.048506319522857666,-0.006057131055285936,0.1815018355846405,-0.03499799966812134,0.006165810443917508,0.14939522743225098,-0.03237628936767578,0.005348549738982911,0.18647319078445435,0.0009739995002746582,-0.02464881487890125,0.19321408867835999,0.008754968643188477,-0.011940167702277904,0.16793400049209595,0.018423140048980713,0.0015324940229675121,0.14215046167373657,0.020017147064208984,0.008119189694980378,boom
0.0,0.0,0.0,0.01834850013256073,-0.11747807264328003,-0.0017679854630046066,0.04434378445148468,-0.21330207586288452,-0.016514440705861944,0.06189194321632385,-0.30397170782089233,-0.031108328780021566,0.06570914387702942,-0.37783944606781006,-0.04242588736661901,0.1550155133008957,-0.19874751567840576,-0.01729601778635015,0.17944099009037018,-0.1569475531578064,-0.010908445982124704,0.15525515377521515,-0.1308841109275818,-0.004310169895973104,0.12707890570163727,-0.1270737648010254,-0.0027140499426536735,0.17811651527881622,-0.13351458311080933,-0.021322937389697927,0.19743861258029938,-0.10591369867324829,-0.006337858443941968,0.16787753999233246,-0.09060817956924438,0.0012659013170264188,0.13600970804691315,-0.08828312158584595,-0.001160888640072244,0.185820534825325,-0.06265765428543091,-0.02228713751384248,0.20495127141475677,-0.04674917459487915,-0.0066693864631020006,0.18017347157001495,-0.033908963203430176,0.005414392626050812,0.14803911745548248,-0.030847787857055664,0.00502734520858894,0.18401728570461273,0.003773987293243408,-0.023540017833795446,0.19179855287075043,0.00946199893951416,-0.011996319224920171,0.166765496134758,0.019110679626464844,0.001544602158617181,0.141143336892128,0.021782338619232178,0.008489245841417414,boom
0.0,0.0,0.0,0.019108325242996216,-0.11643153429031372,0.00016888509435375454,0.04506860673427582,-0.21212536096572876,-0.014332690460832964,0.06267596781253815,-0.3031489849090576,-0.029096529072376143,0.06535059213638306,-0.37763267755508423,-0.04075257498607243,0.15554150938987732,-0.1988188624382019,-0.01740481164142693,0.1806759238243103,-0.15624374151229858,-0.011033128200324427,0.15591025352478027,-0.1292405128479004,-0.004099600667359482,0.1269734501838684,-0.12537866830825806,-0.0022937007697692025,0.17950764298439026,-0.13406217098236084,-0.02253888565883244,0.1990644335746765,-0.1048349142074585,-0.007169272935243498,0.16932162642478943,-0.088287353515625,0.0009493151928836596,0.1368972361087799,-0.08610332012176514,-0.0013068879006823408,0.18765151500701904,-0.06336343288421631,-0.024384519269915472,0.20598098635673523,-0.04517865180969238,-0.007833237944396387,0.18083462119102478,-0.03158366680145264,0.004783658126143564,0.14856016635894775,-0.02949678897857666,0.004301669822780241,0.18587052822113037,0.0033260583877563477,-0.0264297353087386,0.1930856704711914,0.012245595455169678,-0.01421219315216149,0.16747865080833435,0.021830439567565918,-0.0005392826378738391,0.1413542628288269,0.022595107555389404,0.006219275576768268,boom
0.0,0.0,0.0,0.01896078884601593,-0.11714428663253784,-0.0017462369255554222,0.0447140634059906,-0.2132524847984314,-0.0167426620578226,0.06170709431171417,-0.30409055948257446,-0.031504219860380545,0.06435959041118622,-0.37822404503822327,-0.04298489028269614,0.15534424781799316,-0.1976393461227417,-0.018635519311374082,0.18009451031684875,-0.1593630313873291,-0.012035177551751985,0.1562233865261078,-0.13320183753967285,-0.0049362559770997905,0.12799394130706787,-0.1295740008354187,-0.002983941926231637,0.17808106541633606,-0.13181954622268677,-0.022482697383111372,0.19861823320388794,-0.10809117555618286,-0.0072572836620565795,0.16977563500404358,-0.09293913841247559,0.0008643162468615628,0.1374797821044922,-0.09051674604415894,-0.0014101274978202127,0.18519338965415955,-0.0611148476600647,-0.023138726592605963,0.2058345377445221,-0.046650588512420654,-0.006799547464197531,0.18161016702651978,-0.03420537710189819,0.005702322352135525,0.1490112543106079,-0.03157055377960205,0.005212686493450747,0.18277308344841003,0.0050144195556640625,-0.024078639686649694,0.19287708401679993,0.01060497760772705,-0.011909956574982061,0.16808167099952698,0.019319474697113037,0.001850711650604353,0.14195701479911804,0.020978987216949463,0.008664755619520292,boom
0.0,0.0,0.0,0.019184038043022156,-0.11745405197143555,-0.0007805959092763715,0.04526984691619873,-0.21349859237670898,-0.015440987109144544,0.062250152230262756,-0.3040924668312073,-0.03026442757149539,0.06452825665473938,-0.37820714712142944,-0.041912948398788785,0.15513411164283752,-0.1977437138557434,-0.016987353249390935,0.18167957663536072,-0.1566043496131897,-0.011610977037747716,0.1578211784362793,-0.1302381157875061,-0.005932722858091211,0.12928089499473572,-0.12639731168746948,-0.004848257324596261,0.17816102504730225,-0.13219094276428223,-0.02188722757895789,0.19901764392852783,-0.10361605882644653,-0.006760636496295547,0.17042508721351624,-0.08796936273574829,0.0008875812283406503,0.13863438367843628,-0.08640182018280029,-0.0018361483588194005,0.185732901096344,-0.061448872089385986,-0.023833397461970662,0.20560497045516968,-0.04354989528656006,-0.007524156163384532,0.18155008554458618,-0.031020641326904297,0.004838733782122517,0.14966848492622375,-0.029603242874145508,0.004167368949453021,0.1834464967250824,0.004919707775115967,-0.02612174084683261,0.19269296526908875,0.012849867343902588,-0.013789974770446634,0.16795846819877625,0.021672427654266357,4.3173885529768086e-05,0.14203354716300964,0.022305309772491455,0.006839115952203656,boom
0.0,0.0,0.0,0.01855933666229248,-0.11728358268737793,-0.002065717456218863,0.04397676885128021,-0.21279937028884888,-0.0172470041823658,0.06117968261241913,-0.30300432443618774,-0.03217312854650345,0.06354358792304993,-0.3771454095840454,-0.0438566335749897,0.154178649187088,-0.19545453786849976,-0.01990837951126423,0.17814737558364868,-0.1545206904411316,-0.01445316870632496,0.154549241065979,-0.12862223386764526,-0.008248143577304745,0.12641200423240662,-0.12444925308227539,-0.006902781063047314,0.1770780384540558,-0.12911748886108398,-0.024109912784126664,0.19618120789527893,-0.10213124752044678,-0.009248703466084862,0.1683068871498108,-0.08729416131973267,-0.0014956883194940929,0.13696956634521484,-0.0851849913597107,-0.004276555245098734,0.18432077765464783,-0.058393895626068115,-0.02516866450133648,0.20309558510780334,-0.04228705167770386,-0.009093352341380978,0.17947742342948914,-0.030657947063446045,0.00330593532015655,0.14761468768119812,-0.02882307767868042,0.0025951697218147274,0.18163448572158813,0.007677137851715088,-0.0266418137860569,0.19013568758964539,0.014607667922973633,-0.014793360353735352,0.16583281755447388,0.02265751361846924,-0.0011784708866002802,0.1400829255580902,0.023464500904083252,0.005495026959749794,boom
0.0,0.0,0.0,0.019024059176445007,-0.11730271577835083,-0.001034265348266672,0.04421631991863251,-0.21242451667785645,-0.01594360401998074,0.06081122159957886,-0.30285120010375977,-0.030823689383964847,0.06331779062747955,-0.37665194272994995,-0.04253688870142014,0.15383334457874298,-0.19591599702835083,-0.0184966441817096,0.17838425934314728,-0.15680742263793945,-0.012518380267124485,0.15506495535373688,-0.13062292337417603,-0.005793217068116974,0.1270318180322647,-0.1263958215713501,-0.003950166945855926,0.1766815334558487,-0.12979835271835327,-0.022937717346053432,0.19694660604000092,-0.10569494962692261,-0.0079611125044039,0.16845957934856415,-0.0907483696937561,6.608901401250478e-05,0.1365814357995987,-0.08837831020355225,-0.0022135546538493145,0.18400050699710846,-0.05896651744842529,-0.02417569650481255,0.20409007370471954,-0.04509150981903076,-0.007920428609054397,0.1801118403673172,-0.03250044584274292,0.004744421726513792,0.148148313164711,-0.029709339141845703,0.004372212605971981,0.181562140583992,0.00738757848739624,-0.025676733312707256,0.1906355768442154,0.012301802635192871,-0.01338594077299149,0.16625909507274628,0.021374940872192383,0.0006350059187525403,0.14074565470218658,0.02363055944442749,0.00765112977330773,boom
0.0,0.0,0.0,0.01894792914390564,-0.11769115924835205,-0.0009115996594744047,0.04443046450614929,-0.21375232934951782,-0.015593316982148053,0.061451852321624756,-0.3038911819458008,-0.03035859169310129,0.06451642513275146,-0.37755128741264343,-0.04186061175411737,0.15390658378601074,-0.19739103317260742,-0.017675304430184724,0.17999082803726196,-0.1568954586982727,-0.01179919076955116,0.1562468707561493,-0.13074296712875366,-0.0052212491804937144,0.1275964379310608,-0.12689638137817383,-0.0034894029317626973,0.17714735865592957,-0.13207441568374634,-0.02254955621307886,0.19767054915428162,-0.10436522960662842,-0.007107481936571958,0.1695651412010193,-0.08876258134841919,0.0009609770554845909,0.13791882991790771,-0.08685559034347534,-0.001541515573507013,0.18497034907341003,-0.061610519886016846,-0.024391308071670892,0.20455577969551086,-0.04516714811325073,-0.007770607358423831,0.18066054582595825,-0.032123565673828125,0.00498025201389396,0.1489887833595276,-0.02999293804168701,0.004462881368937133,0.18275994062423706,0.004848361015319824,-0.02660262362903154,0.19279062747955322,0.011503994464874268,-0.014194923097846868,0.16830652952194214,0.02066105604171753,-9.500520670258084e-05,0.14248821139335632,0.021807610988616943,0.00686597161123359,boom
0.0,0.0,0.0,0.019127458333969116,-0.1181793212890625,-0.000448200052176162,0.0457288920879364,-0.21470171213150024,-0.014549510772610574,0.06289041042327881,-0.30529510974884033,-0.02880539208211985,0.06523466110229492,-0.3794565796852112,-0.03986178919234362,0.15618771314620972,-0.19781184196472168,-0.015959754805351167,0.1803242266178131,-0.1581714153289795,-0.009168318691934019,0.1567399501800537,-0.13188397884368896,-0.002423135317201286,0.12861639261245728,-0.12769192457199097,-0.0007772793041453951,0.17903199791908264,-0.13232946395874023,-0.020522553692842394,0.19874730706214905,-0.10705709457397461,-0.004508367958749204,0.17070308327674866,-0.09160494804382324,0.0034566985114565796,0.13926681876182556,-0.08902931213378906,0.0008006906855939633,0.1862795054912567,-0.06219005584716797,-0.02196141913094607,0.20559436082839966,-0.04685693979263306,-0.004727134234542518,0.18187901377677917,-0.03437894582748413,0.0077387725605717606,0.14995500445365906,-0.032278358936309814,0.006938830264573426,0.18377995491027832,0.0035738348960876465,-0.02371842808582869,0.1933509111404419,0.010363996028900146,-0.010721491868878275,0.16904205083847046,0.01906442642211914,0.0031826512559405273,0.14314231276512146,0.019846439361572266,0.009889217805778117,boom
0.0,0.0,0.0,0.019003361463546753,-0.11633068323135376,-0.0008177792571189002,0.04532569646835327,-0.21242862939834595,-0.015127502594765474,0.062420427799224854,-0.30350422859191895,-0.029493267860885908,0.06413185596466064,-0.3775765895843506,-0.0406917922465766,0.15570294857025146,-0.19790375232696533,-0.016998770859714796,0.18124130368232727,-0.15537762641906738,-0.010468241040285875,0.15795442461967468,-0.12920689582824707,-0.0034960920258129136,0.13011011481285095,-0.12565994262695312,-0.0016275285544509188,0.17886671423912048,-0.13244807720184326,-0.021422709551330854,0.19914638996124268,-0.10436534881591797,-0.005889152855303337,0.17004361748695374,-0.08908915519714355,0.0022193286766594156,0.1380826234817505,-0.08758872747421265,7.861084836235932e-05,0.18646812438964844,-0.06161528825759888,-0.022700884592410375,0.20581957697868347,-0.044893860816955566,-0.0062146924703085915,0.18127888441085815,-0.03205537796020508,0.006213893435273121,0.14926329255104065,-0.030253589153289795,0.00585116098758931,0.1841079592704773,0.004800319671630859,-0.024238920983549406,0.19264677166938782,0.01144552230834961,-0.011793910738703062,0.1681540608406067,0.0207938551902771,0.0020813073695933326,0.14246204495429993,0.021940767765045166,0.009113332975033472,boom
0.0,0.0,0.0,0.019120872020721436,-0.11793023347854614,-0.001927024464492888,0.045604318380355835,-0.21491575241088867,-0.016590598401052148,0.06244252622127533,-0.3059229850769043,-0.03103931377492586,0.0647345632314682,-0.3800475597381592,-0.04220884236357847,0.15613597631454468,-0.19696003198623657,-0.017246856715900094,0.18011119961738586,-0.1589416265487671,-0.010684701975804956,0.15594395995140076,-0.1333698034286499,-0.004223463487250001,0.12785682082176208,-0.12930285930633545,-0.0027796185001705,0.17858365178108215,-0.13093417882919312,-0.020979571517926843,0.19873568415641785,-0.10756301879882812,-0.005535750545931251,0.17013195157051086,-0.09263324737548828,0.002087360817569106,0.1386292576789856,-0.09004461765289307,-0.0006741952508662052,0.18542364239692688,-0.06038022041320801,-0.021630489629131944,0.2060210108757019,-0.04678797721862793,-0.0051066082794193335,0.1821814477443695,-0.0346834659576416,0.007101188052075713,0.1502566933631897,-0.03221088647842407,0.0063592368844922476,0.18264326453208923,0.00535428524017334,-0.02259536216817537,0.19363859295845032,0.009457707405090332,-0.010065737542134912,0.16925951838493347,0.017980873584747314,0.003928240026908725,0.14350992441177368,0.019665896892547607,0.010827896754818767,boom
0.0,0.0,0.0,0.01994815468788147,-0.11796528100967407,0.00018886999373535218,0.04626469314098358,-0.2150067687034607,-0.013673089951907968,0.06307758390903473,-0.305949866771698,-0.02775264861497817,0.06612081825733185,-0.3795694410800934,-0.038616435178255415,0.1556769609451294,-0.19913703203201294,-0.015810576774811125,0.18102893233299255,-0.15938550233840942,-0.008743100375568247,0.1571306586265564,-0.13314485549926758,-0.0015665303633340955,0.1286136507987976,-0.1292540431022644,0.0004187430770343781,0.1789298951625824,-0.1337018609046936,-0.02064958917412696,0.19914987683296204,-0.10713851451873779,-0.004247722723221159,0.17076122760772705,-0.09163510799407959,0.0039390450858718395,0.13894587755203247,-0.08953416347503662,0.0014769031715786696,0.18663516640663147,-0.06309741735458374,-0.02228680210623679,0.20637935400009155,-0.047006309032440186,-0.004639114760493612,0.18243756890296936,-0.03403240442276001,0.007965081795418882,0.15059641003608704,-0.03200340270996094,0.007205369840676212,0.1844552755355835,0.0033422112464904785,-0.024167548441027975,0.19398093223571777,0.009534478187561035,-0.010851884768044329,0.16946086287498474,0.018680930137634277,0.003271687967071557,0.14357078075408936,0.01977437734603882,0.010136914863551283,boom
0.0,0.0,0.0,0.01883082091808319,-0.11718374490737915,1.8832425695336497e-05,0.04532952606678009,-0.21333909034729004,-0.013866271080559045,0.06220190227031708,-0.30489248037338257,-0.027822568269556314,0.06408707797527313,-0.3791136145591736,-0.03859492130774811,0.15527652204036713,-0.19905245304107666,-0.01623325906891182,0.18155480921268463,-0.15733784437179565,-0.00805527456302002,0.15755434334278107,-0.131267249584198,0.0001845250672261045,0.12925143539905548,-0.12791895866394043,0.00277785588789925,0.17816098034381866,-0.13309770822525024,-0.020644280316417962,0.1992674320936203,-0.10549294948577881,-0.003475510703509599,0.17032001912593842,-0.0900844931602478,0.005260288992786855,0.13833118975162506,-0.088096022605896,0.0031254732030276955,0.18540044128894806,-0.06188923120498657,-0.0216434013118203,0.206191286444664,-0.04530000686645508,-0.0035235206150616705,0.1820305436849594,-0.032669126987457275,0.009377886352950782,0.14977772533893585,-0.03103017807006836,0.008829633517080993,0.18295057117938995,0.004554092884063721,-0.02279683686990097,0.19432495534420013,0.00975644588470459,-0.009058545531814843,0.16957642138004303,0.0188329815864563,0.00557911749731943,0.14319689571857452,0.019767343997955322,0.012777805140132159,boom
0.0,0.0,0.0,0.019350215792655945,-0.11777704954147339,-0.0007593436120032493,0.04635371267795563,-0.2143358588218689,-0.015279132577120436,0.06376087665557861,-0.30554842948913574,-0.029704923445819986,0.06602852046489716,-0.3798123896121979,-0.04090319451177038,0.15693673491477966,-0.1989305019378662,-0.01780475739622034,0.1817144751548767,-0.15769106149673462,-0.010497418867885244,0.157164067029953,-0.13208210468292236,-0.0031151144602290515,0.12866023182868958,-0.12862157821655273,-0.0010862694424531583,0.17932376265525818,-0.1324751377105713,-0.022002585867880953,0.19972291588783264,-0.1063581109046936,-0.005536320323585642,0.1710551679134369,-0.0915178656578064,0.0028440212528266784,0.13886502385139465,-0.08929258584976196,0.0004035665525634613,0.18601447343826294,-0.06134563684463501,-0.022816336418031824,0.20597654581069946,-0.04656714200973511,-0.004957653752057922,0.18209636211395264,-0.0345880389213562,0.007941720371604788,0.14953002333641052,-0.032574594020843506,0.007312230595857727,0.18321862816810608,0.004843950271606445,-0.02389810111606039,0.1938076913356781,0.009527742862701416,-0.010437007697760237,0.16925588250160217,0.017973005771636963,0.00399866869440757,0.14279162883758545,0.018825113773345947,0.011023758274973261,boom
0.0,0.0,0.0,0.01877632737159729,-0.11710959672927856,-0.00020432986997320768,0.04548311233520508,-0.2135312557220459,-0.01421459608167197,0.06308622658252716,-0.30511295795440674,-0.02832102526366498,0.06568792462348938,-0.3792440891265869,-0.039330610375998276,0.15615639090538025,-0.19950687885284424,-0.0159948983454683,0.18109604716300964,-0.1577669382095337,-0.008471269462404507,0.15722531080245972,-0.13192665576934814,-0.0009689668767691728,0.1290726661682129,-0.1279643177986145,0.0012553120505458537,0.1791035532951355,-0.13385844230651855,-0.020294470083115357,0.19859281182289124,-0.10720908641815186,-0.003925139852015036,0.1691853106021881,-0.09237486124038696,0.004195974837841732,0.1370965838432312,-0.08998996019363403,0.0019699236618748728,0.18631353974342346,-0.06251120567321777,-0.02124482144057538,0.20518210530281067,-0.04847085475921631,-0.003931274008152741,0.18063989281654358,-0.035549163818359375,0.008606516454221946,0.14862293004989624,-0.032583653926849365,0.008202572051288826,0.18389171361923218,0.004409372806549072,-0.022342560183403748,0.19324064254760742,0.007451534271240234,-0.009197895717022675,0.16844961047172546,0.01708662509918213,0.005229404825570327,0.1425362229347229,0.019506454467773438,0.012587649445833904,boom
0.0,0.0,0.0,0.019435971975326538,-0.11761069297790527,0.001293734103967381,0.04641914367675781,-0.214849591255188,-0.011965908537092673,0.06445284187793732,-0.3066450357437134,-0.025467798540773856,0.06695227324962616,-0.3808133602142334,-0.035833387131276595,0.1568886786699295,-0.20115602016448975,-0.015520060861888396,0.17979131639003754,-0.1592138409614563,-0.0065456372298626775,0.15446682274341583,-0.13237547874450684,0.002360411259871853,0.12544475495815277,-0.1279306411743164,0.005195957181570066,0.18089373409748077,-0.13677775859832764,-0.020565033385935294,0.198785200715065,-0.10722231864929199,-0.003217626789989936,0.16897864639759064,-0.09061980247497559,0.005310321731087697,0.13718201220035553,-0.08767068386077881,0.003041068596360219,0.1888667494058609,-0.06584173440933228,-0.021945449019256102,0.2069745808839798,-0.04780179262161255,-0.00378205250802921,0.182119682431221,-0.034468114376068115,0.00873526049923612,0.15018506348133087,-0.032017529010772705,0.007876893078503144,0.18687058985233307,0.0011274218559265137,-0.023361150602283942,0.19520704448223114,0.008341014385223389,-0.009946784431519973,0.16966120898723602,0.017957091331481934,0.004120325242695344,0.14349065721035004,0.019215524196624756,0.010973002334651483,boom
0.0,0.0,0.0,0.01911124587059021,-0.11828136444091797,-0.0011886615165508374,0.045599475502967834,-0.2155921459197998,-0.015487388786766587,0.06336697936058044,-0.3071277141571045,-0.02987110063889986,0.06745237112045288,-0.381104975938797,-0.040997631926927625,0.15780320763587952,-0.19857317209243774,-0.015804039393458424,0.18112382292747498,-0.15646982192993164,-0.008916366924438535,0.15692174434661865,-0.1308443546295166,-0.0021433237333781108,0.12886673212051392,-0.12690114974975586,-0.0004979583526960596,0.18047437071800232,-0.13323712348937988,-0.020203195591363965,0.19839054346084595,-0.10453230142593384,-0.00466316108116871,0.16896483302116394,-0.08981567621231079,0.002884931783285083,0.13745850324630737,-0.08748632669448853,0.0003197079723236129,0.18743929266929626,-0.06225508451461792,-0.021526575167570172,0.20438116788864136,-0.04688805341720581,-0.005419612941238938,0.17987489700317383,-0.0341910719871521,0.006799272648152055,0.14830633997917175,-0.031188488006591797,0.006460162266250791,0.1847200095653534,0.0041577816009521484,-0.023156305854115544,0.19270384311676025,0.008678436279296875,-0.011000870806071816,0.16813308000564575,0.018030643463134766,0.0030540434318595544,0.14268791675567627,0.02049654722213745,0.010339022534992637,boom
0.0,0.0,0.0,0.01814955472946167,-0.11601823568344116,0.00032323595240768555,0.04345017671585083,-0.21166753768920898,-0.013776304527539196,0.06074318289756775,-0.3031057119369507,-0.028069306492227497,0.06317169964313507,-0.37721383571624756,-0.03934209826530832,0.15373054146766663,-0.1971150040626526,-0.01835886980535406,0.1764526069164276,-0.15464413166046143,-0.01103995773138422,0.15262115001678467,-0.12781167030334473,-0.0027177807422162914,0.12456679344177246,-0.12325841188430786,2.7499030863964435e-05,0.17757588624954224,-0.1324363350868225,-0.023222560390252056,0.19509419798851013,-0.1026010513305664,-0.007242312516439142,0.1660904884338379,-0.08677923679351807,0.0014673880288569308,0.13472598791122437,-0.08438098430633545,-0.0004935367977054739,0.18533459305763245,-0.06176680326461792,-0.024572629808801594,0.20132949948310852,-0.04410064220428467,-0.007489205199647131,0.17700892686843872,-0.03091871738433838,0.005150403965842543,0.14586055278778076,-0.028430521488189697,0.004562512644213257,0.1832124888896942,0.004737734794616699,-0.02610420654656309,0.18943968415260315,0.013212800025939941,-0.01326616513671297,0.16467741131782532,0.022515177726745605,0.0004467905893648094,0.13935574889183044,0.023502111434936523,0.00707623236684185,boom
0.0,0.0,0.0,0.018884330987930298,-0.11699610948562622,0.0005903288852096011,0.04548867046833038,-0.21411865949630737,-0.012898378422050882,0.06264336407184601,-0.3056485652923584,-0.02665329479941647,0.06508997082710266,-0.3796422481536865,-0.03732832462856095,0.15616270899772644,-0.19991755485534668,-0.015491725293486525,0.18015027046203613,-0.15743082761764526,-0.007802613893090893,0.15600839257240295,-0.13129568099975586,-0.0001521422368568892,0.127567857503891,-0.12721490859985352,0.002100230545238446,0.17963063716888428,-0.13525837659835815,-0.02022549637922566,0.19843804836273193,-0.10554856061935425,-0.0034325277651987562,0.16927435994148254,-0.08997619152069092,0.004962450942457508,0.1375063955783844,-0.08776336908340454,0.002716246877298545,0.1871885359287262,-0.06458026170730591,-0.02163978980252068,0.20522207021713257,-0.046768009662628174,-0.003958173444061686,0.1808275580406189,-0.033914148807525635,0.008284294629902433,0.14901259541511536,-0.03180491924285889,0.00742801802834947,0.18496480584144592,0.0018066167831420898,-0.023209571254938055,0.19285571575164795,0.008905649185180664,-0.00991223787286799,0.16804832220077515,0.018306434154510498,0.003839125974536728,0.14222842454910278,0.01936095952987671,0.010503289873213362,boom
0.0,0.0,0.0,0.019744813442230225,-0.11757123470306396,-0.00012886729939509678,0.04697643220424652,-0.2148963212966919,-0.013979517685697829,0.0646619200706482,-0.30692172050476074,-0.027949749323056494,0.06796367466449738,-0.38137537240982056,-0.03864711599283055,0.15742850303649902,-0.20113492012023926,-0.015573759394214903,0.17983394861221313,-0.15706700086593628,-0.008724242279754435,0.15508747100830078,-0.13092494010925293,-0.001925176422560071,0.12632840871810913,-0.12683790922164917,-0.00022800308045134443,0.1807609498500824,-0.13624602556228638,-0.020395946519897734,0.19905027747154236,-0.10603594779968262,-0.004424496850447213,0.16959258913993835,-0.09037202596664429,0.003536076453997339,0.13768410682678223,-0.08811956644058228,0.0011714442460970531,0.188507080078125,-0.06516033411026001,-0.022052225487755095,0.20658394694328308,-0.047760069370269775,-0.005373555997834956,0.18181884288787842,-0.03467148542404175,0.006901198235823358,0.14976057410240173,-0.03226149082183838,0.006389750802441085,0.18636369705200195,0.0018001794815063477,-0.023924476298020636,0.19435951113700867,0.00798124074935913,-0.011346190067456519,0.1692967712879181,0.01765894889831543,0.002587941411434258,0.1433752179145813,0.019275307655334473,0.009627059271110738,boom
0.0,0.0,0.0,0.019034430384635925,-0.11655837297439575,-0.0007646648296031344,0.0451941043138504,-0.21309709548950195,-0.015044435203435569,0.062431082129478455,-0.30538755655288696,-0.029340517051878123,0.06565682590007782,-0.37971094250679016,-0.04043393795973316,0.1558474451303482,-0.19897300004959106,-0.016913386337819247,0.17863096296787262,-0.15383541584014893,-0.009685320124390273,0.15454243123531342,-0.12742358446121216,-0.0021827610175932932,0.12646131217479706,-0.12333524227142334,-7.394978410957265e-05,0.1792268604040146,-0.1339740753173828,-0.0214195664007093,0.19676844775676727,-0.10219717025756836,-0.005661800314101129,0.16672395169734955,-0.08721661567687988,0.0022971590083216142,0.13474853336811066,-0.08579319715499878,5.7914054650609614e-05,0.18690647184848785,-0.06275743246078491,-0.022630406819644122,0.20334289968013763,-0.045013427734375,-0.006026319038483052,0.1782458871603012,-0.03228580951690674,0.006435522999254317,0.14642994105815887,-0.030188262462615967,0.00612450410017118,0.18467779457569122,0.00389939546585083,-0.024083907060685306,0.19048814475536346,0.009681165218353271,-0.011534862496318965,0.1655404418706894,0.01916491985321045,0.002520482711133809,0.1399412900209427,0.020782947540283203,0.00972196339034781,boom
0.0,0.0,0.0,0.01801888644695282,-0.11618673801422119,0.0008359371392998582,0.04317779839038849,-0.21223974227905273,-0.012905951781476688,0.06056816875934601,-0.30392950773239136,-0.026977863354886722,0.06352134048938751,-0.377907395362854,-0.037930200068558406,0.1528092622756958,-0.1979389786720276,-0.01700147819360609,0.17537647485733032,-0.154327392578125,-0.009629089577401828,0.15101581811904907,-0.12724506855010986,-0.0013465197582718247,0.12246447801589966,-0.1227160096168518,0.0012898925167519337,0.1767408549785614,-0.13419890403747559,-0.022502113325799655,0.19429418444633484,-0.10188406705856323,-0.006510086549724292,0.16467425227165222,-0.08540791273117065,0.0020418300234723574,0.13327041268348694,-0.0835687518119812,-7.136231261029025e-06,0.1849684715270996,-0.06368350982666016,-0.02456857469519491,0.20183107256889343,-0.04295051097869873,-0.008027739083672714,0.17683833837509155,-0.029486477375030518,0.004423735471164036,0.14551493525505066,-0.027977049350738525,0.003832368220855642,0.18299347162246704,0.0032099485397338867,-0.02674695496102686,0.18925374746322632,0.013838589191436768,-0.014548055088425826,0.1638384759426117,0.023329436779022217,-0.0010079514061089867,0.13824528455734253,0.023391306400299072,0.005606908624713469,boom
0.0,0.0,0.0,0.019312143325805664,-0.11661070585250854,-0.0011778489154039562,0.045122891664505005,-0.21326470375061035,-0.015986529894007617,0.06235857307910919,-0.3056143522262573,-0.03060282372666734,0.06556721031665802,-0.38025936484336853,-0.041917346201671535,0.15552139282226562,-0.1970873475074768,-0.01864216082526582,0.1788748800754547,-0.15522783994674683,-0.011432856105102474,0.15431490540504456,-0.12903356552124023,-0.0037407335059924662,0.12572604417800903,-0.12514907121658325,-0.0015177948100699723,0.17771127820014954,-0.13126462697982788,-0.022713117085231715,0.19685328006744385,-0.10316836833953857,-0.006841487034989768,0.16776686906814575,-0.08784723281860352,0.0013910966060848295,0.13566485047340393,-0.08555454015731812,-0.0010892367156429827,0.18442219495773315,-0.06012451648712158,-0.02335990943743127,0.20332759618759155,-0.043549537658691406,-0.006655948486013585,0.17899921536445618,-0.03140449523925781,0.0060231985823975265,0.14648211002349854,-0.029492974281311035,0.005498938013033694,0.18181240558624268,0.006432890892028809,-0.024216428182853633,0.19154459238052368,0.012202322483062744,-0.011866898059679443,0.1663801372051239,0.02070438861846924,0.002248080663548535,0.13988730311393738,0.02146625518798828,0.009228167340324944,boom
0.0,0.0,0.0,0.01807093620300293,-0.11585021018981934,0.00032273529308213256,0.04298049211502075,-0.21063494682312012,-0.013952706759084776,0.05926382541656494,-0.3011181950569153,-0.028467805874754504,0.061697378754615784,-0.3750726878643036,-0.039944425043870524,0.15157663822174072,-0.194729745388031,-0.018093861458112315,0.17612281441688538,-0.1547582745552063,-0.01132842787097843,0.15252551436424255,-0.1285949945449829,-0.0035875558901921067,0.12423744797706604,-0.12457245588302612,-0.0010680429919034395,0.17428982257843018,-0.12983208894729614,-0.023171108034659937,0.19423478841781616,-0.10233116149902344,-0.007130257603932932,0.1654798686504364,-0.08683794736862183,0.0016715939340770092,0.13337308168411255,-0.08467566967010498,-0.00033750416383782067,0.18173715472221375,-0.05920684337615967,-0.02486293931048067,0.20086881518363953,-0.04284936189651489,-0.00759731494378002,0.17664885520935059,-0.029883623123168945,0.005443868874351665,0.1445862352848053,-0.027666926383972168,0.004969538836519405,0.17957442998886108,0.007582128047943115,-0.02675744686763437,0.18877169489860535,0.014698684215545654,-0.013767629680444315,0.16367098689079285,0.023564398288726807,0.0005400554577477124,0.1373310685157776,0.024236738681793213,0.007484690933267757,boom
0.0,0.0,0.0,0.019603222608566284,-0.11735320091247559,0.0005544218699355952,0.04526422917842865,-0.21284198760986328,-0.013601297210072971,0.061363622546195984,-0.3035200238227844,-0.02795776135764072,0.06316469609737396,-0.37773171067237854,-0.039207305456613994,0.15481114387512207,-0.19638490676879883,-0.017417799378847576,0.17969071865081787,-0.1550573706626892,-0.009810707229291893,0.1556098759174347,-0.1285322904586792,-0.0017720046919862398,0.1270492672920227,-0.12438732385635376,0.0007273779598904184,0.17722919583320618,-0.1310255527496338,-0.022398680145954586,0.19766339659690857,-0.10250163078308105,-0.005669697350924707,0.16913142800331116,-0.08677417039871216,0.003088295762324833,0.13711673021316528,-0.08479076623916626,0.0008472040760238997,0.18404224514961243,-0.06031292676925659,-0.023877979884957767,0.2035524845123291,-0.04313468933105469,-0.005802572402274109,0.17961391806602478,-0.030753016471862793,0.00733610831656506,0.1475730538368225,-0.029463469982147217,0.006729345139945053,0.18113493919372559,0.005996227264404297,-0.025530047412132717,0.19160109758377075,0.012945473194122314,-0.011748068663393951,0.16688543558120728,0.021050631999969482,0.0029313404344861738,0.14067259430885315,0.020664989948272705,0.009966157679343723,boom
0.0,0.0,0.0,0.01903948187828064,-0.11624139547348022,0.0007688132802172731,0.04420429468154907,-0.21113044023513794,-0.013725689171053546,0.06005771458148956,-0.3015003800392151,-0.02862648249248423,0.0621306449174881,-0.375797837972641,-0.040525340965189116,0.15280936658382416,-0.19523310661315918,-0.017536988040603774,0.17773206532001495,-0.15443134307861328,-0.011277997424997466,0.15395979583263397,-0.12790614366531372,-0.004323530966587441,0.12542150914669037,-0.12378418445587158,-0.0023810304945186545,0.1754070669412613,-0.13015377521514893,-0.022971806606449263,0.19637639820575714,-0.1025615930557251,-0.007402355807073491,0.16740988194942474,-0.08705419301986694,0.001089563452467246,0.13473762571811676,-0.08519953489303589,-0.0010864530002550055,0.18267305195331573,-0.05976992845535278,-0.025038545509971755,0.202748641371727,-0.04270452260971069,-0.007745942590929644,0.1782277673482895,-0.030009567737579346,0.005482978628776891,0.14559520781040192,-0.028478920459747314,0.005074719874016864,0.18025697767734528,0.006516993045806885,-0.027318881383337157,0.18956388533115387,0.014434576034545898,-0.01431540541926779,0.16438297927379608,0.023252546787261963,0.00010103045968890001,0.1378466635942459,0.02329564094543457,0.0070992940792962145,boom
0.0,0.0,0.0,0.019891977310180664,-0.11697137355804443,0.00017603763831175456,0.04510481655597687,-0.21252965927124023,-0.014607850514721576,0.06113356351852417,-0.3031689524650574,-0.02964184438474149,0.06354206800460815,-0.37748727202415466,-0.041583163716268245,0.1536273956298828,-0.1964624524116516,-0.018248243309926693,0.17955657839775085,-0.1553795337677002,-0.012058265559744541,0.15567666292190552,-0.12848573923110962,-0.0050745951537010114,0.1269317865371704,-0.12428086996078491,-0.0031180221646991413,0.17644137144088745,-0.13090389966964722,-0.02326701400465936,0.19760861992835999,-0.1028289794921875,-0.007763680588823263,0.1690872311592102,-0.08692777156829834,0.0005915474669109244,0.13675570487976074,-0.08491069078445435,-0.0017367950001698773,0.18383726477622986,-0.06035810708999634,-0.02493118686265916,0.20388171076774597,-0.04260915517807007,-0.007717774302136604,0.17973220348358154,-0.030109941959381104,0.0052456724863532145,0.14733409881591797,-0.02872157096862793,0.004667424544322785,0.18165189027786255,0.005938231945037842,-0.02682315377182931,0.19097086787223816,0.014273107051849365,-0.013894958474111263,0.16584786772727966,0.02273935079574585,0.0002311826158347685,0.1395282745361328,0.022520899772644043,0.007030263024944361,boom
0.0,0.0,0.0,0.01882322132587433,-0.11699932813644409,-0.0007656772616542185,0.044103264808654785,-0.21268033981323242,-0.0155949925650134,0.06047436594963074,-0.3034840226173401,-0.030352585727371206,0.06300337612628937,-0.3776783347129822,-0.04194749031404399,0.15446224808692932,-0.19622892141342163,-0.01938157599607848,0.17794233560562134,-0.15666329860687256,-0.013145137356616488,0.15439754724502563,-0.130376935005188,-0.0060112115573360825,0.12619265913963318,-0.12567782402038574,-0.003978295030094614,0.1771191656589508,-0.1305924654006958,-0.023808606678642263,0.1968533992767334,-0.10490500926971436,-0.008323623577155104,0.16841137409210205,-0.08962875604629517,0.00018772250376741795,0.13643887639045715,-0.0871347188949585,-0.0020177697409167195,0.18399563431739807,-0.059992849826812744,-0.024883189016975393,0.20313367247581482,-0.044524192810058594,-0.008048479223646154,0.17918401956558228,-0.032295942306518555,0.0048021750878319835,0.1469428837299347,-0.03031545877456665,0.004270624591015348,0.18109238147735596,0.006255149841308594,-0.02623207006791972,0.19013455510139465,0.01314401626586914,-0.013703078741230001,0.16543817520141602,0.021558284759521484,0.0002493675162327236,0.13930976390838623,0.02194654941558838,0.007023338915757904,boom
0.0,0.0,0.0,0.018744856119155884,-0.11649656295776367,-0.00034378846976323985,0.04438669979572296,-0.21151334047317505,-0.01512377106337226,0.0607694536447525,-0.30219048261642456,-0.030047090283915168,0.06294068694114685,-0.37669599056243896,-0.04189973280517734,0.15429753065109253,-0.19694316387176514,-0.017871718413516646,0.1788843870162964,-0.15571218729019165,-0.011690632931276923,0.15539127588272095,-0.12924325466156006,-0.005025530259445077,0.12728214263916016,-0.1248512864112854,-0.0032665590078977402,0.1772657334804535,-0.1314297318458557,-0.02267825000672019,0.19748428463935852,-0.1040804386138916,-0.00697527502416051,0.16868165135383606,-0.08865171670913696,0.0012670950709434692,0.13634338974952698,-0.08665084838867188,-0.001036285681038862,0.18459290266036987,-0.0606536865234375,-0.02424363189129508,0.20381692051887512,-0.04391658306121826,-0.007115870739653474,0.17954304814338684,-0.03135603666305542,0.005575317863986129,0.1472276747226715,-0.029763638973236084,0.004945172437146539,0.18211600184440613,0.005757808685302734,-0.026082787222549086,0.19077861309051514,0.01295536756515503,-0.01319364507435239,0.1656915843486786,0.021617233753204346,0.0008840834234433714,0.13911443948745728,0.02187204360961914,0.007741249140963191,boom
0.0,0.0,0.0,0.019158482551574707,-0.11750704050064087,0.0010693150382223848,0.044808462262153625,-0.21213215589523315,-0.01323782440314858,0.06090173125267029,-0.30240505933761597,-0.028016269877952027,0.06282857060432434,-0.3768879473209381,-0.03981484912375777,0.15441322326660156,-0.19841116666793823,-0.015959436744850564,0.17896971106529236,-0.15697813034057617,-0.009337929748397755,0.15548810362815857,-0.13045185804367065,-0.002744217841353702,0.12727925181388855,-0.12605732679367065,-0.0011001563122761127,0.177738755941391,-0.13324075937271118,-0.021450700909298348,0.19774922728538513,-0.10629034042358398,-0.0052963422801610704,0.16924095153808594,-0.09090912342071533,0.002759862020212722,0.13699126243591309,-0.08871591091156006,0.00024999002769732215,0.18514218926429749,-0.06259936094284058,-0.02359731935004561,0.20410960912704468,-0.04655468463897705,-0.005857244339239287,0.17997154593467712,-0.03383356332778931,0.006995198111582113,0.14782452583312988,-0.03208738565444946,0.006351188551235509,0.1826913058757782,0.003877580165863037,-0.025933668688338685,0.19191253185272217,0.010402321815490723,-0.012299839146834302,0.16687577962875366,0.019203126430511475,0.002290544127646399,0.14028435945510864,0.019513607025146484,0.009389054290551258,boom
0.0,0.0,0.0,0.019035667181015015,-0.11642026901245117,-0.0005944521752780929,0.04457278549671173,-0.21195435523986816,-0.015134258405737455,0.06083923578262329,-0.30285489559173584,-0.02976857239889341,0.06264375150203705,-0.37689298391342163,-0.041314377659432466,0.1546168327331543,-0.19746577739715576,-0.01715525167571741,0.17958280444145203,-0.15450811386108398,-0.010449757078163202,0.1557493507862091,-0.12824547290802002,-0.0036006290237082794,0.12756407260894775,-0.12444162368774414,-0.001903736126109834,0.17786508798599243,-0.13236397504806519,-0.02185897456990915,0.19771644473075867,-0.10221219062805176,-0.006219610316179569,0.16884666681289673,-0.08682698011398315,0.0015238459683359906,0.13691723346710205,-0.08529019355773926,-0.0010874597127212837,0.18550866842269897,-0.061855852603912354,-0.023337175348274286,0.20417040586471558,-0.04291796684265137,-0.006531254598371561,0.17972394824028015,-0.03076404333114624,0.005650372034438078,0.14772582054138184,-0.0297052264213562,0.004856467037029688,0.18346774578094482,0.0039768218994140625,-0.025088408240549143,0.19234353303909302,0.011823713779449463,-0.012442748272292192,0.1672699749469757,0.02071017026901245,0.0013887819596902773,0.14103105664253235,0.0209885835647583,0.00817606111479563,boom
0.0,0.0,0.0,0.018291935324668884,-0.11660611629486084,-0.0008498745509655237,0.04315648972988129,-0.211350679397583,-0.015822101128776467,0.058898523449897766,-0.3018977642059326,-0.03077826995917121,0.060645297169685364,-0.37627723813056946,-0.042710970831592476,0.15269194543361664,-0.1962476372718811,-0.019051491958578026,0.17633874714374542,-0.1570104956626892,-0.012604453345318234,0.15309812128543854,-0.13053792715072632,-0.0054880601591662526,0.12515877187252045,-0.12587445974349976,-0.0034796420722500443,0.17599926888942719,-0.13067948818206787,-0.02338248465724746,0.19542904198169708,-0.10546547174453735,-0.008010932920058167,0.16720913350582123,-0.09029299020767212,0.00013398622928662007,0.13521210849285126,-0.08754539489746094,-0.0022597654960350155,0.1833684891462326,-0.060274600982666016,-0.024359635753114617,0.2018372267484665,-0.044960081577301025,-0.007474400313128626,0.1779528707265854,-0.032597362995147705,0.005022311373124921,0.1457758992910385,-0.030237197875976562,0.0042518365890487075,0.1811857670545578,0.005637645721435547,-0.02561450724073211,0.18977756798267365,0.012299180030822754,-0.013063952071149743,0.16481508314609528,0.020979762077331543,0.0006852619345067978,0.13837240636348724,0.021820902824401855,0.007304112216900194,boom
0.0,0.0,0.0,0.01893766224384308,-0.11761832237243652,-0.00016666150855826345,0.04449722170829773,-0.21353524923324585,-0.014344569639945348,0.060327425599098206,-0.3040565252304077,-0.028666500346446355,0.06212487816810608,-0.37858524918556213,-0.03989676048018964,0.15458258986473083,-0.19838595390319824,-0.01627822068491014,0.17735496163368225,-0.1579863429069519,-0.009011562326634248,0.1532641053199768,-0.13140755891799927,-0.0019270646103564104,0.12479907274246216,-0.12685024738311768,-0.00015385810780799147,0.17798441648483276,-0.13296949863433838,-0.02099671808042558,0.19613942503929138,-0.10546880960464478,-0.004762679682755788,0.16760805249214172,-0.08958423137664795,0.0029739205542114178,0.13571909070014954,-0.08698874711990356,0.00010395221528369802,0.18540382385253906,-0.06250524520874023,-0.02243790251174005,0.2029096782207489,-0.044665396213531494,-0.005112838344359716,0.17881309986114502,-0.032240092754364014,0.006913851602291743,0.14691609144210815,-0.030677855014801025,0.005737321107005755,0.18300804495811462,0.003516256809234619,-0.02412111346581014,0.19128897786140442,0.011973381042480469,-0.011128576816702207,0.16610297560691833,0.02033066749572754,0.00261447637370793,0.13971498608589172,0.020256996154785156,0.009102363726412932,boom
0.0,0.0,0.0,-0.011711686849594116,-0.12827205657958984,-0.007439839782534818,-0.008622825145721436,-0.240014910697937,-0.0216492951273608,-0.0002474784851074219,-0.335385799407959,-0.034018572083084564,-0.0053129494190216064,-0.40502816438674927,-0.0422047075241494,0.1190866231918335,-0.2445615530014038,-0.01778420213457821,0.1372678279876709,-0.24599385261535645,-0.006325254811315517,0.11010479927062988,-0.21566671133041382,0.0032255007993740037,0.08335059881210327,-0.19510895013809204,0.006219298915596028,0.15631777048110962,-0.18891280889511108,-0.016724040394990425,0.17020714282989502,-0.201277494430542,0.0008301248183784082,0.14326950907707214,-0.18100476264953613,0.008667107076973934,0.11756312847137451,-0.1581195592880249,0.005889592097730656,0.176669180393219,-0.12599211931228638,-0.012437475508420448,0.19543027877807617,-0.14583832025527954,0.004545492922545691,0.17246046662330627,-0.13074970245361328,0.015860673376948853,0.14405351877212524,-0.10885447263717651,0.014794892968268414,0.1878221035003662,-0.0643652081489563,-0.008613514377145748,0.20152944326400757,-0.08959931135177612,0.0029527490135592416,0.17671138048171997,-0.07690197229385376,0.016809782350094338,0.15402483940124512,-0.057397544384002686,0.024176637047560234,boom
0.0,0.0,0.0,-0.012923762202262878,-0.12731695175170898,-0.00873776706936269,-0.010061904788017273,-0.23870110511779785,-0.023545012763463546,-0.0026511400938034058,-0.33368557691574097,-0.03609126336010604,-0.00865490734577179,-0.4033879041671753,-0.04446030310424476,0.1171882301568985,-0.24510067701339722,-0.019682682073437263,0.13407693803310394,-0.24600434303283691,-0.00876772771658807,0.10710842907428741,-0.21495866775512695,0.0003787966729191794,0.08113507926464081,-0.1933002471923828,0.0031922583461323484,0.15471689403057098,-0.1891244649887085,-0.017972919112764885,0.1682967096567154,-0.20182335376739502,-0.00066644117538317,0.14068858325481415,-0.18081963062286377,0.007231288169748495,0.11500747501850128,-0.1574508547782898,0.004550915257311772,0.17538712918758392,-0.12574756145477295,-0.013093092432939102,0.1950947493314743,-0.1465420126914978,0.0035038525697359546,0.171163871884346,-0.13097494840621948,0.014811944262362431,0.14258448779582977,-0.10887479782104492,0.013804445089078854,0.18680442869663239,-0.06344270706176758,-0.008685362479411651,0.20093600451946259,-0.09025615453720093,0.0025575536296287282,0.1753985732793808,-0.07737070322036743,0.016507928305543373,0.15249888598918915,-0.05786091089248657,0.0239454368588099,boom
0.0,0.0,0.0,-0.012683376669883728,-0.12761390209197998,-0.005980671595466447,-0.008998394012451172,-0.23900127410888672,-0.01938955739854009,-0.0019037425518035889,-0.3341699242591858,-0.031137165359837127,-0.008878886699676514,-0.4036175012588501,-0.038877906955463004,0.11833703517913818,-0.2453092336654663,-0.016247790984493804,0.1372298002243042,-0.24444305896759033,-0.003664642551598263,0.1108366847038269,-0.21333593130111694,0.006270264063346076,0.0848594605922699,-0.1928512454032898,0.009413363665657926,0.15596985816955566,-0.19036191701889038,-0.015617155216318679,0.16978496313095093,-0.20010042190551758,0.003828345353099394,0.14280745387077332,-0.17882704734802246,0.012298405424076009,0.11748796701431274,-0.15639132261276245,0.009536727585214066,0.17686748504638672,-0.12748539447784424,-0.011612693525535178,0.19541719555854797,-0.14548921585083008,0.0072347659360048056,0.17225047945976257,-0.1297397017478943,0.018933535807150292,0.14418742060661316,-0.10873699188232422,0.01758108034016459,0.18845197558403015,-0.06596928834915161,-0.00796461452512176,0.20296195149421692,-0.09086054563522339,0.005423516288715291,0.17790982127189636,-0.07776069641113281,0.020172837443965363,0.1550692319869995,-0.05877697467803955,0.027717416428345132,boom
0.0,0.0,0.0,-0.012068450450897217,-0.12733113765716553,-0.006407822260484863,-0.009014889597892761,-0.23676466941833496,-0.02050220152534621,-0.0033815354108810425,-0.3319753408432007,-0.03283870523966925,-0.0114937424659729,-0.40238457918167114,-0.04121074756778853,0.11724282801151276,-0.24522799253463745,-0.0171760462800421,0.1335708051919937,-0.24282991886138916,-0.004571680689082314,0.10699556767940521,-0.21074265241622925,0.005100010184719395,0.08177454769611359,-0.18957805633544922,0.00792662123046739,0.1548936814069748,-0.1901494264602661,-0.016378722397462298,0.16734002530574799,-0.19888615608215332,0.0031266077311329354,0.1399398297071457,-0.17745256423950195,0.011304036470278334,0.11494500935077667,-0.15484774112701416,0.00823012621901853,0.1754501312971115,-0.12664926052093506,-0.012089328152910639,0.19321613013744354,-0.1441977620124817,0.006827531138583254,0.16966359317302704,-0.12845176458358765,0.01835081795059068,0.14174853265285492,-0.10707324743270874,0.016811721714361738,0.1868128627538681,-0.06442010402679443,-0.008153014128879477,0.20102401077747345,-0.0897490382194519,0.005450832413657736,0.1758047193288803,-0.07727056741714478,0.020352299081309866,0.1529727429151535,-0.05819547176361084,0.027930804284437727,boom
0.0,0.0,0.0,-0.01340264081954956,-0.1276642084121704,-0.007127577116989414,-0.010962411761283875,-0.2372012734413147,-0.021675265537851374,-0.005731210112571716,-0.3325631022453308,-0.034274927484148066,-0.015328735113143921,-0.40284234285354614,-0.04290504302298359,0.11570185422897339,-0.2451390027999878,-0.01788790072714619,0.13276520371437073,-0.24302619695663452,-0.005357333136998932,0.10631582140922546,-0.21069592237472534,0.004343127222455223,0.08117815852165222,-0.18987125158309937,0.007176360437370022,0.1531968116760254,-0.19016897678375244,-0.016465359511130373,0.16596847772598267,-0.1995564103126526,0.0029076322407490807,0.13869553804397583,-0.17819249629974365,0.011192099047548254,0.11411085724830627,-0.15598976612091064,0.008176760604328592,0.173514723777771,-0.12704694271087646,-0.011550743276529829,0.1918550729751587,-0.14530646800994873,0.007216881816930254,0.16842064261436462,-0.1294834017753601,0.018723807153946836,0.14058291912078857,-0.10803478956222534,0.017208971870786627,0.18490618467330933,-0.06525623798370361,-0.006989153245740454,0.19899433851242065,-0.09067016839981079,0.006333853440082748,0.17371270060539246,-0.07774114608764648,0.02115343589866825,0.15109848976135254,-0.05855458974838257,0.02874102708483406,boom
0.0,0.0,0.0,-0.014442086219787598,-0.12689203023910522,-0.007229660592997789,-0.01269550621509552,-0.2369418740272522,-0.020895720880503177,-0.007023513317108154,-0.332220196723938,-0.032288928937191486,-0.015452563762664795,-0.4011649787425995,-0.03956072540211153,0.11411741375923157,-0.2457316517829895,-0.018554040651793002,0.1316792368888855,-0.24457573890686035,-0.005004420366162776,0.10576120018959045,-0.2126496434211731,0.006182640369956971,0.0799022912979126,-0.19275087118148804,0.010057247754161835,0.15138205885887146,-0.192491352558136,-0.01669039526211691,0.16403794288635254,-0.20081061124801636,0.003360463816648007,0.13705894351005554,-0.1790710687637329,0.012061398055379868,0.11204671859741211,-0.15772747993469238,0.009362201716726304,0.1721712350845337,-0.13032758235931396,-0.011216233905429362,0.19034060835838318,-0.14782017469406128,0.00788240930808115,0.16701671481132507,-0.13165587186813354,0.018961856652026654,0.13896635174751282,-0.11065793037414551,0.017181227494006635,0.18434759974479675,-0.0685272216796875,-0.006073152601743459,0.19763553142547607,-0.09289926290512085,0.006908619821047068,0.17265626788139343,-0.0791698694229126,0.02099040946734476,0.1501745879650116,-0.059931159019470215,0.028200280431633473,boom
0.0,0.0,0.0,-0.01452973484992981,-0.1283586621284485,-0.007533118296180419,-0.012673795223236084,-0.2389911413192749,-0.021076448429141692,-0.008234083652496338,-0.333919882774353,-0.032159842718158416,-0.017145156860351562,-0.4026997685432434,-0.03908223303011482,0.11450785398483276,-0.24660176038742065,-0.018735960293327025,0.12792930006980896,-0.24854397773742676,-0.004419549535725764,0.10193675756454468,-0.21623164415359497,0.007185648028041669,0.07782542705535889,-0.1940608024597168,0.011141708884622403,0.15204954147338867,-0.19363921880722046,-0.016395654696736983,0.1622137427330017,-0.20633316040039062,0.00349660038040156,0.13542690873146057,-0.18465054035186768,0.01211316773691351,0.11175793409347534,-0.16119647026062012,0.009483019653941938,0.17265641689300537,-0.13189542293548584,-0.010302758011732749,0.18912619352340698,-0.15344303846359253,0.008647062648321935,0.16582155227661133,-0.13775771856307983,0.019497066568817445,0.1386796236038208,-0.11498898267745972,0.017699194904650994,0.18444615602493286,-0.07062792778015137,-0.00448050413257306,0.1966029405593872,-0.0983540415763855,0.008340076375986882,0.17151466012001038,-0.08532464504241943,0.0222442409212249,0.14955037832260132,-0.0647878646850586,0.02941189875849659,boom
0.0,0.0,0.0,-0.014670714735984802,-0.12967658042907715,-0.007070277222169352,-0.01314498484134674,-0.23779255151748657,-0.02152012787826152,-0.009754166007041931,-0.33232903480529785,-0.0336604820198545,-0.019588693976402283,-0.40166518092155457,-0.04179251879520507,0.11294536292552948,-0.24803423881530762,-0.020548806861711455,0.12517531216144562,-0.25052332878112793,-0.0071871321282515055,0.09952084720134735,-0.21725600957870483,0.003933016340511131,0.07558108866214752,-0.19358676671981812,0.007720168809669303,0.15109054744243622,-0.1954106092453003,-0.01874617800183387,0.15921162068843842,-0.2088112235069275,0.000609759662097531,0.13226522505283356,-0.18628334999084473,0.008958425968216943,0.10915179550647736,-0.16194432973861694,0.006069767884241628,0.17219828069210052,-0.13356292247772217,-0.012975544073356104,0.18672068417072296,-0.15659183263778687,0.005666064693855333,0.16314448416233063,-0.140220046043396,0.016681234016346025,0.136285200715065,-0.11673414707183838,0.01490848757259755,0.18419207632541656,-0.07213497161865234,-0.007395747919304085,0.1952083855867386,-0.10054773092269897,0.005211557391362476,0.17006130516529083,-0.08708769083023071,0.019481918438600587,0.14822037518024445,-0.06606882810592651,0.02695002652637868,boom
0.0,0.0,0.0,-0.015882909297943115,-0.1279994249343872,-0.00855185838605621,-0.015418916940689087,-0.23485946655273438,-0.02451646236892202,-0.013119786977767944,-0.3302839398384094,-0.03824862001653173,-0.024626970291137695,-0.4011189341545105,-0.04812049774642446,0.11246857047080994,-0.24857699871063232,-0.01987704543586233,0.12278768420219421,-0.25186604261398315,-0.00782368613596418,0.09708011150360107,-0.21789473295211792,0.001401963972455178,0.07382902503013611,-0.19349288940429688,0.003978430272979949,0.15079668164253235,-0.19620096683502197,-0.01765981598015287,0.1575385332107544,-0.21043270826339722,0.00033512523208401035,0.13037925958633423,-0.18750476837158203,0.007278113139761899,0.10771793127059937,-0.16210371255874634,0.003661405041782473,0.17184680700302124,-0.13485604524612427,-0.011746987720982816,0.1844887137413025,-0.15843451023101807,0.005947057602895711,0.16111403703689575,-0.14202964305877686,0.016501764746351455,0.13488194346427917,-0.11776721477508545,0.014759234132213805,0.18409046530723572,-0.07472878694534302,-0.006210971644179608,0.19452142715454102,-0.10391968488693237,0.006126879693908904,0.16942298412322998,-0.09010666608810425,0.020448870005054687,0.14771732687950134,-0.06833314895629883,0.028085171224518035,boom
0.0,0.0,0.0,-0.016385599970817566,-0.1282482147216797,-0.005859123412960798,-0.016025468707084656,-0.23378831148147583,-0.021360294297778637,-0.01462295651435852,-0.32929736375808716,-0.03542220532938245,-0.027402803301811218,-0.39979976415634155,-0.04589959919496778,0.1099817305803299,-0.2526516318321228,-0.017240158617937595,0.12293384969234467,-0.2529795169830322,-0.006613033228063614,0.09733782708644867,-0.21786350011825562,0.0006812625350676171,0.07391349971294403,-0.19339483976364136,0.002092623980274766,0.14895431697368622,-0.20063531398773193,-0.01689418718262914,0.15784449875354767,-0.21256417036056519,0.0009389846371732347,0.13051600754261017,-0.18859726190567017,0.007555525879865854,0.10726375877857208,-0.16317260265350342,0.0037092351257115297,0.1709248572587967,-0.13889306783676147,-0.01292038463100198,0.1855841428041458,-0.16126227378845215,0.004888323731279343,0.16211633384227753,-0.1436138153076172,0.015745880677854984,0.13543106615543365,-0.11927860975265503,0.014170361347055405,0.18384964764118195,-0.07814311981201172,-0.009215903804147274,0.1953391283750534,-0.10623681545257568,0.003593524815073579,0.17031465470790863,-0.09141170978546143,0.018426029607212513,0.1484721451997757,-0.0696258544921875,0.02637429222420451,boom
0.0,0.0,0.0,-0.01921321451663971,-0.12791943550109863,-0.007827662091870025,-0.019267484545707703,-0.23487675189971924,-0.02367408496530743,-0.016879290342330933,-0.330676794052124,-0.037513670671899035,-0.028888002038002014,-0.40169209241867065,-0.04762512927146645,0.1101674884557724,-0.25544631481170654,-0.01866137904318066,0.12199454009532928,-0.2566249370574951,-0.007413322266359046,0.09658737480640411,-0.2213670015335083,0.00028914942203073224,0.07339923083782196,-0.1962924599647522,0.001770895512606785,0.14971543848514557,-0.20321136713027954,-0.01735912186296673,0.1572338193655014,-0.21579039096832275,0.0006010288049651535,0.13036935031414032,-0.19155830144882202,0.007147343668918893,0.10731475055217743,-0.1656520962715149,0.0031967636456897708,0.17184384167194366,-0.14140236377716064,-0.01252926902117224,0.18489424884319305,-0.16434413194656372,0.00500535064173846,0.16173328459262848,-0.14670944213867188,0.015557770456950948,0.1353268176317215,-0.12205159664154053,0.013783010493796155,0.18480144441127777,-0.08084356784820557,-0.008096163321454242,0.19487278163433075,-0.10935556888580322,0.003944002397190616,0.17003454267978668,-0.09461355209350586,0.018162528823893354,0.14848817884922028,-0.07274007797241211,0.025749872278254315,boom
0.0,0.0,0.0,-0.01902620494365692,-0.12736976146697998,-0.005976811969901519,-0.01996093988418579,-0.23460876941680908,-0.02132955099108358,-0.019154638051986694,-0.33134323358535767,-0.035242308849717574,-0.033508509397506714,-0.4021369218826294,-0.04547730925145288,0.10678219795227051,-0.2587321996688843,-0.016116068685676055,0.1217203438282013,-0.2571561336517334,-0.005461023641998963,0.09671968221664429,-0.22064894437789917,0.0015475677919880582,0.07287022471427917,-0.19582796096801758,0.0027735666499779654,0.1472029685974121,-0.20788216590881348,-0.015727263862515883,0.15692046284675598,-0.217085599899292,0.002644023405139251,0.13032302260398865,-0.1913798451423645,0.009358060559009118,0.10703295469284058,-0.1660761833190918,0.0055228513793394995,0.17064550518989563,-0.1466037631034851,-0.011885793866838412,0.1845492720603943,-0.16597223281860352,0.006322291692470117,0.1616119146347046,-0.14692723751068115,0.017146999960516496,0.13485321402549744,-0.12270927429199219,0.015493935918186708,0.18491694331169128,-0.08630573749542236,-0.008401691900814967,0.19521984457969666,-0.11145675182342529,0.004850539857272906,0.17038416862487793,-0.09533590078353882,0.019617327501748605,0.14858874678611755,-0.07373124361038208,0.027453781118367715,boom
0.0,0.0,0.0,-0.020004063844680786,-0.12715685367584229,-0.007825754546047392,-0.0217740535736084,-0.2359434962272644,-0.023686239459038916,-0.02072809636592865,-0.33289939165115356,-0.037574451379896345,-0.03478245437145233,-0.4038492441177368,-0.04749609898817653,0.10590824484825134,-0.26041603088378906,-0.018812894784332457,0.12176975607872009,-0.26084715127944946,-0.007915478162885847,0.09698203206062317,-0.2241075038909912,-9.448730224903557e-05,0.07315096259117126,-0.1988704800605774,0.0015549514578196977,0.146569162607193,-0.20971965789794922,-0.017743352763773146,0.1576666533946991,-0.22103703022003174,0.00023981332969924551,0.13152137398719788,-0.19512701034545898,0.007239077742724476,0.1082334816455841,-0.16923832893371582,0.003653588974430022,0.1705116629600525,-0.14876294136047363,-0.013216970451594534,0.1863814890384674,-0.16958171129226685,0.0043643708709169005,0.16377219557762146,-0.15068262815475464,0.01540251545566207,0.13713738322257996,-0.12604361772537231,0.013947041742085275,0.1852605640888214,-0.08832359313964844,-0.009117231667460146,0.19761300086975098,-0.11615633964538574,0.003178647290496883,0.17257454991340637,-0.10042339563369751,0.01790431145536786,0.1504324972629547,-0.07850372791290283,0.025799129195092974,boom
0.0,0.0,0.0,-0.020255103707313538,-0.12602996826171875,-0.006794464650113241,-0.02358357608318329,-0.23625200986862183,-0.02180695102225627,-0.023496434092521667,-0.33316510915756226,-0.035022727555144684,-0.03838770091533661,-0.40317797660827637,-0.04424608812342967,0.1030094176530838,-0.2618620991706848,-0.01799942680310096,0.12338267266750336,-0.2588837742805481,-0.007086592136431591,0.09902359545230865,-0.22223466634750366,0.0010894696540049154,0.07431362569332123,-0.19912058115005493,0.003101155984666093,0.1435413807630539,-0.2112513780593872,-0.017310231334079162,0.1593279093503952,-0.21932154893875122,0.0012468019346556503,0.13349275290966034,-0.1925734281539917,0.00923093560476218,0.109138622879982,-0.1680440902709961,0.006300842048119648,0.16796569526195526,-0.1503821611404419,-0.013263697145987408,0.18764545023441315,-0.16766929626464844,0.0048928243419936734,0.16498543322086334,-0.14783382415771484,0.016595410773049935,0.13748715817928314,-0.12458199262619019,0.015480068170916184,0.1834997981786728,-0.08979988098144531,-0.00960815825175132,0.19771771132946014,-0.11495792865753174,0.0034369680876693565,0.17271725833415985,-0.09806692600250244,0.018501498395096405,0.15041936933994293,-0.07740694284439087,0.026424013668190582,boom
0.0,0.0,0.0,-0.021400198340415955,-0.12624621391296387,-0.007682651886227632,-0.02543121576309204,-0.23539870977401733,-0.022889795852336192,-0.026635318994522095,-0.3316197395324707,-0.03599429423871925,-0.04253843426704407,-0.4008210599422455,-0.045115451467665935,0.10093149542808533,-0.26044511795043945,-0.020985751552018428,0.1208999752998352,-0.25613516569137573,-0.010017023561033511,0.09702754020690918,-0.219748854637146,-0.0011697946111439705,0.07275083661079407,-0.19667553901672363,0.0012462627846048235,0.14238229393959045,-0.20878064632415771,-0.019999678385886455,0.15724319219589233,-0.2169685959815979,-0.001769125600787902,0.13146090507507324,-0.19131410121917725,0.006247784803179002,0.10745379328727722,-0.1671832799911499,0.003310987586644387,0.16721713542938232,-0.14715653657913208,-0.015431821485492492,0.18529075384140015,-0.1664486527442932,0.0023429939528227806,0.1628340482711792,-0.14735907316207886,0.014019342000153756,0.13574671745300293,-0.1237221360206604,0.012871883670356965,0.1821829080581665,-0.08659547567367554,-0.01126225306603601,0.194739431142807,-0.11307400465011597,0.0011802897560642123,0.1704968810081482,-0.09675973653793335,0.01611745436724732,0.14868277311325073,-0.07563668489456177,0.02404923816260407,boom
0.0,0.0,0.0,-0.021004915237426758,-0.12533283233642578,-0.006469043716322176,-0.025661081075668335,-0.23435699939727783,-0.021614496875088207,-0.02669733762741089,-0.3305467963218689,-0.034825873840134136,-0.042250365018844604,-0.39940500259399414,-0.044084136653225414,0.09947860240936279,-0.2587096095085144,-0.02244635792402505,0.11939674615859985,-0.2543491721153259,-0.011716076451818935,0.0961652398109436,-0.21745562553405762,-0.0024777029636311454,0.07214096188545227,-0.194588303565979,0.0003087175257974195,0.1407756805419922,-0.20858752727508545,-0.021968790608923427,0.15608161687850952,-0.21514785289764404,-0.0033275529737579745,0.1305658221244812,-0.1888931393623352,0.005472823232878454,0.10650378465652466,-0.16529035568237305,0.002886213781778224,0.1659563183784485,-0.14760619401931763,-0.01767770135728597,0.1837175488471985,-0.16447317600250244,0.0007644731788900572,0.16165989637374878,-0.14486390352249146,0.012863468099851616,0.13449272513389587,-0.12143349647521973,0.011719695944805153,0.1815212368965149,-0.08714556694030762,-0.01375348893878936,0.19343465566635132,-0.10952430963516235,-0.0009299892578269464,0.16962552070617676,-0.09268522262573242,0.013904558215756424,0.14766237139701843,-0.07209539413452148,0.02168046003254176,boom
0.0,0.0,0.0,-0.021276280283927917,-0.12511122226715088,-0.006580924317916015,-0.025959715247154236,-0.2347472906112671,-0.021537185814906934,-0.027333363890647888,-0.33097630739212036,-0.03456856792860208,-0.04204745590686798,-0.40024566650390625,-0.04373351967029748,0.09918539226055145,-0.25881534814834595,-0.021994746458460668,0.1182679682970047,-0.2545650601387024,-0.011868284252216199,0.09535156190395355,-0.21813350915908813,-0.0033719664725708753,0.07200782001018524,-0.19520503282546997,-0.0010070058570477158,0.14029549062252045,-0.208615243434906,-0.02152493892305074,0.15498344600200653,-0.2152053713798523,-0.003439647779543975,0.12963248789310455,-0.18952327966690063,0.004877198319206855,0.10591219365596771,-0.16574639081954956,0.0020860562280518025,0.16538141667842865,-0.14773118495941162,-0.01734938768737493,0.18258990347385406,-0.16472923755645752,0.0005013319377553671,0.16056771576404572,-0.1457056999206543,0.012262444774876258,0.13368333876132965,-0.12206727266311646,0.011074371467600486,0.18104971945285797,-0.0876392126083374,-0.01355517579310117,0.1923808604478836,-0.1099516749382019,-0.0012444740214618832,0.16852112114429474,-0.09324526786804199,0.013322749938140532,0.14671213924884796,-0.07237577438354492,0.021033336240122935,boom
0.0,0.0,0.0,-0.020736247301101685,-0.12758690118789673,-0.006235027829973205,-0.024298518896102905,-0.23762589693069458,-0.02073175008860062,-0.025961190462112427,-0.33372873067855835,-0.03314102548625897,-0.040952593088150024,-0.40282300114631653,-0.041772903087405666,0.10104966163635254,-0.2596489191055298,-0.021923038321403965,0.11496764421463013,-0.2601967453956604,-0.010351501549450859,0.09163907170295715,-0.2241748571395874,-0.000922309728196069,0.06945908069610596,-0.19980347156524658,0.0018272491592483675,0.14182516932487488,-0.2100324034690857,-0.02086442816522549,0.15126311779022217,-0.2207922339439392,-0.0020807065580470407,0.12580671906471252,-0.19559013843536377,0.006136048440964714,0.10347610712051392,-0.17081117630004883,0.0030596620358096516,0.16611585021018982,-0.14933699369430542,-0.015789757626919254,0.17903468012809753,-0.1701701283454895,0.002584148519815699,0.15703138709068298,-0.15160858631134033,0.013817838248940006,0.13118907809257507,-0.1268085241317749,0.012098110136719242,0.18116340041160583,-0.08955156803131104,-0.010931837516693577,0.19006317853927612,-0.11438912153244019,0.0017316047755571162,0.16614815592765808,-0.09840846061706543,0.016036278423996464,0.14508619904518127,-0.07667034864425659,0.02344290059539844,boom
0.0,0.0,0.0,-0.019253969192504883,-0.12545907497406006,-0.007017475546149399,-0.023085251450538635,-0.23514032363891602,-0.022506915957478668,-0.02469828724861145,-0.33185410499572754,-0.03580177109017768,-0.039821892976760864,-0.40149739384651184,-0.04509474243297973,0.10208559036254883,-0.2595546245574951,-0.023153648705033447,0.11985549330711365,-0.2571789622306824,-0.012371517711130764,0.0967218279838562,-0.220780611038208,-0.00318827595822313,0.07368922233581543,-0.19786322116851807,-0.0005446980291026193,0.14274722337722778,-0.20937389135360718,-0.02199920359328189,0.15560302138328552,-0.21747362613677979,-0.0037559652633945007,0.13003423810005188,-0.191756010055542,0.004678847740592573,0.10655432939529419,-0.1677950620651245,0.0019456166841109734,0.1671479046344757,-0.14829039573669434,-0.016939916641263153,0.18187126517295837,-0.16576743125915527,0.0013475121298824888,0.16029345989227295,-0.1468634009361267,0.012948150753231857,0.13377779722213745,-0.1227836012840271,0.011558432138713215,0.18246731162071228,-0.08810597658157349,-0.012232695699481155,0.19154736399650574,-0.1099194884300232,0.0004284169766606283,0.16806718707084656,-0.09350085258483887,0.014699115424605225,0.146744042634964,-0.07257974147796631,0.022176115780325745,boom
0.0,0.0,0.0,-0.019817113876342773,-0.12756317853927612,-0.006410554979709104,-0.02221745252609253,-0.2369927167892456,-0.020949269641903356,-0.02332344651222229,-0.3336889147758484,-0.03316102269735666,-0.03764280676841736,-0.4033319354057312,-0.04148080665316911,0.10360062122344971,-0.2585066556930542,-0.022003949616816953,0.11567389965057373,-0.26040464639663696,-0.008582561273840383,0.09183195233345032,-0.22488975524902344,0.002461782193961426,0.06985405087471008,-0.20022422075271606,0.00605623470920591,0.14418244361877441,-0.20891964435577393,-0.020216849629548506,0.15240871906280518,-0.22226548194885254,-0.0003851048210776753,0.12654736638069153,-0.1974906325340271,0.008292529735001608,0.10410910844802856,-0.17233479022979736,0.005494858606937214,0.16791290044784546,-0.14828014373779297,-0.014144499783185438,0.1799669861793518,-0.17199140787124634,0.005433519839527889,0.1581069827079773,-0.15364646911621094,0.016621791760655924,0.13224652409553528,-0.12844502925872803,0.014652234505149409,0.1823807954788208,-0.0883665680885315,-0.008219948035446123,0.19000986218452454,-0.11505478620529175,0.0049689016335037195,0.16642507910728455,-0.09922921657562256,0.019028439189526125,0.14544910192489624,-0.07721251249313354,0.026215006600352808,boom
0.0,0.0,0.0,-0.01989215612411499,-0.12757402658462524,-0.006570447110334499,-0.02238762378692627,-0.23728960752487183,-0.021465820600042207,-0.02323766052722931,-0.3337390422821045,-0.034246226181039674,-0.03745400905609131,-0.40368691086769104,-0.04317340009356485,0.10355773568153381,-0.2593798041343689,-0.021984667856941087,0.1164754331111908,-0.25851815938949585,-0.010613865558752877,0.09280261397361755,-0.22220230102539062,-0.001426425403678877,0.0701352059841156,-0.19777411222457886,0.0011859443134198955,0.1441744863986969,-0.20949703454971313,-0.020695937205800874,0.15278387069702148,-0.21835368871688843,-0.001956701851213438,0.12695163488388062,-0.19271701574325562,0.006047804500212806,0.10412833094596863,-0.16824251413345337,0.0029159892678762844,0.16793158650398254,-0.14845651388168335,-0.015415304680118425,0.1794711947441101,-0.16681897640228271,0.00323207456176533,0.1577068269252777,-0.1477808952331543,0.014215742829492228,0.13153529167175293,-0.12330770492553711,0.012350470419278281,0.18215373158454895,-0.08834010362625122,-0.010429722596654756,0.18889853358268738,-0.11027950048446655,0.00239059178647949,0.16548672318458557,-0.09429061412811279,0.0163141960606481,0.1443072259426117,-0.07321673631668091,0.02355759650026812,boom
0.0,0.0,0.0,-0.01979188621044159,-0.12597280740737915,-0.00666720991296188,-0.022456571459770203,-0.23517531156539917,-0.021415646311766068,-0.023678794503211975,-0.3313319683074951,-0.03423232504439966,-0.0383777916431427,-0.4007309675216675,-0.04321492755127565,0.10239855945110321,-0.2583922743797302,-0.021013007623082558,0.11751525104045868,-0.25605612993240356,-0.01040315361035482,0.09441761672496796,-0.21965259313583374,-0.0018320822929354108,0.0714404433965683,-0.19596701860427856,0.0004791906611671948,0.14300505816936493,-0.20836210250854492,-0.02009159059537069,0.153742715716362,-0.21537137031555176,-0.001865192207446853,0.12805213034152985,-0.18942606449127197,0.005951128310584863,0.10443706810474396,-0.16570919752120972,0.002926146254935702,0.16716338694095612,-0.14725488424301147,-0.015433439177400032,0.18028412759304047,-0.1635342240333557,0.002581593223908385,0.15844900906085968,-0.14432042837142944,0.013509498785310825,0.13166742026805878,-0.12079906463623047,0.011876602533334335,0.1817338615655899,-0.0867496132850647,-0.011141813483959595,0.1893550008535385,-0.10717910528182983,0.0013402477997033202,0.16584141552448273,-0.0911865234375,0.015280537183457454,0.14406774938106537,-0.07087618112564087,0.022635896566384872,boom
0.0,0.0,0.0,-0.018134579062461853,-0.1273665428161621,-0.006777060319222983,-0.02007158100605011,-0.23715806007385254,-0.02164937659028965,-0.020917251706123352,-0.3335554599761963,-0.03439143775824505,-0.035233914852142334,-0.40313220024108887,-0.0432382571590324,0.1063995212316513,-0.25787538290023804,-0.02198659173075157,0.11948312819004059,-0.25828099250793457,-0.010874479178824004,0.09576718509197235,-0.22274023294448853,-0.0017773021091898045,0.07317842543125153,-0.19871139526367188,0.0007202071873280147,0.14699546992778778,-0.20721131563186646,-0.020787161876000937,0.15509285032749176,-0.2175232172012329,-0.0026899456125875076,0.12924154102802277,-0.19243723154067993,0.004914299483857576,0.10620693862438202,-0.16816669702529907,0.0016356599670643845,0.17063044011592865,-0.1460227370262146,-0.0156432232898851,0.18147851526737213,-0.16498643159866333,0.002445416191108052,0.15974856913089752,-0.14684903621673584,0.013027781519554082,0.13332654535770416,-0.12301462888717651,0.011012590389213983,0.18437077105045319,-0.08607113361358643,-0.010784640077986296,0.1898469477891922,-0.10868662595748901,0.001545779888033394,0.16635875403881073,-0.09346508979797363,0.015054238859079305,0.14486880600452423,-0.07283997535705566,0.022085939432940904,boom
0.0,0.0,0.0,-0.018937215209007263,-0.12792927026748657,-0.00693358856631221,-0.021016180515289307,-0.23653370141983032,-0.02172211747063102,-0.021476000547409058,-0.3319401144981384,-0.03444704789114894,-0.034967780113220215,-0.4013630747795105,-0.04345237466884555,0.10658919811248779,-0.25479185581207275,-0.02131119559896888,0.11551269888877869,-0.2557968497276306,-0.01051058623386325,0.09108445048332214,-0.2201908826828003,-0.0021424419563800257,0.06900522112846375,-0.19493651390075684,-3.676547464692703e-05,0.14681312441825867,-0.20457875728607178,-0.0200872961748928,0.15154659748077393,-0.2146177887916565,-0.00204977629152836,0.125482439994812,-0.19006043672561646,0.004932029606720789,0.10354772210121155,-0.16523349285125732,0.0011603274298295219,0.16985395550727844,-0.14347690343856812,-0.014996527725884334,0.17788246273994446,-0.16267162561416626,0.0026007280367821295,0.15572845935821533,-0.14454913139343262,0.012569571813514813,0.13036158680915833,-0.12009984254837036,0.010265868125429733,0.1832028329372406,-0.08333271741867065,-0.010224818283745662,0.18798497319221497,-0.10564166307449341,0.0019204889805450875,0.16397294402122498,-0.09062403440475464,0.01536991630302964,0.14304044842720032,-0.06947106122970581,0.022377608312240227,boom
0.0,0.0,0.0,-0.018579676747322083,-0.12850350141525269,-0.008030970984520991,-0.01993866264820099,-0.23779648542404175,-0.022987880216362555,-0.020646438002586365,-0.3335052728652954,-0.03554192784559973,-0.03438030183315277,-0.4035193920135498,-0.044381866635205824,0.10840959846973419,-0.2541654109954834,-0.02179240661990889,0.11532481014728546,-0.25594669580459595,-0.009960010120096285,0.0909145325422287,-0.22100919485092163,-0.0009558479030715716,0.0694400817155838,-0.19524061679840088,0.0014086574703355836,0.1485223025083542,-0.20299458503723145,-0.019581515745642264,0.15157686173915863,-0.21495437622070312,-0.0010586315145815206,0.12594781816005707,-0.1912517547607422,0.005841931855854909,0.10469631850719452,-0.16611707210540771,0.0019208784835313963,0.17094354331493378,-0.14160442352294922,-0.013400891268076975,0.1781739443540573,-0.16354292631149292,0.004389399258968751,0.15650926530361176,-0.14625781774520874,0.014037192395505826,0.131588414311409,-0.12160098552703857,0.01152892836051933,0.18343375623226166,-0.08182954788208008,-0.007507580270441849,0.1879758983850479,-0.10765033960342407,0.0047077187957143,0.16435323655605316,-0.0931769609451294,0.01818250079321615,0.14372877776622772,-0.07135570049285889,0.02521074895429365,boom
0.0,0.0,0.0,-0.01825961470603943,-0.12821394205093384,-0.0069758854170913764,-0.01947040855884552,-0.2360212802886963,-0.02192298595957709,-0.020264223217964172,-0.33163994550704956,-0.034821377072262294,-0.03409184515476227,-0.4021856188774109,-0.04394590196363879,0.10781548917293549,-0.2537252902984619,-0.02047611859791232,0.11709682643413544,-0.25412124395370483,-0.00905518972479058,0.09343026578426361,-0.21940594911575317,7.91341352623931e-05,0.07137380540370941,-0.19421738386154175,0.00282040221452462,0.14809788763523102,-0.20265686511993408,-0.01898806442670775,0.15276186168193817,-0.21315395832061768,-0.0005313421662549445,0.12724797427654266,-0.18960434198379517,0.0067006727384750775,0.10571123659610748,-0.16509801149368286,0.0031745788345460824,0.17086298763751984,-0.1414363980293274,-0.013615444239007957,0.17863745987415314,-0.16238409280776978,0.0042684907729153565,0.15705133974552155,-0.14527612924575806,0.014257385459018224,0.1320868581533432,-0.12130963802337646,0.01209430309779691,0.18378745019435883,-0.08180564641952515,-0.008501641388761527,0.18926696479320526,-0.10723870992660522,0.00409159582875418,0.16561369597911835,-0.092684805393219,0.018040374916267865,0.14466099441051483,-0.07112175226211548,0.025488776218367093,boom
0.0,0.0,0.0,-0.018504738807678223,-0.12827646732330322,-0.007534901685573914,-0.01958407461643219,-0.2361350655555725,-0.022572730276294806,-0.0206565260887146,-0.33201414346694946,-0.035467301103778937,-0.03397147357463837,-0.40271317958831787,-0.04457347894043551,0.10709705948829651,-0.2541525363922119,-0.020402296054669478,0.1156163215637207,-0.25513535737991333,-0.009128423947402098,0.09206163883209229,-0.22017639875411987,-0.0002672623535886487,0.07027733325958252,-0.19454509019851685,0.0022795488317228774,0.14735740423202515,-0.20339500904083252,-0.018735433537074186,0.1509522795677185,-0.21452999114990234,-0.0005936500542134127,0.12553364038467407,-0.19076412916183472,0.006203517243704937,0.10412237048149109,-0.16569602489471436,0.002444475116647027,0.1702512800693512,-0.14241063594818115,-0.013273986596175291,0.17644435167312622,-0.16421186923980713,0.004337822944364689,0.15472298860549927,-0.1466081142425537,0.014038196225158117,0.13009312748908997,-0.12203830480575562,0.011739048567108057,0.1835288107395172,-0.08277022838592529,-0.008132267351754763,0.18796738982200623,-0.10909557342529297,0.004071584828636787,0.1641465425491333,-0.09421467781066895,0.017757538166335962,0.14331656694412231,-0.07207441329956055,0.025074118208578966,boom
0.0,0.0,0.0,-0.018773600459098816,-0.12786149978637695,-0.008947309121083435,-0.020123600959777832,-0.23550182580947876,-0.024544656291197953,-0.021484375,-0.3311616778373718,-0.03755418026406687,-0.03471538424491882,-0.4018254280090332,-0.046760598212074456,0.10757848620414734,-0.2532115578651428,-0.022945094868134674,0.1131817102432251,-0.25575971603393555,-0.010974825374375996,0.08886659145355225,-0.2205854058265686,-0.0012706890847198338,0.06750452518463135,-0.19412702322006226,0.0016443885252215296,0.14775896072387695,-0.20191740989685059,-0.020332740634273705,0.14900413155555725,-0.21463274955749512,-0.002260122928362307,0.1232391893863678,-0.19119620323181152,0.004711602800000492,0.10213151574134827,-0.16539216041564941,0.0009443786548786193,0.17009514570236206,-0.14068228006362915,-0.013774829931151089,0.1747606098651886,-0.1636408567428589,0.0034631043527610927,0.15278542041778564,-0.14630556106567383,0.013078803182054344,0.12836939096450806,-0.12087810039520264,0.010687461108375373,0.1830456256866455,-0.08115136623382568,-0.007545473068546471,0.18662995100021362,-0.10810226202011108,0.0040018660802729755,0.1626124382019043,-0.09326356649398804,0.01731951719563085,0.14196819067001343,-0.07053899765014648,0.02437617442052442,boom
0.0,0.0,0.0,-0.018423736095428467,-0.12827575206756592,-0.007980492360331937,-0.01979479193687439,-0.235063374042511,-0.023666962444224282,-0.020838111639022827,-0.33082300424575806,-0.037048305779137536,-0.034444451332092285,-0.40192359685897827,-0.04666925913039677,0.10742494463920593,-0.25329190492630005,-0.02214086747113697,0.11452716588973999,-0.25555920600891113,-0.010702095388808175,0.0904284119606018,-0.22008413076400757,-0.0015418439157315333,0.06872537732124329,-0.19389301538467407,0.0011342708734787266,0.14775121212005615,-0.20234864950180054,-0.02009965611938469,0.15009766817092896,-0.21426904201507568,-0.001934930843674465,0.12435588240623474,-0.19066649675369263,0.005057767104915456,0.10300123691558838,-0.16531211137771606,0.0012664391674093167,0.1702946126461029,-0.14127838611602783,-0.014112160004117413,0.17592072486877441,-0.16338056325912476,0.003608040815777258,0.15403258800506592,-0.14572346210479736,0.013564740844628886,0.12944382429122925,-0.12063485383987427,0.011264498882553653,0.18329545855522156,-0.08188676834106445,-0.008439246028103753,0.18726715445518494,-0.10802394151687622,0.003810522450692133,0.16316136717796326,-0.09296679496765137,0.017573943898639754,0.14243486523628235,-0.07056671380996704,0.024852406770548896,boom
0.0,0.0,0.0,-0.018544316291809082,-0.12796825170516968,-0.009262843710416746,-0.01937040686607361,-0.23443877696990967,-0.025352058653766107,-0.020552560687065125,-0.33059853315353394,-0.0389137507426085,-0.03397098183631897,-0.4023720324039459,-0.048644246255094004,0.10859242081642151,-0.2531369924545288,-0.022273229156667185,0.11271658539772034,-0.25803738832473755,-0.010739191156858396,0.08816465735435486,-0.22277134656906128,-0.0017201494900973557,0.06692531704902649,-0.19543582201004028,0.0007784317587038458,0.1486702263355255,-0.20187342166900635,-0.019574934338265848,0.1484830677509308,-0.21654057502746582,-0.0019095084406899332,0.12252244353294373,-0.19333451986312866,0.0044579634433148385,0.1015758216381073,-0.16693180799484253,0.0003248582817150236,0.17081236839294434,-0.14072328805923462,-0.01300842939042468,0.174787700176239,-0.16570204496383667,0.003929929620539951,0.15278556942939758,-0.14856398105621338,0.01344742746925931,0.12845054268836975,-0.12238705158233643,0.011070808674162436,0.18365934491157532,-0.08118987083435059,-0.006807433162862253,0.18725159764289856,-0.1099364161491394,0.0045377801162658216,0.16306260228157043,-0.09559416770935059,0.017924305329984236,0.1422339379787445,-0.07236635684967041,0.025124790425365973,boom
0.0,0.0,0.0,-0.017670437693595886,-0.12887322902679443,-0.00812961865460693,-0.018153131008148193,-0.23507952690124512,-0.02394987788295566,-0.019536927342414856,-0.3313823342323303,-0.03758201148605167,-0.03294810652732849,-0.4034706950187683,-0.04749172698950588,0.10826963186264038,-0.2538977861404419,-0.020709776843546024,0.11419945955276489,-0.256700336933136,-0.009402067924497715,0.09012895822525024,-0.22127360105514526,-0.0007727904013563602,0.06858685612678528,-0.19452935457229614,0.001514855364689538,0.1486707627773285,-0.20302999019622803,-0.018758777121661296,0.1500060260295868,-0.21638381481170654,-0.001163941284289649,0.12411761283874512,-0.192621648311615,0.0049131260601598115,0.10281950235366821,-0.16662269830703735,0.0006412321234847695,0.1714027225971222,-0.14211612939834595,-0.012932235899029365,0.17641571164131165,-0.1663607358932495,0.004287888703288445,0.1544007956981659,-0.14833801984786987,0.013895112497152695,0.12994974851608276,-0.12264275550842285,0.011545884830297837,0.1845158040523529,-0.08268654346466064,-0.00742471503338038,0.18880924582481384,-0.11122775077819824,0.004318462160767922,0.16456088423728943,-0.09598302841186523,0.018068336357714543,0.14371177554130554,-0.07288062572479248,0.025495076959373364,boom
0.0,0.0,0.0,-0.01902487874031067,-0.12850970029830933,-0.00793203808183307,-0.019757747650146484,-0.23521798849105835,-0.02327112205142612,-0.020357385277748108,-0.3318084478378296,-0.0363038676213705,-0.033332809805870056,-0.4037397801876068,-0.04557670377010936,0.1071619987487793,-0.25483953952789307,-0.02011119112188453,0.1145138144493103,-0.2579920291900635,-0.007742814289429134,0.0901992917060852,-0.22295749187469482,0.0016841500410578192,0.0681450366973877,-0.19635403156280518,0.004453953785798603,0.14763489365577698,-0.2041899561882019,-0.017838343082019037,0.149257093667984,-0.2172979712486267,0.001001299905567521,0.12354269623756409,-0.193667471408844,0.007657335104397589,0.102312833070755,-0.16758525371551514,0.0035686948913848937,0.17037954926490784,-0.14326822757720947,-0.011689482292183584,0.17532110214233398,-0.16728895902633667,0.006397157872072512,0.1534716784954071,-0.14934933185577393,0.01596877440994149,0.12911251187324524,-0.12354683876037598,0.013379573786608034,0.18394502997398376,-0.08371531963348389,-0.0058131153118097245,0.18853363394737244,-0.1118202805519104,0.006598698405525738,0.1642463505268097,-0.09664279222488403,0.02023779504185086,0.1433486044406891,-0.07366526126861572,0.027380396576575095,boom
0.0,0.0,0.0,-0.018548741936683655,-0.1287451982498169,-0.007920337997575189,-0.018877997994422913,-0.23765486478805542,-0.02290991895665684,-0.019334226846694946,-0.3344608545303345,-0.035504389710922624,-0.033008456230163574,-0.40625083446502686,-0.04429723338057556,0.10938799381256104,-0.256450891494751,-0.020133746944566155,0.11655041575431824,-0.26034945249557495,-0.0073134937958911905,0.09153720736503601,-0.22526705265045166,0.0023471904748930683,0.06951645016670227,-0.19871866703033447,0.005121186684618806,0.1498211920261383,-0.2054072618484497,-0.0177359545307354,0.15148860216140747,-0.21891850233078003,0.0014778110960378399,0.12557059526443481,-0.1955047845840454,0.00842975902537546,0.10418030619621277,-0.16935133934020996,0.004451384611229514,0.1724052131175995,-0.1441381573677063,-0.01142986972649851,0.17702758312225342,-0.16790658235549927,0.006915952387998914,0.1551564633846283,-0.15038496255874634,0.016594879172544097,0.13072293996810913,-0.12448334693908691,0.01399960632602415,0.18571731448173523,-0.08450108766555786,-0.005387628141988898,0.1899866759777069,-0.11279147863388062,0.007222043659339761,0.16561469435691833,-0.09818816184997559,0.020848048694233512,0.14483484625816345,-0.07528716325759888,0.02790071799586258,boom
0.0,0.0,0.0,-0.019041642546653748,-0.1277206540107727,-0.007934856807992219,-0.02077704668045044,-0.23450028896331787,-0.023395140303478,-0.021185114979743958,-0.3308578133583069,-0.03667977882753348,-0.034166187047958374,-0.4025139808654785,-0.046185680313215016,0.10735231637954712,-0.2539651393890381,-0.020024216382012128,0.11635378003120422,-0.2559123635292053,-0.007868741287097691,0.09185779094696045,-0.2210596203804016,0.001413621709502877,0.06931713223457336,-0.19531965255737305,0.004081705471321584,0.14764878153800964,-0.20278143882751465,-0.017890608517632245,0.1509493887424469,-0.2146407961845398,0.0008246821261082005,0.12497121095657349,-0.19108980894088745,0.00763603195343876,0.10289976000785828,-0.1656397581100464,0.003690072454332949,0.1701233983039856,-0.1415514349937439,-0.0119602536989305,0.17621034383773804,-0.16383373737335205,0.006121670247807742,0.15421047806739807,-0.14587938785552979,0.015949274765148402,0.12926766276359558,-0.12067264318466187,0.013549344966008903,0.18343156576156616,-0.08183401823043823,-0.00635354139114952,0.18812263011932373,-0.10851526260375977,0.0060505153404619705,0.1639215648174286,-0.09329217672348022,0.019687067137851955,0.14297881722450256,-0.07088971138000488,0.026822707967653514,boom
0.0,0.0,0.0,-0.018675997853279114,-0.1270396113395691,-0.008115699374627638,-0.020621463656425476,-0.23255515098571777,-0.02391684600110011,-0.02167382836341858,-0.3292142152786255,-0.037432346352886725,-0.034229204058647156,-0.4010457694530487,-0.04716990874106841,0.10748203098773956,-0.2514030933380127,-0.021140688890170622,0.11533559858798981,-0.25577712059020996,-0.00885343258227067,0.09096036851406097,-0.22053241729736328,0.0006468875454288536,0.06904371082782745,-0.19375669956207275,0.0034406244758997673,0.14784811437129974,-0.20057624578475952,-0.01862624273593383,0.15016718208789825,-0.21435654163360596,0.0003052758639228159,0.12450261414051056,-0.19107943773269653,0.007196801389056873,0.10309834778308868,-0.16540402173995972,0.003101625852707457,0.17020224034786224,-0.13968998193740845,-0.012159059615385104,0.1757851094007492,-0.16292864084243774,0.006219572993416023,0.154158815741539,-0.1453341245651245,0.01609079926316781,0.12960444390773773,-0.11994814872741699,0.013518640911627244,0.18346260488033295,-0.08036041259765625,-0.005977683560502101,0.1882379800081253,-0.10817360877990723,0.006762937317091655,0.16419430077075958,-0.09347140789031982,0.020507885283279847,0.1432662159204483,-0.07090938091278076,0.02757676518564267,boom
0.0,0.0,0.0,-0.01859182119369507,-0.12794989347457886,-0.006684024649644016,-0.020365625619888306,-0.234197735786438,-0.022084060887777923,-0.021521329879760742,-0.33046311140060425,-0.03560938483008158,-0.03583049774169922,-0.4015412926673889,-0.045474087650859474,0.10712197422981262,-0.2535063624382019,-0.019192183221662162,0.11650604009628296,-0.25791120529174805,-0.007387998810941099,0.09217768907546997,-0.2227264642715454,0.0014010542594178332,0.06997838616371155,-0.19662940502166748,0.0037566886106787933,0.14752569794654846,-0.20318245887756348,-0.01771280897685301,0.15105551481246948,-0.2167665958404541,0.0009712866680047227,0.12531474232673645,-0.19318729639053345,0.007508176081842066,0.10378998517990112,-0.16753441095352173,0.0032500831233619465,0.17038831114768982,-0.14250999689102173,-0.012318595143938182,0.17719334363937378,-0.1658359169960022,0.005856780503904702,0.15520763397216797,-0.14797991514205933,0.01565084623268831,0.13034027814865112,-0.12262517213821411,0.013118911703145386,0.1840301752090454,-0.08334231376647949,-0.007143235596799968,0.1898127794265747,-0.11142736673355103,0.005494639446055771,0.16537588834762573,-0.09624284505844116,0.01940068246892679,0.1442531943321228,-0.07344883680343628,0.026675798167502762,boom
0.0,0.0,0.0,-0.019057542085647583,-0.12747973203659058,-0.007465059170442601,-0.02082344889640808,-0.23483359813690186,-0.023061376297789593,-0.021008580923080444,-0.3321588635444641,-0.03651985735626795,-0.03342202305793762,-0.40417787432670593,-0.04617154435248949,0.10680240392684937,-0.2556290030479431,-0.02039661654265501,0.11704498529434204,-0.25874483585357666,-0.008815361419635792,0.09273067116737366,-0.22315502166748047,7.751856907134425e-05,0.07017934322357178,-0.19657009840011597,0.0025756349787684485,0.1476619839668274,-0.20516979694366455,-0.018611392239051838,0.15154194831848145,-0.2174181342124939,1.882196841052064e-06,0.12590447068214417,-0.1931542158126831,0.0068311628420474335,0.10418787598609924,-0.16725456714630127,0.0028226238210322663,0.17077550292015076,-0.14419257640838623,-0.012994385557192345,0.1775151789188385,-0.166678786277771,0.005074701039177398,0.1556968092918396,-0.14842665195465088,0.01516023441223524,0.13085666298866272,-0.12315326929092407,0.012848698301297645,0.18461596965789795,-0.08443301916122437,-0.0076519807334420875,0.19045975804328918,-0.11186134815216064,0.004870658507627468,0.16611316800117493,-0.09639215469360352,0.018820151453894596,0.14498409628868103,-0.07390445470809937,0.026130879065078716,boom
0.0,0.0,0.0,-0.019671514630317688,-0.12782704830169678,-0.00848787376025939,-0.021336719393730164,-0.23597609996795654,-0.024008569357192755,-0.021969392895698547,-0.33317118883132935,-0.037143918735182524,-0.03560112416744232,-0.4050089120864868,-0.04649686352649951,0.10651759803295135,-0.2563244104385376,-0.021037348595655203,0.11464391648769379,-0.25940054655075073,-0.009141038221514464,0.09039090573787689,-0.22371089458465576,7.448534006471164e-05,0.0683291107416153,-0.19672340154647827,0.0026591305590955017,0.14722944796085358,-0.20583152770996094,-0.018655813348686934,0.14942221343517303,-0.21813946962356567,-0.0003063839890273812,0.12371586263179779,-0.19383221864700317,0.006370753000283003,0.10245783627033234,-0.16752487421035767,0.0022859258547214267,0.17003603279590607,-0.14474517107009888,-0.01247038138399148,0.1757352203130722,-0.1675376296043396,0.005141120820098877,0.15374059975147247,-0.1492631435394287,0.014871397006118059,0.12907810509204865,-0.12339812517166138,0.012430838259660959,0.18359948694705963,-0.08471590280532837,-0.0066092336114706995,0.18862299621105194,-0.1121518611907959,0.005498356601947307,0.16421647369861603,-0.09696716070175171,0.019120064514481783,0.14325322210788727,-0.07423681020736694,0.026248923453294992,boom
0.0,0.0,0.0,-0.01997467875480652,-0.12732458114624023,-0.0075456125510413585,-0.02177552878856659,-0.23518842458724976,-0.02296048662043404,-0.022552087903022766,-0.3326219916343689,-0.03631609006203007,-0.03611201047897339,-0.4046187400817871,-0.04600671379245114,0.10533900558948517,-0.25580894947052,-0.020080408811338657,0.11453332006931305,-0.2597507834434509,-0.008799748293824905,0.09075058996677399,-0.22414779663085938,-0.0003666935104433833,0.06896434724330902,-0.1972968578338623,0.001763506295390016,0.14608772099018097,-0.20606768131256104,-0.018351156994469875,0.14914534986019135,-0.21873819828033447,-0.00019746847334545237,0.12362970411777496,-0.19416356086730957,0.006236296348504311,0.10234592854976654,-0.16796761751174927,0.0020157172961603465,0.1692916303873062,-0.14545494318008423,-0.012856832504041904,0.17543207108974457,-0.16788917779922485,0.004839990489415413,0.1534786969423294,-0.14934080839157104,0.014646224878958947,0.1287968009710312,-0.12374812364578247,0.012185747936598545,0.18317966163158417,-0.08585315942764282,-0.007686028986938709,0.18807418644428253,-0.1117943525314331,0.004703948475651032,0.1636403650045395,-0.09622502326965332,0.01835348384105373,0.14262612164020538,-0.0737072229385376,0.025408675164214856,boom
0.0,0.0,0.0,-0.019622400403022766,-0.1269729733467102,-0.007958858999529639,-0.02172449231147766,-0.23477649688720703,-0.023482351358154574,-0.022532641887664795,-0.3322368860244751,-0.03685533327899293,-0.03659360110759735,-0.4039704203605652,-0.04652937574229554,0.10513386130332947,-0.2552066445350647,-0.02054686358115987,0.1137901246547699,-0.2586098313331604,-0.009375717285195151,0.08997061848640442,-0.22250241041183472,-0.0009035854289436429,0.06807383894920349,-0.19549763202667236,0.0012016026032029004,0.14605218172073364,-0.20542705059051514,-0.018672366420844355,0.14852923154830933,-0.21730589866638184,-0.0007958312324376493,0.12309408187866211,-0.1925869584083557,0.005439424161693296,0.10182121396064758,-0.16633790731430054,0.001055473900294146,0.1694873869419098,-0.14481300115585327,-0.013016374576011458,0.1754879355430603,-0.16622555255889893,0.004256968592187604,0.15349972248077393,-0.1477237343788147,0.013875702601751527,0.12868237495422363,-0.12201344966888428,0.011352208648702344,0.1837214231491089,-0.08498775959014893,-0.007693151272007981,0.18858033418655396,-0.11075752973556519,0.0041292134866921515,0.16393068432807922,-0.09494715929031372,0.017585876603504857,0.14285427331924438,-0.07209092378616333,0.024602570776721677,boom
0.0,0.0,0.0,-0.01983080804347992,-0.12715691328048706,-0.007495573678113487,-0.021948203444480896,-0.2360246777534485,-0.022922166113801268,-0.023057803511619568,-0.33371448516845703,-0.03635524814302471,-0.036860838532447815,-0.4060126543045044,-0.04604728375846889,0.10492141544818878,-0.25759923458099365,-0.019386148502178457,0.11509637534618378,-0.26028990745544434,-0.008387744848675993,0.0915258377790451,-0.22427493333816528,-0.0001648910983362839,0.0694807916879654,-0.19744527339935303,0.0018541873869821757,0.14589111506938934,-0.20815032720565796,-0.017880736340828207,0.15020881593227386,-0.21981847286224365,9.808953478795956e-05,0.12471215426921844,-0.1948745846748352,0.006558890032522413,0.10299016535282135,-0.16866159439086914,0.002457754264526102,0.16939808428287506,-0.1476537585258484,-0.012728992340214518,0.17633436620235443,-0.1696079969406128,0.004732104993365738,0.15443192422389984,-0.15057212114334106,0.01459793052350733,0.12959833443164825,-0.12485474348068237,0.012311828832082483,0.18363170325756073,-0.08785635232925415,-0.007911004548020628,0.18911974132061005,-0.11431771516799927,0.004275357394419643,0.16471682488918304,-0.09801745414733887,0.01801641988282654,0.143673375248909,-0.07500457763671875,0.025223517368488046,boom
0.0,0.0,0.0,-0.02112555503845215,-0.12602567672729492,-0.008056211223220089,-0.02425888180732727,-0.23345643281936646,-0.024120596175407627,-0.025207936763763428,-0.3309866189956665,-0.037970448782061794,-0.03938630223274231,-0.40287503600120544,-0.048121149589633205,0.10226607322692871,-0.25453805923461914,-0.022739897420024135,0.11125507950782776,-0.258012592792511,-0.0118849304815285,0.0878918468952179,-0.22208648920059204,-0.002965135437762001,0.06629326939582825,-0.1953994631767273,-0.0005281733426727442,0.14359748363494873,-0.20487678050994873,-0.021063513060425976,0.1466374695301056,-0.21735107898712158,-0.003526071490114191,0.12097346782684326,-0.19274991750717163,0.0033266856955833646,0.0994286835193634,-0.1665704846382141,-0.0006260281040795235,0.1674216091632843,-0.14426422119140625,-0.015497662996267536,0.17321160435676575,-0.16614985466003418,0.0017101595333315345,0.15124228596687317,-0.1473502516746521,0.011948302450264237,0.1266002655029297,-0.12149780988693237,0.00973900320627763,0.18187811970710754,-0.08464515209197998,-0.010276826967810848,0.186181902885437,-0.11069077253341675,0.0015373133976481768,0.16187775135040283,-0.09447389841079712,0.01524119085320308,0.14098712801933289,-0.07159620523452759,0.02234857442476823,boom
0.0,0.0,0.0,-0.020368173718452454,-0.12728071212768555,-0.007012144706379786,-0.023094981908798218,-0.23508822917938232,-0.02261311937792243,-0.02417759597301483,-0.3327077627182007,-0.03614649739785136,-0.0382925420999527,-0.4043937921524048,-0.0459909905187601,0.10354618728160858,-0.2566695809364319,-0.021619422405194655,0.11219598352909088,-0.2587348222732544,-0.01030254927201213,0.08864013850688934,-0.22221088409423828,-0.0013072803124600796,0.06701527535915375,-0.19522345066070557,0.0011892014442196341,0.14464841783046722,-0.2071020007133484,-0.02027087290508689,0.14762403070926666,-0.2178335189819336,-0.0016994560576790718,0.1218743771314621,-0.19281935691833496,0.005457001694310293,0.10050739347934723,-0.1668815016746521,0.0014871303716859074,0.16820628941059113,-0.1462140679359436,-0.014946008145045653,0.17445097863674164,-0.16667848825454712,0.0032167951137012096,0.15229450166225433,-0.1479816436767578,0.013617447533476934,0.1274484544992447,-0.12259083986282349,0.011292980008590803,0.18228621780872345,-0.08629310131072998,-0.009881420104932204,0.18696697056293488,-0.11166667938232422,0.002907182046044454,0.1625254899263382,-0.09560096263885498,0.01705709467904626,0.14151056110858917,-0.07298338413238525,0.024331383363175973,boom
0.0,0.0,0.0,-0.01983410120010376,-0.12702298164367676,-0.005911395544046627,-0.02214677631855011,-0.23620933294296265,-0.020925104742730127,-0.023878276348114014,-0.3339104652404785,-0.034195389723265635,-0.038889408111572266,-0.4051663875579834,-0.043831411873782145,0.10332831740379333,-0.2586333751678467,-0.019555181389534937,0.11517786979675293,-0.2595045566558838,-0.00818114088275479,0.09175562858581543,-0.22349941730499268,0.0005741178674156799,0.06952095031738281,-0.19796079397201538,0.0028725793735588923,0.1442975103855133,-0.20849895477294922,-0.01889075910099791,0.15030410885810852,-0.21905744075775146,-0.00019626528325034087,0.12465587258338928,-0.1943124532699585,0.007212883202498688,0.10219389200210571,-0.1687251329421997,0.0035607569070066347,0.168201744556427,-0.147131085395813,-0.014382014175737368,0.1762177050113678,-0.16717571020126343,0.003978053448861374,0.15426164865493774,-0.14832031726837158,0.01460172037235452,0.12885737419128418,-0.12306517362594604,0.012492054948722853,0.18292513489723206,-0.08681613206863403,-0.010111201679194437,0.1884312927722931,-0.11176472902297974,0.003082855945592655,0.16402125358581543,-0.09554994106292725,0.01738991575888349,0.14271745085716248,-0.07306420803070068,0.0246821417158003,boom
0.0,0.0,0.0,-0.019409850239753723,-0.1270340085029602,-0.006304585660643625,-0.02174338698387146,-0.23592251539230347,-0.021450028574861335,-0.02321600914001465,-0.33355265855789185,-0.0347562551561964,-0.03808732330799103,-0.40474599599838257,-0.04439300746361141,0.10384316742420197,-0.2580350637435913,-0.020097984752453613,0.11494521796703339,-0.2587946057319641,-0.009349229565657424,0.09143088757991791,-0.22266340255737305,-0.0012450091837195032,0.06910915672779083,-0.19704127311706543,0.0006927551638113982,0.1446223109960556,-0.20839881896972656,-0.019334305829204368,0.15028144419193268,-0.21850711107254028,-0.0010355718497407906,0.12469302117824554,-0.19345629215240479,0.005810959910206748,0.10219697654247284,-0.16820794343948364,0.0018015666335600145,0.16843484342098236,-0.14748692512512207,-0.014744277863599109,0.17705582082271576,-0.16736018657684326,0.0033990367717819936,0.1550493687391281,-0.14864730834960938,0.013744461530052376,0.12940405309200287,-0.12392574548721313,0.0114762943174469,0.18272428214550018,-0.08740001916885376,-0.010411296791232871,0.18826578557491302,-0.11241579055786133,0.002559873688198877,0.16401271522045135,-0.09651905298233032,0.016759262600146485,0.14264227449893951,-0.07450926303863525,0.02404706477483387,boom
0.0,0.0,0.0,-0.019543856382369995,-0.1261177659034729,-0.006178539269910743,-0.021143615245819092,-0.23613566160202026,-0.021064864495144775,-0.022985219955444336,-0.333520770072937,-0.034284112998591354,-0.03836695849895477,-0.405025452375412,-0.0437858645108804,0.10420176386833191,-0.26186835765838623,-0.018740272173033645,0.11723646521568298,-0.2578308582305908,-0.008635349595294883,0.09429115056991577,-0.2212645411491394,-0.0012687023499324823,0.07177013158798218,-0.19656574726104736,0.0001506756580624824,0.14517846703529358,-0.21193861961364746,-0.018520815321551254,0.1521681249141693,-0.21705138683319092,-0.0004185977103929872,0.12668290734291077,-0.19142866134643555,0.00635086137305052,0.10357528924942017,-0.16688889265060425,0.002426902972786138,0.16938194632530212,-0.15032172203063965,-0.014761410677181175,0.17736533284187317,-0.16499286890029907,0.0030419931045457815,0.15546047687530518,-0.14549845457077026,0.013256371929003308,0.12963002920150757,-0.121329665184021,0.01107695044453294,0.18418988585472107,-0.08932232856750488,-0.011399135948465755,0.18850108981132507,-0.10909640789031982,0.0014642112419664954,0.16421034932136536,-0.0928296446800232,0.01531721276666076,0.14252403378486633,-0.07169163227081299,0.022438667691005776,boom
0.0,0.0,0.0,-0.018458932638168335,-0.12646770477294922,-0.005711704173734233,-0.0198439359664917,-0.2368130087852478,-0.02040565075134282,-0.022381126880645752,-0.33406537771224976,-0.033646511526455924,-0.038433223962783813,-0.40475407242774963,-0.04321857416783814,0.1051139235496521,-0.26082879304885864,-0.017450111599316642,0.11964201927185059,-0.25808918476104736,-0.00795875085299258,0.0967073142528534,-0.22198814153671265,-0.0013379956666881299,0.07384103536605835,-0.19783741235733032,-0.0003233137553593224,0.14579924941062927,-0.21069014072418213,-0.01750459024464135,0.1538953185081482,-0.21782028675079346,-8.79972880625246e-05,0.128290593624115,-0.19233697652816772,0.00643093589911814,0.1049501895904541,-0.16798466444015503,0.0025371802899485374,0.1700703501701355,-0.14937365055084229,-0.01414350015824084,0.17951834201812744,-0.16589534282684326,0.0031308679304515863,0.15759873390197754,-0.1465645432472229,0.013438653519699528,0.1315307915210724,-0.12251800298690796,0.01154527658815141,0.18499261140823364,-0.08897918462753296,-0.01113306512837653,0.1901174783706665,-0.11080163717269897,0.0014478746730333114,0.16594383120536804,-0.09444785118103027,0.015490247255513623,0.144443541765213,-0.07317370176315308,0.022863884775290444,boom
0.0,0.0,0.0,-0.018283188343048096,-0.12658125162124634,-0.006128143626199289,-0.019000351428985596,-0.23709213733673096,-0.020939977015302702,-0.021147727966308594,-0.3345801830291748,-0.03416143089060597,-0.037246108055114746,-0.40602990984916687,-0.043743767882631346,0.10623466968536377,-0.2613149881362915,-0.018336354861901327,0.11899358034133911,-0.259753942489624,-0.009030825565503164,0.09618368744850159,-0.22355473041534424,-0.0024737658583831035,0.0737062394618988,-0.19839954376220703,-0.0014920740993034087,0.1474798321723938,-0.2113085389137268,-0.018105051587269827,0.153507262468338,-0.2193206548690796,-0.0006979270744409405,0.12814992666244507,-0.1938207745552063,0.005657376148803905,0.10536181926727295,-0.16868972778320312,0.001609956971435622,0.17185351252555847,-0.14990466833114624,-0.014422984900818392,0.17858675122261047,-0.16717606782913208,0.0028163892077941455,0.15695983171463013,-0.14768517017364502,0.012731645149244741,0.1315547525882721,-0.12305253744125366,0.010527965505673365,0.18657377362251282,-0.08945190906524658,-0.011117557170734926,0.18985247611999512,-0.11151808500289917,0.0013221269567225136,0.16569986939430237,-0.09515976905822754,0.015011792895450071,0.14434584975242615,-0.0734018087387085,0.022154756714655832,boom
0.0,0.0,0.0,-0.019206851720809937,-0.1268436312675476,-0.007211229621475468,-0.02104136347770691,-0.23734605312347412,-0.022549475400751362,-0.02287006378173828,-0.334872841835022,-0.036042091294234524,-0.03864207863807678,-0.40616679191589355,-0.04583451975793196,0.1049824059009552,-0.2594928741455078,-0.019190640046303997,0.11694076657295227,-0.25998252630233765,-0.009456897012000809,0.09366324543952942,-0.22417855262756348,-0.0024645774132068254,0.07116773724555969,-0.19911110401153564,-0.0012445921050812103,0.14600870013237,-0.2091246247291565,-0.01823325720340563,0.15194252133369446,-0.21992027759552002,-0.0011193515705372192,0.12647810578346252,-0.19475913047790527,0.005200583630198707,0.1040622889995575,-0.16940128803253174,0.0011885013924484156,0.16997411847114563,-0.1478758454322815,-0.013802110075062046,0.17764899134635925,-0.16787070035934448,0.0031638219048772953,0.15582260489463806,-0.14879953861236572,0.013191666596526375,0.13052523136138916,-0.12387245893478394,0.011147477806503048,0.1845780909061432,-0.08776348829269409,-0.009772492430215607,0.18876305222511292,-0.11209297180175781,0.0024261147742663525,0.16434744000434875,-0.0960041880607605,0.01618246468990492,0.1432397961616516,-0.07396095991134644,0.023365463272625675,boom
0.0,0.0,0.0,-0.019278153777122498,-0.12613648176193237,-0.005907361769232011,-0.021727606654167175,-0.23542851209640503,-0.020880221762809015,-0.02326686680316925,-0.33277183771133423,-0.03432738538936064,-0.03837208449840546,-0.4038890600204468,-0.044080582820924974,0.10332469642162323,-0.258780300617218,-0.018500085362347818,0.11779822409152985,-0.25699764490127563,-0.008340116032513833,0.09479250013828278,-0.220958411693573,-0.0006838297365447943,0.07153527438640594,-0.19652658700942993,0.0010168736091600294,0.14431674778461456,-0.20923995971679688,-0.018276461773666597,0.15216432511806488,-0.21598589420318604,-0.00017086213733819022,0.12671904265880585,-0.19047248363494873,0.006683380435106301,0.10386858880519867,-0.1661543846130371,0.002765244197917127,0.16857166588306427,-0.14808785915374756,-0.014478217252644754,0.17829616367816925,-0.1641560196876526,0.0034477283236356016,0.15629826486110687,-0.14465385675430298,0.013923674448278689,0.13036520779132843,-0.12074249982833862,0.011853248438683295,0.18354447185993195,-0.08738875389099121,-0.01102833394065783,0.1893402487039566,-0.10859131813049316,0.001954733020511412,0.16504205763339996,-0.09215432405471802,0.016130753419247412,0.14337880909442902,-0.07095658779144287,0.02344969529553964,boom
0.0,0.0,0.0,-0.018702641129493713,-0.1255054473876953,-0.006199114688058671,-0.020678892731666565,-0.23628681898117065,-0.021160306606759605,-0.022602781653404236,-0.33385640382766724,-0.034487743128408965,-0.03864911198616028,-0.40491414070129395,-0.044117927749027785,0.1050107330083847,-0.25901544094085693,-0.01865666379438835,0.12009035050868988,-0.2564762234687805,-0.009204246301521835,0.09719578921794891,-0.220686137676239,-0.002404133288507637,0.07431747019290924,-0.196283757686615,-0.0012282759066124527,0.14606095850467682,-0.20881491899490356,-0.01831065324353176,0.154777392745018,-0.2164512276649475,-0.0009050606981304554,0.129445418715477,-0.1911723017692566,0.005792948685268584,0.10620616376399994,-0.16633498668670654,0.002028130495602909,0.1702808290719986,-0.14763885736465454,-0.01451274213599163,0.17956312000751495,-0.16423797607421875,0.0030533182785461577,0.1580313891172409,-0.1449471116065979,0.013505480054448071,0.13226757943630219,-0.12073755264282227,0.011596902075837079,0.18477551639080048,-0.08752280473709106,-0.011117339331974563,0.19025547802448273,-0.10867977142333984,0.0016828205321530731,0.16614972054958344,-0.09243035316467285,0.0156905015815596,0.1447606235742569,-0.07122600078582764,0.022957503597865525,boom
0.0,0.0,0.0,-0.019464999437332153,-0.1254470944404602,-0.006934812640508881,-0.022408396005630493,-0.23435759544372559,-0.022359581546595564,-0.024216309189796448,-0.33151698112487793,-0.03594202163975524,-0.039354801177978516,-0.40250539779663086,-0.04584378737371253,0.10358300805091858,-0.2558109164237976,-0.020526902632525434,0.11575353145599365,-0.25540053844451904,-0.01058726559739398,0.0925774872303009,-0.2195555567741394,-0.0029425836389123106,0.07005283236503601,-0.19427287578582764,-0.0012275676696731352,0.14438965916633606,-0.20577913522720337,-0.01970581698577689,0.15060806274414062,-0.21454042196273804,-0.002075054099520912,0.12538206577301025,-0.18974381685256958,0.004713185714820156,0.10330477356910706,-0.16463375091552734,0.0007977678918109632,0.16819944977760315,-0.14461517333984375,-0.01525046198975133,0.17683446407318115,-0.16276562213897705,0.0021352343040348387,0.15501120686531067,-0.14383965730667114,0.012525168365129957,0.12981060147285461,-0.11926484107971191,0.010507823085674772,0.18257156014442444,-0.08409887552261353,-0.011162286506703367,0.18828943371772766,-0.10694634914398193,0.001301930985675881,0.16398361325263977,-0.09096705913543701,0.015304139932879934,0.1427658498287201,-0.06925797462463379,0.02256434608835889,boom
0.0,0.0,0.0,-0.01990300416946411,-0.12595140933990479,-0.007152130062650031,-0.02321651577949524,-0.234575092792511,-0.02274886116288144,-0.024706244468688965,-0.3320452570915222,-0.03636317111454446,-0.039343804121017456,-0.40332913398742676,-0.04622710652552087,0.102135568857193,-0.25623494386672974,-0.02173170231185395,0.1144665777683258,-0.25467783212661743,-0.011773127763490265,0.09110522270202637,-0.2182408571243286,-0.0037123029389931617,0.06830942630767822,-0.19258445501327515,-0.0016386472191243229,0.14306634664535522,-0.2061213254928589,-0.020588038190226143,0.14965832233428955,-0.21417224407196045,-0.0028621679441585,0.12416306138038635,-0.18913483619689941,0.004274010491599256,0.10201996564865112,-0.1639876365661621,0.0005489535476499441,0.16700118780136108,-0.14487087726593018,-0.015711622013668602,0.1759146749973297,-0.1625238060951233,0.0017927217493252101,0.15386152267456055,-0.14350521564483643,0.012453973592300827,0.12856054306030273,-0.1187867522239685,0.010557080918033535,0.18166077136993408,-0.0843193531036377,-0.01119047187171418,0.18739008903503418,-0.10664963722229004,0.0013188165110022965,0.1630660891532898,-0.09059619903564453,0.015419276730199272,0.14196595549583435,-0.06897753477096558,0.022732198537369186,boom
0.0,0.0,0.0,-0.019472122192382812,-0.12627512216567993,-0.00717528317528604,-0.021750271320343018,-0.2359793782234192,-0.022576879844393716,-0.02340373396873474,-0.33312660455703735,-0.03606729036602019,-0.03902009129524231,-0.40404486656188965,-0.045914596081104264,0.10369336605072021,-0.2572711110115051,-0.021455425903525338,0.11497199535369873,-0.2566796541213989,-0.012372063607301698,0.09165206551551819,-0.22066181898117065,-0.005402037076976285,0.06929826736450195,-0.19501930475234985,-0.004073338251885161,0.1442526876926422,-0.2074955701828003,-0.020657686651077256,0.15026232600212097,-0.21601659059524536,-0.003785157710638032,0.12483870983123779,-0.191200852394104,0.0027208373468852187,0.10277882218360901,-0.1660538911819458,-0.0012974707822763776,0.16812002658843994,-0.1463060975074768,-0.016240989923801408,0.1767750382423401,-0.16468846797943115,0.00021525600112681786,0.15473991632461548,-0.14596891403198242,0.010364390775237098,0.12947064638137817,-0.12113165855407715,0.00839676601407291,0.18261772394180298,-0.08571982383728027,-0.012176754087533936,0.18825656175613403,-0.1086542010307312,-0.0004366250830685203,0.16393959522247314,-0.09261882305145264,0.013410581141386047,0.14284375309944153,-0.0705956220626831,0.020711848377857223,boom
0.0,0.0,0.0,-0.01854473352432251,-0.12590593099594116,-0.00679343601865412,-0.020396023988723755,-0.23635709285736084,-0.021888843627550614,-0.022648707032203674,-0.33406591415405273,-0.03521067358730079,-0.038498371839523315,-0.4052472710609436,-0.044834622071959984,0.10505929589271545,-0.2593260407447815,-0.01908426255164386,0.11882680654525757,-0.25797122716903687,-0.009251822607495797,0.09519332647323608,-0.22190725803375244,-0.00212669221861006,0.07209524512290955,-0.19711977243423462,-0.0007785749103845774,0.14583492279052734,-0.20879578590393066,-0.01819780178544761,0.1533355712890625,-0.2173856496810913,-0.0006039423815877853,0.1276833415031433,-0.19240200519561768,0.006049039417973745,0.10471418499946594,-0.16743510961532593,0.0021643963345354678,0.16980504989624023,-0.14722388982772827,-0.013820206636466992,0.1788705289363861,-0.16530883312225342,0.003560514066464293,0.15697690844535828,-0.14610302448272705,0.013822111411116111,0.13121694326400757,-0.12130242586135864,0.011829211486599434,0.1845930814743042,-0.08671563863754272,-0.009823771083631527,0.18966001272201538,-0.10934019088745117,0.002732720801702726,0.16535261273384094,-0.09315705299377441,0.01657796941520928,0.14412295818328857,-0.07144969701766968,0.02374996721567868,boom
0.0,0.0,0.0,-0.01909416913986206,-0.12636107206344604,-0.006760237374749067,-0.02132488787174225,-0.2363206148147583,-0.02191579491778839,-0.023539036512374878,-0.33380651473999023,-0.03526004553719986,-0.03931105136871338,-0.4048096537590027,-0.0449185200123452,0.10308554768562317,-0.25894594192504883,-0.020011556902375105,0.11721450090408325,-0.2579355835914612,-0.009909693719293955,0.09368780255317688,-0.22152966260910034,-0.0021820814436637193,0.07063677906990051,-0.19677042961120605,-0.0003765944712199598,0.14375391602516174,-0.20851802825927734,-0.01911265925451744,0.15194952487945557,-0.21674615144729614,-0.001107701900821212,0.12624025344848633,-0.19150370359420776,0.0060221244493163795,0.10342323780059814,-0.16686409711837769,0.002347508576292512,0.1678016483783722,-0.14690661430358887,-0.014608526238646391,0.17799964547157288,-0.1646057367324829,0.0029841523063964814,0.155725359916687,-0.1454869508743286,0.013501287801716444,0.1297825574874878,-0.12098544836044312,0.011585468790087816,0.18278783559799194,-0.08623433113098145,-0.010439475634541395,0.18893617391586304,-0.10920453071594238,0.002340587452579257,0.16434216499328613,-0.09304535388946533,0.01651767863944542,0.14284449815750122,-0.07137376070022583,0.023847872755084154,boom
0.0,0.0,0.0,-0.01882980763912201,-0.12563461065292358,-0.0061355598098771225,-0.02150397002696991,-0.23528164625167847,-0.021190990397258247,-0.023623213171958923,-0.33297544717788696,-0.03456910763077303,-0.03965911269187927,-0.40365123748779297,-0.04416827175907656,0.1026553362607956,-0.25918298959732056,-0.01982328917972609,0.1194758266210556,-0.25470227003097534,-0.009702378587348903,0.0966542512178421,-0.21799230575561523,-0.001724530413298453,0.0732174962759018,-0.19407284259796143,0.0002234007753258993,0.1434193104505539,-0.20927488803863525,-0.019334041216893638,0.15376906096935272,-0.21406692266464233,-0.001042269222921277,0.12822385132312775,-0.1883266568183899,0.006481299939082419,0.10492680966854095,-0.16465961933135986,0.003001013834477817,0.16764585673809052,-0.14796006679534912,-0.015222697222156967,0.17919673025608063,-0.16228723526000977,0.0028976498343809,0.15720392763614655,-0.14284580945968628,0.013790673872904335,0.13082630932331085,-0.11923414468765259,0.011942239774839436,0.1825185865163803,-0.08752036094665527,-0.01147061184190079,0.18867634236812592,-0.10691243410110474,0.00173477986220405,0.16444234549999237,-0.09057939052581787,0.01596407156296209,0.14277546107769012,-0.06997144222259521,0.023235325998143708,boom
0.0,0.0,0.0,-0.018442407250404358,-0.12489050626754761,-0.006762973939430594,-0.020597130060195923,-0.2347322702407837,-0.022113831223350644,-0.023156434297561646,-0.3322550058364868,-0.03575633975992787,-0.0399000346660614,-0.4029902219772339,-0.04568120601902592,0.10346880555152893,-0.258453905582428,-0.019792530195218205,0.11871802806854248,-0.25677067041397095,-0.010875553333562493,0.09561830759048462,-0.2204824686050415,-0.004169882716041684,0.07252556085586548,-0.1960492730140686,-0.0029417886150895356,0.14398691058158875,-0.2083856463432312,-0.01921730998287785,0.15314775705337524,-0.21670633554458618,-0.002396792381432533,0.127605140209198,-0.19108855724334717,0.004268165236908317,0.10447657108306885,-0.16649800539016724,0.0006110999049724342,0.16812941431999207,-0.14718914031982422,-0.015174315751892209,0.17861974239349365,-0.16497498750686646,0.001641736856299758,0.15678098797798157,-0.145557701587677,0.012190501696068168,0.1309291422367096,-0.12117725610733032,0.010565650208491206,0.18289241194725037,-0.08693838119506836,-0.011519799449843049,0.18867018818855286,-0.1089620590209961,0.0007572286660888494,0.1644999384880066,-0.09267222881317139,0.014800431697267413,0.14338287711143494,-0.07148313522338867,0.022216663254994273,boom
0.0,0.0,0.0,-0.01884286105632782,-0.12651097774505615,-0.008522162479607687,-0.0212898850440979,-0.2355104684829712,-0.02446494836851798,-0.02298887073993683,-0.332613468170166,-0.03819427665814601,-0.03769698739051819,-0.40339094400405884,-0.04811174449071132,0.1051187515258789,-0.2558620572090149,-0.021956822169272527,0.11532902717590332,-0.2584625482559204,-0.012131390427498445,0.09185963869094849,-0.22265690565109253,-0.004566828985957727,0.06970936059951782,-0.1966848373413086,-0.002966024480087981,0.1456412971019745,-0.20534688234329224,-0.020269174394456968,0.14988556504249573,-0.21694087982177734,-0.003368312525822148,0.12468299269676208,-0.19253891706466675,0.002970728990362659,0.10276427865028381,-0.1668987274169922,-0.0011730946463330838,0.1689046025276184,-0.1442057490348816,-0.014993180786518678,0.17607995867729187,-0.16438370943069458,0.0016341864501328018,0.15435200929641724,-0.1462131142616272,0.011516176829786673,0.1291842758655548,-0.12102854251861572,0.009288879777045622,0.18280580639839172,-0.08421671390533447,-0.010161592890767679,0.186888188123703,-0.10818469524383545,0.0014244834563896802,0.16261598467826843,-0.09291315078735352,0.014757211054416075,0.14163389801979065,-0.07092666625976562,0.02167367722347535,boom
0.0,0.0,0.0,-0.01939183473587036,-0.12737303972244263,-0.008541256228454586,-0.02196061611175537,-0.23601216077804565,-0.02467325799352693,-0.023024827241897583,-0.33350127935409546,-0.038555377202101226,-0.036504775285720825,-0.40537774562835693,-0.04866966702229547,0.1059810221195221,-0.2557072043418884,-0.02187448464519548,0.11518338322639465,-0.2590954899787903,-0.011411787049837585,0.09086400270462036,-0.22325074672698975,-0.003478879613794561,0.06834721565246582,-0.1970428228378296,-0.001650344037443574,0.14691683650016785,-0.2047533392906189,-0.01992353707737493,0.15007954835891724,-0.2173253297805786,-0.002398721680037852,0.12431919574737549,-0.19282877445220947,0.003921135755263094,0.10233622789382935,-0.16698074340820312,-0.00040784010616334854,0.1700977087020874,-0.14345502853393555,-0.014286403583355423,0.17638671398162842,-0.1647433638572693,0.0029730456490142387,0.1543254256248474,-0.14628732204437256,0.012809489814571862,0.12912192940711975,-0.1209835410118103,0.010361094919971947,0.18380039930343628,-0.08347439765930176,-0.00905468039400148,0.18791353702545166,-0.10875308513641357,0.003073317192502145,0.16355547308921814,-0.09345364570617676,0.016586705071858887,0.14250397682189941,-0.07131457328796387,0.02350578732603026,boom
0.0,0.0,0.0,-0.01923847198486328,-0.12800145149230957,-0.008034595186813931,-0.022066354751586914,-0.2355579137802124,-0.0242829172788106,-0.023443102836608887,-0.3325754404067993,-0.038300862434311966,-0.036924928426742554,-0.40432047843933105,-0.0484863798050128,0.10550898313522339,-0.254463791847229,-0.022536158460184197,0.11638256907463074,-0.25748682022094727,-0.011417278918429474,0.09218108654022217,-0.22162508964538574,-0.002303501955225329,0.06934013962745667,-0.19569867849349976,0.0003616327736608582,0.14633265137672424,-0.20297902822494507,-0.020746694776221375,0.15118905901908875,-0.2161722183227539,-0.0026779129551641745,0.12544304132461548,-0.19176119565963745,0.004583357934848209,0.10340258479118347,-0.16617149114608765,0.0008250571987673538,0.16948112845420837,-0.1414937973022461,-0.015101678567930321,0.17756327986717224,-0.163779616355896,0.002638694931761165,0.1553066074848175,-0.14550310373306274,0.013318657045260807,0.12989729642868042,-0.12057572603225708,0.011311819878415008,0.1831807792186737,-0.08156311511993408,-0.009794019992455105,0.1887449324131012,-0.1078948974609375,0.002748706479565044,0.16422328352928162,-0.09257501363754272,0.016907470402315994,0.14309421181678772,-0.07058566808700562,0.024197734993890663,boom
0.0,0.0,0.0,-0.018357202410697937,-0.12826931476593018,-0.007308209077336869,-0.0212441086769104,-0.23406320810317993,-0.023580630537935576,-0.022274896502494812,-0.3309944272041321,-0.037882796716758094,-0.03458753228187561,-0.40305936336517334,-0.04845255170471319,0.10714657604694366,-0.2529616951942444,-0.02140590291924127,0.117497518658638,-0.2560685873031616,-0.010815573152967772,0.09301243722438812,-0.21970999240875244,-0.002533352230557284,0.07018356025218964,-0.1931435465812683,-0.00026903533830591186,0.14791740477085114,-0.20175093412399292,-0.019837021124430976,0.15219150483608246,-0.21478116512298584,-0.0014574726762930368,0.12611950933933258,-0.1904839277267456,0.005431886999986091,0.10404817759990692,-0.16487830877304077,0.0012840040774335648,0.17081744968891144,-0.1405085325241089,-0.014415459935435138,0.17832760512828827,-0.16210919618606567,0.0037803330972110416,0.15576045215129852,-0.14399391412734985,0.014262128393284002,0.13028459250926971,-0.11943328380584717,0.012023542779616037,0.18414391577243805,-0.08099484443664551,-0.009285249044069133,0.18970970809459686,-0.10755282640457153,0.0038788009017025615,0.1652415245771408,-0.09228527545928955,0.0183241765528237,0.1441253274679184,-0.07035559415817261,0.02577851224236838,boom
0.0,0.0,0.0,-0.01892809569835663,-0.12830835580825806,-0.0061246387747928566,-0.02132667601108551,-0.2353004813194275,-0.021808048067043728,-0.022300347685813904,-0.3322712182998657,-0.03584771166498513,-0.03568391501903534,-0.40422022342681885,-0.046210515600989766,0.10675095021724701,-0.2543675899505615,-0.02001920650656075,0.11927513778209686,-0.2544552683830261,-0.00925238552446217,0.09533847868442535,-0.21863603591918945,-0.0009771307784944838,0.07227270305156708,-0.1930943727493286,0.0011413155036166245,0.1473376303911209,-0.2033730149269104,-0.019437904757808155,0.1532360166311264,-0.2130022644996643,-0.0007655376655861801,0.12757845222949982,-0.18865376710891724,0.0063641096377864415,0.1054917722940445,-0.16346532106399536,0.002307974212442332,0.17034099996089935,-0.1420934796333313,-0.015043404241453118,0.1787516325712204,-0.16072386503219604,0.0033978775056198174,0.156607523560524,-0.14233195781707764,0.014041191610147052,0.1311674565076828,-0.11802935600280762,0.011790685998846584,0.18371085822582245,-0.08218026161193848,-0.010963160832773156,0.18978263437747955,-0.1053382158279419,0.0023051222698882157,0.16527248919010162,-0.09009772539138794,0.01667183701937347,0.14379550516605377,-0.06860977411270142,0.023981493609596782,boom
0.0,0.0,0.0,-0.018947437405586243,-0.12762212753295898,-0.006893720087305155,-0.02123427391052246,-0.2349635362625122,-0.02235865414206728,-0.022677123546600342,-0.33213305473327637,-0.035962363780186024,-0.035922080278396606,-0.40396443009376526,-0.04586519867245897,0.10675027966499329,-0.2534494996070862,-0.019931789562747326,0.11776813864707947,-0.2555738091468811,-0.008751898147806969,0.0933825671672821,-0.22000765800476074,-0.00014946585235975363,0.07050207257270813,-0.19395780563354492,0.0021957391121532055,0.14769119024276733,-0.20237720012664795,-0.018513474688575116,0.15176427364349365,-0.2144453525543213,0.00016522957355391554,0.12578082084655762,-0.19026470184326172,0.00718645371432558,0.10413351655006409,-0.16477549076080322,0.0031601308559174868,0.1708495020866394,-0.14115703105926514,-0.013312193640217629,0.17791667580604553,-0.16257959604263306,0.004945077858224067,0.1555701494216919,-0.14425617456436157,0.015265617444470081,0.13051411509513855,-0.11954092979431152,0.012938259094312343,0.18431559205055237,-0.0814659595489502,-0.008403410278901902,0.1891789734363556,-0.10702431201934814,0.004639907664909515,0.1645945906639099,-0.09168601036071777,0.018718402757599506,0.14353981614112854,-0.06970882415771484,0.025903120561793003,boom
0.0,0.0,0.0,-0.018843501806259155,-0.1279469132423401,-0.007030645412044123,-0.020909875631332397,-0.23590779304504395,-0.02267919157503684,-0.022439002990722656,-0.333629310131073,-0.03648201797960837,-0.036039650440216064,-0.4058179259300232,-0.04662096177099784,0.10800489783287048,-0.2550509572029114,-0.019611672059284047,0.11786118149757385,-0.2569881081581116,-0.008293589138077095,0.09347125887870789,-0.22087180614471436,-3.6361287243380502e-06,0.07086685299873352,-0.19450396299362183,0.0020188323421166388,0.14862293004989624,-0.20412677526474,-0.01824292962311347,0.1529693603515625,-0.21587133407592773,0.0005564029876836685,0.1270540952682495,-0.19148141145706177,0.007201009868992969,0.10521537065505981,-0.1656031608581543,0.0028818633606420008,0.17140549421310425,-0.14265304803848267,-0.0130543788230284,0.17944541573524475,-0.16406095027923584,0.005403641119016811,0.15716862678527832,-0.14591103792190552,0.015540007940842315,0.13187766075134277,-0.12095564603805542,0.013074039920581981,0.18460959196090698,-0.08242517709732056,-0.00818910312710841,0.19056004285812378,-0.10864889621734619,0.005049165777279541,0.1661449372768402,-0.09354722499847412,0.019212252899421856,0.1448524296283722,-0.0712212324142456,0.02645607243420045,boom
0.0,0.0,0.0,-0.018708914518356323,-0.12860465049743652,-0.0065207642695668255,-0.020540282130241394,-0.23705339431762695,-0.021467095539605907,-0.021892830729484558,-0.3344763517379761,-0.034547683150208286,-0.035220205783843994,-0.406253457069397,-0.04402243003312378,0.10804727673530579,-0.2554363012313843,-0.01915332332316666,0.11730864644050598,-0.257135808467865,-0.007359135263300232,0.09317809343338013,-0.22140085697174072,0.0012543354456511224,0.07096391916275024,-0.19513022899627686,0.003480315375441023,0.14879858493804932,-0.2047749161720276,-0.01764996565941601,0.1523553729057312,-0.21602213382720947,0.0017549114342045868,0.1266891360282898,-0.19207435846328735,0.008617790117227742,0.10535672307014465,-0.16653329133987427,0.004293683617675015,0.17157837748527527,-0.14336687326431274,-0.012253962755835346,0.17871320247650146,-0.1646546721458435,0.00668585503410668,0.15660250186920166,-0.1467408537864685,0.016727007626855084,0.1317436695098877,-0.1219819188117981,0.014060074164831349,0.18460074067115784,-0.08347707986831665,-0.007116053552067569,0.19000735878944397,-0.1097337007522583,0.006731241642796704,0.16548597812652588,-0.09480810165405273,0.02101880468364925,0.1442999541759491,-0.07265883684158325,0.02819711871381969,boom
0.0,0.0,0.0,-0.01822318136692047,-0.12844175100326538,-0.007198883515002308,-0.01931910216808319,-0.23789680004119873,-0.022509721402229843,-0.020363345742225647,-0.3357122540473938,-0.035871331874432144,-0.033552780747413635,-0.4081284999847412,-0.045573474202456055,0.10985393822193146,-0.25694048404693604,-0.01938620704800087,0.11837126314640045,-0.26022040843963623,-0.008272696580888805,0.09418527781963348,-0.22427356243133545,-0.0003798604045641696,0.07225118577480316,-0.19737333059310913,0.0013741540572027588,0.15080560743808746,-0.20639514923095703,-0.017869367558660088,0.15331654250621796,-0.21910583972930908,0.0007280243410150433,0.12760646641254425,-0.19468754529953003,0.007113936994073811,0.10623697936534882,-0.1683037281036377,0.002671689199132743,0.17372776567935944,-0.14512813091278076,-0.012616608586313305,0.17963318526744843,-0.16785109043121338,0.005738970994798365,0.15750040113925934,-0.14959949254989624,0.01563203957289261,0.13277967274188995,-0.12412863969802856,0.013025247197447243,0.18675614893436432,-0.08520776033401489,-0.007721230682136593,0.1913074105978012,-0.1120232343673706,0.005533537067321959,0.16665516793727875,-0.09701621532440186,0.019504579420981827,0.14542408287525177,-0.07449090480804443,0.02660620276242298,boom
0.0,0.0,0.0,-0.017861828207969666,-0.12874239683151245,-0.0067060639739224825,-0.01903475821018219,-0.23821651935577393,-0.02174698222728466,-0.02002015709877014,-0.33599191904067993,-0.03499714318962788,-0.032760873436927795,-0.40823477506637573,-0.04456182975621914,0.10978211462497711,-0.25760310888290405,-0.0178705513134787,0.1192404180765152,-0.26018190383911133,-0.006685219577718726,0.09458492696285248,-0.22444355487823486,0.0011592029005100812,0.07216696441173553,-0.19786065816879272,0.0029518116608073797,0.15076859295368195,-0.20638853311538696,-0.016593378375489465,0.15441234409809113,-0.21922677755355835,0.0019423237645810332,0.1281634122133255,-0.194874107837677,0.008441534486394175,0.10614131391048431,-0.1684132218360901,0.004285218787174472,0.17376486957073212,-0.14475899934768677,-0.011696596968192807,0.18016614019870758,-0.1674550175666809,0.006412372586112269,0.15757815539836884,-0.14905619621276855,0.016444394026677855,0.13249258697032928,-0.1234552264213562,0.014188426208477267,0.18707744777202606,-0.08448398113250732,-0.007114208641667119,0.19209755957126617,-0.11168515682220459,0.006029230669867047,0.16709376871585846,-0.09647297859191895,0.020158063282053718,0.14576752483844757,-0.07381319999694824,0.027484533970039138,boom
0.0,0.0,0.0,-0.01841104030609131,-0.12889981269836426,-0.006498688070166736,-0.01986493170261383,-0.23697835206985474,-0.021717260295588403,-0.021009117364883423,-0.33449888229370117,-0.03520460117800894,-0.03415779769420624,-0.40669721364974976,-0.045099508652526765,0.10845878720283508,-0.25644898414611816,-0.018640529999572664,0.11810728907585144,-0.25853657722473145,-0.007558424660999208,0.09390756487846375,-0.22256559133529663,0.0004592566452288338,0.07174175977706909,-0.1959822177886963,0.0024095506574326464,0.1494869887828827,-0.20530736446380615,-0.017420435959536462,0.15296167135238647,-0.21757376194000244,0.0011223238594197937,0.12697726488113403,-0.1931266188621521,0.007770723028045268,0.10540738701820374,-0.16701722145080566,0.003623824164208145,0.17243534326553345,-0.14368140697479248,-0.012462985405761628,0.17845359444618225,-0.16578620672225952,0.0057056958954149195,0.15614426136016846,-0.14736711978912354,0.015850006898801894,0.1314011812210083,-0.12210017442703247,0.013576481787424655,0.1857239305973053,-0.08367842435836792,-0.007780322508949666,0.19015294313430786,-0.11063903570175171,0.005510836670111985,0.16534924507141113,-0.09531795978546143,0.019825686996739478,0.1442132294178009,-0.07290381193161011,0.027225815987151236,boom
0.0,0.0,0.0,-0.017747119069099426,-0.12884140014648438,-0.006347167357660055,-0.019087478518486023,-0.23693996667861938,-0.021672135270989656,-0.020294666290283203,-0.334231436252594,-0.03529096399978471,-0.03366197645664215,-0.4062293767929077,-0.04527427633837533,0.1096464991569519,-0.2552003264427185,-0.018621688760674715,0.11920589208602905,-0.2580820918083191,-0.007528514187640667,0.09478786587715149,-0.2222275733947754,0.0004141530724268705,0.07246220111846924,-0.19553935527801514,0.0022610735093735457,0.15046849846839905,-0.20424997806549072,-0.017659714497483492,0.15415817499160767,-0.21722280979156494,0.0009528895669177473,0.12815028429031372,-0.19285154342651367,0.007544674392931938,0.10645750164985657,-0.16670697927474976,0.0032786293366484642,0.17334440350532532,-0.14288121461868286,-0.012936892039931536,0.18056845664978027,-0.16596311330795288,0.0054462206961147785,0.15809866786003113,-0.1476651430130005,0.01579815702899623,0.13312244415283203,-0.12256664037704468,0.013520291954421282,0.18636682629585266,-0.08278858661651611,-0.008485741965330362,0.19204238057136536,-0.11053401231765747,0.004854784295105219,0.16724619269371033,-0.09536045789718628,0.01931479568048644,0.1460123360157013,-0.07299208641052246,0.02675994852944541,boom
0.0,0.0,0.0,-0.017015159130096436,-0.12927716970443726,-0.0058569248656112904,-0.01773984730243683,-0.23737627267837524,-0.02121515030808041,-0.019049137830734253,-0.3348158597946167,-0.03504647332079003,-0.03255775570869446,-0.40713948011398315,-0.045320417907305455,0.11009377241134644,-0.2559446096420288,-0.018523810606666302,0.12069526314735413,-0.2583708167076111,-0.007994188171096539,0.09636840224266052,-0.22243791818618774,-0.00046268865185083996,0.07387924194335938,-0.1959148645401001,0.001174034142650271,0.15075773000717163,-0.20502310991287231,-0.017990891065664982,0.15520024299621582,-0.21767431497573853,0.0003124292118172889,0.12917640805244446,-0.19322508573532104,0.006856948893300796,0.1074153482913971,-0.16715192794799805,0.002589015114836002,0.1737140417098999,-0.14354240894317627,-0.01369628607130835,0.1808968186378479,-0.16630476713180542,0.004432750224850679,0.1584758162498474,-0.14794200658798218,0.01480937359087875,0.1335870921611786,-0.12288951873779297,0.01259613298975637,0.18684324622154236,-0.08341866731643677,-0.009658792231448388,0.19242322444915771,-0.11114233732223511,0.00352761341423502,0.16759201884269714,-0.09587699174880981,0.018067160445980335,0.14633750915527344,-0.07337617874145508,0.02561147866003921,boom
0.0,0.0,0.0,-0.018300846219062805,-0.1289660930633545,-0.0067918932763291195,-0.019682779908180237,-0.23694276809692383,-0.022413640166575988,-0.020607635378837585,-0.3338918089866638,-0.036304476554448684,-0.03399178385734558,-0.40619972348213196,-0.046598101849610885,0.10856015980243683,-0.2559937834739685,-0.01914466626470812,0.11757685244083405,-0.258095920085907,-0.008803889038915713,0.09320564568042755,-0.22214555740356445,-0.001468337373751183,0.07111658155918121,-0.19562691450119019,4.5306296726721484e-05,0.1496080905199051,-0.2047538161277771,-0.018173151533062537,0.15264837443828583,-0.21708589792251587,-0.00025716552039511953,0.12666811048984528,-0.19260936975479126,0.006138249882553737,0.10508327186107635,-0.1664416790008545,0.001887828111705403,0.17259563505649567,-0.1432599425315857,-0.013554630684609492,0.17795933783054352,-0.16518449783325195,0.004054169752691905,0.15574781596660614,-0.1466437578201294,0.014106290531401555,0.13114114105701447,-0.12136942148208618,0.011861887876932542,0.18577279150485992,-0.08339101076126099,-0.009278257260973533,0.19000186026096344,-0.1094433069229126,0.0033938145498382255,0.16518034040927887,-0.09407544136047363,0.0174695953028845,0.1440056413412094,-0.07175302505493164,0.024806470726673524,boom
0.0,0.0,0.0,-0.019297897815704346,-0.12875860929489136,-0.008021605566568724,-0.021543771028518677,-0.23623907566070557,-0.02393219563407456,-0.022224247455596924,-0.3333011269569397,-0.03770482856077706,-0.03468164801597595,-0.4054960310459137,-0.04773084390205895,0.10741502046585083,-0.2542569041252136,-0.02100154328388726,0.11596357822418213,-0.2576417922973633,-0.00965369994980847,0.09136828780174255,-0.22209274768829346,-0.0009393621747904035,0.0691893994808197,-0.19551604986190796,0.0014169094921498981,0.14819708466529846,-0.20263487100601196,-0.019054876074619642,0.151222825050354,-0.21645516157150269,-0.0007476443587393078,0.1251961886882782,-0.19268077611923218,0.0061449968326314774,0.1037541925907135,-0.1664314866065979,0.0021397255896999923,0.1708187460899353,-0.14114725589752197,-0.013327873677440039,0.17750942707061768,-0.16466325521469116,0.004452008388511786,0.15512743592262268,-0.1470819115638733,0.014692175767891058,0.13039612770080566,-0.1218116283416748,0.012500637776724943,0.1838165819644928,-0.08149605989456177,-0.007933169968850962,0.18901246786117554,-0.10980546474456787,0.004769295554183373,0.16418999433517456,-0.09525775909423828,0.01892928463178123,0.14300280809402466,-0.07295715808868408,0.026259011223487505,boom
0.0,0.0,0.0,-0.019086837768554688,-0.12850576639175415,-0.007083594576499763,-0.021593168377876282,-0.2357451319694519,-0.023089520876339975,-0.022155731916427612,-0.333143949508667,-0.037144510318569246,-0.034862399101257324,-0.4054641127586365,-0.04752134369783789,0.10689744353294373,-0.25398415327072144,-0.021104403083256784,0.11714762449264526,-0.256200909614563,-0.010182805602482858,0.09267884492874146,-0.22009921073913574,-0.0017742310986363918,0.070057213306427,-0.19378513097763062,0.00047857231828629665,0.14756327867507935,-0.202403724193573,-0.019680755456022325,0.15208792686462402,-0.21445125341415405,-0.0011400861070001156,0.12610653042793274,-0.19044452905654907,0.005852124410637316,0.10420197248458862,-0.16469067335128784,0.0017520259031584828,0.17028430104255676,-0.14083194732666016,-0.014368133862546983,0.17812877893447876,-0.16228348016738892,0.003829691083126363,0.1557210087776184,-0.14450645446777344,0.014289245697625574,0.13044792413711548,-0.11969220638275146,0.012049494999416765,0.18343663215637207,-0.081210196018219,-0.009331925083927217,0.18955004215240479,-0.10805368423461914,0.003706167208918032,0.16484442353248596,-0.0930514931678772,0.018084361906119284,0.14339306950569153,-0.07096338272094727,0.025493995974727568,boom
0.0,0.0,0.0,-0.018194466829299927,-0.12814253568649292,-0.007252484162052042,-0.02027834951877594,-0.23607861995697021,-0.02325140086253441,-0.02074199914932251,-0.3333379626274109,-0.03725467582484043,-0.034026458859443665,-0.4050370454788208,-0.047453939516742594,0.10815009474754333,-0.25385910272598267,-0.021526718114216692,0.11964330077171326,-0.25531554222106934,-0.010855734881658918,0.09492969512939453,-0.21980911493301392,-0.002403578788687355,0.07188156247138977,-0.1941615343093872,-8.712276252254014e-05,0.14855504035949707,-0.20193171501159668,-0.020109708954294092,0.15432029962539673,-0.2136847972869873,-0.0019152581903085775,0.12828212976455688,-0.18998247385025024,0.005333331345866554,0.1060539186000824,-0.1646239161491394,0.001573144623364442,0.17113730311393738,-0.14025747776031494,-0.014851263326306707,0.18020296096801758,-0.16162532567977905,0.0032658576288326913,0.15792816877365112,-0.14418762922286987,0.014001722845534914,0.13243311643600464,-0.11980324983596802,0.012025094057719343,0.1840609908103943,-0.08053034543991089,-0.009907037553091413,0.19035708904266357,-0.10724133253097534,0.003201591016079419,0.1658128798007965,-0.09269380569458008,0.01767232867638313,0.14448478817939758,-0.07115870714187622,0.025163676987688177,boom
0.0,0.0,0.0,-0.018757373094558716,-0.1292647123336792,-0.006424617371408203,-0.020589202642440796,-0.23743075132369995,-0.022190550225673178,-0.020465120673179626,-0.33468806743621826,-0.03613502520590828,-0.03320908546447754,-0.40701088309288025,-0.046343427034912565,0.10760888457298279,-0.255135715007782,-0.020775534096060255,0.11996012926101685,-0.2578114867210388,-0.009574866737125376,0.09559279680252075,-0.2223355770111084,-0.0007673738290350229,0.07271924614906311,-0.1964477300643921,0.0016959585483391493,0.1483263075351715,-0.2035999894142151,-0.019800331327019194,0.1545000970363617,-0.21599674224853516,-0.0010704761369879634,0.1286647915840149,-0.1920376420021057,0.006296616629811069,0.1066557765007019,-0.16637134552001953,0.002492772997470638,0.17115479707717896,-0.14205020666122437,-0.014902372727988222,0.18060731887817383,-0.1640118956565857,0.003672452992873332,0.15847989916801453,-0.14618313312530518,0.014461305108966371,0.1331685185432434,-0.12157785892486572,0.012348225456776163,0.18438184261322021,-0.08237999677658081,-0.010254130582211474,0.19132322072982788,-0.10930728912353516,0.002998683019654891,0.16688844561576843,-0.0942765474319458,0.017497137305440447,0.14553630352020264,-0.07234573364257812,0.02495148603350117,boom
0.0,0.0,0.0,-0.019229397177696228,-0.12769877910614014,-0.007202260150677375,-0.021613940596580505,-0.23488259315490723,-0.023024593434399776,-0.02175213396549225,-0.33164918422698975,-0.03693311191267412,-0.034493833780288696,-0.4034363031387329,-0.047085258132881336,0.10628552734851837,-0.2534988522529602,-0.02152769728667181,0.11760486662387848,-0.2532329559326172,-0.010943226470715217,0.09375245869159698,-0.21776598691940308,-0.0023531449969027562,0.07092897593975067,-0.1923413872718811,3.9355431056264933e-05,0.14734403789043427,-0.20176833868026733,-0.020376161626643352,0.15222541987895966,-0.21141046285629272,-0.0022100000186924262,0.12661392986774445,-0.18734091520309448,0.005111213819020577,0.10460449755191803,-0.1622387170791626,0.0013586520672674851,0.17037586867809296,-0.1400289535522461,-0.015472375742263011,0.17737551033496857,-0.15881365537643433,0.0024465509214337544,0.15558655560016632,-0.14062494039535522,0.01308111478471119,0.13051114976406097,-0.1164512038230896,0.011013210796647854,0.1836410015821457,-0.08015304803848267,-0.010956752999788932,0.18848209083080292,-0.10356205701828003,0.0019395783766071872,0.16438044607639313,-0.08854544162750244,0.01607727729611952,0.1431197077035904,-0.0674625039100647,0.02331170723670084,boom
0.0,0.0,0.0,-0.01857222616672516,-0.12724238634109497,-0.00704166084614144,-0.02127942442893982,-0.2339687943458557,-0.023147339709964854,-0.021287858486175537,-0.3308413624763489,-0.03739709105428801,-0.03388236463069916,-0.40275830030441284,-0.04786130856808768,0.10620936751365662,-0.2523319721221924,-0.021945378520456416,0.11839595437049866,-0.25246715545654297,-0.011373867058125597,0.0944557785987854,-0.216779887676239,-0.0025784007841025414,0.07142207026481628,-0.19147199392318726,-3.757959274253153e-05,0.14677628874778748,-0.2012227177619934,-0.021069290825096232,0.15325653553009033,-0.21077942848205566,-0.0029332228106682123,0.12744873762130737,-0.18643057346343994,0.004530144612374443,0.10496658086776733,-0.1615416407585144,0.0008789517931404589,0.16978096961975098,-0.13985246419906616,-0.016361727156606776,0.17900380492210388,-0.1588490605354309,0.0015137472553874431,0.15680724382400513,-0.14065277576446533,0.01246671494010343,0.1311439871788025,-0.11676687002182007,0.01060906354251756,0.18321484327316284,-0.07980436086654663,-0.011992638708022696,0.1900472640991211,-0.10422825813293457,0.0007827646230111895,0.16557717323303223,-0.08909183740615845,0.015303923039766687,0.14387649297714233,-0.06798660755157471,0.022851645237835783,boom
0.0,0.0,0.0,-0.018251225352287292,-0.12783384323120117,-0.006494771653706266,-0.020427152514457703,-0.23546534776687622,-0.02222665349199815,-0.0204535573720932,-0.33307743072509766,-0.03625573540284677,-0.03331644833087921,-0.4051101803779602,-0.046460192149424984,0.1069374531507492,-0.2552088499069214,-0.019811517989182903,0.12054593861103058,-0.25338006019592285,-0.009571185765707924,0.09671296179294586,-0.21735894680023193,-0.0015390081907753483,0.07323925197124481,-0.19243180751800537,0.0005653888574670418,0.14769046008586884,-0.20418906211853027,-0.019124233594084217,0.1548846811056137,-0.2124214768409729,-0.0009996640374083654,0.1291847974061966,-0.1876959204673767,0.00600589768782811,0.10656113922595978,-0.1630610227584839,0.002151011990463303,0.1710633784532547,-0.1427280306816101,-0.014749961404049827,0.17988379299640656,-0.16039001941680908,0.003325973672872351,0.15802089869976044,-0.14165741205215454,0.014027572738086747,0.13247205317020416,-0.11772704124450684,0.012076916674232052,0.18478934466838837,-0.08248966932296753,-0.01073840582921548,0.1909523457288742,-0.10551303625106812,0.0024619950336273178,0.16666589677333832,-0.09013551473617554,0.016918335611080693,0.145282581448555,-0.06906729936599731,0.024444014335131214,boom
0.0,0.0,0.0,-0.01956009864807129,-0.1273031234741211,-0.007427103656539202,-0.02223259210586548,-0.2344011664390564,-0.02331001435146618,-0.02273625135421753,-0.33080703020095825,-0.03727508087382603,-0.0355832576751709,-0.4019973576068878,-0.04746741180048275,0.10537400841712952,-0.2523982524871826,-0.0215908040545969,0.11617252230644226,-0.25198012590408325,-0.011478970132031918,0.09222891926765442,-0.2164899706840515,-0.0033012890044687992,0.06935474276542664,-0.1912561058998108,-0.0011629462961195713,0.1460050642490387,-0.2011812925338745,-0.020585920035102845,0.15102359652519226,-0.21072781085968018,-0.002971698136263967,0.1253494918346405,-0.1865963339805603,0.004066089329114675,0.10320812463760376,-0.16160988807678223,0.0002566423654002392,0.1691407859325409,-0.13975626230239868,-0.01591361996457863,0.17617535591125488,-0.15811645984649658,0.0015191721476526254,0.15418124198913574,-0.13971251249313354,0.0119821603156538,0.129001647233963,-0.11552679538726807,0.009929025240978717,0.182550311088562,-0.07961755990982056,-0.01167540562079239,0.18712246417999268,-0.10203903913497925,0.0009143680662759834,0.16278961300849915,-0.0869937539100647,0.014885487661501884,0.14150291681289673,-0.06596815586090088,0.02205918978228283,boom
0.0,0.0,0.0,-0.01802024245262146,-0.1287723183631897,-0.006380628338206407,-0.019600510597229004,-0.23648595809936523,-0.021920509645838138,-0.019545674324035645,-0.3337365984916687,-0.03570195847203195,-0.03250984847545624,-0.40553224086761475,-0.045678114527959224,0.10765284299850464,-0.25491613149642944,-0.020065166065592166,0.12029814720153809,-0.2557946443557739,-0.009226990873116847,0.09584501385688782,-0.2201429009437561,-0.000655494639772769,0.07261544466018677,-0.19477218389511108,0.0017395584051200785,0.14809930324554443,-0.2036418318748474,-0.019276818269986506,0.15480288863182068,-0.21430820226669312,-0.00078455464461058,0.12876808643341064,-0.19013744592666626,0.006537224156659249,0.10618525743484497,-0.165105402469635,0.0028313221315556802,0.1710197627544403,-0.14216315746307373,-0.014693066487211581,0.1802854835987091,-0.16186600923538208,0.0036434931586200037,0.15798819065093994,-0.14371991157531738,0.014484613193076257,0.13225364685058594,-0.11962372064590454,0.012540894551079873,0.18426859378814697,-0.08216726779937744,-0.010402864785987731,0.19109761714935303,-0.10742545127868652,0.0028606501779222526,0.16668888926506042,-0.09229010343551636,0.0174768641496712,0.14515557885169983,-0.07095187902450562,0.025071393689017896,boom
0.0,0.0,0.0,-0.01715947687625885,-0.12808263301849365,-0.0061715285426089395,-0.018139004707336426,-0.23651152849197388,-0.021532347718448364,-0.01795916259288788,-0.33374547958374023,-0.03508926212248298,-0.03061632812023163,-0.4054814875125885,-0.04477197706160041,0.1106032282114029,-0.2553665041923523,-0.019925019065112792,0.12250353395938873,-0.25647401809692383,-0.008410608688564025,0.0976790338754654,-0.22079944610595703,0.0006629307156345021,0.07439430058002472,-0.1953357458114624,0.0032419820183804404,0.15138433873653412,-0.20405679941177368,-0.01918053842541667,0.15665028989315033,-0.21460121870040894,-0.00017027971784955298,0.13052867352962494,-0.19043147563934326,0.007371567362724818,0.10800562798976898,-0.1650857925415039,0.003721471117614783,0.17422671616077423,-0.14240682125091553,-0.014573049092859947,0.18184654414653778,-0.16244876384735107,0.004307515626578606,0.15970461070537567,-0.14417731761932373,0.015222596643297948,0.13420622050762177,-0.11987221240997314,0.013155104299812592,0.18710799515247345,-0.0823202133178711,-0.010264870071978294,0.19268746674060822,-0.10735249519348145,0.0032774516714653146,0.16818509995937347,-0.09228122234344482,0.017747729724078454,0.1466837376356125,-0.0709916353225708,0.025176480119853295,boom
0.0,0.0,0.0,-0.018396228551864624,-0.12960708141326904,-0.006753534921642768,-0.01912631094455719,-0.2374861240386963,-0.022018610411521422,-0.018475770950317383,-0.3347052335739136,-0.03549789349102639,-0.030525028705596924,-0.4072962999343872,-0.045189441093441474,0.11015260219573975,-0.2566118836402893,-0.018135293298598754,0.12007859349250793,-0.2580849528312683,-0.006881705862667786,0.09523579478263855,-0.2227022647857666,0.0012548209352303274,0.07233670353889465,-0.1965826153755188,0.003259976948413623,0.15140876173973083,-0.20512717962265015,-0.017036340111133086,0.15489229559898376,-0.21683448553085327,0.001642293152201546,0.1285858452320099,-0.19290822744369507,0.008243241435650361,0.10635587573051453,-0.1671702265739441,0.004129298119607938,0.1742672324180603,-0.14359039068222046,-0.012286988930043208,0.17989900708198547,-0.1654396653175354,0.006032012025627864,0.15760263800621033,-0.147283136844635,0.016159688210848344,0.13258859515190125,-0.12254869937896729,0.013897138736012948,0.18697050213813782,-0.083629310131073,-0.007886366830405223,0.19188907742500305,-0.10989481210708618,0.005248995120439304,0.16715484857559204,-0.09512937068939209,0.019501597708824647,0.1455027163028717,-0.07334870100021362,0.02697921832537986,boom
0.0,0.0,0.0,-0.018382251262664795,-0.129147469997406,-0.005809557051975389,-0.019268542528152466,-0.2378566861152649,-0.020547433184106012,-0.019012361764907837,-0.3347736597061157,-0.033796755956132074,-0.031443819403648376,-0.4067728519439697,-0.04326208530517306,0.10888966917991638,-0.25685518980026245,-0.016614776463825365,0.12088459730148315,-0.2574315667152405,-0.005614135307837387,0.09591063857078552,-0.22201883792877197,0.002204873472805957,0.07252708077430725,-0.19658076763153076,0.004073578970860581,0.14980947971343994,-0.20576757192611694,-0.01622484474034991,0.15523898601531982,-0.21605801582336426,0.0025345374498328965,0.12874415516853333,-0.19181740283966064,0.009420698149483542,0.10588592290878296,-0.16645431518554688,0.005592886465024094,0.1728379726409912,-0.14440172910690308,-0.012342802608031889,0.18012350797653198,-0.1644432544708252,0.00610288382915769,0.1574452519416809,-0.14597171545028687,0.01651875452546392,0.1319166123867035,-0.12174451351165771,0.014463788470607142,0.18587863445281982,-0.08437138795852661,-0.0088127277657577,0.19153109192848206,-0.10892969369888306,0.004665783247332911,0.16650629043579102,-0.0938795804977417,0.019072694344799856,0.14467909932136536,-0.072623610496521,0.02655830757169042,boom
0.0,0.0,0.0,-0.017955660820007324,-0.12782108783721924,-0.007029341216934881,-0.019417449831962585,-0.2359897494316101,-0.02272197013701316,-0.019045934081077576,-0.33310991525650024,-0.036567076723827086,-0.03133964538574219,-0.4052722454071045,-0.04652200235034343,0.10908882319927216,-0.2560235857963562,-0.019707863833559713,0.12167684733867645,-0.25489896535873413,-0.009111941475225649,0.09679053723812103,-0.21872615814208984,-0.000937816719329021,0.073259636759758,-0.19318383932113647,0.0011744517508986974,0.1504284292459488,-0.20374393463134766,-0.01871140455807563,0.1558549851179123,-0.21293437480926514,-0.00037275816760029556,0.12948618829250336,-0.18864798545837402,0.006851309295939245,0.1066439300775528,-0.16337448358535767,0.003150714645357766,0.17353473603725433,-0.14173799753189087,-0.01412165319527503,0.1806352585554123,-0.1601327657699585,0.0038710721677261972,0.15815593302249908,-0.14164775609970093,0.01465220781062726,0.13251732289791107,-0.11750638484954834,0.012801156696127691,0.18666179478168488,-0.0816846489906311,-0.009927806127620897,0.19177310168743134,-0.10520178079605103,0.002985724099175968,0.16690118610858917,-0.08969622850418091,0.017319172937618532,0.14527209103107452,-0.06866449117660522,0.02479443358276967,boom
0.0,0.0,0.0,-0.018217727541923523,-0.1292041540145874,-0.005851979691897213,-0.019851163029670715,-0.23635327816009521,-0.02118895375019747,-0.01924048364162445,-0.3333049416542053,-0.034973515056435645,-0.03137528896331787,-0.40603530406951904,-0.04489678316599566,0.10804541409015656,-0.2551455497741699,-0.018261939145986616,0.12098108232021332,-0.25617748498916626,-0.007229237210367501,0.09663139283657074,-0.22035688161849976,0.001311268216568351,0.07331167161464691,-0.1943206787109375,0.003689774686108649,0.14974425733089447,-0.20398873090744019,-0.01793830268866259,0.15552015602588654,-0.21491163969039917,0.0006516299574741424,0.1293782740831375,-0.1904686689376831,0.00770677174591583,0.10659824311733246,-0.16501200199127197,0.003902084568153441,0.17332758009433746,-0.14292550086975098,-0.013922785267595827,0.18115530908107758,-0.16366523504257202,0.004550542823608339,0.1586306244134903,-0.14521288871765137,0.01532906959914726,0.1330428570508957,-0.12116146087646484,0.013360575914020956,0.18663285672664642,-0.08335244655609131,-0.010212758414809286,0.19268064200878143,-0.10903555154800415,0.003040804668899,0.16781936585903168,-0.09377104043960571,0.01766493744366926,0.14597521722316742,-0.07241761684417725,0.025314591966207445,boom
0.0,0.0,0.0,-0.01865743100643158,-0.12877601385116577,-0.006706093575587602,-0.019860222935676575,-0.23548001050949097,-0.02262928723149571,-0.01919911801815033,-0.3321231007575989,-0.0367904269581345,-0.03168778121471405,-0.404610812664032,-0.04711318029814038,0.10783325135707855,-0.25552791357040405,-0.020472316209009023,0.12111590802669525,-0.254117488861084,-0.010286006282797189,0.09694160521030426,-0.21812766790390015,-0.0020997884196845007,0.07345502078533173,-0.19256502389907837,0.00011218164644333228,0.14936469495296478,-0.20357680320739746,-0.019959353048136563,0.15581174194812775,-0.21269303560256958,-0.0019471307962817264,0.12973670661449432,-0.18828219175338745,0.005314709481069713,0.10683028399944305,-0.16332924365997314,0.0016832120970207143,0.17280082404613495,-0.14184749126434326,-0.015790941331317754,0.1808265596628189,-0.1608891487121582,0.0021347392836901236,0.15861211717128754,-0.1424071192741394,0.0131526718402597,0.13304193317890167,-0.11872518062591553,0.01140900314993587,0.1860479861497879,-0.082003653049469,-0.011996788110366197,0.19174666702747345,-0.1060783863067627,0.0010237328030484605,0.1671731024980545,-0.09091043472290039,0.015705061938831477,0.14550219476222992,-0.07028019428253174,0.023390984025070338,boom
0.0,0.0,0.0,-0.018874675035476685,-0.12896329164505005,-0.007449481335015662,-0.020107746124267578,-0.235762357711792,-0.023379336741299994,-0.019287019968032837,-0.33285456895828247,-0.03735715120706118,-0.03144748508930206,-0.4056960940361023,-0.047458089586825736,0.10922285914421082,-0.25600504875183105,-0.019882186946006186,0.12203574180603027,-0.2542787194252014,-0.008775519837172396,0.09747675061225891,-0.21847635507583618,-0.00031071489934220153,0.07410505414009094,-0.19308781623840332,0.0019091396345629619,0.1509416103363037,-0.20308125019073486,-0.01863562844368971,0.15672463178634644,-0.2123907208442688,9.002186857287597e-05,0.1305246651172638,-0.1884012222290039,0.007236577871708505,0.10746827721595764,-0.1635279655456543,0.003362063619761102,0.174033522605896,-0.14116621017456055,-0.01374477676722563,0.18124541640281677,-0.1601429581642151,0.004670912235496871,0.15909317135810852,-0.1422574520111084,0.015350411947338216,0.13333120942115784,-0.11871284246444702,0.013293548788396947,0.18685680627822876,-0.08193987607955933,-0.009268308688433535,0.19227081537246704,-0.10627394914627075,0.003910709473757379,0.16786769032478333,-0.09147912263870239,0.01836352080431425,0.14601874351501465,-0.07073944807052612,0.0258595797452017,boom
0.0,0.0,0.0,-0.017367452383041382,-0.1277914047241211,-0.006473302906954359,-0.019170522689819336,-0.23446452617645264,-0.022577068834209513,-0.018795639276504517,-0.3316148519515991,-0.03727457585802085,-0.031042084097862244,-0.4042510986328125,-0.048135823635959696,0.10749661922454834,-0.254414439201355,-0.01901068265607364,0.12408295273780823,-0.2517266869544983,-0.00994964136799581,0.10046300292015076,-0.21585047245025635,-0.002969631525331806,0.07622027397155762,-0.1912282109260559,-0.001431681747192215,0.1484566628932953,-0.20303738117218018,-0.01904459397366054,0.15850403904914856,-0.21016675233840942,-0.0018434131710023394,0.1325877606868744,-0.18511074781417847,0.0048289181938230286,0.10870331525802612,-0.1609964370727539,0.001005877558498014,0.17210251092910767,-0.14152467250823975,-0.0156602664577008,0.18373829126358032,-0.15803617238998413,0.0017157944891437182,0.16139960289001465,-0.1390540599822998,0.012753096343374182,0.13489165902137756,-0.11602157354354858,0.01122603279480927,0.18574285507202148,-0.08122748136520386,-0.012728032721781801,0.19426119327545166,-0.10338526964187622,-9.130930294531936e-05,0.16957971453666687,-0.08760404586791992,0.01466913328448527,0.14733421802520752,-0.06696957349777222,0.022546670333838392,boom
0.0,0.0,0.0,-0.017935723066329956,-0.12752491235733032,-0.007107163093166946,-0.019714057445526123,-0.2339768409729004,-0.02336471924849093,-0.019362032413482666,-0.33106017112731934,-0.037845978758412,-0.03192445635795593,-0.4034751057624817,-0.04847733887203276,0.1090899109840393,-0.25383055210113525,-0.02037055069871485,0.1226239800453186,-0.2522021532058716,-0.010465217067974208,0.09854590892791748,-0.2159913182258606,-0.002886777290257214,0.07538974285125732,-0.19066816568374634,-0.001186121383796035,0.1500479280948639,-0.20180755853652954,-0.019585777319150566,0.15689963102340698,-0.21033072471618652,-0.0017842608626210676,0.13105720281600952,-0.18610739707946777,0.005063124221635462,0.10826700925827026,-0.16126084327697754,0.0011022660060575618,0.17282310128211975,-0.14010196924209595,-0.015189591108935474,0.1817297637462616,-0.15738612413406372,0.0026546954055106653,0.15966230630874634,-0.13894033432006836,0.013532583356720806,0.13391688466072083,-0.1152198314666748,0.01168822379491985,0.18562716245651245,-0.08023309707641602,-0.011240153818505405,0.19197285175323486,-0.10258263349533081,0.0015458589064678563,0.167472243309021,-0.087161123752594,0.015984706335586907,0.14572221040725708,-0.06637370586395264,0.02354577159218252,boom
0.0,0.0,0.0,-0.018144860863685608,-0.12780404090881348,-0.007006238448013846,-0.019857674837112427,-0.23391032218933105,-0.023473004112531726,-0.019411996006965637,-0.33113646507263184,-0.03834302374212939,-0.032092466950416565,-0.4040087163448334,-0.04939522617547709,0.10842390358448029,-0.25390464067459106,-0.019927393878390376,0.12363795936107635,-0.25126397609710693,-0.010080881650139872,0.09952042996883392,-0.21547383069992065,-0.0025242783599992435,0.07577450573444366,-0.19061177968978882,-0.0008374382164788585,0.1494186371564865,-0.20152592658996582,-0.019535165513445918,0.15764440596103668,-0.20961099863052368,-0.0017456827923183482,0.13164375722408295,-0.18548470735549927,0.0051847088611225445,0.10844327509403229,-0.1608670949935913,0.0012835495867307145,0.1723383516073227,-0.1394926905632019,-0.015593582997610156,0.18272830545902252,-0.1575118899345398,0.002270234748209532,0.16053326427936554,-0.1391308307647705,0.01351337763429683,0.13454140722751617,-0.11565202474594116,0.011875388910482343,0.18514670431613922,-0.0791204571723938,-0.01212265738337237,0.19302193820476532,-0.10279780626296997,0.0007806767238776047,0.16843779385089874,-0.087749183177948,0.015654643764207776,0.14636017382144928,-0.067069411277771,0.023460358147929128,boom
0.0,0.0,0.0,-0.017386794090270996,-0.1293642520904541,-0.007109265654094088,-0.018202677369117737,-0.2365809679031372,-0.023279604381627905,-0.017213821411132812,-0.33484286069869995,-0.03757187246412741,-0.02904719114303589,-0.40820252895355225,-0.04791180311769949,0.11103487014770508,-0.25663095712661743,-0.01919503032297598,0.12433743476867676,-0.2567605972290039,-0.008245665459639895,0.09961426258087158,-0.22048932313919067,-0.00014869210610868322,0.07620102167129517,-0.19458216428756714,0.0018311615607444764,0.1522725224494934,-0.2043657898902893,-0.017900063535876143,0.1589144766330719,-0.2153940200805664,0.0006371681269001783,0.13260361552238464,-0.1911221742630005,0.007372634140097034,0.10949623584747314,-0.16584759950637817,0.003358455262400639,0.17524731159210205,-0.14265328645706177,-0.012873176364905703,0.1841164231300354,-0.16343623399734497,0.005857341111891401,0.16197413206100464,-0.14528429508209229,0.01662621007233156,0.13597005605697632,-0.12127900123596191,0.01465089910595907,0.18814897537231445,-0.08292025327682495,-0.008232997609979975,0.19456696510314941,-0.10921972990036011,0.0052322793093253495,0.17030900716781616,-0.09399104118347168,0.01993225806324972,0.14869359135627747,-0.07243072986602783,0.027694000982933176,boom
0.0,0.0,0.0,-0.016524165868759155,-0.12913298606872559,-0.006564367180828867,-0.016880586743354797,-0.23710501194000244,-0.022314848462258396,-0.016772285103797913,-0.33537358045578003,-0.036309024403010426,-0.02921837568283081,-0.4085550010204315,-0.046355167487774906,0.11188997328281403,-0.2581326961517334,-0.018114399248872814,0.12483502924442291,-0.2572479844093323,-0.006986773656819878,0.09984840452671051,-0.2210162878036499,0.0011477609256758114,0.07613064348697662,-0.19539690017700195,0.003180744042481365,0.15298603475093842,-0.2059592604637146,-0.017106106588755665,0.15939007699489594,-0.21620678901672363,0.0016649099158598801,0.13276155292987823,-0.1916906237602234,0.008563858372951927,0.10943426191806793,-0.16632628440856934,0.004741672342504444,0.17580638825893402,-0.14384692907333374,-0.01240828921100956,0.18429328501224518,-0.16426855325698853,0.00649583005332488,0.1618795543909073,-0.14585083723068237,0.017312144776667537,0.13585205376148224,-0.12172961235046387,0.015433690426732483,0.1886441558599472,-0.08329421281814575,-0.00806797304204565,0.19493897259235382,-0.10930866003036499,0.005740996831889333,0.1702723652124405,-0.09430813789367676,0.020607320507849636,0.1484633833169937,-0.0729219913482666,0.02846311955698866,boom
0.0,0.0,0.0,-0.017061889171600342,-0.12815117835998535,-0.006420202027470623,-0.0180242657661438,-0.23517417907714844,-0.02222341479307488,-0.018142908811569214,-0.33228355646133423,-0.03629529656416253,-0.030648231506347656,-0.4048959016799927,-0.04644062177783326,0.11042928695678711,-0.2555198073387146,-0.019435768886864935,0.12373170256614685,-0.2540925145149231,-0.008330917857051645,0.0990820825099945,-0.21829432249069214,0.00037902934320754866,0.0754828155040741,-0.19339299201965332,0.0028155630590163128,0.15122798085212708,-0.20362156629562378,-0.018667060821712766,0.15832200646400452,-0.21306836605072021,3.4416820312799246e-05,0.13182979822158813,-0.1887378692626953,0.007558093932061638,0.10836440324783325,-0.16392815113067627,0.004159166537760939,0.1740136444568634,-0.1417660117149353,-0.014174349545896803,0.18257266283035278,-0.16086459159851074,0.00478830334225222,0.16024088859558105,-0.14234280586242676,0.015963994026719774,0.13421690464019775,-0.11874324083328247,0.014217569552897658,0.18694502115249634,-0.08130896091461182,-0.010077316253841673,0.19236817955970764,-0.10486078262329102,0.0038030483430020467,0.16790121793746948,-0.08993726968765259,0.018525850087939943,0.14618507027626038,-0.06955891847610474,0.02614312252455875,boom
0.0,0.0,0.0,-0.017514899373054504,-0.1282135248184204,-0.007207386349193712,-0.018741458654403687,-0.23435312509536743,-0.02367650080924477,-0.018408209085464478,-0.33165109157562256,-0.03840595219736542,-0.03078339993953705,-0.40467560291290283,-0.04919825230246033,0.10936737060546875,-0.25444257259368896,-0.019819234651379247,0.12549686431884766,-0.25238722562789917,-0.009830619362048765,0.10136321187019348,-0.21638965606689453,-0.0020690343015417056,0.07742011547088623,-0.1914798617362976,-0.00011648468426983527,0.15039575099945068,-0.20181536674499512,-0.01890602630084004,0.1590268909931183,-0.21067124605178833,-0.000979954530350824,0.13285300135612488,-0.1861775517463684,0.006025396599568467,0.10931038856506348,-0.16153424978256226,0.0023369673501179022,0.1734364926815033,-0.1398909091949463,-0.0144318455502912,0.18296322226524353,-0.15848219394683838,0.003873970904521684,0.16084083914756775,-0.13986587524414062,0.015056256051309447,0.13472974300384521,-0.11633962392807007,0.013454234074004034,0.18657061457633972,-0.07993423938751221,-0.010438969512335916,0.19307997822761536,-0.1035546064376831,0.0029361041590050263,0.16872337460517883,-0.08839720487594604,0.017745594340510706,0.1469675600528717,-0.06777012348175049,0.02555207613403354,boom
0.0,0.0,0.0,-0.016814127564430237,-0.1279178261756897,-0.005148965466901245,-0.017395690083503723,-0.23624110221862793,-0.02038072475431818,-0.01699855923652649,-0.33414191007614136,-0.034347810384019795,-0.029302477836608887,-0.40703028440475464,-0.04439926573274988,0.10941554605960846,-0.2584191560745239,-0.016334932830318394,0.12866105139255524,-0.2537758946418762,-0.006507145773753109,0.10477034747600555,-0.21703475713729858,0.0006143257979829286,0.08014430105686188,-0.19295495748519897,0.0022505660800788974,0.15016071498394012,-0.2073308229446411,-0.016583156373485508,0.1626306027173996,-0.21189868450164795,0.0020820432602022265,0.13622845709323883,-0.18603092432022095,0.009217822391406116,0.11153648793697357,-0.1622665524482727,0.0057277604265664195,0.17397169768810272,-0.14577168226242065,-0.013422313679143372,0.18672098219394684,-0.1601623296737671,0.0055678216068599795,0.16426028311252594,-0.1401684284210205,0.016767339248076496,0.13730253279209137,-0.11743354797363281,0.015223116081074295,0.18798001110553741,-0.08508563041687012,-0.010668907847389164,0.19650550186634064,-0.10634595155715942,0.0034565431325290774,0.1720501333475113,-0.08986371755599976,0.018563197392836628,0.14984865486621857,-0.06936055421829224,0.026605538491025982,boom
0.0,0.0,0.0,-0.018286705017089844,-0.1271146535873413,-0.007043887867155263,-0.019297093152999878,-0.23694461584091187,-0.02231419832122583,-0.01932346820831299,-0.3339683413505554,-0.035715162760141084,-0.031808555126190186,-0.4060625433921814,-0.04526329041135568,0.10873067378997803,-0.2565386891365051,-0.019212102523567864,0.12238633632659912,-0.2553369998931885,-0.008622400468709657,0.09803664684295654,-0.21938717365264893,-0.0007632500552858801,0.07479497790336609,-0.1940898299217224,0.0010877897669274716,0.1494458019733429,-0.2050125002861023,-0.01823874749851484,0.15702486038208008,-0.21324890851974487,0.0002481922795709579,0.1310693621635437,-0.188839852809906,0.0073289009681616335,0.10781675577163696,-0.1636979579925537,0.003602817881358078,0.172518789768219,-0.14355027675628662,-0.013737397274496743,0.18199795484542847,-0.16064351797103882,0.00469031417134147,0.15991011261940002,-0.14210861921310425,0.01532321143287163,0.13391458988189697,-0.11815404891967773,0.013301754364249518,0.1858992874622345,-0.08361512422561646,-0.009684144525351712,0.19198063015937805,-0.10618293285369873,0.0036168035524610787,0.16756510734558105,-0.09082567691802979,0.017848763608810714,0.14579856395721436,-0.06999212503433228,0.025157576420781425,boom
0.0,0.0,0.0,-0.017705827951431274,-0.12707215547561646,-0.006332919873443643,-0.019621163606643677,-0.23626112937927246,-0.021279934734252492,-0.019780069589614868,-0.3330038785934448,-0.03465159976497034,-0.03172624111175537,-0.4043554663658142,-0.04410086938753466,0.10725089907646179,-0.25608277320861816,-0.017912214562443296,0.1236548125743866,-0.25290316343307495,-0.007188553396758834,0.09965324401855469,-0.21663963794708252,0.0009725257417585453,0.07562270760536194,-0.19238364696502686,0.003104812525066336,0.14776238799095154,-0.2049005627632141,-0.017420165181306402,0.15790808200836182,-0.2103627324104309,0.0013685187453802428,0.13232463598251343,-0.18546581268310547,0.008783946804555853,0.10859626531600952,-0.16127115488052368,0.0052387435583796105,0.17111271619796753,-0.1437462568283081,-0.013495436810103456,0.18275579810142517,-0.1575016975402832,0.00518056244015952,0.16072967648506165,-0.13845694065093994,0.016116451531502207,0.13427600264549255,-0.11533451080322266,0.014260645083936652,0.18497028946876526,-0.08389383554458618,-0.010055281162408392,0.193060964345932,-0.10375332832336426,0.003590294219407042,0.16852760314941406,-0.08783996105194092,0.01805070234820505,0.1463519036769867,-0.06746417284011841,0.025449797570558985,boom
0.0,0.0,0.0,-0.01779097318649292,-0.12644457817077637,-0.0065077136055720075,-0.01980702579021454,-0.2335681915283203,-0.02219160020064237,-0.020223543047904968,-0.3294576406478882,-0.036321687769998334,-0.033086344599723816,-0.4004179835319519,-0.046676396650184415,0.10615761578083038,-0.25427109003067017,-0.019948416647423528,0.12155278027057648,-0.24858683347702026,-0.011082399894405626,0.09813107550144196,-0.2122322916984558,-0.004276781600822233,0.07464130222797394,-0.1879429817199707,-0.0029269331385535224,0.14691291749477386,-0.20280635356903076,-0.01985724389265897,0.15590398013591766,-0.2073618769645691,-0.0023055726447296365,0.1304634064435959,-0.1827659010887146,0.004813002164553382,0.10717232525348663,-0.1586804986000061,0.001110829155038573,0.17052201926708221,-0.14127355813980103,-0.01636480100165727,0.18067817389965057,-0.1544608473777771,0.0014470789796519057,0.1587742418050766,-0.1357213258743286,0.012596226970742919,0.13277293741703033,-0.1125825047492981,0.01095376044798968,0.18443702161312103,-0.08093845844268799,-0.013412369673062585,0.19062010943889618,-0.09965395927429199,-0.0001859324216297864,0.16644878685474396,-0.08414328098297119,0.014363375234495379,0.14473794400691986,-0.06414252519607544,0.021874227303158023,boom
0.0,0.0,0.0,-0.01846139132976532,-0.12671399116516113,-0.008427470794629244,-0.020675942301750183,-0.23400819301605225,-0.024659314996313242,-0.020727887749671936,-0.3295341730117798,-0.038941021880816606,-0.0324416309595108,-0.40078985691070557,-0.049342553934764055,0.10669673979282379,-0.25252658128738403,-0.021278718358587412,0.11964945495128632,-0.24931389093399048,-0.012715975626122145,0.09586824476718903,-0.2132846713066101,-0.006119319109927801,0.07235576212406158,-0.18849146366119385,-0.004898442293267635,0.14698012173175812,-0.2006356120109558,-0.020391199609946398,0.15398965775966644,-0.2067350149154663,-0.0036016843400261678,0.12872959673404694,-0.1827675700187683,0.0029548705902584516,0.1057688444852829,-0.15830790996551514,-0.0010671137019357957,0.1700887531042099,-0.13912957906723022,-0.016266045964073328,0.17921613156795502,-0.15349555015563965,0.00029016988679586575,0.15730665624141693,-0.13516765832901,0.010798799001861425,0.1315978318452835,-0.11157333850860596,0.009011222177434774,0.18382157385349274,-0.07894808053970337,-0.012780677399348406,0.1900836080312729,-0.09914767742156982,-0.0009355261458381392,0.16584353148937225,-0.08392727375030518,0.013004040473390432,0.14434392750263214,-0.063304603099823,0.020311996468592497,boom
0.0,0.0,0.0,-0.01797252893447876,-0.12732982635498047,-0.008196937810851068,-0.019729286432266235,-0.23442775011062622,-0.024478452239407034,-0.018959790468215942,-0.3308749794960022,-0.03875988531507346,-0.02980858087539673,-0.4026506543159485,-0.04913610029615256,0.10859978199005127,-0.2534913420677185,-0.021276431117428274,0.12197679281234741,-0.25070011615753174,-0.011606182862294645,0.09774768352508545,-0.21421778202056885,-0.004129095893574686,0.07419508695602417,-0.1890447735786438,-0.002454084303451509,0.14907023310661316,-0.20135170221328735,-0.02015680629409644,0.15608474612236023,-0.20778816938400269,-0.0023657748999426076,0.13053271174430847,-0.1834210753440857,0.004561616148578196,0.10768160223960876,-0.15863090753555298,0.0005841179343519798,0.17196106910705566,-0.13971030712127686,-0.015594517771376104,0.18126335740089417,-0.1546279788017273,0.001987688284145861,0.15914475917816162,-0.13614994287490845,0.012715536210464506,0.13339293003082275,-0.1126251220703125,0.010800399858283072,0.18539300560951233,-0.07957243919372559,-0.0116134378651509,0.19205215573310852,-0.10063678026199341,0.0008725471387265316,0.16765594482421875,-0.08517903089523315,0.015053374733554392,0.1459505259990692,-0.06440180540084839,0.022432208101974993,boom
0.0,0.0,0.0,-0.017827153205871582,-0.12844163179397583,-0.008384095801602598,-0.018411219120025635,-0.2368958592414856,-0.024500416888486143,-0.017624765634536743,-0.33386725187301636,-0.03854544304181218,-0.02848660945892334,-0.4058762788772583,-0.04874639429021954,0.11035895347595215,-0.2561919689178467,-0.02076694026459336,0.12034741044044495,-0.2545928359031677,-0.011323107703219648,0.09617859125137329,-0.21805834770202637,-0.0044810001911628206,0.07352089881896973,-0.19166803359985352,-0.0032636940652537305,0.15133380889892578,-0.20357555150985718,-0.019519944040666815,0.15527424216270447,-0.21236586570739746,-0.0021775710104066093,0.12969499826431274,-0.18822968006134033,0.00410945404451013,0.10750472545623779,-0.16266131401062012,-0.00013632010654873739,0.1740545928478241,-0.1414387822151184,-0.014830963982831236,0.1803397536277771,-0.15982872247695923,0.0022650549014997523,0.1583746075630188,-0.14148759841918945,0.012569337786544565,0.13332024216651917,-0.11713719367980957,0.010565181897391085,0.18681129813194275,-0.08103722333908081,-0.010718846990357633,0.19156518578529358,-0.10470473766326904,0.0012969972392511409,0.16712382435798645,-0.08940273523330688,0.015301053115535979,0.14572015404701233,-0.067982017993927,0.02271668955813766,boom
0.0,0.0,0.0,-0.018852397799491882,-0.12762057781219482,-0.00748210485016898,-0.020463302731513977,-0.23579323291778564,-0.02302732217049197,-0.019575759768486023,-0.3326990604400635,-0.03667748990392283,-0.030794218182563782,-0.4043135643005371,-0.046486343172546185,0.10773752629756927,-0.2551842927932739,-0.019603415307756222,0.12026499211788177,-0.25232839584350586,-0.00868323716258601,0.09642358124256134,-0.21614474058151245,-0.00027676148147293134,0.07323180139064789,-0.1908663511276245,0.001927689035255753,0.1486600786447525,-0.20321530103683472,-0.018484859642740048,0.15453903377056122,-0.21037548780441284,-7.630519667145563e-05,0.1288710981607437,-0.1859889030456543,0.007128672293220006,0.10634247958660126,-0.1609010100364685,0.0034794715147654642,0.17159439623355865,-0.14156460762023926,-0.013834202577527321,0.1793145388364792,-0.1586710810661316,0.004280025224034034,0.1571495682001114,-0.1402711272239685,0.01497970436776086,0.13194392621517181,-0.11629229784011841,0.013079378838483535,0.18503345549106598,-0.08135288953781128,-0.009686944921668328,0.19058306515216827,-0.10380220413208008,0.0032163021069209208,0.1658189445734024,-0.08828133344650269,0.017430539327506267,0.14419610798358917,-0.06713861227035522,0.024807545441035472,boom
0.0,0.0,0.0,-0.018123283982276917,-0.1280556321144104,-0.007910521496228284,-0.019415974617004395,-0.23658066987991333,-0.023677903022758073,-0.018501028418540955,-0.3329668641090393,-0.03744749052464158,-0.03001151978969574,-0.40417468547821045,-0.047487784903637476,0.10902421176433563,-0.2532308101654053,-0.021169819664351053,0.12030600011348724,-0.2511288523674011,-0.011294880677155561,0.09632132947444916,-0.21500861644744873,-0.0038605921716907687,0.07318456470966339,-0.18953591585159302,-0.0022989826092043586,0.1496599167585373,-0.20054280757904053,-0.019983141478292055,0.15481312572956085,-0.20845341682434082,-0.002141360920063562,0.12959034740924835,-0.18465864658355713,0.004573945626475506,0.10744355618953705,-0.1596980094909668,0.00033568233004643844,0.17246399819850922,-0.1384713053703308,-0.015250104274741716,0.18037281930446625,-0.15534794330596924,0.0023163766319385104,0.15869860351085663,-0.1374472975730896,0.012770224567361765,0.13344962894916534,-0.11343127489089966,0.010593942571290427,0.18561868369579315,-0.07816600799560547,-0.011035952512315816,0.19156770408153534,-0.10082709789276123,0.001366998855814927,0.16741441190242767,-0.08575433492660522,0.015440565738686018,0.1460043340921402,-0.06449919939041138,0.02269069218993991,boom
0.0,0.0,0.0,-0.018665462732315063,-0.12819665670394897,-0.007533774626438117,-0.020268231630325317,-0.2366950511932373,-0.023050923747007346,-0.01875591278076172,-0.3336649537086487,-0.0367455621333761,-0.029285535216331482,-0.4053201973438263,-0.046557205644433,0.10732099413871765,-0.25460201501846313,-0.01956660385150144,0.12195828557014465,-0.2527956962585449,-0.00920568025577495,0.0983746349811554,-0.21712344884872437,-0.0010074944319171664,0.07446300983428955,-0.19187861680984497,0.001219782713803852,0.14818337559700012,-0.20269769430160522,-0.0185349145056648,0.15585193037986755,-0.21062833070755005,-0.00038073153956474926,0.1305083930492401,-0.1864120364189148,0.006817643149759078,0.107768714427948,-0.16143977642059326,0.003187291874553466,0.17139729857444763,-0.14129787683486938,-0.014087261547331309,0.18112066388130188,-0.15947383642196655,0.0037261898079918865,0.1591656506061554,-0.14091378450393677,0.014407175677831674,0.13363543152809143,-0.11688035726547241,0.012548328462059999,0.18513977527618408,-0.08122652769088745,-0.010149272073988413,0.1921270787715912,-0.10489839315414429,0.0023193527860598806,0.16775357723236084,-0.08924674987792969,0.016439103606160188,0.14607873558998108,-0.06777411699295044,0.023844341832216287,boom
0.0,0.0,0.0,-0.019450068473815918,-0.1284833550453186,-0.007918133181135545,-0.020473510026931763,-0.23769038915634155,-0.023084826548199544,-0.019432947039604187,-0.3340190649032593,-0.036141671021084676,-0.031225129961967468,-0.4050220549106598,-0.04545307510028351,0.10892349481582642,-0.25358331203460693,-0.021124453995923886,0.11793795228004456,-0.25370436906814575,-0.010223946314852128,0.09381857514381409,-0.2181219458580017,-0.001740735736291299,0.07114559412002563,-0.19191306829452515,0.0003777176180506103,0.14979946613311768,-0.20098882913589478,-0.019728831727604756,0.15300989151000977,-0.2112451195716858,-0.00175147353633065,0.12760579586029053,-0.18796765804290771,0.005166597417940011,0.10554277896881104,-0.1624423861503601,0.001165410490159502,0.1724684238433838,-0.13895899057388306,-0.014686495777766595,0.1786937415599823,-0.15888017416000366,0.0028489811675740384,0.15697163343429565,-0.14120322465896606,0.013166998732287993,0.13197454810142517,-0.11663389205932617,0.010931682060856929,0.18516230583190918,-0.07855314016342163,-0.01011727448980082,0.1899721324443817,-0.1032213568687439,0.0019739281715942525,0.16585680842399597,-0.08859950304031372,0.015759697403211703,0.14461219310760498,-0.06713730096817017,0.022835944067139735,boom
0.0,0.0,0.0,-0.019244253635406494,-0.1286829710006714,-0.007011184626605882,-0.020654946565628052,-0.23779642581939697,-0.022305244271990432,-0.01860038936138153,-0.33512604236602783,-0.035828979377981796,-0.029211759567260742,-0.4069470763206482,-0.045474541996952667,0.10762521624565125,-0.25628411769866943,-0.019283568178650512,0.12148505449295044,-0.2545640468597412,-0.008736775880095138,0.09767851233482361,-0.21859729290008545,-0.00043942905671201515,0.07394906878471375,-0.19367802143096924,0.001828705967056976,0.1484164595603943,-0.20449179410934448,-0.018351871212360038,0.15558931231498718,-0.2127629518508911,-5.6420643375076907e-05,0.129802405834198,-0.18831419944763184,0.007200335460368024,0.10690158605575562,-0.16357803344726562,0.003571705269280301,0.1715676486492157,-0.14314264059066772,-0.013894853805538787,0.18019172549247742,-0.16143977642059326,0.004297246998760329,0.15810146927833557,-0.14277946949005127,0.01507244941836916,0.1325494349002838,-0.11883330345153809,0.013202216784122811,0.1853036880493164,-0.08320105075836182,-0.00991520999872364,0.19180309772491455,-0.10682398080825806,0.0030162838107230527,0.16752156615257263,-0.09114944934844971,0.01732778579986416,0.14591163396835327,-0.06982749700546265,0.02481941164529644,boom
0.0,0.0,0.0,-0.018812984228134155,-0.1287214756011963,-0.006674891764760105,-0.019664466381072998,-0.23717522621154785,-0.02170590493687996,-0.018820524215698242,-0.3337772488594055,-0.03477673228690037,-0.03175024688243866,-0.40486058592796326,-0.04409511010953793,0.10749378800392151,-0.2559521794319153,-0.020578218585342256,0.11957889795303345,-0.2545924186706543,-0.009128589144438592,0.09553781151771545,-0.21834111213684082,-2.7582978418649873e-05,0.07233986258506775,-0.19282692670822144,0.0025241915523110947,0.14889782667160034,-0.20368921756744385,-0.019549567213744012,0.1541379690170288,-0.2126600742340088,-0.0007732227873020747,0.12858924269676208,-0.18846476078033447,0.006709043440878304,0.10608726739883423,-0.16313618421554565,0.0030280652376859507,0.17223256826400757,-0.14170336723327637,-0.014684808401852933,0.1795150637626648,-0.16027063131332397,0.0038005910269021115,0.15768963098526,-0.14188915491104126,0.014563295097559603,0.13223454356193542,-0.11732560396194458,0.012452522331386717,0.18563628196716309,-0.0815809965133667,-0.010167788675516931,0.19093525409698486,-0.1053960919380188,0.002971750722736033,0.1667366921901703,-0.08993083238601685,0.017303057053595694,0.14523017406463623,-0.0682874321937561,0.024628561028748663,boom
0.0,0.0,0.0,-0.018374726176261902,-0.12977439165115356,-0.007414732597680995,-0.018838584423065186,-0.23802953958511353,-0.022937345787795493,-0.018111824989318848,-0.3347834348678589,-0.036385805815370986,-0.030817270278930664,-0.4064521789550781,-0.045981263279827544,0.10924592614173889,-0.2557471990585327,-0.021342969968827674,0.11933332681655884,-0.25509631633758545,-0.00995867560050101,0.09522679448127747,-0.21894210577011108,-0.0008020965069590602,0.07241904735565186,-0.19289720058441162,0.0017347906214126851,0.15058013796806335,-0.20235389471054077,-0.020061382561834762,0.15428733825683594,-0.21256107091903687,-0.0017624637148401234,0.128488689661026,-0.18890905380249023,0.0055096549876907375,0.10591650009155273,-0.1635492444038391,0.0017530929726490285,0.17347291111946106,-0.13962632417678833,-0.014937957286747405,0.1797047257423401,-0.1594538688659668,0.003060454964725068,0.15766024589538574,-0.141687273979187,0.013836785681633046,0.1320059895515442,-0.11710512638092041,0.011838179543701699,0.18627962470054626,-0.07904857397079468,-0.010215640537353465,0.1902916133403778,-0.10347580909729004,0.002316400405106833,0.16598406434059143,-0.08871227502822876,0.016462741881696275,0.14435014128684998,-0.06730294227600098,0.02377265551695018,boom
0.0,0.0,0.0,-0.01857125759124756,-0.1287841796875,-0.005089007746107654,-0.019493818283081055,-0.23903924226760864,-0.019568308684654312,-0.017819270491600037,-0.3363124132156372,-0.032691008839435653,-0.029447436332702637,-0.40757089853286743,-0.04190819660169609,0.10785087943077087,-0.2573360800743103,-0.017305857930011825,0.12412115931510925,-0.25479668378829956,-0.006343691106565075,0.10024958848953247,-0.21910202503204346,0.002129359906859918,0.07569009065628052,-0.19531667232513428,0.00448691243337862,0.14827176928520203,-0.20600730180740356,-0.017391470689005928,0.15776309370994568,-0.2128562331199646,0.001674575419485791,0.1318574845790863,-0.1881588101387024,0.009419876654021664,0.10797587037086487,-0.1643102765083313,0.006067138202809019,0.17172816395759583,-0.14438533782958984,-0.013898210096783714,0.18261957168579102,-0.161230206489563,0.005049754903041048,0.16030368208885193,-0.14237719774246216,0.01623614555256836,0.13366079330444336,-0.1190076470375061,0.014505303968064709,0.18583711981773376,-0.08378076553344727,-0.01077268594843872,0.19358766078948975,-0.10637027025222778,0.0029168613630758955,0.16923615336418152,-0.0906912088394165,0.017635727804474755,0.1471647322177887,-0.06970065832138062,0.025290230792336388,boom
0.0,0.0,0.0,-0.017329558730125427,-0.12857824563980103,-0.006912789283205711,-0.01792016625404358,-0.23873460292816162,-0.021846042455990755,-0.01840856671333313,-0.33612340688705444,-0.03481533143099114,-0.03232298791408539,-0.4067937731742859,-0.043894512088854754,0.10802429914474487,-0.257114052772522,-0.020542166637142145,0.12195742130279541,-0.253955602645874,-0.009611469203491652,0.09790042042732239,-0.21769607067108154,-0.0006458041364112432,0.07426890730857849,-0.19307363033294678,0.0018980420670686726,0.14878436923027039,-0.20457279682159424,-0.019483914108832323,0.1558924913406372,-0.21256732940673828,-0.0013645369083405967,0.13013139367103577,-0.18814074993133545,0.006249942375461615,0.10718300938606262,-0.16351991891860962,0.0029006658830894594,0.17207768559455872,-0.14227581024169922,-0.01472055211092993,0.18061190843582153,-0.16006207466125488,0.003019313352297104,0.1586252748966217,-0.14162421226501465,0.013868735661844767,0.13266783952713013,-0.11738473176956177,0.012151238998512781,0.18570569157600403,-0.08198827505111694,-0.010315218450386965,0.19109490513801575,-0.10540181398391724,0.002327653603742874,0.1668371856212616,-0.08987683057785034,0.016544871522228277,0.14524319767951965,-0.06852751970291138,0.023975030077735937,boom
0.0,0.0,0.0,-0.016331568360328674,-0.12912845611572266,-0.005239230071367729,-0.016641706228256226,-0.23873651027679443,-0.019982493438931215,-0.016473785042762756,-0.33537977933883667,-0.03327664821705412,-0.029820725321769714,-0.4062838554382324,-0.04280609353742193,0.10948221385478973,-0.25725531578063965,-0.01951231896242689,0.12404222786426544,-0.252316415309906,-0.00912504266312908,0.09982483088970184,-0.21568375825881958,-0.0007693738007787942,0.07573018968105316,-0.1913779377937317,0.0014137980032842279,0.15013901889324188,-0.20481383800506592,-0.019700418182821977,0.15856854617595673,-0.21034777164459229,-0.0014921277325470328,0.13237126171588898,-0.185258686542511,0.006102692379442942,0.10862956941127777,-0.1614055037498474,0.0026488199800382972,0.17348916828632355,-0.1423509120941162,-0.016133953773589838,0.18351958692073822,-0.15760201215744019,0.0020242871686946273,0.16115252673625946,-0.13873291015625,0.01330862384924103,0.13446255028247833,-0.11560440063476562,0.011685616380361807,0.18682830035686493,-0.08161252737045288,-0.01288166917225908,0.19287125766277313,-0.10261291265487671,0.0003275004418696881,0.1685635894536972,-0.08698141574859619,0.015054862058548224,0.1464947909116745,-0.06669467687606812,0.022722431502131712,boom
0.0,0.0,0.0,-0.017080336809158325,-0.12850219011306763,-0.006196935979744467,-0.01740710437297821,-0.23795276880264282,-0.0211082937588003,-0.017035797238349915,-0.33534055948257446,-0.03430297956066397,-0.02991548180580139,-0.40681540966033936,-0.04362947106557158,0.10938404500484467,-0.2577442526817322,-0.019592897819450172,0.12412600219249725,-0.25228315591812134,-0.008796835171153816,0.09985487163066864,-0.21562790870666504,-0.00010421183679909518,0.07574494183063507,-0.19110989570617676,0.0023022719266805325,0.1504339724779129,-0.20476901531219482,-0.019088607134392532,0.158061221241951,-0.21043336391448975,-0.0007071843995731797,0.13181523978710175,-0.18559956550598145,0.006943675836453167,0.10810570418834686,-0.16140395402908325,0.0036261339279803906,0.17365281283855438,-0.14209473133087158,-0.014904500769546303,0.1819392591714859,-0.15819162130355835,0.003357198469245759,0.15959881246089935,-0.13938891887664795,0.014620102157721249,0.13334010541439056,-0.11594212055206299,0.013044201915988651,0.1868545264005661,-0.08147555589675903,-0.011115159692337784,0.19172881543636322,-0.10299837589263916,0.002083448840210167,0.16721267998218536,-0.0877000093460083,0.01665876075429651,0.1453126221895218,-0.06748270988464355,0.02424060568017694,boom
0.0,0.0,0.0,-0.01726435124874115,-0.1293010711669922,-0.0062850669439171725,-0.017599627375602722,-0.23852741718292236,-0.021225671045783656,-0.016889289021492004,-0.3354124426841736,-0.03439819323301663,-0.029950007796287537,-0.406561017036438,-0.04369306074858059,0.10966373980045319,-0.25754207372665405,-0.020207845367792743,0.12337486445903778,-0.25214117765426636,-0.009224026225808757,0.09890834987163544,-0.21500301361083984,-0.00020421470452447466,0.07462780177593231,-0.190399169921875,0.0023897725675965376,0.1508527249097824,-0.20426732301712036,-0.01970775122225632,0.15746314823627472,-0.20953887701034546,-0.0012539931287278705,0.13114319741725922,-0.18465834856033325,0.006449730373617513,0.10734830796718597,-0.16084283590316772,0.0030697491072828598,0.17393924295902252,-0.1414017677307129,-0.015470342472497123,0.18143992125988007,-0.15674549341201782,0.002717124536331994,0.1590845137834549,-0.13807624578475952,0.013956167041953904,0.13277636468410492,-0.11503762006759644,0.012311964533921582,0.18674765527248383,-0.08068573474884033,-0.011614093318883079,0.19117246568202972,-0.10134714841842651,0.0015443023347074814,0.1666506975889206,-0.08636415004730225,0.016155089489814145,0.14464645087718964,-0.06664228439331055,0.023723068885203702,boom
0.0,0.0,0.0,-0.016737237572669983,-0.12742328643798828,-0.005313693124719521,-0.017134785652160645,-0.23775732517242432,-0.019591804638423582,-0.016093984246253967,-0.335548460483551,-0.03233508211366143,-0.02907581627368927,-0.40679091215133667,-0.04118358534566369,0.10925669968128204,-0.25729823112487793,-0.01757268425814118,0.12709252536296844,-0.2517905831336975,-0.006136404395022055,0.10276572406291962,-0.2153746485710144,0.002867065558291415,0.0778193324804306,-0.19217348098754883,0.005501993421546558,0.14988483488559723,-0.20496749877929688,-0.017220102295198103,0.1608211249113083,-0.2095959186553955,0.0022076149024883307,0.13445059955120087,-0.1845611333847046,0.0104487966299871,0.10975511372089386,-0.16137051582336426,0.007448464121750931,0.17315994203090668,-0.14270687103271484,-0.01327702221266236,0.18424229323863983,-0.15722393989562988,0.006046078123233656,0.1617877334356308,-0.1384022831916809,0.017619833305559496,0.13466839492321014,-0.11581212282180786,0.016058398366055826,0.18685539066791534,-0.08199954032897949,-0.009720491290011068,0.1938028782606125,-0.10214406251907349,0.004338329147628883,0.16905592381954193,-0.08657872676849365,0.019087754145346025,0.1466018408536911,-0.06688368320465088,0.02661618585892711,boom
0.0,0.0,0.0,-0.016905784606933594,-0.12879043817520142,-0.00710223693494072,-0.01661612093448639,-0.23886096477508545,-0.022043666188608313,-0.015429258346557617,-0.3358740210533142,-0.03507516751159301,-0.0282118022441864,-0.407387375831604,-0.044258812760006094,0.11113816499710083,-0.2564348578453064,-0.019355886002074385,0.12334844470024109,-0.2544318437576294,-0.008987699021588469,0.09847983717918396,-0.2180025577545166,-0.0010511622214721683,0.07450428605079651,-0.19283056259155273,0.000868812176861411,0.15210944414138794,-0.2029399871826172,-0.018343290631662512,0.15794560313224792,-0.21160978078842163,-0.0007140126228364352,0.1317102611064911,-0.18743658065795898,0.006069535537619686,0.10815206170082092,-0.16262388229370117,0.002245915270407295,0.1750693917274475,-0.14035218954086304,-0.0137832428710567,0.18283334374427795,-0.15843147039413452,0.003386950966898894,0.16048115491867065,-0.1403268575668335,0.013848755191077089,0.1341356635093689,-0.11629241704940796,0.012014770562757349,0.18803244829177856,-0.080100417137146,-0.009619565066884661,0.19292420148849487,-0.10357487201690674,0.0023943401491237637,0.16819199919700623,-0.0883340835571289,0.01637711157928834,0.14633122086524963,-0.06718462705612183,0.023768625835884905,boom
0.0,0.0,0.0,-0.01768285036087036,-0.1287459135055542,-0.005047791879007946,-0.017547160387039185,-0.2383074164390564,-0.019176009352634082,-0.015481248497962952,-0.33533889055252075,-0.03186138091547264,-0.027138397097587585,-0.4066496193408966,-0.040745971034596096,0.11060743033885956,-0.25700122117996216,-0.01699192753000034,0.1254173070192337,-0.25334638357162476,-0.005224280300865303,0.10075382888317108,-0.21715915203094482,0.0037893096363745826,0.0763525515794754,-0.19305366277694702,0.0063779016404055255,0.15131790935993195,-0.20524972677230835,-0.016725252623984943,0.15923751890659332,-0.21065831184387207,0.003035854539518823,0.1326405256986618,-0.18608832359313965,0.010949220266809334,0.10872001945972443,-0.16229325532913208,0.007536520474275221,0.1742166131734848,-0.1432240605354309,-0.012797236684093605,0.1829325407743454,-0.1585623025894165,0.00677700409727322,0.16041012108325958,-0.14012742042541504,0.017855551783611645,0.13396157324314117,-0.11702632904052734,0.015833521951606144,0.1874568611383438,-0.08278697729110718,-0.009235307815799843,0.1934884935617447,-0.1036713719367981,0.004979120791574587,0.16862927377223969,-0.08837300539016724,0.019608593304326405,0.14625878632068634,-0.06797188520431519,0.02701463805573212,boom
0.0,0.0,0.0,-0.017747431993484497,-0.12818986177444458,-0.006913352150831997,-0.01778237521648407,-0.2376248836517334,-0.02161390273681718,-0.016864106059074402,-0.334476113319397,-0.03443624949863988,-0.029443785548210144,-0.40582001209259033,-0.04335942244938451,0.1101830005645752,-0.2567681670188904,-0.017960385743890583,0.1247105598449707,-0.2524024248123169,-0.006285189044092476,0.10051551461219788,-0.2165037989616394,0.0026241533007578255,0.07647272944450378,-0.19257360696792603,0.005099018245573461,0.15095314383506775,-0.2033577561378479,-0.016804636780534565,0.15901511907577515,-0.2106257677078247,0.0024130681078986527,0.1327705681324005,-0.18652582168579102,0.0102173077423231,0.10882499814033508,-0.16248619556427002,0.006934042229886472,0.17369797825813293,-0.14068007469177246,-0.012185338277731717,0.18378999829292297,-0.1580011248588562,0.006355301152552784,0.16142675280570984,-0.13986867666244507,0.017364530499662578,0.1347421407699585,-0.11648494005203247,0.015667515482391536,0.1865961253643036,-0.0801270604133606,-0.00799366584828931,0.19341930747032166,-0.10323333740234375,0.005271077297265947,0.16874179244041443,-0.08795380592346191,0.019698000188554943,0.14653044939041138,-0.06725680828094482,0.0271485100049631,boom
0.0,0.0,0.0,-0.017209887504577637,-0.12978708744049072,-0.0071626107032329855,-0.017066270112991333,-0.23851251602172852,-0.022354145237329703,-0.015309274196624756,-0.3355720639228821,-0.03545036230337928,-0.02679675817489624,-0.4071313142776489,-0.04456550318849395,0.11278286576271057,-0.2554170489311218,-0.020494886376980048,0.12493553757667542,-0.2554539442062378,-0.008223810867491466,0.10014715790748596,-0.21975088119506836,0.0016814496544270696,0.07619869709014893,-0.19427764415740967,0.004707865248349208,0.15410783886909485,-0.20166748762130737,-0.018966545053842765,0.15937480330467224,-0.2121816873550415,0.00033332742765423973,0.13327357172966003,-0.18881994485855103,0.00803206518190791,0.10995087027549744,-0.16413038969039917,0.00445516437190463,0.1767633557319641,-0.1390235424041748,-0.01355680886757682,0.18411529064178467,-0.158625066280365,0.00550753466683318,0.16208815574645996,-0.1412389874458313,0.016288276127454537,0.1357860565185547,-0.11754339933395386,0.01405722677606036,0.1891651749610901,-0.07873111963272095,-0.008538015821102363,0.19380483031272888,-0.10301738977432251,0.004569744988259572,0.16952967643737793,-0.0886772871017456,0.018604426941749352,0.14750108122825623,-0.06784039735794067,0.025770594662901658,boom
0.0,0.0,0.0,-0.017608121037483215,-0.12956923246383667,-0.004612175912313887,-0.017751574516296387,-0.23852664232254028,-0.018533705898278185,-0.015854746103286743,-0.3358536958694458,-0.03109064062749667,-0.027169853448867798,-0.4074430465698242,-0.03988524822210593,0.10944706201553345,-0.25553029775619507,-0.015882509925120303,0.1242184042930603,-0.2553327679634094,-0.0031125973227403847,0.09973737597465515,-0.22024160623550415,0.006598910152263215,0.07541954517364502,-0.19585055112838745,0.009630800991601518,0.15040212869644165,-0.20431047677993774,-0.01538731919293923,0.1582850217819214,-0.21373474597930908,0.004982925786919168,0.1319289207458496,-0.18989962339401245,0.012963599360830358,0.10826665163040161,-0.1655367612838745,0.009614063262290529,0.1735457181930542,-0.14275681972503662,-0.011149285525732466,0.18330547213554382,-0.1619439721107483,0.009127927779502443,0.1608099341392517,-0.1438266634941101,0.02006632166290956,0.134397953748703,-0.12018126249313354,0.01784749405766206,0.18714123964309692,-0.08245867490768433,-0.007205516264491507,0.19334158301353455,-0.10561388731002808,0.0076154976368911775,0.1684473752975464,-0.09085696935653687,0.022128713152653745,0.146243155002594,-0.07012230157852173,0.029320330194479993,boom
0.0,0.0,0.0,-0.018036633729934692,-0.12927138805389404,-0.006441242247433365,-0.017772287130355835,-0.2387445569038391,-0.02075757617092222,-0.016303837299346924,-0.3352104425430298,-0.033120818156362475,-0.02826663851737976,-0.4057699739933014,-0.041614711004854144,0.11136841773986816,-0.25573354959487915,-0.01865365700757593,0.12351217865943909,-0.25599217414855957,-0.006587188411117495,0.09871163964271545,-0.22068029642105103,0.0026767049454292646,0.0751725435256958,-0.195631742477417,0.005307880975692569,0.15223658084869385,-0.20281445980072021,-0.01747107477820009,0.15765506029129028,-0.21364271640777588,0.001832089899494349,0.13155141472816467,-0.1901533007621765,0.00946826888286978,0.10850554704666138,-0.16528868675231934,0.00597225390413314,0.1750551164150238,-0.1404774785041809,-0.01258925879335493,0.18271765112876892,-0.16113990545272827,0.006122627575336992,0.16049489378929138,-0.1432090401649475,0.016725383978723585,0.13454902172088623,-0.11894404888153076,0.014602469560145437,0.1880100667476654,-0.08012109994888306,-0.00804093917793125,0.19312784075737,-0.10541039705276489,0.005030247196941673,0.1687260866165161,-0.09042966365814209,0.01903932755851656,0.14710485935211182,-0.06898558139801025,0.026227303129076063,boom
0.0,0.0,0.0,-0.01807287335395813,-0.12834715843200684,-0.007144899019067452,-0.0191231369972229,-0.2356867790222168,-0.022607366931651995,-0.017457053065299988,-0.3324691653251648,-0.036275805351351664,-0.02864566445350647,-0.4040684700012207,-0.04598427694759266,0.10948985815048218,-0.2530883550643921,-0.019876818549846575,0.12422838807106018,-0.2514309883117676,-0.008917104830061362,0.09978848695755005,-0.21599441766738892,-0.00013242337331575982,0.07560405135154724,-0.19137752056121826,0.0023410614533077023,0.15002954006195068,-0.20047414302825928,-0.018871846986030505,0.1579853892326355,-0.20886164903640747,-0.0003952842951093771,0.13196805119514465,-0.18509817123413086,0.007089647552902534,0.10845664143562317,-0.16064459085464478,0.003594816285158231,0.17277511954307556,-0.13867634534835815,-0.014283384573673175,0.1825961172580719,-0.15635907649993896,0.004186542327488496,0.16033822298049927,-0.13849246501922607,0.015005393507863118,0.13402846455574036,-0.11505270004272461,0.013011995325769021,0.1858399212360382,-0.0784066915512085,-0.010196010959361956,0.19190901517868042,-0.10039585828781128,0.002691433387781217,0.1674233376979828,-0.0856630802154541,0.016669022473479345,0.14522823691368103,-0.06508374214172363,0.02386403325476749,boom
0.0,0.0,0.0,-0.018388181924819946,-0.12809020280838013,-0.008048091966088577,-0.01976241171360016,-0.2347767949104309,-0.02426592348831491,-0.01778540015220642,-0.3315940499305725,-0.03851176886576013,-0.0286378413438797,-0.4038638472557068,-0.04872714071291284,0.1095416247844696,-0.2526642084121704,-0.021050407502229973,0.12415862083435059,-0.25215256214141846,-0.01029075118469791,0.0993502140045166,-0.21702802181243896,-0.0014896952289973342,0.07491472363471985,-0.19231069087982178,0.0009760529409277297,0.15019160509109497,-0.19970083236694336,-0.019792013752635285,0.15785887837409973,-0.20945924520492554,-0.001673166125442549,0.13163036108016968,-0.18587571382522583,0.005724868786160187,0.1082088053226471,-0.16133087873458862,0.002127960140455798,0.17292889952659607,-0.13770097494125366,-0.01496339491325216,0.18336039781570435,-0.15690243244171143,0.0029821391707400835,0.1609976589679718,-0.13894963264465332,0.014045273002807335,0.13465800881385803,-0.1152644157409668,0.012273709338728622,0.18592438101768494,-0.07737112045288086,-0.010663702103670403,0.19287794828414917,-0.10130083560943604,0.001601005254883603,0.16847553849220276,-0.08647090196609497,0.015706609052244858,0.14655527472496033,-0.0657389760017395,0.023083803292934135,boom
0.0,0.0,0.0,-0.01779434084892273,-0.12813818454742432,-0.007451194200370992,-0.018795862793922424,-0.23410826921463013,-0.023594996288125003,-0.017166942358016968,-0.33075207471847534,-0.03795415754586884,-0.028231769800186157,-0.4030601680278778,-0.04838675852090546,0.10923153162002563,-0.2518737316131592,-0.020120486944620097,0.12397792935371399,-0.2516947388648987,-0.009575367301408733,0.09951147437095642,-0.2164018750190735,-0.0012189005284426457,0.07527083158493042,-0.1913406252861023,0.0010059509876327866,0.14972954988479614,-0.19941306114196777,-0.0191583282795591,0.15741422772407532,-0.20930057764053345,-0.0010513575763297922,0.1313048005104065,-0.18556571006774902,0.006028443247373616,0.10786053538322449,-0.16092735528945923,0.0022463944259243362,0.17250999808311462,-0.13756734132766724,-0.01462730332434603,0.18237507343292236,-0.15705478191375732,0.0034498219828265064,0.1601138710975647,-0.1388121247291565,0.014328336946960007,0.13397812843322754,-0.11508262157440186,0.01242976230412296,0.1857253611087799,-0.07720011472702026,-0.010579433619682277,0.19239655137062073,-0.10137265920639038,0.0018945830159964316,0.16814133524894714,-0.08621376752853394,0.016094155282075917,0.14637622237205505,-0.06511831283569336,0.023529279649551427,boom
0.0,0.0,0.0,-0.01722264289855957,-0.1279141902923584,-0.006639983972831942,-0.017927438020706177,-0.233568012714386,-0.022743803451135136,-0.016820520162582397,-0.32978856563568115,-0.037287709305360295,-0.028672605752944946,-0.40205472707748413,-0.04796817247040508,0.10930261015892029,-0.25251322984695435,-0.019877699205949284,0.125873863697052,-0.25007057189941406,-0.010101040827407815,0.10150063037872314,-0.21460747718811035,-0.0023933833020919337,0.0769517719745636,-0.19034266471862793,-0.0005236481687234118,0.14983344078063965,-0.1998370885848999,-0.019604247996880986,0.15883374214172363,-0.20746564865112305,-0.0015537523453303947,0.132746160030365,-0.18339091539382935,0.00572828808583381,0.1091001033782959,-0.15941303968429565,0.002030462257266663,0.17278176546096802,-0.1375773549079895,-0.015828006903007008,0.18367823958396912,-0.155134916305542,0.0022047650978720412,0.16146442294120789,-0.13659489154815674,0.01344261970155003,0.13512086868286133,-0.11346948146820068,0.01173835713200333,0.18594175577163696,-0.07681035995483398,-0.012511958370282628,0.19295692443847656,-0.09961825609207153,0.0001359852300311104,0.16863369941711426,-0.08447813987731934,0.014634869990572952,0.1465691328048706,-0.06409192085266113,0.022226174359843753,boom
0.0,0.0,0.0,-0.016692981123924255,-0.1286596655845642,-0.006042634779305445,-0.01696936786174774,-0.23440676927566528,-0.021737425299079405,-0.01584404706954956,-0.33091455698013306,-0.03603749600210904,-0.027109190821647644,-0.4036029577255249,-0.04647953313747166,0.11070547997951508,-0.25376176834106445,-0.017928714574964033,0.12516243755817413,-0.2513195872306824,-0.00763943622791885,0.10084719955921173,-0.21554559469223022,-6.155387154649361e-06,0.07677803933620453,-0.1906701922416687,0.0016666078570324316,0.15146155655384064,-0.20159190893173218,-0.017869983510763632,0.15876908600330353,-0.20936238765716553,0.0001908939282202482,0.1326724737882614,-0.185053288936615,0.006886862507371916,0.1090683788061142,-0.16061902046203613,0.002873646151556386,0.17446650564670563,-0.1396195888519287,-0.014271381022126661,0.18398483097553253,-0.15722280740737915,0.0039022600374210015,0.16178013384342194,-0.13840222358703613,0.014824901996462359,0.135533407330513,-0.11490553617477417,0.012976575931816114,0.18757320940494537,-0.07889699935913086,-0.011108157867283808,0.19352419674396515,-0.10166299343109131,0.00170869781663896,0.1692706197500229,-0.08641070127487183,0.01611700217267753,0.1474335938692093,-0.06574159860610962,0.023704962162582888,boom
0.0,0.0,0.0,-0.01836135983467102,-0.1283016800880432,-0.0070576339554691,-0.019015133380889893,-0.23469245433807373,-0.022795289528062312,-0.017473846673965454,-0.33107680082321167,-0.03688131063847777,-0.02829742431640625,-0.40378808975219727,-0.047138767090132205,0.1081937849521637,-0.2541201114654541,-0.018830034655024974,0.12121507525444031,-0.25186628103256226,-0.008678547811200588,0.09706035256385803,-0.21607095003128052,-0.001017339882878332,0.07303708791732788,-0.19113409519195557,0.0007711106967462911,0.1491893231868744,-0.20221185684204102,-0.01824798226027724,0.15554869174957275,-0.2101823091506958,-0.00043330854407486186,0.12925919890403748,-0.18578314781188965,0.006200102850357325,0.10559451580047607,-0.16134870052337646,0.0022374750054723336,0.17240837216377258,-0.14020085334777832,-0.01423526160090205,0.1814761757850647,-0.15835624933242798,0.0034831319875365807,0.15882059931755066,-0.13927841186523438,0.014149923104355366,0.13253238797187805,-0.11567378044128418,0.012262496392736466,0.18573608994483948,-0.07918393611907959,-0.010716067400267093,0.19145244359970093,-0.10104888677597046,0.0017352619846633388,0.16665390133857727,-0.08584332466125488,0.015811216312954457,0.14461302757263184,-0.06562924385070801,0.023176780197331937,boom
0.0,0.0,0.0,-0.018432453274726868,-0.12854593992233276,-0.008480989368081282,-0.01910819113254547,-0.23587584495544434,-0.024671657004773806,-0.018166273832321167,-0.33258140087127686,-0.03877822309118528,-0.03004874289035797,-0.4048684239387512,-0.04892506449800749,0.10934661328792572,-0.2559853792190552,-0.020697688677728365,0.12064452469348907,-0.2533445358276367,-0.010370299213946055,0.09609873592853546,-0.21727830171585083,-0.002581158181101273,0.07262454926967621,-0.1923445463180542,-0.0009267026846373483,0.15017087757587433,-0.20325642824172974,-0.019588829943359087,0.15469057857990265,-0.2112886905670166,-0.00205477373060603,0.1286122351884842,-0.18703579902648926,0.004399818840056469,0.10556720197200775,-0.16230720281600952,0.00025068069840017415,0.1729205995798111,-0.14091163873672485,-0.015012667508244704,0.18013207614421844,-0.15905439853668213,0.0022632966345099703,0.15777535736560822,-0.14058947563171387,0.012678959413051416,0.13199441134929657,-0.11687213182449341,0.010643698281228353,0.185769721865654,-0.08014678955078125,-0.011015734629154394,0.1902744621038437,-0.10286349058151245,0.000905689731325765,0.16576991975307465,-0.08792078495025635,0.014773808425843526,0.144164577126503,-0.06723272800445557,0.022044500342190076,boom
0.0,0.0,0.0,-0.017902493476867676,-0.1282728910446167,-0.008283620366569266,-0.019124925136566162,-0.2356204390525818,-0.024251028561707244,-0.018377751111984253,-0.3325170874595642,-0.03816091794681142,-0.03011174499988556,-0.4045794606208801,-0.04806208390903066,0.1095130443572998,-0.2549790143966675,-0.019894130194302306,0.1199265718460083,-0.2541809678077698,-0.008794321344907985,0.09513700008392334,-0.21826863288879395,-0.0003609598362572797,0.07187321782112122,-0.19323372840881348,0.00168011568791826,0.15020576119422913,-0.20273739099502563,-0.01847944189023565,0.15417537093162537,-0.21235090494155884,-0.0006016218841295995,0.1280485987663269,-0.18815094232559204,0.006083404513333335,0.10517090559005737,-0.16313272714614868,0.0021153291298787735,0.17290416359901428,-0.1409626603126526,-0.013564723210151897,0.1792597770690918,-0.15993797779083252,0.004165606906894936,0.15691053867340088,-0.14152854681015015,0.0145915032907169,0.13128900527954102,-0.11750513315200806,0.012525084762160077,0.18606999516487122,-0.08064275979995728,-0.009217901753004298,0.18986091017723083,-0.10339510440826416,0.0031518261956762217,0.1651982069015503,-0.08870488405227661,0.01690486665654589,0.14369794726371765,-0.06811422109603882,0.024016743859533562,boom
0.0,0.0,0.0,-0.017938852310180664,-0.12842071056365967,-0.007984017495573426,-0.018785685300827026,-0.2358168363571167,-0.023733991671861077,-0.01784910261631012,-0.332309365272522,-0.03742583236521568,-0.0297633558511734,-0.4038892984390259,-0.04712136975354042,0.1099863350391388,-0.2542921304702759,-0.02022228530472603,0.12104290723800659,-0.25302278995513916,-0.008967601236463452,0.09647864103317261,-0.21709811687469482,-0.00016396186470046814,0.07293465733528137,-0.19224250316619873,0.0021817202134570834,0.15068450570106506,-0.2017437219619751,-0.018839459408582115,0.15534919500350952,-0.21063315868377686,-0.0005761135332704725,0.1293318271636963,-0.1866133213043213,0.006467430378734207,0.1063823401927948,-0.161953866481781,0.0026482441382995603,0.17341464757919312,-0.13966065645217896,-0.013864833403886223,0.1804373562335968,-0.1578528881072998,0.0042146914558998105,0.15818819403648376,-0.13970142602920532,0.01474007357978735,0.13242283463478088,-0.11598247289657593,0.012642777982591724,0.18643233180046082,-0.07918846607208252,-0.00942470087534275,0.19092440605163574,-0.10161328315734863,0.0032397869429132697,0.16635176539421082,-0.08704835176467896,0.01713908136957798,0.14470559358596802,-0.0665242075920105,0.02431359560364399,boom
0.0,0.0,0.0,-0.017498508095741272,-0.12832564115524292,-0.007345380809510971,-0.01818312704563141,-0.23518627882003784,-0.023279508192445064,-0.01717260479927063,-0.33182698488235474,-0.037481832865978504,-0.028845608234405518,-0.40409889817237854,-0.04777140132000568,0.10977108776569366,-0.2549769878387451,-0.01942456475308063,0.12309716641902924,-0.2523854970932007,-0.00923008340259912,0.09867088496685028,-0.2164188027381897,-0.001476217027175153,0.0746854692697525,-0.19176453351974487,0.0003187110464750731,0.15059442818164825,-0.20276343822479248,-0.018711806822921062,0.15718825161457062,-0.2102426290512085,-0.0009602417944734043,0.13094733655452728,-0.18598335981369019,0.005735339514558291,0.10729087889194489,-0.16162782907485962,0.001826742465254938,0.17358843982219696,-0.14071381092071533,-0.01452648321946981,0.18206246197223663,-0.157764732837677,0.00333818598801372,0.1596958190202713,-0.1392483115196228,0.013901560019348835,0.13347308337688446,-0.11573892831802368,0.01191520636120913,0.1867920309305191,-0.08001470565795898,-0.01087985056301477,0.19206969439983368,-0.10128182172775269,0.0017631197456466907,0.167416051030159,-0.08634662628173828,0.01578193755040047,0.1453731507062912,-0.06598043441772461,0.02310264335164902,boom
0.0,0.0,0.0,-0.016998499631881714,-0.12897872924804688,-0.0076973622178115875,-0.017475396394729614,-0.23596441745758057,-0.02367771393409157,-0.016980916261672974,-0.33282166719436646,-0.03776890947273159,-0.029050111770629883,-0.40521085262298584,-0.04791763960173512,0.11040204763412476,-0.2557436227798462,-0.019325798142460826,0.12193679809570312,-0.25494611263275146,-0.008418066192177776,0.097248375415802,-0.21897000074386597,-0.00022465245064040573,0.07363218069076538,-0.1938701868057251,0.0016911242876744836,0.15120139718055725,-0.2038029432296753,-0.01829695491841221,0.15600425004959106,-0.2131519913673401,-0.00042153088514851333,0.12984731793403625,-0.1887468695640564,0.0060371321181378335,0.10670232772827148,-0.16372019052505493,0.0019612314666233033,0.17407068610191345,-0.14180034399032593,-0.013715705599395278,0.181277334690094,-0.16085416078567505,0.004165416352691409,0.15886560082435608,-0.14197587966918945,0.014542395483942983,0.13295960426330566,-0.11777240037918091,0.012445896167548653,0.1871907114982605,-0.0809018611907959,-0.009652482110766414,0.19166991114616394,-0.10399150848388672,0.0029243843185327023,0.16697630286216736,-0.08892029523849487,0.01687343255827045,0.14531609416007996,-0.0680195689201355,0.02415492595383739,boom
0.0,0.0,0.0,-0.01778426766395569,-0.12789219617843628,-0.007284949703603161,-0.01929783821105957,-0.23406583070755005,-0.02332256518536724,-0.01897589862346649,-0.33035600185394287,-0.037531001197635305,-0.031125783920288086,-0.4020572602748871,-0.04787170671158947,0.10800370573997498,-0.2532883882522583,-0.020575169178187025,0.12013891339302063,-0.250978946685791,-0.00970823474460758,0.09620916843414307,-0.2151501178741455,-0.0009601164446166877,0.07270637154579163,-0.19037717580795288,0.0014254343160473582,0.1489400863647461,-0.20096254348754883,-0.01966554269426979,0.1539841592311859,-0.20932596921920776,-0.001593427320472074,0.12811154127120972,-0.18537944555282593,0.005599268076480257,0.10522383451461792,-0.16078156232833862,0.0018844017223500487,0.17186686396598816,-0.13887953758239746,-0.015101437161206377,0.17907357215881348,-0.15692168474197388,0.0031186605966695424,0.15677383542060852,-0.13861733675003052,0.014015182217121946,0.13103464245796204,-0.11488807201385498,0.01206523209577881,0.18506678938865662,-0.0783197283744812,-0.011026982853650225,0.1890169382095337,-0.10032510757446289,0.0019465615670242187,0.16436588764190674,-0.08573019504547119,0.0160918797529348,0.14268454909324646,-0.06549429893493652,0.023334946779073107,boom
0.0,0.0,0.0,-0.017566904425621033,-0.12756991386413574,-0.007330761470996094,-0.019438400864601135,-0.23360931873321533,-0.023861768835388375,-0.018698498606681824,-0.33025646209716797,-0.038653978326522065,-0.030187219381332397,-0.402340829372406,-0.04951318837066765,0.10829682648181915,-0.25307971239089966,-0.02079963050147171,0.12214110791683197,-0.25050318241119385,-0.01093202847351904,0.09811507165431976,-0.21436917781829834,-0.002990059268825007,0.07420037686824799,-0.18973898887634277,-0.0010481391271355278,0.14899049699306488,-0.20090657472610474,-0.02025705128272648,0.15586040914058685,-0.208715558052063,-0.002804942608975125,0.12990029156208038,-0.18463271856307983,0.00417598877737646,0.10662655532360077,-0.1603388786315918,0.0003527321043179654,0.17202644050121307,-0.13904333114624023,-0.016149847948156548,0.18052594363689423,-0.15628880262374878,0.001487012190580117,0.15826745331287384,-0.13768398761749268,0.012538620090879249,0.13243471086025238,-0.11398172378540039,0.010810685164130973,0.18557702004909515,-0.0786101222038269,-0.012566676543258382,0.19084541499614716,-0.10103225708007812,-0.0002220668446284435,0.1663089543581009,-0.0857309103012085,0.014048768027521419,0.14466850459575653,-0.06488323211669922,0.021553088730968284,boom
0.0,0.0,0.0,-0.017067670822143555,-0.12868255376815796,-0.006203390685470822,-0.017888084053993225,-0.23565727472305298,-0.02196561966985655,-0.016806498169898987,-0.33250105381011963,-0.03620538351088953,-0.02841992676258087,-0.40461018681526184,-0.04652326789647532,0.10983073711395264,-0.25558364391326904,-0.018685352550448897,0.12311163544654846,-0.25253117084503174,-0.00828221675902796,0.09907734394073486,-0.21602940559387207,-0.00028282374688615164,0.07512488961219788,-0.190809965133667,0.0016646303426455233,0.1508992612361908,-0.20364248752593994,-0.018657288075985434,0.1571621596813202,-0.21053320169448853,-0.00043668981953715047,0.13132670521736145,-0.1860675811767578,0.00653815266713309,0.10797154903411865,-0.16148102283477783,0.0026439944937806104,0.17421379685401917,-0.14177429676055908,-0.015054096029700759,0.1821582317352295,-0.15846097469329834,0.0033403888534735415,0.16003695130348206,-0.13952726125717163,0.014331940068302629,0.13405951857566833,-0.11570781469345093,0.012415939448771951,0.1877722144126892,-0.08114314079284668,-0.011940200375022414,0.1925569772720337,-0.10316061973571777,0.0009442752067911897,0.16806715726852417,-0.08767145872116089,0.015280868364868638,0.14628168940544128,-0.06666296720504761,0.022770080222187516,boom
0.0,0.0,0.0,-0.017551511526107788,-0.12790894508361816,-0.006111706215676804,-0.01866975426673889,-0.2359238862991333,-0.02136929899432971,-0.017849445343017578,-0.33274710178375244,-0.03520255915799453,-0.029574185609817505,-0.40492957830429077,-0.045167401507285376,0.10735949873924255,-0.25700950622558594,-0.017752641886261245,0.12267065048217773,-0.2530016303062439,-0.0077407970836134155,0.09881094098091125,-0.21626657247543335,-0.00014353478189832458,0.07432553172111511,-0.19198453426361084,0.0016249195162458818,0.14826732873916626,-0.20630449056625366,-0.017920265048530837,0.15678414702415466,-0.2111656665802002,-0.00020432543686865756,0.13073408603668213,-0.18558859825134277,0.006527394913348417,0.10653814673423767,-0.16171199083328247,0.002721978742840747,0.1719151735305786,-0.14474433660507202,-0.014693922437515994,0.18194124102592468,-0.1592094898223877,0.0030025366416452925,0.15926066040992737,-0.13919782638549805,0.013897050097796182,0.13262715935707092,-0.11595296859741211,0.012197772897991399,0.18582096695899963,-0.08384859561920166,-0.011954183764544268,0.1927904188632965,-0.10312008857727051,0.0007163773246361416,0.16757503151893616,-0.08678305149078369,0.015079834424170713,0.14520299434661865,-0.06645333766937256,0.022614899948450784,boom
0.0,0.0,0.0,-0.01686866581439972,-0.1281282901763916,-0.006653036009652169,-0.017031952738761902,-0.23843854665756226,-0.021543719358874114,-0.017176106572151184,-0.3359130620956421,-0.03457746703190878,-0.031108886003494263,-0.40737950801849365,-0.04373518425984457,0.10971285402774811,-0.259280264377594,-0.018117052056027205,0.1232936829328537,-0.25827664136886597,-0.007194950264079125,0.09898243844509125,-0.2223244309425354,0.0007091564870052025,0.07544167339801788,-0.19762009382247925,0.0024488300363145754,0.1509762555360794,-0.20690786838531494,-0.017242961116266997,0.15736864507198334,-0.21714752912521362,0.0009752224826797828,0.13145072758197784,-0.19251519441604614,0.0077724777905814335,0.10809396207332611,-0.16750526428222656,0.004016381669657676,0.1743873506784439,-0.1446528434753418,-0.012823967747522147,0.1824267953634262,-0.16411572694778442,0.005272015910463779,0.1605544537305832,-0.14517885446548462,0.015720493607091157,0.13472838699817657,-0.12091952562332153,0.013753945454823224,0.18782241642475128,-0.08429080247879028,-0.008770359233153613,0.1924561709165573,-0.10894125699996948,0.004102015849070995,0.1680837720632553,-0.0933150053024292,0.01815806467072889,0.1468075066804886,-0.07193177938461304,0.025502858199047296,boom
0.0,0.0,0.0,-0.01839439570903778,-0.12802261114120483,-0.006297096117464207,-0.020395547151565552,-0.23457586765289307,-0.02207030399802079,-0.020517081022262573,-0.33136051893234253,-0.036352590165165566,-0.03255835175514221,-0.40389329195022583,-0.04684045954707017,0.10612538456916809,-0.25515949726104736,-0.018862417406467102,0.11911877989768982,-0.25332051515579224,-0.008762892774370812,0.09539744257926941,-0.2170054316520691,-0.0010362809720163568,0.07197663187980652,-0.19125550985336304,0.00083542920549462,0.14767572283744812,-0.20454955101013184,-0.018633334404853485,0.15330460667610168,-0.21244078874588013,-0.0007359910836157724,0.12743094563484192,-0.18784493207931519,0.006018113371851541,0.10444056987762451,-0.16279315948486328,0.002042913836362459,0.17145630717277527,-0.14355897903442383,-0.014834137140837811,0.17846757173538208,-0.16118812561035156,0.003398872240381934,0.15621384978294373,-0.14222145080566406,0.014238179222616054,0.13072773814201355,-0.11808997392654419,0.01228786216017852,0.1854649782180786,-0.08399724960327148,-0.011490883744386338,0.18949398398399353,-0.10690087080001831,0.0016639129295299426,0.1648828387260437,-0.09126341342926025,0.01615899384853492,0.14337685704231262,-0.07003003358840942,0.023695393958064415,boom
0.0,0.0,0.0,-0.019016072154045105,-0.12941789627075195,-0.005874466919408405,-0.01954379677772522,-0.23762571811676025,-0.02066500794614967,-0.01975192129611969,-0.3347119092941284,-0.03382436495746788,-0.03299729526042938,-0.40701672434806824,-0.043287701276199186,0.10812358558177948,-0.2587276101112366,-0.017310248059288824,0.11726351082324982,-0.2587951421737671,-0.006320020021007622,0.09316526353359222,-0.22164469957351685,0.0013881125952366347,0.07051096856594086,-0.19435566663742065,0.003160046343623435,0.1504543274641037,-0.20756232738494873,-0.016580394771949614,0.15192092955112457,-0.21730345487594604,0.002170060691355502,0.12612013518810272,-0.19264644384384155,0.008400978217764532,0.10404591262340546,-0.16686415672302246,0.003983478224768078,0.1741401106119156,-0.1460762619972229,-0.012138202157871092,0.17721430957317352,-0.16652846336364746,0.006406692485256826,0.1554364114999771,-0.14747703075408936,0.0163775837746698,0.13075046241283417,-0.12252193689346313,0.013908871146782076,0.18758325278759003,-0.08659625053405762,-0.007985845510916079,0.18927721679210663,-0.11227983236312866,0.005470838094993269,0.1648709625005722,-0.09685999155044556,0.019812504458172953,0.14360873401165009,-0.0748370885848999,0.02727284904096905,boom
0.0,0.0,0.0,-0.018595725297927856,-0.12937623262405396,-0.005530676253556521,-0.019237473607063293,-0.2383071780204773,-0.01996707209241322,-0.01944291591644287,-0.3353860378265381,-0.03289499358129433,-0.03259645402431488,-0.40779873728752136,-0.04214354456257752,0.10910888016223907,-0.2605891823768616,-0.01659199074697426,0.11745287477970123,-0.25937801599502563,-0.005267963659434827,0.09346012771129608,-0.22157567739486694,0.002747072690681307,0.07087598741054535,-0.19474029541015625,0.004691494248390882,0.15162326395511627,-0.20986288785934448,-0.015956586607217105,0.15246959030628204,-0.21752619743347168,0.0031574297152019426,0.12635503709316254,-0.1920008659362793,0.009608639955104081,0.10384498536586761,-0.1667143702507019,0.005332193422646014,0.1753184050321579,-0.1484062671661377,-0.011640373997806819,0.1769852191209793,-0.1659134030342102,0.00741763933706352,0.1547834426164627,-0.1464713215827942,0.01740242875325748,0.1297013908624649,-0.122336745262146,0.014856310180903165,0.18866457045078278,-0.0888204574584961,-0.007676322393535884,0.1888909488916397,-0.11128908395767212,0.006404013923884122,0.1641131490468979,-0.09565746784210205,0.02065301834750244,0.14239312708377838,-0.07479041814804077,0.027927543587566106,boom
0.0,0.0,0.0,-0.01956307888031006,-0.13003158569335938,-0.005694570062701132,-0.02020263671875,-0.23917746543884277,-0.01960479891488376,-0.020443350076675415,-0.3363548517227173,-0.031986153261755135,-0.034516945481300354,-0.4088224470615387,-0.04080874337444129,0.10884425044059753,-0.2629493474960327,-0.014739248478804257,0.11631244421005249,-0.26012349128723145,-0.003121302273143556,0.09272933006286621,-0.2223052978515625,0.004404247229899738,0.0704287588596344,-0.19563889503479004,0.005977414039875839,0.1520499289035797,-0.212141752243042,-0.013846860775743153,0.1513620913028717,-0.2177973985671997,0.005733006590958212,0.1252278983592987,-0.19207894802093506,0.011440485207344864,0.10285168886184692,-0.16706562042236328,0.006658908868189428,0.1760936975479126,-0.15042757987976074,-0.009368123995159294,0.17516985535621643,-0.1664717197418213,0.009786530820633743,0.1529337763786316,-0.14665573835372925,0.018919953567888115,0.1282084584236145,-0.12284278869628906,0.015920457852985237,0.18941697478294373,-0.09100985527038574,-0.0052439901475054285,0.1885344386100769,-0.11279749870300293,0.009112601591255043,0.163782000541687,-0.09659314155578613,0.023238643495346878,0.14213144779205322,-0.07557410001754761,0.030474012209083412,boom
0.0,0.0,0.0,-0.01995845139026642,-0.13026565313339233,-0.007819085954054117,-0.02074722945690155,-0.23870539665222168,-0.022565599171741724,-0.021591901779174805,-0.3358490467071533,-0.03502757625125241,-0.036127179861068726,-0.408430814743042,-0.043880523754580736,0.1088009774684906,-0.2598752975463867,-0.019565650834067583,0.11281758546829224,-0.2629167437553406,-0.007360447304620266,0.08923584222793579,-0.22618478536605835,0.0017123407550911907,0.06817778944969177,-0.19831156730651855,0.004264355530665398,0.15193921327590942,-0.20834136009216309,-0.016948453722818613,0.14862746000289917,-0.2216477394104004,0.001857635342219055,0.12240853905677795,-0.19702476263046265,0.008119155080692053,0.10119035840034485,-0.17062395811080933,0.0038489959069352153,0.17529448866844177,-0.14665788412094116,-0.01042839383177352,0.17417097091674805,-0.1702449917793274,0.007679084675089598,0.15199130773544312,-0.15184110403060913,0.016936678798572302,0.12763351202011108,-0.12645673751831055,0.014256088422314406,0.18775781989097595,-0.08782440423965454,-0.004162159389181852,0.18705415725708008,-0.11571276187896729,0.00908716524548936,0.16266164183616638,-0.10080432891845703,0.02292137628950286,0.1412336826324463,-0.07876062393188477,0.03011286480881381,boom
0.0,0.0,0.0,-0.021270036697387695,-0.13028013706207275,-0.0058244763118864284,-0.022769570350646973,-0.23862051963806152,-0.019795844162786125,-0.02285829186439514,-0.3359724283218384,-0.03205823881455672,-0.03630651533603668,-0.4088589549064636,-0.04068916646667731,0.10729140043258667,-0.26119178533554077,-0.01601133292444956,0.11370861530303955,-0.26226353645324707,-0.0030957253826500164,0.09006023406982422,-0.22494101524353027,0.006024962459719063,0.06829503178596497,-0.1973412036895752,0.008591937069809319,0.15081873536109924,-0.21067339181900024,-0.014538089576149105,0.14981454610824585,-0.22088897228240967,0.005745271389400841,0.12359341979026794,-0.1958789825439453,0.012453488242840649,0.1016385555267334,-0.16993063688278198,0.008249222469544293,0.1747058928012848,-0.1494026780128479,-0.009275260212803005,0.17516404390335083,-0.1697249412536621,0.010714180936133744,0.15274155139923096,-0.15080291032791138,0.02042575756183851,0.12803706526756287,-0.126367449760437,0.017515696753775956,0.18769365549087524,-0.09028017520904541,-0.004313594027394174,0.1878558099269867,-0.11452323198318481,0.01073855737320173,0.16321805119514465,-0.09944814443588257,0.02497674541643846,0.14161157608032227,-0.07823902368545532,0.032036885787761094,boom
0.0,0.0,0.0,-0.021055057644844055,-0.1305614709854126,-0.007065235284528626,-0.02210618555545807,-0.23958420753479004,-0.021618508846870554,-0.022552356123924255,-0.33708178997039795,-0.033922442348114146,-0.03667421638965607,-0.4095565974712372,-0.04256596148144354,0.10977710783481598,-0.2601184844970703,-0.019685656876674784,0.11078645288944244,-0.2642817497253418,-0.006343313605896128,0.0861644595861435,-0.22671723365783691,0.0036698706714446416,0.06534011662006378,-0.19729012250900269,0.006672861407139408,0.1526951938867569,-0.20859163999557495,-0.017374790386668337,0.14709408581256866,-0.22260898351669312,0.002392233469151961,0.12046827375888824,-0.1982704997062683,0.009097670091875898,0.09951739013195038,-0.1706918478012085,0.004801246224531042,0.17557112872600555,-0.14693307876586914,-0.01089735619854082,0.17266996204853058,-0.17119508981704712,0.00833701517302643,0.1501852422952652,-0.15288704633712769,0.017922875358351575,0.1263291984796524,-0.12648236751556396,0.015005525088497507,0.18772323429584503,-0.08785927295684814,-0.004644353521428002,0.1857432872056961,-0.11592787504196167,0.00910260423887621,0.16109497845172882,-0.10131275653839111,0.023005776925572263,0.1398027390241623,-0.07872068881988525,0.0300489523248757,boom
0.0,0.0,0.0,-0.0209568589925766,-0.13107287883758545,-0.006079534538287135,-0.0221264511346817,-0.24000465869903564,-0.020088629801023217,-0.02234061062335968,-0.33694684505462646,-0.032531447712528916,-0.03559429943561554,-0.40990859270095825,-0.0414598211685302,0.10814370214939117,-0.261873722076416,-0.015511513691592427,0.11390705406665802,-0.26387524604797363,-0.004028102386939736,0.08971904218196869,-0.22621798515319824,0.003513002065744786,0.06756351888179779,-0.1981409192085266,0.005252858619940071,0.15123917162418365,-0.21136343479156494,-0.014083394784677239,0.1496407836675644,-0.2222217321395874,0.004928611215007095,0.12319152057170868,-0.19686013460159302,0.010597794312786846,0.10098372399806976,-0.17048537731170654,0.0059663187673208995,0.17475487291812897,-0.15020674467086792,-0.009055687118518563,0.17461706697940826,-0.17072075605392456,0.009856516491424827,0.15211166441440582,-0.15146899223327637,0.018937069918763427,0.12730853259563446,-0.1265202760696411,0.015968849878561286,0.18764616549015045,-0.09144365787506104,-0.004378479443687411,0.18726004660129547,-0.11546021699905396,0.009984869506013183,0.1624167114496231,-0.10024631023406982,0.02389551512504795,0.1407926231622696,-0.07874178886413574,0.03092627971972206,boom
0.0,0.0,0.0,-0.021730273962020874,-0.1298859715461731,-0.007446269092326929,-0.023272231221199036,-0.23894596099853516,-0.02217268995678978,-0.02381892502307892,-0.33643198013305664,-0.03473494626319962,-0.037894412875175476,-0.40917664766311646,-0.043708961975937655,0.10765473544597626,-0.26150739192962646,-0.019075127837425043,0.11136458814144135,-0.26175129413604736,-0.006832423207526972,0.08729465305805206,-0.2242957353591919,0.001720649369815419,0.06612075865268707,-0.19643515348434448,0.0037422025974933604,0.15101481974124908,-0.2094334363937378,-0.01702372781670647,0.14746735990047455,-0.2197234034538269,0.0023084096077923277,0.12123061716556549,-0.19513344764709473,0.008429114187890718,0.09975315630435944,-0.1686345934867859,0.0037521109383646944,0.17439429461956024,-0.1471981406211853,-0.011088649329906275,0.1725483387708664,-0.16763544082641602,0.007809273379677961,0.15051989257335663,-0.14900559186935425,0.017105640324587057,0.12643517553806305,-0.12371617555618286,0.014029962423080633,0.18697406351566315,-0.08775240182876587,-0.0055036261279042265,0.18517644703388214,-0.11236679553985596,0.008329434732729624,0.16076268255710602,-0.09735703468322754,0.02213156730198307,0.1395232230424881,-0.07558602094650269,0.02901867538952274,boom
0.0,0.0,0.0,-0.021521568298339844,-0.13131111860275269,-0.006824558593848451,-0.022740438580513,-0.24038374423980713,-0.02105093746683906,-0.022991657257080078,-0.33739805221557617,-0.03324798493883918,-0.036085858941078186,-0.4099317193031311,-0.041931465261200174,0.10933157801628113,-0.26170092821121216,-0.01809918693504642,0.11098518967628479,-0.26343631744384766,-0.0055499966186971506,0.08662524819374084,-0.22608202695846558,0.0030989504954277436,0.06579867005348206,-0.1979033350944519,0.005241134210905329,0.15239766240119934,-0.21025562286376953,-0.01606620474956344,0.14666610956192017,-0.22141212224960327,0.00359412236832668,0.12035998702049255,-0.19675707817077637,0.009669992148360507,0.09937781095504761,-0.17008793354034424,0.0049537005903630416,0.17543381452560425,-0.1484823226928711,-0.010120671235540613,0.17125177383422852,-0.16939955949783325,0.009353818378826873,0.14899489283561707,-0.15060436725616455,0.018473997719070212,0.12529584765434265,-0.12526363134384155,0.0152223901892512,0.18776178359985352,-0.08943784236907959,-0.004540466230878337,0.18433228135108948,-0.11342281103134155,0.01006481238403012,0.15999272465705872,-0.09848099946975708,0.023816498003384368,0.1390824317932129,-0.07689368724822998,0.030593881390473143,boom
0.0,0.0,0.0,-0.021025121212005615,-0.13081681728363037,-0.006914455570324662,-0.022145196795463562,-0.24014782905578613,-0.02096469945837498,-0.022716611623764038,-0.3373536467552185,-0.03293847165633679,-0.036173462867736816,-0.40960150957107544,-0.04136742151905537,0.10865017771720886,-0.2615206837654114,-0.01781315229465008,0.11214500665664673,-0.26311391592025757,-0.0048690532669866116,0.08812779188156128,-0.2262810468673706,0.004135792016938922,0.06707283854484558,-0.19872444868087769,0.0065782525240933865,0.15144601464271545,-0.21007436513900757,-0.015492965128316882,0.14870810508728027,-0.22161263227462769,0.0044542531147158115,0.12253108620643616,-0.19740009307861328,0.010939662683711049,0.10099545121192932,-0.1709246039390564,0.006614043250635859,0.17453110218048096,-0.14825373888015747,-0.009287490170493129,0.17383646965026855,-0.16958993673324585,0.010217449966773984,0.15147170424461365,-0.15145200490951538,0.019520360384092328,0.12714320421218872,-0.12622511386871338,0.01652197853098869,0.18705439567565918,-0.08907502889633179,-0.0033900420051509172,0.18632900714874268,-0.11422979831695557,0.011325889605984685,0.16174152493476868,-0.0998874306678772,0.025247057307467458,0.14050638675689697,-0.07835298776626587,0.03213404618571758,boom
0.0,0.0,0.0,-0.021951675415039062,-0.13067787885665894,-0.005355260990484112,-0.023602068424224854,-0.23907804489135742,-0.01919344691924607,-0.023819848895072937,-0.3362973928451538,-0.03121754592649495,-0.0370694100856781,-0.4085693657398224,-0.03973919032506501,0.10809877514839172,-0.26071828603744507,-0.017733600646181458,0.11344897747039795,-0.25894367694854736,-0.004415274787618273,0.08958649635314941,-0.22118675708770752,0.005217719633208162,0.0680006742477417,-0.19324147701263428,0.008065198823885567,0.15128853917121887,-0.20853924751281738,-0.016255582407040947,0.1489602029323578,-0.21640193462371826,0.004792380888090975,0.1228603720664978,-0.19204837083816528,0.012039370179252273,0.10114869475364685,-0.16610115766525269,0.007820932470337993,0.1743718981742859,-0.14603209495544434,-0.010699457213206642,0.17264553904533386,-0.16407346725463867,0.009909465253429062,0.15076091885566711,-0.1452816128730774,0.019741666778998024,0.1266728639602661,-0.12066709995269775,0.016583533302025444,0.1867678165435791,-0.08658117055892944,-0.005358031675143593,0.1852346658706665,-0.10961097478866577,0.009889191292302257,0.1610075831413269,-0.09420692920684814,0.02414066465206588,0.13983464241027832,-0.07287943363189697,0.03104429626472438,boom
0.0,0.0,0.0,-0.021631896495819092,-0.12949854135513306,-0.006820167616524486,-0.023033469915390015,-0.23730337619781494,-0.021334178947427063,-0.022981911897659302,-0.33452779054641724,-0.034092843734242706,-0.03608611226081848,-0.4074607193470001,-0.04339067285559395,0.10781863331794739,-0.2596673369407654,-0.01728803870878437,0.11313959956169128,-0.2590826153755188,-0.006069854569204836,0.08890202641487122,-0.2214270830154419,0.0013660303395681694,0.06690791249275208,-0.19384300708770752,0.002940490174523802,0.15092912316322327,-0.20839554071426392,-0.015666812859990387,0.14889660477638245,-0.21729081869125366,0.0031408372180976585,0.12230035662651062,-0.19225645065307617,0.008791867441914292,0.10001775622367859,-0.16632628440856934,0.0039908776836909965,0.17442387342453003,-0.14661318063735962,-0.01038951446912506,0.17321491241455078,-0.1652565598487854,0.008234940267584534,0.15075412392616272,-0.14590460062026978,0.017375323719761582,0.1262894570827484,-0.12127721309661865,0.014372912965200157,0.18735867738723755,-0.08754384517669678,-0.005510564629503278,0.1864059865474701,-0.11028087139129639,0.008568636871359558,0.16169977188110352,-0.09467363357543945,0.022481465510509224,0.14032205939292908,-0.0733863115310669,0.029459230400107117,boom
0.0,0.0,0.0,-0.021665960550308228,-0.12977224588394165,-0.005686191153586151,-0.02182939648628235,-0.23912930488586426,-0.01964950166723156,-0.021171152591705322,-0.3367271423339844,-0.031935242713302614,-0.03458675742149353,-0.4096469283103943,-0.04067490786394501,0.10969743132591248,-0.2635435461997986,-0.016375271380752565,0.1163853108882904,-0.2603060007095337,-0.004301795047581436,0.09188079833984375,-0.22231614589691162,0.0036355401288119538,0.06955713033676147,-0.1950397491455078,0.005373896322339533,0.15283194184303284,-0.21151024103164673,-0.015335538201838972,0.1518755853176117,-0.2172849178314209,0.004990388396322487,0.1253882348537445,-0.19228136539459229,0.011523785292297362,0.10291540622711182,-0.16674548387527466,0.00700558232063031,0.17617928981781006,-0.14880818128585815,-0.01055863291105652,0.17557063698768616,-0.16512233018875122,0.009274421482473372,0.15351656079292297,-0.14600074291229248,0.01890526734212017,0.12884002923965454,-0.121906578540802,0.01590209662833786,0.18868017196655273,-0.08888804912567139,-0.0061294490107002275,0.18819424510002136,-0.11013591289520264,0.008763073234945296,0.16378876566886902,-0.09490150213241577,0.023034408911257742,0.1421961486339569,-0.07426482439041138,0.030108837633520125,boom
0.0,0.0,0.0,0.07451744377613068,-0.13425099849700928,-0.02612613417255716,0.13438795506954193,-0.277569979429245,-0.055457943082330985,0.14692704379558563,-0.3886294960975647,-0.08318108782219724,0.14872972667217255,-0.4947272539138794,-0.10546862050938444,0.0957750529050827,-0.2658558189868927,-0.09768634006428556,0.24041880667209625,-0.21849781274795532,-0.15566081270623044,0.20787413418293,-0.18305474519729614,-0.17938991352963285,0.15987129509449005,-0.19935733079910278,-0.1934443162386401,0.06205266714096069,-0.17136335372924805,-0.11324109599041776,0.2402247041463852,-0.12267959117889404,-0.1613243566458209,0.1946052759885788,-0.10113167762756348,-0.15768567189621763,0.14359861612319946,-0.11141037940979004,-0.15977889761376218,0.045882344245910645,-0.0722087025642395,-0.13058016166138486,0.2188589721918106,-0.03420114517211914,-0.1697733746473773,0.17525647580623627,-0.021508991718292236,-0.14725834593224363,0.12853673100471497,-0.031204044818878174,-0.1346306549017413,0.03899897634983063,0.01961904764175415,-0.15051646992611722,0.17869167029857635,0.04193145036697388,-0.17041479513096647,0.14912942051887512,0.04154568910598755,-0.15547383293557004,0.10449269413948059,0.03166937828063965,-0.1483890311424716,boom
0.0,0.0,0.0,0.07316932082176208,-0.13265299797058105,-0.02632430296421262,0.1329617202281952,-0.2772577702999115,-0.054644459002020085,0.14437754452228546,-0.38909628987312317,-0.08143491026044103,0.14673259854316711,-0.4946555197238922,-0.1027180823314211,0.09562520682811737,-0.2662847340106964,-0.09521592881560537,0.2421271800994873,-0.21945321559906006,-0.15299834784150335,0.20828211307525635,-0.1832994818687439,-0.17670375581860753,0.15928146243095398,-0.19895917177200317,-0.19053517755151006,0.061733901500701904,-0.1724833846092224,-0.11025643821835729,0.24000313878059387,-0.122921884059906,-0.15736139293790075,0.19432643055915833,-0.10087418556213379,-0.15383901175141546,0.14429953694343567,-0.11133760213851929,-0.1560499715435526,0.045074447989463806,-0.07346200942993164,-0.12729652699113103,0.2170371115207672,-0.03390258550643921,-0.16561414774537297,0.1728675663471222,-0.021291911602020264,-0.14326300200104924,0.12634937465190887,-0.03175997734069824,-0.13088720019936773,0.036923348903656006,0.018346130847930908,-0.14696304973244878,0.17555400729179382,0.04131627082824707,-0.16645415600419255,0.14582198858261108,0.04115718603134155,-0.15145621176839086,0.10174629092216492,0.031085312366485596,-0.144318644963505,boom
0.0,0.0,0.0,0.07308812439441681,-0.13185304403305054,-0.02668592530596925,0.13349168002605438,-0.2759585678577423,-0.05626661713529302,0.14450675249099731,-0.38744622468948364,-0.08382713432717992,0.1463007628917694,-0.49347394704818726,-0.10583236451554967,0.09583190083503723,-0.2649092674255371,-0.10049129660535527,0.2428004890680313,-0.2169862985610962,-0.15874935324598027,0.20946450531482697,-0.18059730529785156,-0.18174433346200658,0.1609899401664734,-0.19572311639785767,-0.1949426793615885,0.06209675967693329,-0.17002183198928833,-0.11542641009498311,0.24139626324176788,-0.12101340293884277,-0.1635584497015543,0.19573388993740082,-0.09946054220199585,-0.15929405029226018,0.14524070918560028,-0.10992997884750366,-0.16079361374784185,0.0460289865732193,-0.07051336765289307,-0.13195019598413182,0.21927233040332794,-0.032437264919281006,-0.17106406028676702,0.17530299723148346,-0.019863665103912354,-0.14767396088052465,0.1288110762834549,-0.030291497707366943,-0.13433709378648473,0.03864310681819916,0.02136939764022827,-0.15095869834829045,0.17761839926242828,0.04195547103881836,-0.17047778900075627,0.14849132299423218,0.04154813289642334,-0.15448730822015477,0.1049489676952362,0.0317264199256897,-0.14656170840669347,boom
0.0,0.0,0.0,0.07320134341716766,-0.13229703903198242,-0.02662790789963765,0.13294559717178345,-0.2756156921386719,-0.05574837550284428,0.1443178504705429,-0.38693708181381226,-0.08300671204688115,0.14696185290813446,-0.49246448278427124,-0.10476263835789723,0.09602540731430054,-0.2645213305950165,-0.09823496117951436,0.2416715919971466,-0.21628540754318237,-0.15611691251160664,0.20775267481803894,-0.18190336227416992,-0.1795954801118569,0.15959422290325165,-0.19786280393600464,-0.19333387389542622,0.06292992830276489,-0.16980618238449097,-0.11320316269757313,0.2413962483406067,-0.118289053440094,-0.1610683746612267,0.19430223107337952,-0.09911251068115234,-0.15752773955227894,0.14321796596050262,-0.11067378520965576,-0.1596197284734444,0.0468936562538147,-0.07018345594406128,-0.12990417554738087,0.219483882188797,-0.030316948890686035,-0.16874324753644032,0.17381185293197632,-0.01992875337600708,-0.14630454256894154,0.12637513875961304,-0.03087449073791504,-0.1337517745769219,0.03889152407646179,0.02198171615600586,-0.14915435984494252,0.17687305808067322,0.04469102621078491,-0.1690915770805077,0.14592744410037994,0.04332613945007324,-0.15417305603386922,0.1010986864566803,0.032644808292388916,-0.14700671508671803,boom
0.0,0.0,0.0,0.07295538485050201,-0.13212424516677856,-0.026859182493353728,0.13171742856502533,-0.2749166488647461,-0.05682619623985374,0.14259682595729828,-0.3857831060886383,-0.08471653200831497,0.14274047315120697,-0.49092158675193787,-0.1070187572404393,0.09281052649021149,-0.26054051518440247,-0.1019441071912297,0.23912940919399261,-0.21437686681747437,-0.1607478369041928,0.2052597552537918,-0.18100136518478394,-0.18416980989422882,0.15669022500514984,-0.1965530514717102,-0.19758610017743194,0.059295281767845154,-0.16527074575424194,-0.11669795550551498,0.23816467821598053,-0.11722081899642944,-0.16531525142636383,0.19154874980449677,-0.09818971157073975,-0.1610869128271588,0.1408170759677887,-0.10871320962905884,-0.16260212250199402,0.04377400875091553,-0.06555873155593872,-0.13300171084847534,0.21672262251377106,-0.028881311416625977,-0.17224655635800445,0.17164333164691925,-0.01836526393890381,-0.14894035048928345,0.12423090636730194,-0.02829653024673462,-0.135740887002612,0.03670923411846161,0.026087403297424316,-0.15180386193242157,0.17480574548244476,0.04679536819458008,-0.17176460810151184,0.14405396580696106,0.045652687549591064,-0.15621560402360046,0.09913374483585358,0.035704851150512695,-0.14862186797108734,boom
0.0,0.0,0.0,0.0728045403957367,-0.1329938769340515,-0.025408548125255948,0.13209272921085358,-0.27534428238868713,-0.05447058455013121,0.14376425743103027,-0.38511234521865845,-0.08172070682905996,0.14551278948783875,-0.48965007066726685,-0.10329522640370215,0.09472942352294922,-0.25861066579818726,-0.0985067457046398,0.24032413959503174,-0.21315068006515503,-0.1561311602678188,0.20822572708129883,-0.18256527185440063,-0.17918012739085043,0.1599007099866867,-0.19834929704666138,-0.19213117361925924,0.060773879289627075,-0.16317850351333618,-0.1134545475330242,0.2406691312789917,-0.11703318357467651,-0.16065291763209189,0.1948319673538208,-0.10036677122116089,-0.15575517416857565,0.14303259551525116,-0.11075353622436523,-0.15670095086954916,0.04532802104949951,-0.06319153308868408,-0.12992793024443472,0.21915385127067566,-0.029780566692352295,-0.16778519452475393,0.1758863627910614,-0.020486116409301758,-0.1440634101714977,0.12835127115249634,-0.02938997745513916,-0.13048612774275625,0.03827756643295288,0.028598248958587646,-0.14885317982100332,0.17806097865104675,0.04564601182937622,-0.16731258929632986,0.14859887957572937,0.04301339387893677,-0.15079091192149008,0.10342849791049957,0.033782243728637695,-0.14247351587675894,boom
0.0,0.0,0.0,0.07278253138065338,-0.1316421627998352,-0.026441322236962606,0.13194842636585236,-0.2730465531349182,-0.05677468661934881,0.14269210398197174,-0.38342154026031494,-0.08498639573127775,0.1407378762960434,-0.48887893557548523,-0.10768756230146437,0.09407132863998413,-0.2587204873561859,-0.10366708745033293,0.23858310282230377,-0.2153390645980835,-0.16312622238666563,0.20537663996219635,-0.1833878755569458,-0.1874454240945056,0.15725968778133392,-0.19821113348007202,-0.20134142746002226,0.06055024266242981,-0.16388148069381714,-0.11872924078971892,0.23965026438236237,-0.11690545082092285,-0.16776988615066557,0.1926734298467636,-0.09896320104598999,-0.16347131837875395,0.1417379230260849,-0.10872799158096313,-0.16476543952495604,0.04526853561401367,-0.06392329931259155,-0.13518314768344908,0.21818388998508453,-0.027700960636138916,-0.17407157231838255,0.17229555547237396,-0.01868915557861328,-0.15014556755096464,0.12424440681934357,-0.02789163589477539,-0.13651091565162687,0.03791403770446777,0.027730703353881836,-0.15418424417049437,0.1755591183900833,0.047926247119903564,-0.17375690449745207,0.14368802309036255,0.04562699794769287,-0.15754122246772795,0.09784974157810211,0.036187171936035156,-0.14940849651367216,boom
0.0,0.0,0.0,0.07180406153202057,-0.13187074661254883,-0.026196348284599935,0.13068126142024994,-0.27390235662460327,-0.05632011107098833,0.14214132726192474,-0.383408784866333,-0.0843236956645228,0.14106206595897675,-0.4885886311531067,-0.10670346653949991,0.09291990101337433,-0.2553589940071106,-0.10203052199375406,0.23817314207553864,-0.21231061220169067,-0.16068188733351008,0.206092968583107,-0.18156397342681885,-0.1845768678833224,0.1571473926305771,-0.19566196203231812,-0.19794943815958277,0.05913795530796051,-0.15982282161712646,-0.11669459826242701,0.23799167573451996,-0.11520159244537354,-0.16529910153639094,0.19243232905864716,-0.09916269779205322,-0.1613304752756335,0.14045768976211548,-0.108795166015625,-0.16270926481973902,0.04419015347957611,-0.06029313802719116,-0.13267256206762568,0.21766899526119232,-0.0270843505859375,-0.17097267395746485,0.17379756271839142,-0.01943814754486084,-0.14734656996023432,0.12536904215812683,-0.02841365337371826,-0.13379420227300898,0.037628889083862305,0.03053349256515503,-0.1510913062740542,0.17580752074718475,0.047561824321746826,-0.16986441499483362,0.14525119960308075,0.04407578706741333,-0.15333396083605066,0.09937597811222076,0.034658610820770264,-0.14492760485899225,boom
0.0,0.0,0.0,0.07249623537063599,-0.1313232183456421,-0.02600236048442639,0.13185948133468628,-0.2731630504131317,-0.05656471473616875,0.14339113235473633,-0.38374125957489014,-0.08479565007132805,0.141883984208107,-0.4894329905509949,-0.1074115000430993,0.09434247016906738,-0.2546229362487793,-0.10476907712859429,0.23920807242393494,-0.21133261919021606,-0.16352568936986245,0.20707601308822632,-0.1806563138961792,-0.18695249033612527,0.15849876403808594,-0.1948809027671814,-0.20013933253926552,0.06083261966705322,-0.15990066528320312,-0.11955524606150902,0.23993346095085144,-0.11526757478713989,-0.16815643382710732,0.19417834281921387,-0.0987616777420044,-0.16326599193257607,0.14230376482009888,-0.10776996612548828,-0.1641737259690217,0.045773476362228394,-0.06099587678909302,-0.13547106457394875,0.21899372339248657,-0.02670419216156006,-0.17376463485402383,0.17460525035858154,-0.018886983394622803,-0.14972317588967599,0.1264832615852356,-0.027833938598632812,-0.13606813920182503,0.03925514221191406,0.02965325117111206,-0.15377189589185036,0.17721658945083618,0.047861456871032715,-0.17260748518151559,0.14595884084701538,0.04451936483383179,-0.1561725176636628,0.10003137588500977,0.03473949432373047,-0.14803567898911751,boom
0.0,0.0,0.0,0.0715237557888031,-0.1297231912612915,-0.026052113364869456,0.1303057223558426,-0.2715117633342743,-0.05612439822726856,0.14176976680755615,-0.3814687728881836,-0.08396139156394611,0.1411045640707016,-0.48645511269569397,-0.10625881117158542,0.092729851603508,-0.255440890789032,-0.10294556778245578,0.2381453812122345,-0.21198272705078125,-0.1613172010737003,0.20627814531326294,-0.18056964874267578,-0.18479769092374454,0.157573401927948,-0.19447743892669678,-0.19798995714955936,0.059410303831100464,-0.1603844165802002,-0.11771194797330509,0.23899886012077332,-0.11408978700637817,-0.1658381239729465,0.1939077377319336,-0.09739863872528076,-0.1618126944857181,0.14173036813735962,-0.10746067762374878,-0.1633179948883594,0.0444163978099823,-0.0608137845993042,-0.13365943890386234,0.21777427196502686,-0.025515854358673096,-0.17206232410245548,0.17373189330101013,-0.017222106456756592,-0.14914634984307895,0.12483879923820496,-0.02709263563156128,-0.13626399796777378,0.03774622082710266,0.03017580509185791,-0.15189479451947818,0.1743793487548828,0.0499875545501709,-0.17151795488172183,0.14354705810546875,0.04798448085784912,-0.15581761461072574,0.0975436270236969,0.0381542444229126,-0.14805743258767734,boom
0.0,0.0,0.0,0.07148575782775879,-0.13184291124343872,-0.02633276097068915,0.1302236020565033,-0.27339261770248413,-0.056930257748462054,0.1415833830833435,-0.3824157416820526,-0.08532156310567984,0.14073391258716583,-0.4876544773578644,-0.10829136780986914,0.09210823476314545,-0.2551710307598114,-0.1038872476626409,0.2380579710006714,-0.20998984575271606,-0.16240965090284476,0.20529940724372864,-0.18187230825424194,-0.1862687345553411,0.15609267354011536,-0.19791507720947266,-0.1998442139435781,0.05797256529331207,-0.15945857763290405,-0.11861257515440116,0.23814362287521362,-0.11433595418930054,-0.16704778633604178,0.19257453083992004,-0.10047042369842529,-0.16337745152006278,0.14061932265758514,-0.11073857545852661,-0.16527802012453208,0.042951762676239014,-0.05938011407852173,-0.1344118740368856,0.21814998984336853,-0.027145028114318848,-0.17275338135252127,0.17370250821113586,-0.020235121250152588,-0.14928476772794852,0.12468002736568451,-0.02874457836151123,-0.13603034875879416,0.03643769025802612,0.03197801113128662,-0.15262054167280326,0.17568251490592957,0.04888641834259033,-0.1720194544602407,0.14537960290908813,0.045680880546569824,-0.15572661421785483,0.09968668222427368,0.03708302974700928,-0.1475244637537969,boom
0.0,0.0,0.0,0.07242055237293243,-0.13244903087615967,-0.025978591972489085,0.13100217282772064,-0.27525922656059265,-0.05532564477016422,0.14249445497989655,-0.3855060935020447,-0.08265889317681285,0.14355751872062683,-0.49073606729507446,-0.10427591831376049,0.094853475689888,-0.2555045485496521,-0.09958982349326106,0.24138708412647247,-0.21203261613845825,-0.15756963820149394,0.20855452120304108,-0.18180251121520996,-0.18107224137474986,0.15927262604236603,-0.19613796472549438,-0.19422193498303386,0.06115071475505829,-0.16039246320724487,-0.11393243701149913,0.24141643941402435,-0.11591196060180664,-0.1616886767833421,0.19581647217273712,-0.1000058650970459,-0.1576574507444093,0.14373812079429626,-0.10935789346694946,-0.1590660873143861,0.04626558721065521,-0.06124335527420044,-0.1297074619023988,0.21996177732944489,-0.02753990888595581,-0.1673191550462434,0.17611856758594513,-0.02002185583114624,-0.1441608730046937,0.12814795970916748,-0.02946227788925171,-0.13097353906323406,0.03957648575305939,0.02932506799697876,-0.1479533079354951,0.17789657413959503,0.0471610426902771,-0.1658753517358491,0.1468229442834854,0.043780386447906494,-0.14963351816822978,0.10097019374370575,0.03390270471572876,-0.14163889617611858,boom
0.0,0.0,0.0,0.07091951370239258,-0.1316167712211609,-0.02620699442056207,0.12938863039016724,-0.27402767539024353,-0.05657706036296872,0.14079704880714417,-0.3841751217842102,-0.0848334915849307,0.13944216072559357,-0.48988720774650574,-0.10746845229593305,0.09107261896133423,-0.25867122411727905,-0.10325241460529355,0.2373136579990387,-0.2152491807937622,-0.16223509236303357,0.20491951704025269,-0.18341070413589478,-0.18597557767358808,0.15605208277702332,-0.19648230075836182,-0.19927566870180158,0.05750536918640137,-0.1638544797897339,-0.11803071572509793,0.23739346861839294,-0.11839878559112549,-0.1668504141184428,0.1921929121017456,-0.10090529918670654,-0.1629975102755168,0.14097702503204346,-0.10979419946670532,-0.16448503359285382,0.04291793704032898,-0.06437879800796509,-0.1340566240164378,0.21707960963249207,-0.029237866401672363,-0.17247673495737104,0.17261913418769836,-0.020267367362976074,-0.14899336918321637,0.1242368221282959,-0.029457807540893555,-0.13573640211549787,0.036724552512168884,0.02673429250717163,-0.1524998955341914,0.17432746291160583,0.04649573564529419,-0.17184896393743543,0.1432677060365677,0.044304490089416504,-0.1558769456955531,0.09782442450523376,0.03425401449203491,-0.14794952794042615,boom
0.0,0.0,0.0,0.07058253884315491,-0.13113582134246826,-0.025495981502842824,0.12979601323604584,-0.2719472050666809,-0.05559722304673187,0.14199534058570862,-0.3807726502418518,-0.08316478103728286,0.14275458455085754,-0.4868737459182739,-0.1049365696343898,0.0952225923538208,-0.25131940841674805,-0.10612753749222748,0.23979508876800537,-0.20638293027877808,-0.1642617356810092,0.20741355419158936,-0.17656975984573364,-0.1860316914352893,0.15893161296844482,-0.19262754917144775,-0.19792955339283935,0.06153020262718201,-0.15551400184631348,-0.12090062320561401,0.2413119375705719,-0.1094658374786377,-0.1693676185640811,0.1954924762248993,-0.0943564772605896,-0.16294402599663727,0.14322680234909058,-0.10410982370376587,-0.16270960092873565,0.046189919114112854,-0.056190669536590576,-0.13666888296933166,0.21913883090019226,-0.02027881145477295,-0.17508722067208282,0.1760675013065338,-0.013662755489349365,-0.15070701361031524,0.12843772768974304,-0.023608088493347168,-0.13667695939869873,0.038951024413108826,0.03442925214767456,-0.15470243215889923,0.1764836609363556,0.05291503667831421,-0.17317502916188232,0.14664219319820404,0.04764056205749512,-0.1566156816515445,0.10152003169059753,0.03713291883468628,-0.148464299443674,boom
0.0,0.0,0.0,0.07021792232990265,-0.13121318817138672,-0.02575895014786056,0.12875603139400482,-0.27046939730644226,-0.05790467012309364,0.14086590707302094,-0.38061508536338806,-0.08739580038570693,0.13774290680885315,-0.4852031171321869,-0.11133774939560226,0.08946853876113892,-0.2540413439273834,-0.11003535065435699,0.23288674652576447,-0.21702343225479126,-0.169108657274478,0.20326079428195953,-0.18893104791641235,-0.19212950590633682,0.1553889662027359,-0.20042961835861206,-0.20473968807243637,0.057879701256752014,-0.15734875202178955,-0.12498640093588165,0.2371969372034073,-0.11536461114883423,-0.17511127713703445,0.1924341470003128,-0.10130506753921509,-0.17012609365963272,0.13987204432487488,-0.10992193222045898,-0.17059725347542098,0.04475724697113037,-0.0572054386138916,-0.14050417963051132,0.21882177889347076,-0.024823784828186035,-0.1792874467708998,0.17319755256175995,-0.020007669925689697,-0.15397324982666305,0.12360243499279022,-0.02918553352355957,-0.1393333804943495,0.03925447165966034,0.033938050270080566,-0.1582523417808943,0.1761501282453537,0.04942762851715088,-0.17716905299209884,0.14370772242546082,0.04554563760757446,-0.15945839706444076,0.09717054665088654,0.035959482192993164,-0.1502686572410994,boom
0.0,0.0,0.0,0.07043543457984924,-0.12970483303070068,-0.026238874184542738,0.12967036664485931,-0.27033525705337524,-0.0572093488896428,0.14128941297531128,-0.3789469003677368,-0.08547750360017403,0.13976269960403442,-0.4838421642780304,-0.10797037428861245,0.09137621521949768,-0.24956399202346802,-0.10734718537574395,0.23831185698509216,-0.21016502380371094,-0.16537726915126427,0.20615226030349731,-0.17932665348052979,-0.18730400002246483,0.15687155723571777,-0.19136732816696167,-0.19911574816947564,0.05812275409698486,-0.15317046642303467,-0.12146988010650261,0.23879927396774292,-0.1126973032951355,-0.17043554282432183,0.19341617822647095,-0.09797865152359009,-0.16496504342799767,0.14015565812587738,-0.10644131898880005,-0.16516074037795647,0.044349998235702515,-0.05424487590789795,-0.1363622645164071,0.21886810660362244,-0.022975385189056396,-0.17367891466861352,0.17494776844978333,-0.01775258779525757,-0.14861668145900353,0.1258009970188141,-0.027971208095550537,-0.13444479799514397,0.039082303643226624,0.03525274991989136,-0.15363142884021386,0.17644700407981873,0.05054694414138794,-0.17088591552024468,0.14562977850437164,0.04599994421005249,-0.15329263603931054,0.09954255819320679,0.03606212139129639,-0.1445336887860833,boom
0.0,0.0,0.0,0.06939888000488281,-0.13002604246139526,-0.027135839221614333,0.12779907882213593,-0.27041301131248474,-0.058803198394912215,0.1391870379447937,-0.3791438639163971,-0.08771375334038112,0.1362360417842865,-0.48276105523109436,-0.11108352011217448,0.08863978087902069,-0.25116968154907227,-0.10835613822712276,0.23509450256824493,-0.21070975065231323,-0.16737781232370708,0.20414896309375763,-0.17997366189956665,-0.19076153403295848,0.15441249310970306,-0.1922605037689209,-0.20354515081419322,0.05557848513126373,-0.15404945611953735,-0.12230898207201335,0.23526887595653534,-0.11277902126312256,-0.17149442201628062,0.19056116044521332,-0.09732621908187866,-0.16674059396757457,0.13710089027881622,-0.10605865716934204,-0.16759466892256114,0.04172433912754059,-0.05432945489883423,-0.1371500617839274,0.21521775424480438,-0.0233614444732666,-0.17497963970674846,0.17143552005290985,-0.017061948776245117,-0.15015196567549083,0.12219373881816864,-0.026629626750946045,-0.13608383899702403,0.03609660267829895,0.03568023443222046,-0.15441451734079692,0.17299692332744598,0.049921512603759766,-0.1724388278104243,0.1423533707857132,0.04638546705245972,-0.1547677046634135,0.09622789919376373,0.03691011667251587,-0.1458386159516749,boom
0.0,0.0,0.0,0.07075649499893188,-0.13147896528244019,-0.026255434203505956,0.1309979110956192,-0.2728032171726227,-0.056545873928428136,0.14348849654197693,-0.38211292028427124,-0.08427735214269205,0.14145943522453308,-0.4871433675289154,-0.10620656405723139,0.09268718957901001,-0.25128793716430664,-0.10513005201852366,0.23860469460487366,-0.2109636664390564,-0.1629827896240954,0.2054782509803772,-0.18089789152145386,-0.18502816354072138,0.15655577182769775,-0.19470524787902832,-0.19712756370341822,0.05937592685222626,-0.1547977328300476,-0.1192842925075297,0.23837676644325256,-0.11256498098373413,-0.16817922686374231,0.1917174756526947,-0.09881329536437988,-0.16299745236671015,0.1389027237892151,-0.10793006420135498,-0.16341352258956476,0.045063138008117676,-0.05562734603881836,-0.13442867790496393,0.21828004717826843,-0.023358821868896484,-0.17233186756408259,0.173782080411911,-0.018577754497528076,-0.14832666312491938,0.1257498413324356,-0.028718173503875732,-0.13467028533256098,0.03917647898197174,0.034391045570373535,-0.15194274281299158,0.17610770463943481,0.051061034202575684,-0.1697330156449084,0.1445021778345108,0.045590341091156006,-0.1531888077143435,0.09872421622276306,0.03526026010513306,-0.1451292911652331,boom
0.0,0.0,0.0,0.06942953169345856,-0.12937140464782715,-0.026128752118012244,0.12936697900295258,-0.2711579501628876,-0.05727456878688031,0.14282868802547455,-0.3816823959350586,-0.0859148539211958,0.1399676650762558,-0.4868859350681305,-0.10909984629418545,0.09282831847667694,-0.25433242321014404,-0.10627843063141995,0.23899246752262115,-0.21545463800430298,-0.16481718044545346,0.2094055563211441,-0.18418383598327637,-0.18795168023373776,0.16090957820415497,-0.19569724798202515,-0.2004587165620535,0.06020598113536835,-0.15779626369476318,-0.12052675705220395,0.23824284970760345,-0.11739104986190796,-0.16922331970002347,0.1947260946035385,-0.10102242231369019,-0.1646174899842947,0.14228004217147827,-0.10999727249145508,-0.16543212156560116,0.04654024541378021,-0.05818033218383789,-0.13558503608967953,0.2197026163339615,-0.028192341327667236,-0.17320590834881955,0.1767129749059677,-0.020875275135040283,-0.148533057382366,0.1276199072599411,-0.03022521734237671,-0.13436430316235715,0.04133625328540802,0.03214150667190552,-0.15292869131829434,0.17816923558712006,0.04546809196472168,-0.1706972978618353,0.1474895477294922,0.04270404577255249,-0.1529276035335272,0.10105705261230469,0.033600807189941406,-0.14371594410206967,boom
0.0,0.0,0.0,0.07112197577953339,-0.1283966302871704,-0.026142149346014776,0.13097217679023743,-0.27007728815078735,-0.058028732540151395,0.14312978088855743,-0.3814553916454315,-0.08717674121453456,0.13866642117500305,-0.48664146661758423,-0.11070765659405879,0.09260620176792145,-0.2536294758319855,-0.10860172763659648,0.23798030614852905,-0.21752995252609253,-0.1677546884138792,0.2093622386455536,-0.18253350257873535,-0.1907257075627058,0.16112962365150452,-0.19060933589935303,-0.20310209050967387,0.060453325510025024,-0.15739750862121582,-0.12298157915665797,0.23841705918312073,-0.1178281307220459,-0.17261185601546458,0.1956871747970581,-0.09889370203018188,-0.1678457196076124,0.14368633925914764,-0.1074034571647644,-0.16847076371504954,0.046785593032836914,-0.05823773145675659,-0.13806117430522136,0.21908316016197205,-0.02811121940612793,-0.17632422700717143,0.1764231026172638,-0.019674956798553467,-0.15119756117655925,0.12829701602458954,-0.029457449913024902,-0.13665961578681163,0.0413079708814621,0.03178119659423828,-0.15532448247267894,0.17731863260269165,0.04450821876525879,-0.17326837137534312,0.14757540822029114,0.041392743587493896,-0.15535927668406657,0.10283797979354858,0.031416118144989014,-0.14608373597457103,boom
0.0,0.0,0.0,0.07138954102993011,-0.12963855266571045,-0.0255063488802989,0.1311560720205307,-0.27149680256843567,-0.05697897781647043,0.14407384395599365,-0.3833264410495758,-0.08592617099202471,0.1417209655046463,-0.48914483189582825,-0.1093491572610219,0.09470342099666595,-0.25726836919784546,-0.10763836239493685,0.2401116043329239,-0.2179306149482727,-0.16656559293187456,0.21044085919857025,-0.1822860836982727,-0.18934137706673937,0.1614871472120285,-0.19198524951934814,-0.20168768947041826,0.06325741112232208,-0.16126537322998047,-0.12238204066670733,0.24076803028583527,-0.11840516328811646,-0.1714916933051427,0.1973210722208023,-0.09846627712249756,-0.16640124802506762,0.14486879110336304,-0.10745185613632202,-0.16697454039967852,0.04902885854244232,-0.06169956922531128,-0.1378506082764943,0.22076232731342316,-0.029473841190338135,-0.17616794590867357,0.17768727242946625,-0.019800841808319092,-0.15122553293622332,0.12926793098449707,-0.029307782649993896,-0.13680511300481157,0.04255504906177521,0.029129326343536377,-0.15540444438374834,0.17860503494739532,0.043712496757507324,-0.17365628068364458,0.14894041419029236,0.0416598916053772,-0.1560665178767522,0.10404250025749207,0.03189396858215332,-0.14695016627229052,boom
0.0,0.0,0.0,0.07147747278213501,-0.13068097829818726,-0.025533436966242107,0.13149315118789673,-0.27348944544792175,-0.057250310835541995,0.14446458220481873,-0.38609999418258667,-0.08636510482162407,0.1419946849346161,-0.4924548268318176,-0.10990056505531243,0.09381753206253052,-0.2593730092048645,-0.1087465297254937,0.23982128500938416,-0.22073572874069214,-0.16739219537109307,0.21061110496520996,-0.18492567539215088,-0.18953822663158348,0.16230952739715576,-0.19464290142059326,-0.2016474019560235,0.06241767108440399,-0.16320550441741943,-0.12354357650607994,0.24093329906463623,-0.12013792991638184,-0.17280961683124474,0.1978064477443695,-0.09985822439193726,-0.1674076478752511,0.1458183228969574,-0.10911226272583008,-0.16787348797649315,0.04863491654396057,-0.0636475682258606,-0.13902299216121605,0.22145363688468933,-0.030981123447418213,-0.17695267608493737,0.17833667993545532,-0.021773457527160645,-0.15181040873855522,0.12993520498275757,-0.032088398933410645,-0.1375863861116784,0.04272846877574921,0.026762843132019043,-0.1566370736631768,0.1785796582698822,0.041870951652526855,-0.1748245816501992,0.14803075790405273,0.03956782817840576,-0.15772353222698143,0.10247333347797394,0.029175400733947754,-0.14917317142814568,boom
0.0,0.0,0.0,0.07167915999889374,-0.13018733263015747,-0.02637123440229061,0.13196749985218048,-0.2731056213378906,-0.057199766233793525,0.14543138444423676,-0.3843974471092224,-0.08544090141379002,0.14515803754329681,-0.4904058575630188,-0.10805564869963291,0.09395144879817963,-0.2564196288585663,-0.10583094258629444,0.23982669413089752,-0.21844887733459473,-0.16366752733313206,0.2099115401506424,-0.1831742525100708,-0.18556949247442844,0.16131781041622162,-0.19223356246948242,-0.19745582093321445,0.06248791515827179,-0.16037189960479736,-0.11996257056318882,0.2391430288553238,-0.11967432498931885,-0.16793822993361118,0.19600345194339752,-0.10025715827941895,-0.16303446640097263,0.14422540366649628,-0.10849446058273315,-0.16392673303209904,0.048843562602996826,-0.06138032674789429,-0.13502368082129124,0.21937932074069977,-0.029693305492401123,-0.17226212967955234,0.17671562731266022,-0.0205233097076416,-0.14800347138964298,0.12882186472415924,-0.030375182628631592,-0.13445272792898777,0.04327259957790375,0.028611838817596436,-0.15234431375586155,0.17789648473262787,0.04393893480300903,-0.17003483821474674,0.14754816889762878,0.04133963584899902,-0.15324963380419376,0.1021282821893692,0.030643820762634277,-0.14504526306711796,boom
0.0,0.0,0.0,0.07174301147460938,-0.1313931941986084,-0.026521927343168272,0.13145391643047333,-0.27370235323905945,-0.05845189899341108,0.1431264728307724,-0.3835334777832031,-0.08768520191446783,0.14099666476249695,-0.4885024130344391,-0.11122782215610982,0.09266361594200134,-0.25441521406173706,-0.10967272952333929,0.23947642743587494,-0.21655845642089844,-0.1686074776960993,0.2096834033727646,-0.18174749612808228,-0.19115207031504156,0.1602010726928711,-0.1913490891456604,-0.20349251166121007,0.06010587513446808,-0.15778279304504395,-0.12418762281672002,0.23962430655956268,-0.11626458168029785,-0.1735534711195612,0.19591595232486725,-0.09766435623168945,-0.16866094306246282,0.14272034168243408,-0.10672062635421753,-0.1696038885428095,0.04604463279247284,-0.05868321657180786,-0.139438260944047,0.21878986060619354,-0.026911020278930664,-0.17711589172617437,0.17553041875362396,-0.01832139492034912,-0.15201159253851415,0.1263345628976822,-0.028453350067138672,-0.13812104299799444,0.03989730775356293,0.03049391508102417,-0.15702102020517827,0.1762237399816513,0.045638442039489746,-0.17525484100119115,0.14530131220817566,0.0432586669921875,-0.15791674390570165,0.09879487752914429,0.03354525566101074,-0.14938077762857915,boom
0.0,0.0,0.0,0.0703764408826828,-0.1295015811920166,-0.026944524774023648,0.12920337915420532,-0.27019619941711426,-0.05905645636624968,0.14140386879444122,-0.3800176978111267,-0.08839464856094992,0.14010892808437347,-0.48580193519592285,-0.11197191400236761,0.09029488265514374,-0.25003567337989807,-0.10940031630701696,0.23527409136295319,-0.21572023630142212,-0.168535045513579,0.20671243965625763,-0.17932826280593872,-0.19127396417565024,0.15750078856945038,-0.18702256679534912,-0.20345996988720572,0.057802364230155945,-0.15300822257995605,-0.12359835130877173,0.2357761710882187,-0.11494213342666626,-0.17304649127430594,0.1931743174791336,-0.09509646892547607,-0.16810407412953055,0.13990236818790436,-0.10307741165161133,-0.16880362404293692,0.04435141384601593,-0.053721725940704346,-0.13861154688305533,0.2156936079263687,-0.024315297603607178,-0.17615490330166494,0.1740977019071579,-0.015075087547302246,-0.15051741076416647,0.12512408196926117,-0.025309979915618896,-0.13616081250614798,0.039099425077438354,0.035277485847473145,-0.15601382327980673,0.1745811253786087,0.049335598945617676,-0.1736961670011965,0.14542341232299805,0.046479880809783936,-0.15551654172844565,0.09993655979633331,0.03596454858779907,-0.1463354445785967,boom
0.0,0.0,0.0,0.07057444751262665,-0.12927013635635376,-0.02710798877723164,0.12921717762947083,-0.2716622054576874,-0.05826589960105366,0.14122141897678375,-0.3814849853515625,-0.08687546599156803,0.14073295891284943,-0.4867638051509857,-0.10982214409358448,0.09180822968482971,-0.2509942054748535,-0.10564706969506688,0.23807953298091888,-0.21618348360061646,-0.16406654316432423,0.20853568613529205,-0.17868906259536743,-0.18686002987868733,0.15862946212291718,-0.1861203908920288,-0.1991867770577187,0.059588491916656494,-0.15450549125671387,-0.11956456798560566,0.23708371818065643,-0.1160469651222229,-0.1675974478150124,0.19416974484920502,-0.0953555703163147,-0.1632172216797585,0.14076101779937744,-0.10350596904754639,-0.16462068754680104,0.045841798186302185,-0.05549323558807373,-0.1345762212897057,0.21631567180156708,-0.02560824155807495,-0.17145661014563984,0.17448367178440094,-0.015422523021697998,-0.14708999294288105,0.125201016664505,-0.025631964206695557,-0.1338328768635506,0.04011182487010956,0.03318756818771362,-0.15199186402804798,0.17489291727542877,0.048420488834381104,-0.16952497262008137,0.1453200727701187,0.04663980007171631,-0.15220514434821553,0.09923766553401947,0.0364651083946228,-0.1437961359644646,boom
0.0,0.0,0.0,0.06966303288936615,-0.12887585163116455,-0.02813727762506346,0.12807323038578033,-0.2699132263660431,-0.06067357379899363,0.13975483179092407,-0.3789094090461731,-0.09019372034774165,0.13804064691066742,-0.4836503565311432,-0.1139568405221496,0.08870843052864075,-0.24875718355178833,-0.11119581181512217,0.23549337685108185,-0.2129141092300415,-0.17071384359107356,0.20659925043582916,-0.17651653289794922,-0.1935895996163879,0.1572953164577484,-0.18510067462921143,-0.20597130227790217,0.056446731090545654,-0.1519070267677307,-0.12494979966388087,0.23498304188251495,-0.11365669965744019,-0.1746950613330398,0.19246812164783478,-0.09379124641418457,-0.16997046936259608,0.1394640952348709,-0.10195273160934448,-0.17096556890712122,0.04328678548336029,-0.05305963754653931,-0.13959361780391077,0.21459071338176727,-0.02353191375732422,-0.17744362521872858,0.17235054075717926,-0.013476431369781494,-0.15214809942946772,0.12319166958332062,-0.023192167282104492,-0.1381374316285644,0.03876174986362457,0.03543895483016968,-0.15673805940852503,0.17383833229541779,0.050058960914611816,-0.17519441414580683,0.14324834942817688,0.04866987466812134,-0.1576955931256805,0.09652318060398102,0.03930306434631348,-0.14904666114554743,boom
0.0,0.0,0.0,0.06993965804576874,-0.12860894203186035,-0.027769406025100807,0.12832292914390564,-0.27019619941711426,-0.05998446296601401,0.14009171724319458,-0.37952733039855957,-0.08927388738541708,0.13942404091358185,-0.4851430654525757,-0.11281407873778448,0.0889807790517807,-0.24833428859710693,-0.1100330601230155,0.2353735715150833,-0.2147011160850525,-0.16862333070187674,0.2068762332201004,-0.17795532941818237,-0.1906311834946166,0.15780885517597198,-0.18576127290725708,-0.20225204776673422,0.05709467828273773,-0.15066057443618774,-0.12360673647074805,0.23495076596736908,-0.11453235149383545,-0.17239010583310233,0.19255100190639496,-0.09521692991256714,-0.16693921636490927,0.13875067234039307,-0.1029399037361145,-0.16734735917000876,0.04429692029953003,-0.05134373903274536,-0.13804452370553122,0.21520794928073883,-0.02354031801223755,-0.1749565179243575,0.17401517927646637,-0.014879345893859863,-0.14958083878903494,0.1249009221792221,-0.024604737758636475,-0.13558277737050162,0.03999631106853485,0.03726053237915039,-0.1549353028431426,0.17442388832569122,0.05046963691711426,-0.17222224425225363,0.14509522914886475,0.04755157232284546,-0.15446195255665884,0.0991109162569046,0.038092195987701416,-0.14572514842896567,boom
0.0,0.0,0.0,0.06924867630004883,-0.12884551286697388,-0.02801848100907023,0.12723474204540253,-0.2701837420463562,-0.06024287725276167,0.13877403736114502,-0.37990105152130127,-0.08965202877706702,0.1386503130197525,-0.48454001545906067,-0.11346962759679968,0.08795428276062012,-0.2507970333099365,-0.11014456758684332,0.2351633906364441,-0.21544933319091797,-0.1687049687880915,0.20663201808929443,-0.17699307203292847,-0.19054500470346625,0.15791240334510803,-0.18479323387145996,-0.2022200495976847,0.056401610374450684,-0.15332943201065063,-0.12389078448003943,0.23381179571151733,-0.1156664490699768,-0.1723055214661997,0.19165214896202087,-0.09433448314666748,-0.1669332654256266,0.13870276510715485,-0.102181077003479,-0.1676266760606211,0.04328158497810364,-0.05344057083129883,-0.13858519206232245,0.21377333998680115,-0.024838924407958984,-0.17600063691324408,0.17262035608291626,-0.01397639513015747,-0.15107369134611304,0.12365938723087311,-0.02356773614883423,-0.1374237359542292,0.038877129554748535,0.03570234775543213,-0.1556860328692835,0.17339825630187988,0.05100083351135254,-0.17418634603208716,0.14433073997497559,0.050505220890045166,-0.15706914375013525,0.09831151366233826,0.041554391384124756,-0.14865983734316046,boom
0.0,0.0,0.0,0.07039400935173035,-0.12832945585250854,-0.027061342167257862,0.12894722819328308,-0.26950016617774963,-0.05885916473209818,0.14055123925209045,-0.37833166122436523,-0.08780492367088755,0.14003637433052063,-0.48402005434036255,-0.11078447373449762,0.08712895214557648,-0.24664759635925293,-0.1108913299614187,0.23414453864097595,-0.21543723344802856,-0.16926399888336618,0.2050955593585968,-0.17948704957962036,-0.18974983217060526,0.15635055303573608,-0.18803679943084717,-0.20026388289272745,0.05551445484161377,-0.1481555700302124,-0.12497492404520472,0.23431631922721863,-0.11417180299758911,-0.17378836395084818,0.19107866287231445,-0.09501010179519653,-0.1667416495257612,0.13700422644615173,-0.10248786211013794,-0.16601788522541483,0.042712628841400146,-0.048322319984436035,-0.13995755733787973,0.21360579133033752,-0.022464454174041748,-0.1775041771107908,0.17240756750106812,-0.012996077537536621,-0.15157438339531382,0.1232401430606842,-0.022551894187927246,-0.13718324424564798,0.03842425346374512,0.040538489818573,-0.1572732430869337,0.17352789640426636,0.05372750759124756,-0.17493472518265207,0.14389170706272125,0.05253565311431885,-0.15713747860729654,0.09701655805110931,0.04375934600830078,-0.14855120600998362,boom
0.0,0.0,0.0,0.0703020989894867,-0.12810999155044556,-0.028069796714873974,0.12849374115467072,-0.271492063999176,-0.05897052280971593,0.1406194418668747,-0.38221415877342224,-0.08705424957344121,0.14058096706867218,-0.48713040351867676,-0.10906224392721242,0.08710089325904846,-0.24811720848083496,-0.10693976723024434,0.23432065546512604,-0.21893912553787231,-0.16538896106550283,0.20631973445415497,-0.1818566918373108,-0.18715878270933217,0.15727467834949493,-0.18850648403167725,-0.19836049221822805,0.05605661869049072,-0.15059101581573486,-0.11989617787668294,0.23417042195796967,-0.11691915988922119,-0.16779731653997487,0.19168449938297272,-0.09647756814956665,-0.16189462386438436,0.13799606263637543,-0.1034817099571228,-0.16195452653238362,0.04401065409183502,-0.051830172538757324,-0.13415177606412954,0.21401502192020416,-0.025051116943359375,-0.17070606790849752,0.17347382009029388,-0.015455842018127441,-0.14587536894151754,0.12492792308330536,-0.025181055068969727,-0.1322193040735442,0.040505364537239075,0.036348819732666016,-0.15094969116518087,0.17580045759677887,0.051001787185668945,-0.16788530789682454,0.14607501029968262,0.04991352558135986,-0.1506492539531905,0.09915705025196075,0.04002857208251953,-0.14237836443254537,boom
0.0,0.0,0.0,0.06980401277542114,-0.12815433740615845,-0.027488165089692984,0.12809908390045166,-0.2707763910293579,-0.058857663089241896,0.13979272544384003,-0.38135814666748047,-0.08736051108857623,0.1408887803554535,-0.48718684911727905,-0.10966322805901996,0.08618555963039398,-0.24818438291549683,-0.10996766623279086,0.23552604019641876,-0.21540749073028564,-0.16840014096518985,0.20573903620243073,-0.17993056774139404,-0.1886174404265546,0.15646453201770782,-0.18959051370620728,-0.19888428088447085,0.05457635223865509,-0.14947360754013062,-0.12357206877490512,0.23516498506069183,-0.11278438568115234,-0.17220221694728366,0.19077549874782562,-0.09394067525863647,-0.16444900866767398,0.1361406296491623,-0.10289686918258667,-0.1632802956940793,0.041728630661964417,-0.049952805042266846,-0.13835142787715426,0.2134280651807785,-0.021832525730133057,-0.17564706739207736,0.1723145693540573,-0.01242828369140625,-0.14960223671218387,0.12341457605361938,-0.02292400598526001,-0.13522698220035068,0.037263646721839905,0.03868305683135986,-0.15555812653323642,0.17298103868961334,0.05393868684768677,-0.1731549375893735,0.1435154527425766,0.052865803241729736,-0.15574205156585208,0.09655503928661346,0.04332047700881958,-0.14744353529235354,boom
0.0,0.0,0.0,0.07051011919975281,-0.1276026964187622,-0.02784958623590228,0.12917199730873108,-0.2692990005016327,-0.05865857333185431,0.14123037457466125,-0.3801158368587494,-0.08641637817265746,0.14150625467300415,-0.4855160117149353,-0.1079972828948712,0.08586867153644562,-0.24466001987457275,-0.10857579812648055,0.23360413312911987,-0.2128545641899109,-0.16623084202649352,0.2034125030040741,-0.17874997854232788,-0.18638054982068297,0.1546611785888672,-0.18880820274353027,-0.1967392857396817,0.05447310209274292,-0.14633166790008545,-0.1216708640778279,0.2339252531528473,-0.1112104058265686,-0.16977660313489196,0.18935206532478333,-0.09332013130187988,-0.16211664632203338,0.13573092222213745,-0.1016460657119751,-0.16103649094941375,0.04222904145717621,-0.047671735286712646,-0.1359870131337857,0.21283230185508728,-0.02020418643951416,-0.17275118783356902,0.17145496606826782,-0.011892497539520264,-0.14668017581345794,0.12384085357189178,-0.021678268909454346,-0.1322713936889386,0.03882230818271637,0.04082655906677246,-0.15286120727898833,0.17394381761550903,0.05504733324050903,-0.16988728896023986,0.14405930042266846,0.05255478620529175,-0.15247622087838408,0.09786553680896759,0.04273301362991333,-0.14423102095963714,boom
0.0,0.0,0.0,0.07026305794715881,-0.12818866968154907,-0.027573445913049,0.12846440076828003,-0.2710057497024536,-0.0578537882386172,0.14121989905834198,-0.38323938846588135,-0.08528169627174975,0.14134280383586884,-0.4891175627708435,-0.10669779415115954,0.08721178770065308,-0.24853754043579102,-0.1061267667530501,0.234358549118042,-0.21504873037338257,-0.1638534181831801,0.2040189504623413,-0.18064355850219727,-0.18461040790066363,0.15513218939304352,-0.19070911407470703,-0.19525803263172747,0.05622589588165283,-0.15069866180419922,-0.11914033080324771,0.23479223251342773,-0.11441069841384888,-0.16665589447006823,0.19041293859481812,-0.09509319067001343,-0.15935924286827685,0.1369912028312683,-0.10279172658920288,-0.1584099643944228,0.04391017556190491,-0.0515444278717041,-0.1335044615982497,0.2138461470603943,-0.023848116397857666,-0.16997475559696795,0.17236468195915222,-0.014632344245910645,-0.1443652772425139,0.12429176270961761,-0.023799002170562744,-0.13003183538899066,0.03996672481298447,0.037425220012664795,-0.15037369365677478,0.17428311705589294,0.05196470022201538,-0.16716318960175158,0.1445019692182541,0.050206124782562256,-0.1497814768074477,0.09836852550506592,0.040624797344207764,-0.1413309686897719,boom
0.0,0.0,0.0,0.07016928493976593,-0.12906599044799805,-0.028037088941857746,0.1274341493844986,-0.27026647329330444,-0.059574273433611324,0.1394997239112854,-0.38153183460235596,-0.08810823505751841,0.13997675478458405,-0.48711296916007996,-0.11056149100892299,0.08549727499485016,-0.24709558486938477,-0.10885728990666621,0.23301680386066437,-0.21307140588760376,-0.1674738014303898,0.20221640169620514,-0.17726582288742065,-0.18863161748282664,0.15247538685798645,-0.18632417917251587,-0.1995698595606541,0.054676249623298645,-0.14807969331741333,-0.12215265726678126,0.23289264738559723,-0.11231189966201782,-0.1704972768389439,0.18848805129528046,-0.09248816967010498,-0.1633720928990101,0.13537511229515076,-0.0999535322189331,-0.16276546662680857,0.04271920025348663,-0.048164546489715576,-0.136700951512978,0.21271316707134247,-0.021598875522613525,-0.173569568451569,0.17092405259609222,-0.011967122554779053,-0.14704503959052317,0.12290026247501373,-0.021071016788482666,-0.13234751766555064,0.03910738229751587,0.04074317216873169,-0.15380298441283458,0.1733584851026535,0.05343824625015259,-0.1710177296959614,0.1435631364583969,0.05167108774185181,-0.15297515040271037,0.097865030169487,0.041892409324645996,-0.14414959495894664,boom
0.0,0.0,0.0,0.07088086009025574,-0.12947982549667358,-0.027509188251599426,0.1290130615234375,-0.2710739076137543,-0.058371424647077674,0.1409963220357895,-0.3823954463005066,-0.08645454046319401,0.14075584709644318,-0.48778268694877625,-0.10842996087859547,0.0865907073020935,-0.24908602237701416,-0.10664240268062031,0.23433595895767212,-0.21444904804229736,-0.16458120939324772,0.20344698429107666,-0.1785677671432495,-0.1854470669944135,0.15382054448127747,-0.18735533952713013,-0.1963728069979993,0.05517563223838806,-0.15106821060180664,-0.12010229376147663,0.23321864008903503,-0.1142117977142334,-0.16815333065579807,0.18911123275756836,-0.09394413232803345,-0.16145363447259342,0.1361970156431198,-0.10076326131820679,-0.16116636988709843,0.042693182826042175,-0.0517580509185791,-0.13484072682450687,0.21272814273834229,-0.023091673851013184,-0.17143505808900272,0.17088064551353455,-0.01318901777267456,-0.14552216229031956,0.12271331250667572,-0.022499442100524902,-0.13131400940011417,0.03895902633666992,0.03723078966140747,-0.15215390917848026,0.1734444797039032,0.05214947462081909,-0.16916315254758274,0.14322784543037415,0.050668537616729736,-0.15172818300317203,0.09696090221405029,0.04060250520706177,-0.14343561229298984,boom
0.0,0.0,0.0,0.07063813507556915,-0.12881791591644287,-0.027163936716419812,0.1293163150548935,-0.27101564407348633,-0.05790579780648386,0.1422131061553955,-0.38194185495376587,-0.08584071412394678,0.14274173974990845,-0.4882032573223114,-0.1076621757418934,0.08735416829586029,-0.24952536821365356,-0.10740166619132197,0.2354133278131485,-0.21559470891952515,-0.16550566717694437,0.20388634502887726,-0.17961442470550537,-0.1862422721059147,0.1538107991218567,-0.18957436084747314,-0.19694966539452707,0.056350722908973694,-0.15119248628616333,-0.12110379054854548,0.2351144403219223,-0.11567574739456177,-0.1692108111054722,0.190097376704216,-0.09487676620483398,-0.16199869379113352,0.136674165725708,-0.10170137882232666,-0.16114078923772013,0.04395236074924469,-0.05142641067504883,-0.13599698707173502,0.21467261016368866,-0.024802088737487793,-0.17263694569180643,0.17241616547107697,-0.014374077320098877,-0.1461891578109089,0.12391345202922821,-0.023057937622070312,-0.131418888416988,0.03998097777366638,0.03811246156692505,-0.15339342221329844,0.1752580851316452,0.05067408084869385,-0.17012233003686106,0.14546161890029907,0.04937136173248291,-0.15200007423470652,0.09930877387523651,0.040448904037475586,-0.14310965403626597,boom
0.0,0.0,0.0,0.0707801878452301,-0.13042813539505005,-0.027566540904160775,0.12950649857521057,-0.27310246229171753,-0.05836907952260617,0.1415676325559616,-0.38372892141342163,-0.08651087983679417,0.1404920220375061,-0.48930877447128296,-0.10877105399202947,0.08740250766277313,-0.2519136667251587,-0.10579515054058675,0.2347358614206314,-0.2167578935623169,-0.163772610865351,0.2050284892320633,-0.1804543137550354,-0.18562069340777043,0.15464995801448822,-0.1887151002883911,-0.19714581771921758,0.05558088421821594,-0.15327060222625732,-0.11940287604164723,0.23390330374240875,-0.11629605293273926,-0.16738074823450688,0.1908990889787674,-0.09634047746658325,-0.1622094194514716,0.1373412013053894,-0.10349506139755249,-0.16280616625380162,0.04301831126213074,-0.05273967981338501,-0.13418222769331578,0.21378706395626068,-0.02540302276611328,-0.17097905083727483,0.17269469797611237,-0.015188217163085938,-0.14609244271349553,0.12383972108364105,-0.02393585443496704,-0.13226736887526158,0.039085112512111664,0.036975085735321045,-0.1514735351426566,0.17421098053455353,0.05056476593017578,-0.16883216603827123,0.14458949863910675,0.049536287784576416,-0.1513664702994788,0.09796752035617828,0.040705084800720215,-0.14273784860205296,boom
0.0,0.0,0.0,0.07108160853385925,-0.12849199771881104,-0.027565793199528343,0.130157470703125,-0.2715184688568115,-0.05788532557903636,0.14270786941051483,-0.3829807639122009,-0.08551703679381717,0.14212046563625336,-0.48816952109336853,-0.10706223088322986,0.08703786134719849,-0.25087791681289673,-0.10461977410136569,0.2352237105369568,-0.21805429458618164,-0.1622880353313576,0.20525628328323364,-0.18072247505187988,-0.1833178206068169,0.15605969727039337,-0.18877440690994263,-0.1942305071931969,0.055711328983306885,-0.1527169942855835,-0.1180830998998772,0.23431670665740967,-0.11785298585891724,-0.16572252946912158,0.1909554898738861,-0.09621471166610718,-0.1594986124616753,0.13797487318515778,-0.10257285833358765,-0.1592459632736336,0.043510809540748596,-0.05287379026412964,-0.13293577271520007,0.21396374702453613,-0.02625066041946411,-0.1696055038553368,0.17304843664169312,-0.01497650146484375,-0.14430260199128497,0.12491574883460999,-0.02364414930343628,-0.13018323021947253,0.040306635200977325,0.03667593002319336,-0.1503375424724709,0.17528915405273438,0.04966813325881958,-0.16725243168889392,0.14551697671413422,0.049718499183654785,-0.14968531864701617,0.09902745485305786,0.04137939214706421,-0.14109684067784656,boom
0.0,0.0,0.0,0.07074543833732605,-0.1293073296546936,-0.02765055893638646,0.12952737510204315,-0.27083730697631836,-0.05870834513285672,0.14190267026424408,-0.3812154531478882,-0.08702408297637021,0.1410304307937622,-0.48655954003334045,-0.10921893044093167,0.08621379733085632,-0.2504815459251404,-0.10707741005995786,0.23466315865516663,-0.21503114700317383,-0.1654787190137199,0.20406028628349304,-0.1789841651916504,-0.1867347039161018,0.15473198890686035,-0.18820637464523315,-0.19774831606724774,0.05406904220581055,-0.15188556909561157,-0.12072791679480588,0.23309656977653503,-0.11568397283554077,-0.169458387034922,0.18950513005256653,-0.09612107276916504,-0.1632504440722755,0.13700537383556366,-0.10322540998458862,-0.16289894058087384,0.041569650173187256,-0.05148595571517944,-0.13562460018971478,0.21320852637290955,-0.024056673049926758,-0.173043472307711,0.17198818922042847,-0.013886034488677979,-0.14733877553322827,0.12386614084243774,-0.02244889736175537,-0.13276213182786023,0.03827393800020218,0.038286805152893066,-0.15308867170193707,0.17445841431617737,0.051573216915130615,-0.17068114652016675,0.14480186998844147,0.05046570301055908,-0.15309495999196088,0.09852272272109985,0.04195547103881836,-0.14431462957242047,boom
0.0,0.0,0.0,0.07177424430847168,-0.1294257640838623,-0.02718373908197691,0.13123370707035065,-0.2724875509738922,-0.05721637567972948,0.14403760433197021,-0.3842114806175232,-0.0845239754626732,0.14319375157356262,-0.489365816116333,-0.10575008353686144,0.08771707117557526,-0.25143545866012573,-0.10525990983938982,0.23536641895771027,-0.21466732025146484,-0.16294578424191286,0.2031204253435135,-0.1795697808265686,-0.18381094148850252,0.15421831607818604,-0.1918162703514099,-0.19498195460533907,0.056084081530570984,-0.15320974588394165,-0.11910844555592348,0.23548243939876556,-0.11451154947280884,-0.16730820348954012,0.1897248476743698,-0.0950169563293457,-0.1604866009066086,0.13684922456741333,-0.10376304388046265,-0.15989106109833529,0.04336045682430267,-0.0535241961479187,-0.1343637775490265,0.2146178036928177,-0.024045109748840332,-0.17180586567616274,0.17249338328838348,-0.01425546407699585,-0.14650078824257662,0.12508918344974518,-0.023752212524414062,-0.13224891534542849,0.039615221321582794,0.036404550075531006,-0.15214667430615236,0.17512835562229156,0.05077958106994629,-0.16979087105488588,0.14548751711845398,0.04908245801925659,-0.15288028827404787,0.10028444230556488,0.0396580696105957,-0.14470834246372988,boom
0.0,0.0,0.0,0.07153530418872833,-0.12851572036743164,-0.027483045572580522,0.13125281035900116,-0.2710781693458557,-0.05852925542944831,0.1444571167230606,-0.38306498527526855,-0.08658671144598884,0.1437857747077942,-0.48926398158073425,-0.10843341563099784,0.08779887855052948,-0.2494715452194214,-0.10930444065684242,0.23692500591278076,-0.214260995388031,-0.1678214347755329,0.20543217658996582,-0.17848718166351318,-0.1882140016948597,0.15548378229141235,-0.18941670656204224,-0.19865329329127235,0.05631020665168762,-0.1510227918624878,-0.12285060946101112,0.23614710569381714,-0.11431348323822021,-0.17182782057875556,0.1911490261554718,-0.09350275993347168,-0.16416400436514778,0.13774648308753967,-0.10094380378723145,-0.16282765332812232,0.04404723644256592,-0.05167168378829956,-0.13758978013152046,0.21568915247917175,-0.023696482181549072,-0.17500354115122718,0.17390719056129456,-0.01307755708694458,-0.14859571818465156,0.12593430280685425,-0.022112727165222168,-0.13366026941889686,0.04112223535776138,0.037738025188446045,-0.1548188156282322,0.17694184184074402,0.05105459690093994,-0.17214683953875465,0.14725759625434875,0.049975574016571045,-0.15455126527899665,0.10143706202507019,0.04070639610290527,-0.14594609800928993,boom
0.0,0.0,0.0,0.07106588780879974,-0.12913936376571655,-0.027280333149803937,0.13081945478916168,-0.2714475393295288,-0.058051190036906064,0.14432992041110992,-0.38286465406417847,-0.08612156163491136,0.1443454921245575,-0.48880669474601746,-0.10807897399701005,0.08883726596832275,-0.2501906752586365,-0.1064912329200638,0.23748919367790222,-0.21640044450759888,-0.16469215105809099,0.20711734890937805,-0.18120145797729492,-0.18568462382592088,0.15757901966571808,-0.19061177968978882,-0.19650435696877366,0.0578840970993042,-0.15150970220565796,-0.12031248461045152,0.23749026656150818,-0.115478515625,-0.16894220064915544,0.19290906190872192,-0.09611737728118896,-0.16252725075520402,0.13908573985099792,-0.10393357276916504,-0.16197861980236894,0.04598361253738403,-0.051432907581329346,-0.13536662112511522,0.21716442704200745,-0.02439272403717041,-0.17228812228478319,0.17520266771316528,-0.01440894603729248,-0.1462832565192116,0.1265084594488144,-0.023589909076690674,-0.1316764528635872,0.042586587369441986,0.03806573152542114,-0.15297059963978654,0.17813116312026978,0.05171465873718262,-0.17013237129486924,0.14801178872585297,0.050843775272369385,-0.1523402656201256,0.10171103477478027,0.041686058044433594,-0.14351620029248124,boom
0.0,0.0,0.0,0.07002274692058563,-0.13063716888427734,-0.027776946556343773,0.12930230796337128,-0.27273696660995483,-0.059343549665584305,0.14282028377056122,-0.3837622404098511,-0.08798117866791699,0.14262056350708008,-0.48879578709602356,-0.11071781745232556,0.08833669126033783,-0.2501290440559387,-0.10935013672389005,0.23613326251506805,-0.21624839305877686,-0.16797399452008221,0.2064872533082962,-0.17998099327087402,-0.18960480323113416,0.15632764995098114,-0.18821322917938232,-0.20085932245530103,0.056946441531181335,-0.15113615989685059,-0.12296658685482953,0.2370363026857376,-0.11551010608673096,-0.17198389699734662,0.19334100186824799,-0.09568428993225098,-0.16610720684803937,0.13931502401828766,-0.10314726829528809,-0.16592995753563855,0.04465334117412567,-0.05083268880844116,-0.13758511772431348,0.21658746898174286,-0.024524033069610596,-0.17488557031430219,0.1747940331697464,-0.014716386795043945,-0.1490986340311906,0.12553302943706512,-0.023517251014709473,-0.134482666161432,0.04088938981294632,0.038087666034698486,-0.1546598665980241,0.17629583179950714,0.05070948600769043,-0.17238558759964917,0.14570198953151703,0.05009526014328003,-0.1543677889374635,0.098607137799263,0.04145169258117676,-0.145185648706331,boom
0.0,0.0,0.0,0.07109302282333374,-0.12956762313842773,-0.0278507871067859,0.12928839027881622,-0.2713986039161682,-0.05939090526464952,0.1414383202791214,-0.3814811706542969,-0.08793016425136102,0.14215314388275146,-0.486052542924881,-0.11047631404164804,0.08690710365772247,-0.24766749143600464,-0.10958708724740518,0.2348870038986206,-0.2141094207763672,-0.1675038402414657,0.20503449440002441,-0.17907696962356567,-0.18827027729514612,0.15539449453353882,-0.18856048583984375,-0.1990510290003158,0.056185901165008545,-0.14802461862564087,-0.12312760851148141,0.23645219206809998,-0.11242204904556274,-0.17119412771228326,0.19259706139564514,-0.0938953161239624,-0.16441630474093927,0.13785310089588165,-0.1016092300415039,-0.16390294483665002,0.044253379106521606,-0.047537028789520264,-0.13768704882625116,0.21537050604820251,-0.020805060863494873,-0.17420712760451806,0.17438837885856628,-0.01163405179977417,-0.14828055253985895,0.1252783238887787,-0.02035766839981079,-0.13401117077830804,0.04069123417139053,0.04150569438934326,-0.15476559749606622,0.17525649070739746,0.055396080017089844,-0.17226128927234186,0.1454387754201889,0.05438947677612305,-0.15463540605071557,0.09865182638168335,0.045764148235321045,-0.14603016427520288,boom
0.0,0.0,0.0,0.07066689431667328,-0.13011300563812256,-0.02779610935400001,0.12911918759346008,-0.2721240520477295,-0.05910059544990531,0.14134714007377625,-0.38240817189216614,-0.08750420171568862,0.1412670761346817,-0.48738911747932434,-0.10986606139491073,0.08739681541919708,-0.24820947647094727,-0.10866018492529861,0.23539994657039642,-0.21546798944473267,-0.16697503734181396,0.20489273965358734,-0.17891836166381836,-0.18808567631791107,0.15480749309062958,-0.18694835901260376,-0.1989782016331958,0.05595754086971283,-0.14901161193847656,-0.12219856787274352,0.23619620501995087,-0.11362731456756592,-0.17087812829564086,0.1917373389005661,-0.09415227174758911,-0.16439804542611114,0.13735681772232056,-0.10172784328460693,-0.1638972621018695,0.04369722306728363,-0.04885232448577881,-0.13687385726521484,0.21518076956272125,-0.021927475929260254,-0.17378488290856353,0.17334280908107758,-0.012581586837768555,-0.14771746206830016,0.12419910728931427,-0.021799445152282715,-0.1331408779675769,0.03996723145246506,0.04005473852157593,-0.15407630909035674,0.1749100238084793,0.05318349599838257,-0.17137581217835418,0.14432217180728912,0.05189722776412964,-0.1533112834746646,0.09715402126312256,0.042897701263427734,-0.1443231116587924,boom
0.0,0.0,0.0,0.07027453184127808,-0.13002872467041016,-0.028161042314565066,0.12840229272842407,-0.27201488614082336,-0.05956199852803934,0.1403408795595169,-0.38220828771591187,-0.08797109959701288,0.14102523028850555,-0.48698535561561584,-0.11029800115207422,0.086326465010643,-0.24826550483703613,-0.1086939284024595,0.23458105325698853,-0.2152564525604248,-0.16668159602264154,0.2048027515411377,-0.1795649528503418,-0.18752313492873895,0.15512321889400482,-0.18797248601913452,-0.19826807914355982,0.05502094328403473,-0.14887076616287231,-0.12199803529361475,0.23545220494270325,-0.1135593056678772,-0.17047906754592645,0.1913643479347229,-0.09477674961090088,-0.16407433984855402,0.13698223233222961,-0.10265475511550903,-0.16368477879146326,0.043099820613861084,-0.04861670732498169,-0.1364228063640951,0.21479231119155884,-0.02204751968383789,-0.17322496412376154,0.1730872392654419,-0.012797892093658447,-0.14724525151828516,0.12401333451271057,-0.022042274475097656,-0.13278529880622614,0.039743632078170776,0.04024118185043335,-0.15341027913669336,0.17490172386169434,0.05317145586013794,-0.17066190479377497,0.14447645843029022,0.05204850435256958,-0.15266627905944574,0.09741419553756714,0.043262481689453125,-0.14376708207706201,boom
0.0,0.0,0.0,0.07026079297065735,-0.12985831499099731,-0.02798208032768912,0.12812720239162445,-0.27122074365615845,-0.060119325267493195,0.13905654847621918,-0.38085776567459106,-0.08915444646996207,0.13664360344409943,-0.48573869466781616,-0.11224022691172308,0.08474121987819672,-0.24637800455093384,-0.11129207347553915,0.23275722563266754,-0.21348196268081665,-0.1696704271904821,0.20305787026882172,-0.1779705286026001,-0.19067915712517447,0.15288078784942627,-0.18624597787857056,-0.20151847039383597,0.05304868519306183,-0.14649748802185059,-0.12478076105040259,0.23274068534374237,-0.11268085241317749,-0.17330331538838095,0.18959002196788788,-0.09384894371032715,-0.1666932198874349,0.13525918126106262,-0.10066324472427368,-0.16632978056591696,0.04106195271015167,-0.046285927295684814,-0.1391702387205953,0.21183855831623077,-0.021459639072418213,-0.17578134869259543,0.17151670157909393,-0.01219189167022705,-0.1495418939463491,0.12293954193592072,-0.020577728748321533,-0.135078707682311,0.03822395205497742,0.04234868288040161,-0.15608684157055563,0.17258597910404205,0.053623735904693604,-0.17323208783787436,0.14309337735176086,0.052358388900756836,-0.15509309803169913,0.0964013934135437,0.04432255029678345,-0.14621421133202261,boom
0.0,0.0,0.0,0.07001177966594696,-0.13081932067871094,-0.027304799737066787,0.12755145132541656,-0.2745652198791504,-0.05813677746209578,0.13787610828876495,-0.38605833053588867,-0.086260856570334,0.136148601770401,-0.4914347231388092,-0.1084909601822801,0.08522875607013702,-0.25203484296798706,-0.10604225981387572,0.23382814228534698,-0.21840441226959229,-0.16380032289180235,0.20380981266498566,-0.18127042055130005,-0.18486661601218657,0.1535688042640686,-0.18932747840881348,-0.19594963777217345,0.0536799430847168,-0.1530686616897583,-0.1198028265253015,0.23311851918697357,-0.11985558271408081,-0.16767779874953703,0.190510556101799,-0.09845513105392456,-0.16195181894454436,0.13718409836292267,-0.10500586032867432,-0.16216597843322234,0.04174073040485382,-0.05300503969192505,-0.1347181885257669,0.21293266117572784,-0.028539597988128662,-0.1717212288394876,0.17284457385540009,-0.0165938138961792,-0.14654780316504912,0.12482185661792755,-0.02483886480331421,-0.1325487284675546,0.03898197412490845,0.0364493727684021,-0.1520453481689401,0.17288105189800262,0.048147380352020264,-0.16943452644500212,0.14381246268749237,0.04847371578216553,-0.15191684055480437,0.09797404706478119,0.04044342041015625,-0.14335934209975676,boom
0.0,0.0,0.0,0.06983624398708344,-0.13016128540039062,-0.027644390872865188,0.12777866423130035,-0.2741093337535858,-0.057859026528149116,0.1378554403781891,-0.38531190156936646,-0.08532180327847527,0.13613811135292053,-0.4896967113018036,-0.10669207263663338,0.08513984084129333,-0.2517704367637634,-0.10405423927977608,0.23365969955921173,-0.21740520000457764,-0.16136487264111565,0.2022792249917984,-0.18082642555236816,-0.18203153151944207,0.15323080122470856,-0.19020891189575195,-0.19291736621335076,0.053780242800712585,-0.15263980627059937,-0.11747190046980904,0.23275931179523468,-0.11926060914993286,-0.1654049648709588,0.18839092552661896,-0.09879660606384277,-0.1592738373942666,0.13556228578090668,-0.10549694299697876,-0.15898472506478356,0.04203121364116669,-0.05279719829559326,-0.13229421216919945,0.21296079456806183,-0.028294384479522705,-0.16931562561467217,0.17155997455120087,-0.017766118049621582,-0.14416122872307824,0.12420889735221863,-0.0261724591255188,-0.12994753260090874,0.03941503167152405,0.03679579496383667,-0.14966157514527367,0.17381171882152557,0.04750329256057739,-0.1666200800605111,0.14395885169506073,0.0464550256729126,-0.1493422581620507,0.09820054471492767,0.03851348161697388,-0.14094447035267876,boom
0.0,0.0,0.0,0.07050268352031708,-0.128836989402771,-0.027375507480428496,0.12877555191516876,-0.27251699566841125,-0.05857394014947204,0.13902921974658966,-0.383813738822937,-0.08700786282770423,0.13686388731002808,-0.48986801505088806,-0.10955910136453895,0.08715762197971344,-0.2529476284980774,-0.10800771912090568,0.23587532341480255,-0.21935230493545532,-0.16630553951017646,0.20601965487003326,-0.1798926591873169,-0.1873565142368534,0.1566338837146759,-0.1877838373184204,-0.19855580975763587,0.055633872747421265,-0.15452957153320312,-0.12223196526520042,0.23530305922031403,-0.11976802349090576,-0.1713413124298313,0.1920015662908554,-0.09687566757202148,-0.16534183671228675,0.1384345442056656,-0.10377562046051025,-0.16525943329088477,0.04300814867019653,-0.054158568382263184,-0.13755294432394294,0.21490897238254547,-0.028497695922851562,-0.17573119451753882,0.17388607561588287,-0.015369594097137451,-0.14994650830976752,0.1257690042257309,-0.023802876472473145,-0.13540434589140204,0.03927893191576004,0.03641462326049805,-0.1552958910679081,0.17480061948299408,0.047497570514678955,-0.1736744766449192,0.14604441821575165,0.04822385311126709,-0.15598270048849372,0.10052742063999176,0.04085022211074829,-0.14717389394991187,boom
0.0,0.0,0.0,0.07123517990112305,-0.13026446104049683,-0.027576033811726575,0.12980340421199799,-0.27525508403778076,-0.058845556195535664,0.13976193964481354,-0.38627272844314575,-0.0874668460746193,0.1363767832517624,-0.49284836649894714,-0.11033126231626511,0.08787362277507782,-0.25545400381088257,-0.10752493407920838,0.23679591715335846,-0.22067588567733765,-0.16626070704654694,0.20695362985134125,-0.17924684286117554,-0.18825584914878846,0.1569826453924179,-0.1862284541130066,-0.20022836592391968,0.055800631642341614,-0.15746474266052246,-0.12184614952997208,0.23574112355709076,-0.12100815773010254,-0.17142491307453156,0.19288621842861176,-0.09613889455795288,-0.16667527225212098,0.13956165313720703,-0.102383553981781,-0.16757434871391297,0.04292839765548706,-0.05677211284637451,-0.1372809585590744,0.21521766483783722,-0.030154645442962646,-0.17567973103717804,0.1735783964395523,-0.01554715633392334,-0.1503746834059143,0.12483762204647064,-0.02348273992538452,-0.1362240191955948,0.038936905562877655,0.03384798765182495,-0.15513743725017548,0.17425109446048737,0.04510253667831421,-0.1735266324539566,0.144841730594635,0.04653972387313843,-0.1558354225416565,0.098904088139534,0.039451777935028076,-0.147105204727211,boom
0.0,0.0,0.0,0.06969377398490906,-0.12874096632003784,-0.027337253224231972,0.1275443732738495,-0.2728902995586395,-0.058342594783880486,0.13748173415660858,-0.38437575101852417,-0.08667598305282809,0.13520880043506622,-0.490401029586792,-0.10913776246843554,0.08568741381168365,-0.2534976005554199,-0.1067870372348807,0.23423971235752106,-0.21979457139968872,-0.16466737924156405,0.20505346357822418,-0.179185152053833,-0.18566614029941775,0.1556810587644577,-0.18633562326431274,-0.19689644513664462,0.05394299328327179,-0.15523982048034668,-0.1208004244977019,0.23216672241687775,-0.11999285221099854,-0.1693442129903815,0.19024337828159332,-0.09627670049667358,-0.1637921744400046,0.13724488019943237,-0.1032264232635498,-0.16422824202118136,0.04130686819553375,-0.055122435092926025,-0.13592828450737215,0.21227611601352692,-0.029256999492645264,-0.17398123083648898,0.17218343913555145,-0.01574385166168213,-0.14888541040954806,0.1239967942237854,-0.024805426597595215,-0.13491111634311892,0.03770223259925842,0.03483670949935913,-0.1533915215545676,0.17199327051639557,0.04597771167755127,-0.17187976477680422,0.14356468617916107,0.046839237213134766,-0.1546342485958121,0.09794129431247711,0.03897339105606079,-0.14617526171741702,boom
0.0,0.0,0.0,0.07033240795135498,-0.12952065467834473,-0.02597973248384733,0.12902261316776276,-0.27385956048965454,-0.055858944863302895,0.14041125774383545,-0.3857707381248474,-0.08330516269825239,0.1390816867351532,-0.49166950583457947,-0.10487819960735578,0.08855023980140686,-0.25396889448165894,-0.1041866814198329,0.2375366985797882,-0.22077596187591553,-0.16155277690313596,0.20681771636009216,-0.18232041597366333,-0.18235616883657713,0.15738964080810547,-0.19138026237487793,-0.19342886409185667,0.05736944079399109,-0.15602219104766846,-0.11855224272630949,0.23710528016090393,-0.12057191133499146,-0.1663417567910983,0.1927330195903778,-0.09829795360565186,-0.15983199080847044,0.13942217826843262,-0.10586053133010864,-0.15947807332895536,0.044679492712020874,-0.05601292848587036,-0.13412243625543852,0.2167285978794098,-0.030581772327423096,-0.17140512666128416,0.174821138381958,-0.01852482557296753,-0.14601652821920652,0.1266399472951889,-0.027338504791259766,-0.1317188193502261,0.04094350337982178,0.03458571434020996,-0.15199615559004087,0.17592915892601013,0.04444974660873413,-0.1694681396188571,0.14617303013801575,0.04417926073074341,-0.15189973017595548,0.10031336545944214,0.03667861223220825,-0.14320228001497526,boom
0.0,0.0,0.0,0.07026295363903046,-0.13093388080596924,-0.026453467898619465,0.12815919518470764,-0.27560585737228394,-0.05729365243817597,0.13875873386859894,-0.3868370056152344,-0.08573999150897293,0.13677632808685303,-0.49235105514526367,-0.10841913416291504,0.08713303506374359,-0.25619393587112427,-0.10552157356644898,0.23522354662418365,-0.2227017879486084,-0.16380544646884232,0.2070813924074173,-0.18283122777938843,-0.18575023754740982,0.15756626427173615,-0.18821418285369873,-0.1974150453438881,0.05561979115009308,-0.15767252445220947,-0.120003319226754,0.23461146652698517,-0.12127882242202759,-0.16855279251242905,0.19255457818508148,-0.09780865907669067,-0.16332163556720047,0.1389835774898529,-0.10448360443115234,-0.16390026255751877,0.04277125000953674,-0.05690246820449829,-0.13561876758242875,0.21444202959537506,-0.030943453311920166,-0.17324978753234177,0.1737380176782608,-0.017769217491149902,-0.1480056558480385,0.1248689591884613,-0.02638179063796997,-0.13392002030516892,0.03822741657495499,0.033103227615356445,-0.1535368029704216,0.17367728054523468,0.04465073347091675,-0.17164059623385697,0.1447771042585373,0.045211195945739746,-0.15393882139827042,0.09867559373378754,0.036877334117889404,-0.14506595476771622,boom
0.0,0.0,0.0,0.07044224441051483,-0.13060462474822998,-0.026357802278710096,0.12805311381816864,-0.2741001844406128,-0.05683731725008556,0.1383957862854004,-0.38548529148101807,-0.08476108377368519,0.13774797320365906,-0.49086400866508484,-0.10670083825976917,0.08675391972064972,-0.2530101537704468,-0.10538890277535984,0.23514164984226227,-0.2191678285598755,-0.16275990819127628,0.20507897436618805,-0.18157631158828735,-0.1831114373126752,0.1555788666009903,-0.18915188312530518,-0.19368838583619663,0.054968610405921936,-0.15393388271331787,-0.11949792569072315,0.23422972857952118,-0.11801725625991821,-0.16737171327264377,0.19056575000286102,-0.09699326753616333,-0.16068715666921207,0.13706929981708527,-0.10422492027282715,-0.1602521023669965,0.042277976870536804,-0.05327177047729492,-0.1347391239324338,0.21424360573291779,-0.027707278728485107,-0.17213619565160343,0.1728218048810959,-0.016979217529296875,-0.14648545598180363,0.12433893978595734,-0.026401519775390625,-0.1320640525737531,0.03854425996541977,0.03692561388015747,-0.15227278386743137,0.1734946221113205,0.04729044437408447,-0.16993253742845127,0.14450378715991974,0.04627114534378052,-0.1522836170116193,0.09887854754924774,0.037738800048828125,-0.14354790066869327,boom
0.0,0.0,0.0,0.0696539580821991,-0.1307632327079773,-0.02579923609994239,0.12795376777648926,-0.27548232674598694,-0.05588230754040069,0.13909657299518585,-0.38768208026885986,-0.08349679301284141,0.1391969919204712,-0.4938039481639862,-0.10514110962651557,0.08741866052150726,-0.2559173107147217,-0.10519876221917457,0.23559145629405975,-0.22183144092559814,-0.16228682438634223,0.20489005744457245,-0.1826673150062561,-0.1822800401856739,0.1555255651473999,-0.19047832489013672,-0.1928364847113926,0.05610719323158264,-0.1574559211730957,-0.11965297798417396,0.23445917665958405,-0.1214132308959961,-0.16689184943936652,0.19061855971813202,-0.09822279214859009,-0.15989763180516547,0.13760404288768768,-0.1051398515701294,-0.15954778234265632,0.04342992603778839,-0.057348012924194336,-0.1352270458152134,0.2141139656305313,-0.030739247798919678,-0.1719406012704212,0.17250971496105194,-0.018186330795288086,-0.14637686948083228,0.12428738176822662,-0.02757030725479126,-0.13245967666409797,0.03975936770439148,0.03271925449371338,-0.15306206683419532,0.17369846999645233,0.0445561408996582,-0.1703784082343418,0.144105926156044,0.044955432415008545,-0.1530580137183506,0.09829483926296234,0.03611874580383301,-0.14485970775388068,boom
0.0,0.0,0.0,0.06938542425632477,-0.12919855117797852,-0.027117964766375735,0.1266559362411499,-0.2724533975124359,-0.05778751052116604,0.13708694279193878,-0.3834308385848999,-0.08566552675461026,0.13663910329341888,-0.489215612411499,-0.10735216266607495,0.08446156978607178,-0.25020575523376465,-0.10766258365606518,0.23380476236343384,-0.21726393699645996,-0.165476853914015,0.203338623046875,-0.1795637607574463,-0.18558369106744976,0.15391993522644043,-0.18797791004180908,-0.19584345347379895,0.053010210394859314,-0.15150457620620728,-0.1212358502218649,0.23302295804023743,-0.11666727066040039,-0.1694056493709013,0.18881842494010925,-0.09497296810150146,-0.1616617245147154,0.13531085848808289,-0.101712167263031,-0.16038463539575787,0.040971964597702026,-0.051593780517578125,-0.13601390547250958,0.21262577176094055,-0.02588045597076416,-0.17306468910669537,0.17154139280319214,-0.014280259609222412,-0.14645878500436993,0.12336087226867676,-0.02318120002746582,-0.1315284771392271,0.037905991077423096,0.03787028789520264,-0.15324860341047497,0.17383062839508057,0.04935884475708008,-0.17027361220812054,0.14441072940826416,0.04910838603973389,-0.1521155191132948,0.09799566864967346,0.040869176387786865,-0.1432101977536604,boom
0.0,0.0,0.0,0.06942519545555115,-0.12982428073883057,-0.02750073896675076,0.12637808918952942,-0.27316194772720337,-0.05771950969426598,0.13663163781166077,-0.3844952881336212,-0.08518099749414887,0.1368684470653534,-0.48901352286338806,-0.10654336178629364,0.08434489369392395,-0.2496057152748108,-0.10486896300642456,0.23292964696884155,-0.21578562259674072,-0.16233961993782486,0.20235353708267212,-0.18056684732437134,-0.1831331324013945,0.152960404753685,-0.19012010097503662,-0.1940298896464583,0.0527043342590332,-0.15047895908355713,-0.11824518406717743,0.23270320892333984,-0.11448276042938232,-0.1659672182234999,0.18773528933525085,-0.09531784057617188,-0.15899515861599411,0.13350655138492584,-0.10313773155212402,-0.15835230762093033,0.04041945934295654,-0.05062127113342285,-0.13304925674526658,0.21166330575942993,-0.02439671754837036,-0.16997712070076432,0.17018529772758484,-0.015117466449737549,-0.1443942111167189,0.12189453840255737,-0.024987757205963135,-0.13012740725605454,0.03705334663391113,0.0384526252746582,-0.1503986787232634,0.1716013252735138,0.05073106288909912,-0.16757785493462052,0.1420283019542694,0.0488322377204895,-0.15014599973289933,0.09582360088825226,0.03970831632614136,-0.14171875232784714,boom
0.0,0.0,0.0,0.06984314322471619,-0.12872272729873657,-0.02758895375825432,0.12611207365989685,-0.27143794298171997,-0.05763871551550892,0.13630689680576324,-0.3824293613433838,-0.084977436373606,0.13688406348228455,-0.48702600598335266,-0.1062765079835799,0.08322961628437042,-0.24546492099761963,-0.10442813069619206,0.2309488207101822,-0.21296954154968262,-0.16162222207583454,0.20144112408161163,-0.17768985033035278,-0.18259095729388264,0.152882918715477,-0.18744826316833496,-0.19358984709776905,0.05172426998615265,-0.1470220685005188,-0.1177213522890952,0.23068685829639435,-0.11154645681381226,-0.16487210572756794,0.18732713162899017,-0.09279423952102661,-0.1582026887039092,0.13375623524188995,-0.1013345718383789,-0.1579873520234969,0.03951166570186615,-0.04803359508514404,-0.13245725215472248,0.20994584262371063,-0.02176612615585327,-0.16887160719431904,0.17057345807552338,-0.012435615062713623,-0.14352939606703785,0.12328554689884186,-0.022208213806152344,-0.12963105321921375,0.03603459149599075,0.04011291265487671,-0.14978736222781208,0.17092211544513702,0.05347740650177002,-0.16675020338095692,0.14315958321094513,0.05194830894470215,-0.14931675375498799,0.09798873960971832,0.042992353439331055,-0.1409822958806899,boom
0.0,0.0,0.0,0.07025177776813507,-0.1284824013710022,-0.02782847270594857,0.12766781449317932,-0.27147844433784485,-0.05845341928528569,0.1384311318397522,-0.3822779059410095,-0.08615786306785367,0.1399499624967575,-0.4872179627418518,-0.10763945155071042,0.08517137169837952,-0.2458745837211609,-0.10654601179288647,0.23431509733200073,-0.2137778401374817,-0.16424181781934521,0.20452147722244263,-0.17847442626953125,-0.18460826300309918,0.1552048772573471,-0.1879889965057373,-0.19496403359102032,0.05388876795768738,-0.1468672752380371,-0.11970949642585538,0.23370414972305298,-0.1128033995628357,-0.16783384703325055,0.18989595770835876,-0.09363353252410889,-0.16053648017572186,0.1359485685825348,-0.10156148672103882,-0.15949982129262708,0.04186853766441345,-0.04775846004486084,-0.13425354384111188,0.21276354789733887,-0.022541701793670654,-0.17118306182550214,0.17256778478622437,-0.013173580169677734,-0.14517567776368878,0.1249966025352478,-0.02327507734298706,-0.13059855722116254,0.03886495530605316,0.04072701930999756,-0.15134656153844617,0.17366206645965576,0.052701473236083984,-0.1683372976653459,0.14519694447517395,0.051264822483062744,-0.15057125412153027,0.09972968697547913,0.042452096939086914,-0.14192586861776135,boom
0.0,0.0,0.0,0.07026983797550201,-0.12941545248031616,-0.027863924267336415,0.12803541123867035,-0.2715502381324768,-0.05870401194934516,0.1393803358078003,-0.3813894987106323,-0.08676633692030578,0.1398114562034607,-0.48562151193618774,-0.10863038605694442,0.08655717968940735,-0.24521130323410034,-0.10615538513903289,0.23522475361824036,-0.2142026424407959,-0.1644390866780725,0.2061994969844818,-0.1774565577507019,-0.18573470866923003,0.1566627472639084,-0.18347501754760742,-0.1964878634238687,0.05423310399055481,-0.1460655927658081,-0.11930530226473479,0.23415789008140564,-0.11289209127426147,-0.16790660178904204,0.19092586636543274,-0.09241878986358643,-0.16161728358511596,0.13708598911762238,-0.0987018346786499,-0.16103366470579772,0.04190416634082794,-0.046784937381744385,-0.13379130220656066,0.21340486407279968,-0.022097229957580566,-0.1706990495944467,0.17279145121574402,-0.011597394943237305,-0.14461747265104918,0.1244848370552063,-0.02079606056213379,-0.12981215572600036,0.03854493051767349,0.04101383686065674,-0.1508527145410028,0.17467835545539856,0.05319178104400635,-0.16764817095045714,0.1446182280778885,0.05261659622192383,-0.1492374584699121,0.09743820130825043,0.04370838403701782,-0.13995244062189727,boom
0.0,0.0,0.0,0.07085148990154266,-0.12912338972091675,-0.027515918474506407,0.1294691562652588,-0.27129414677619934,-0.058903543736647634,0.1403723806142807,-0.38115859031677246,-0.08760507636876014,0.13944382965564728,-0.48637741804122925,-0.110435942645978,0.08831250667572021,-0.24832332134246826,-0.10805893176407722,0.23654063045978546,-0.21452564001083374,-0.16677756839604285,0.20790652930736542,-0.1749160885810852,-0.18846534424633887,0.15850703418254852,-0.1810131072998047,-0.1997410529217234,0.05584011971950531,-0.1497631072998047,-0.12201986693949607,0.2351946383714676,-0.11311191320419312,-0.17062117391438392,0.19247646629810333,-0.09023916721343994,-0.16443540387959388,0.13920176029205322,-0.0974474549293518,-0.16435607009739783,0.04256027936935425,-0.049668312072753906,-0.137198435600709,0.21354655921459198,-0.022501707077026367,-0.1745928400120249,0.1728857308626175,-0.009975910186767578,-0.14851382606835273,0.1249283105134964,-0.019116878509521484,-0.13397960596890357,0.03835006058216095,0.03946048021316528,-0.1548400097450724,0.17454321682453156,0.0524064302444458,-0.17254270845265296,0.14482338726520538,0.052689433097839355,-0.1542284213861933,0.09799784421920776,0.04407000541687012,-0.1450893604120722,boom
0.0,0.0,0.0,0.07108712196350098,-0.1283118724822998,-0.02670449077345438,0.13121871650218964,-0.27065035700798035,-0.057675466530099584,0.14285869896411896,-0.38145434856414795,-0.08615307941295214,0.1419169306755066,-0.48761671781539917,-0.10882450326539583,0.09225164353847504,-0.25135672092437744,-0.10729305132485933,0.2409539371728897,-0.21679121255874634,-0.16607152356959887,0.21146495640277863,-0.1770625114440918,-0.18769672944404192,0.16214971244335175,-0.18385881185531616,-0.1991127921567113,0.059638723731040955,-0.15407443046569824,-0.12193239911653109,0.23979075253009796,-0.11489105224609375,-0.1709225369916112,0.19592516124248505,-0.09255838394165039,-0.16509649588920183,0.14277136325836182,-0.10100066661834717,-0.16527113749839373,0.04569849371910095,-0.054009974002838135,-0.13774159982062884,0.21778105199337006,-0.024688661098480225,-0.17581978871680803,0.17521052062511444,-0.01209104061126709,-0.15020969941474505,0.1268540471792221,-0.021982908248901367,-0.13594437076903887,0.04066392034292221,0.035959601402282715,-0.15590994491435595,0.17718477547168732,0.05011415481567383,-0.17466800346232958,0.14642904698848724,0.05066883563995361,-0.15709960892058916,0.099532350897789,0.04174715280532837,-0.1483378304467351,boom
0.0,0.0,0.0,0.07070274651050568,-0.13038790225982666,-0.026409884793082483,0.13111908733844757,-0.27206185460090637,-0.057782195386806734,0.14339981973171234,-0.38174712657928467,-0.08665778475753427,0.1428011655807495,-0.48653897643089294,-0.10954313713065744,0.09182599186897278,-0.2531716227531433,-0.10882238286487222,0.24070075154304504,-0.21750128269195557,-0.16834034758559824,0.20985016226768494,-0.18005800247192383,-0.19039500492564798,0.15940731763839722,-0.1876121163368225,-0.2018998189543879,0.05935816466808319,-0.15472012758255005,-0.12361709761373163,0.2398652732372284,-0.11332809925079346,-0.17376711207381845,0.19491004943847656,-0.09407055377960205,-0.16829911607257486,0.14154952764511108,-0.10376310348510742,-0.16839652496329904,0.045552968978881836,-0.0536310076713562,-0.13940110045425058,0.21861928701400757,-0.02307283878326416,-0.17802136379233957,0.17504185438156128,-0.013257503509521484,-0.15224669116489054,0.12584441900253296,-0.023576200008392334,-0.13749252992622019,0.039609432220458984,0.036627769470214844,-0.1574713214015162,0.1773276925086975,0.05041956901550293,-0.17634122806541086,0.14560526609420776,0.049350202083587646,-0.1583367361401713,0.0977846086025238,0.04024893045425415,-0.14897615450374246,boom
0.0,0.0,0.0,0.0707065612077713,-0.12942445278167725,-0.027469829199162632,0.13053251802921295,-0.27097606658935547,-0.0589395766232883,0.1424098014831543,-0.38134437799453735,-0.08784080716714016,0.1424577683210373,-0.4856245517730713,-0.11082057329758754,0.09191985428333282,-0.25162625312805176,-0.10781544866904369,0.24131391942501068,-0.21614539623260498,-0.16774983378991237,0.21097321808338165,-0.17780452966690063,-0.19055665704354396,0.1606133133172989,-0.1854187250137329,-0.20258815261468044,0.05932585895061493,-0.1532762050628662,-0.12221881422146907,0.24063383042812347,-0.11247283220291138,-0.17261139723404995,0.19601868093013763,-0.09225690364837646,-0.1678650644694244,0.14231082797050476,-0.10158395767211914,-0.1684610960160171,0.045621439814567566,-0.052481651306152344,-0.13787227543934932,0.21874494850635529,-0.022018849849700928,-0.17715117010220638,0.17496417462825775,-0.011102139949798584,-0.15196872922524562,0.1256658285856247,-0.02129817008972168,-0.13746200176819912,0.03992374241352081,0.03770345449447632,-0.15591893765076748,0.17721746861934662,0.05207335948944092,-0.17541289004429927,0.14601384103298187,0.052123963832855225,-0.15776817175492397,0.09886924922466278,0.04333847761154175,-0.14855694445714107,boom
0.0,0.0,0.0,0.07066597044467926,-0.12964576482772827,-0.028024564695556364,0.1303175389766693,-0.27060946822166443,-0.06001649537404319,0.14177389442920685,-0.3801382780075073,-0.08919677623828193,0.1405813992023468,-0.4842994809150696,-0.1124418053897216,0.09107960760593414,-0.25012636184692383,-0.10980525353272697,0.23916156589984894,-0.21360909938812256,-0.16941266247351905,0.20918475091457367,-0.17558354139328003,-0.19169262537081977,0.15974508225917816,-0.18309873342514038,-0.2034878183277442,0.05821354687213898,-0.1517571210861206,-0.12383915969451209,0.2386697679758072,-0.11063981056213379,-0.17393900939543983,0.19456757605075836,-0.09024685621261597,-0.16892822572310706,0.14138175547122955,-0.09907221794128418,-0.1694837708147361,0.04452010989189148,-0.051389098167419434,-0.13896118589957496,0.21707679331302643,-0.020403742790222168,-0.17768288144191047,0.17357169091701508,-0.00972837209701538,-0.1523507733019187,0.12437857687473297,-0.019989967346191406,-0.13803445288260718,0.03923334181308746,0.03790462017059326,-0.15652873107512733,0.17552165687084198,0.05350804328918457,-0.17578921207507392,0.14405854046344757,0.05305391550064087,-0.15829748400767585,0.0967152863740921,0.04345846176147461,-0.1493823427828147,boom
0.0,0.0,0.0,0.07100343704223633,-0.13071978092193604,-0.028034068825093073,0.1302104890346527,-0.2709989845752716,-0.06127139944061355,0.14110544323921204,-0.3798314929008484,-0.09121695551499442,0.1377340406179428,-0.4839252829551697,-0.11526564154252128,0.08978070318698883,-0.2474498152732849,-0.11594283971413688,0.2362203449010849,-0.2111855149269104,-0.17549284193142967,0.2077900618314743,-0.1738165020942688,-0.1969194898329647,0.15923108160495758,-0.18087917566299438,-0.20816542598828391,0.057078272104263306,-0.1483744978904724,-0.1298776904068859,0.23664014041423798,-0.10767567157745361,-0.18014033529385642,0.19325385987758636,-0.0883934497833252,-0.1734776088915737,0.13986866176128387,-0.0968174934387207,-0.17314421031102256,0.04378680884838104,-0.048035621643066406,-0.14446381125077323,0.21596412360668182,-0.018282532691955566,-0.18272506091221885,0.17356272041797638,-0.008867383003234863,-0.15585096571072654,0.1248864084482193,-0.018259108066558838,-0.14078064653500633,0.03890828788280487,0.04069030284881592,-0.1614665130101116,0.1755412071943283,0.0545998215675354,-0.18009095284566,0.14510585367679596,0.05280071496963501,-0.1616985687933834,0.09844580292701721,0.04376715421676636,-0.15236992034539298,boom
0.0,0.0,0.0,0.07144728302955627,-0.12892085313796997,-0.028476378526619328,0.13044092059135437,-0.27006959915161133,-0.06137437617414321,0.14161071181297302,-0.3793296813964844,-0.09085524698727454,0.1380845308303833,-0.4831923246383667,-0.11463183781140174,0.08981573581695557,-0.2457793951034546,-0.11481290927164878,0.23580923676490784,-0.2092481255531311,-0.1731806384586605,0.20835715532302856,-0.1714610457420349,-0.19434997310870017,0.160364031791687,-0.17844218015670776,-0.20565830042593802,0.0574914813041687,-0.14751648902893066,-0.1282335357927593,0.2361268699169159,-0.10693001747131348,-0.17672298720114554,0.1942022144794464,-0.0867806077003479,-0.1700639562868389,0.14099262654781342,-0.09518235921859741,-0.17016480734579886,0.04414099454879761,-0.04782569408416748,-0.14235292246573295,0.21500056982040405,-0.01745760440826416,-0.17934191098444785,0.1741640567779541,-0.00774383544921875,-0.15321548154585685,0.12581969797611237,-0.017444491386413574,-0.13907392194502677,0.03959161043167114,0.04045933485031128,-0.15891623368494834,0.17522642016410828,0.05533117055892944,-0.177038191463879,0.1456359177827835,0.054151296615600586,-0.15916922559969748,0.09920288622379303,0.04469096660614014,-0.15049798658125724,boom
0.0,0.0,0.0,0.07011829316616058,-0.12946736812591553,-0.028042052513910676,0.12950818240642548,-0.26990848779678345,-0.06155258846933975,0.14126795530319214,-0.37851929664611816,-0.09175452647264137,0.13796503841876984,-0.4827170670032501,-0.11615878400857582,0.08926533162593842,-0.2472825050354004,-0.11737696883733406,0.2359364777803421,-0.2101825475692749,-0.17709280607755318,0.20766212046146393,-0.17186576128005981,-0.19839786050374641,0.15901537239551544,-0.17947089672088623,-0.20959940609986916,0.05675368010997772,-0.14838868379592896,-0.13164147791917458,0.23644636571407318,-0.10717260837554932,-0.18204884288365974,0.1933331936597824,-0.08662056922912598,-0.1754835700755848,0.1392347812652588,-0.09547466039657593,-0.17531710920388832,0.04335401952266693,-0.04776555299758911,-0.14642782566602364,0.21545769274234772,-0.017361760139465332,-0.1850827938085331,0.17306478321552277,-0.0067885518074035645,-0.15846425352151527,0.1234963983297348,-0.01679694652557373,-0.14369422254617348,0.038516536355018616,0.04117465019226074,-0.16354678628499641,0.17450051009655,0.055566370487213135,-0.1829119479423298,0.1442226618528366,0.055132508277893066,-0.16481313166673317,0.09725126624107361,0.0461728572845459,-0.15574397203977242,boom
0.0,0.0,0.0,0.06938005983829498,-0.12935614585876465,-0.02836837843591411,0.12787286937236786,-0.2701551616191864,-0.06128067002231319,0.13953082263469696,-0.37908536195755005,-0.09078541994625766,0.1368309110403061,-0.48253798484802246,-0.11436678320700366,0.0869043618440628,-0.24538010358810425,-0.11490455866390903,0.23355744779109955,-0.21108776330947876,-0.17377699763113696,0.20464284718036652,-0.17446821928024292,-0.19476359934145648,0.15571512281894684,-0.18151187896728516,-0.20562133044535358,0.05486629903316498,-0.14624303579330444,-0.1282235816174193,0.2344166785478592,-0.10894578695297241,-0.1778304264002486,0.19088171422481537,-0.08911406993865967,-0.17097329944903095,0.13690462708473206,-0.09646636247634888,-0.17040605694586475,0.042349621653556824,-0.04650825262069702,-0.14221331328684528,0.21371744573116302,-0.0189286470413208,-0.1799327716284438,0.17178906500339508,-0.009282231330871582,-0.1531671419792815,0.12295915186405182,-0.018388092517852783,-0.1381302163057967,0.03850698471069336,0.04168236255645752,-0.15861797184282977,0.17443077266216278,0.0541684627532959,-0.17646467537218768,0.14433501660823822,0.053410887718200684,-0.15782703310782153,0.09772403538227081,0.044639647006988525,-0.14843316227728565,boom
0.0,0.0,0.0,0.07074081897735596,-0.12835460901260376,-0.02857934428277531,0.12924733757972717,-0.2699553370475769,-0.06003363734009781,0.14110134541988373,-0.379244863986969,-0.08820196917179146,0.13865701854228973,-0.4824666976928711,-0.1103339039337925,0.08771282434463501,-0.24484747648239136,-0.10988683929565468,0.2343999147415161,-0.20869868993759155,-0.1677614294541172,0.20388877391815186,-0.17445337772369385,-0.18849098613384285,0.15471456944942474,-0.18476128578186035,-0.19933822682025948,0.055767327547073364,-0.14578616619110107,-0.12279276480796852,0.2351096272468567,-0.1089048981666565,-0.17130467226627388,0.1904977560043335,-0.09026789665222168,-0.1649107032072834,0.13659846782684326,-0.09856826066970825,-0.16465416481617012,0.04336525499820709,-0.046735525131225586,-0.1366899751675419,0.21448376774787903,-0.019643068313598633,-0.1738668822300724,0.17194882035255432,-0.010235190391540527,-0.1480710946572117,0.1233285516500473,-0.01950615644454956,-0.13364611497047463,0.03980383276939392,0.04141569137573242,-0.15312494268539467,0.17524245381355286,0.05379796028137207,-0.17059525778415718,0.1447763442993164,0.0528414249420166,-0.15277650883319893,0.09821008145809174,0.04397022724151611,-0.14403392305496254,boom
0.0,0.0,0.0,0.07030653953552246,-0.12881267070770264,-0.028339445867175073,0.1288127452135086,-0.26991504430770874,-0.060651090272301644,0.1408003270626068,-0.37914103269577026,-0.08970521790587327,0.13914495706558228,-0.48272523283958435,-0.11283264709317109,0.087827667593956,-0.24629521369934082,-0.11280740452610871,0.2344597727060318,-0.21100062131881714,-0.17123000723921677,0.20554549992084503,-0.17343324422836304,-0.19199464125239274,0.15720467269420624,-0.18066668510437012,-0.20284477276408097,0.056018710136413574,-0.14755737781524658,-0.12623161477648637,0.2350926548242569,-0.10902255773544312,-0.1751809905251207,0.19155825674533844,-0.08867233991622925,-0.1685489903172197,0.1379954069852829,-0.096649169921875,-0.1682591031273546,0.04330916702747345,-0.04807692766189575,-0.14050026638113877,0.2142273336648941,-0.01956397294998169,-0.177966568895215,0.17168785631656647,-0.009349644184112549,-0.1518699119766893,0.1227380782365799,-0.018862128257751465,-0.1374130587061586,0.03943003714084625,0.04009842872619629,-0.1572226325949373,0.1745050996541977,0.05420726537704468,-0.17541246516310594,0.14363446831703186,0.05427628755569458,-0.15760520500742814,0.09654499590396881,0.045560479164123535,-0.14880134565436265,boom
0.0,0.0,0.0,0.07013483345508575,-0.13015741109848022,-0.028361431415845573,0.1284242868423462,-0.2710987329483032,-0.06089276736574334,0.13953985273838043,-0.3794054090976715,-0.09001813000040215,0.1376085877418518,-0.48283761739730835,-0.11300414716797036,0.08697102963924408,-0.2441467046737671,-0.1141908309419648,0.23420578241348267,-0.2086174488067627,-0.1728909454305665,0.20382878184318542,-0.17327284812927246,-0.19349048947887582,0.15422385931015015,-0.1822667121887207,-0.20417705094413918,0.05484570562839508,-0.14478391408920288,-0.12744091367321175,0.23444539308547974,-0.10793066024780273,-0.17690984820919198,0.18965980410575867,-0.08922606706619263,-0.16981065189438027,0.13561680912971497,-0.09735369682312012,-0.16915187155800027,0.042375028133392334,-0.04557138681411743,-0.14142079567508858,0.21343836188316345,-0.018524765968322754,-0.178736521955301,0.17048752307891846,-0.009554028511047363,-0.15173819577293557,0.12179957330226898,-0.01915562152862549,-0.13671313142376107,0.03855691850185394,0.042153000831604004,-0.1579026869495408,0.17446085810661316,0.0544658899307251,-0.17518424903946084,0.14320023357868195,0.053025662899017334,-0.15653921579914254,0.09597080945968628,0.04419225454330444,-0.1473598471839921,boom
0.0,0.0,0.0,0.0704198032617569,-0.12900149822235107,-0.02817409897733114,0.1294923722743988,-0.27017703652381897,-0.059909563907865504,0.14142386615276337,-0.3789064288139343,-0.08868029380727194,0.13976211845874786,-0.4828661382198334,-0.11142594034362219,0.08874212205410004,-0.2470279335975647,-0.11012709552932165,0.23558804392814636,-0.2100820541381836,-0.16891114080834768,0.20519670844078064,-0.17324495315551758,-0.19001066351819418,0.15641245245933533,-0.18251824378967285,-0.20105017388749502,0.056157857179641724,-0.14870041608810425,-0.1238753762333431,0.23485133051872253,-0.11065393686294556,-0.1735386368124523,0.1904611587524414,-0.09003186225891113,-0.16760857070374868,0.13705222308635712,-0.0982818603515625,-0.16746018494058035,0.04294063150882721,-0.049546241760253906,-0.13867561186242483,0.21380433440208435,-0.020775139331817627,-0.17699397767472647,0.17123088240623474,-0.00969541072845459,-0.1512850340693035,0.12266536056995392,-0.01969987154006958,-0.13676865065980337,0.03864938020706177,0.03876984119415283,-0.15599067176270864,0.17459934949874878,0.05292797088623047,-0.1745614227144756,0.14411810040473938,0.05326932668685913,-0.1569777246801891,0.09747320413589478,0.044418275356292725,-0.14824889267373464,boom
0.0,0.0,0.0,0.06920069456100464,-0.128933846950531,-0.02840889851557904,0.12718261778354645,-0.26882174611091614,-0.06097739796149426,0.13853377103805542,-0.3767947256565094,-0.09031759436237508,0.13690751791000366,-0.48035287857055664,-0.11356725777494603,0.08569937944412231,-0.2438366413116455,-0.11264851923095875,0.23325411975383759,-0.20777320861816406,-0.17142102356064015,0.20356707274913788,-0.17136240005493164,-0.1922665708790987,0.15443257987499237,-0.17983222007751465,-0.20318323607551747,0.053064748644828796,-0.14458781480789185,-0.12625532086002522,0.23266004025936127,-0.10756784677505493,-0.17615704472171956,0.18859244883060455,-0.08775573968887329,-0.16983945901500874,0.13488222658634186,-0.09566736221313477,-0.1696562045346468,0.04028452932834625,-0.045384764671325684,-0.14069120819675618,0.21179597079753876,-0.01770693063735962,-0.17865446443664723,0.16881869733333588,-0.00748753547668457,-0.15200966830360585,0.11971957981586456,-0.01769953966140747,-0.1372051262389391,0.036352455615997314,0.04231584072113037,-0.1576618277560442,0.17220090329647064,0.055234670639038086,-0.17580129439937764,0.14078015089035034,0.055116117000579834,-0.15742217238056355,0.09317925572395325,0.04619044065475464,-0.1483529829512804,boom
0.0,0.0,0.0,0.0699586421251297,-0.12873375415802002,-0.028337289960632006,0.12831532955169678,-0.26893311738967896,-0.05986465458715884,0.1399577111005783,-0.37700870633125305,-0.08831300158942668,0.13864104449748993,-0.4806502163410187,-0.11074713190043894,0.08668148517608643,-0.24363666772842407,-0.10912772585595576,0.23384316265583038,-0.20613640546798706,-0.16734637637580363,0.20273177325725555,-0.17191296815872192,-0.18866607864345042,0.153304785490036,-0.18332791328430176,-0.20001681466544596,0.05428135395050049,-0.14434093236923218,-0.12250051219905345,0.2332485169172287,-0.10622310638427734,-0.17188914437736003,0.18813954293727875,-0.08827805519104004,-0.16614809949840037,0.13417421281337738,-0.0971517562866211,-0.16634023507083384,0.0416426807641983,-0.045177578926086426,-0.13691014368976084,0.21287985146045685,-0.01716715097427368,-0.17475986798251597,0.16998489201068878,-0.00841909646987915,-0.149039316372523,0.121138796210289,-0.018872976303100586,-0.134639862374911,0.03775589168071747,0.04290562868118286,-0.15389563460792033,0.17350007593631744,0.055421411991119385,-0.17174651046241252,0.1429586261510849,0.054017066955566406,-0.15381954927886454,0.09610888361930847,0.045024991035461426,-0.1450194301172587,boom
0.0,0.0,0.0,0.06932283937931061,-0.12857550382614136,-0.028266996633931285,0.12737473845481873,-0.26875147223472595,-0.05981078047744859,0.1390659362077713,-0.3772490918636322,-0.08836171452395547,0.138258695602417,-0.48017847537994385,-0.1108799842416488,0.08625130355358124,-0.24381518363952637,-0.10859428767554391,0.23350073397159576,-0.20786243677139282,-0.16693726603381265,0.2034827023744583,-0.17206454277038574,-0.18828182343833078,0.15415146946907043,-0.18091392517089844,-0.19944543067805398,0.05392853915691376,-0.14495360851287842,-0.1219556969820701,0.23299841582775116,-0.10780638456344604,-0.17133596960894693,0.18852539360523224,-0.08869034051895142,-0.1658321810185157,0.13441824913024902,-0.09717315435409546,-0.16601475004546273,0.04141290485858917,-0.045867979526519775,-0.1363483709513389,0.2128213495016098,-0.018371880054473877,-0.17411245827071298,0.17022760212421417,-0.008431077003479004,-0.14826438252322305,0.12124355137348175,-0.018540501594543457,-0.13368222538821328,0.03751112520694733,0.042034149169921875,-0.15329760734431375,0.1734558790922165,0.054916977882385254,-0.17106080476634133,0.14303706586360931,0.05454975366592407,-0.15278558854453195,0.09619271755218506,0.04556906223297119,-0.14358871106497872,boom
0.0,0.0,0.0,0.06903263926506042,-0.1274663805961609,-0.02792547205814344,0.12702830135822296,-0.267791748046875,-0.05861931229361517,0.13917377591133118,-0.3761550784111023,-0.08640559325345976,0.13983207941055298,-0.4786105453968048,-0.10811404446491224,0.08721071481704712,-0.242584228515625,-0.1061222658527754,0.23433372378349304,-0.20822125673294067,-0.16366327861675245,0.20424717664718628,-0.17336219549179077,-0.18468091944583875,0.15491275489330292,-0.18185794353485107,-0.19555244902500135,0.05499260127544403,-0.1442474126815796,-0.11923959413894636,0.2341427505016327,-0.10903346538543701,-0.1674666957033537,0.1898617148399353,-0.0901188850402832,-0.16191356936820966,0.13580858707427979,-0.09808260202407837,-0.1620023504866026,0.0425700843334198,-0.04584825038909912,-0.1334616647137068,0.21348795294761658,-0.01966845989227295,-0.17045117477306349,0.17128175497055054,-0.009518861770629883,-0.14517160812744123,0.12244422733783722,-0.019526660442352295,-0.13097293237575514,0.03890243172645569,0.04168671369552612,-0.15022855559715254,0.17484712600708008,0.05426597595214844,-0.16769554773696882,0.14438141882419586,0.05450838804244995,-0.1498546705616377,0.09739057719707489,0.04572778940200806,-0.14094464043506605,boom
0.0,0.0,0.0,0.06984098255634308,-0.12818962335586548,-0.02783177395247094,0.12830165028572083,-0.2682197690010071,-0.05964280825935475,0.14109371602535248,-0.37730175256729126,-0.0884902642377483,0.14017604291439056,-0.4808369576931,-0.11123432380043141,0.08848442137241364,-0.24518388509750366,-0.10957337331853978,0.23529283702373505,-0.21095603704452515,-0.1683685944684612,0.20669804513454437,-0.17309117317199707,-0.18965199750743977,0.15778882801532745,-0.17954951524734497,-0.20063467484794728,0.05583854019641876,-0.1472206711769104,-0.1232144550689327,0.23583360016345978,-0.10853379964828491,-0.1731332258590328,0.19230623543262482,-0.08796870708465576,-0.16757774514042012,0.13827331364154816,-0.0965692400932312,-0.16754739147506825,0.042796894907951355,-0.04836946725845337,-0.13784623307071797,0.21509839594364166,-0.019285619258880615,-0.17633092564426533,0.1728597730398178,-0.008740901947021484,-0.15085068506084554,0.12360644340515137,-0.019292891025543213,-0.1363178507693874,0.03864125907421112,0.039527714252471924,-0.15489004713379018,0.17454834282398224,0.05347645282745361,-0.17383332711540334,0.14430458843708038,0.053299009799957275,-0.1563325540431606,0.09764011204242706,0.04363888502120972,-0.1473839001067745,boom
0.0,0.0,0.0,0.06996454298496246,-0.129339337348938,-0.02862775286180863,0.12783470749855042,-0.2691827118396759,-0.06112752815229783,0.1393597573041916,-0.37711846828460693,-0.0904973666880835,0.1376432478427887,-0.48014822602272034,-0.11381640245659241,0.08624540269374847,-0.24445080757141113,-0.11097154726726899,0.23320764303207397,-0.20890867710113525,-0.17000132014496216,0.2032807469367981,-0.1732686161994934,-0.1919378261779059,0.15342570841312408,-0.18158990144729614,-0.2034911136840094,0.05337449908256531,-0.14531785249710083,-0.12435740192873368,0.23390665650367737,-0.10700422525405884,-0.17433879484875092,0.18956434726715088,-0.0884895920753479,-0.16886328866226563,0.13515818119049072,-0.0969725251197815,-0.16913353612167725,0.04050202667713165,-0.04576611518859863,-0.13869649877293,0.21350425481796265,-0.018490314483642578,-0.17664612045032868,0.17052942514419556,-0.009347259998321533,-0.15034177114708314,0.12085409462451935,-0.019023656845092773,-0.13551292528850922,0.03610621392726898,0.04223412275314331,-0.15562472452862153,0.17318964004516602,0.05390805006027222,-0.17380825390560517,0.14202699065208435,0.05323159694671631,-0.1552832942221869,0.09421887993812561,0.0448186993598938,-0.145848296186756,boom
0.0,0.0,0.0,0.06965181231498718,-0.13002020120620728,-0.0285690653679751,0.12744256854057312,-0.2699883282184601,-0.06004567291418539,0.13863006234169006,-0.37734198570251465,-0.08853456970135198,0.137668639421463,-0.4799328148365021,-0.11106142248789297,0.08519117534160614,-0.24370020627975464,-0.10821829583326803,0.23210197687149048,-0.20661026239395142,-0.16635327633301245,0.2016632854938507,-0.17446023225784302,-0.1880201607553147,0.15197807550430298,-0.18548715114593506,-0.19958393867889868,0.05279618501663208,-0.14403927326202393,-0.12149446304718481,0.23217293620109558,-0.10775190591812134,-0.170810422262349,0.18774494528770447,-0.09143316745758057,-0.16602576371113287,0.1332782506942749,-0.09985595941543579,-0.16684695180336462,0.04044593870639801,-0.044906795024871826,-0.13579255934635626,0.21197855472564697,-0.018117249011993408,-0.17366581257263647,0.16934937238693237,-0.01038658618927002,-0.14872831698338018,0.12013404071331024,-0.02067697048187256,-0.13479073937813268,0.036642491817474365,0.04268759489059448,-0.15271849032322393,0.1726551353931427,0.05502563714981079,-0.17094140346924291,0.14199212193489075,0.05342268943786621,-0.15355641241947637,0.09472762048244476,0.04434502124786377,-0.14506507512012945,boom
0.0,0.0,0.0,0.06873497366905212,-0.1291658878326416,-0.02891058492417642,0.12581953406333923,-0.2687843441963196,-0.06000103819127389,0.13741852343082428,-0.3764339089393616,-0.08813282119984933,0.13862331211566925,-0.4784819483757019,-0.11042556929345437,0.08362743258476257,-0.24239474534988403,-0.10658760386462518,0.23064815998077393,-0.20480012893676758,-0.16414071637149164,0.1998569667339325,-0.1736336350440979,-0.18575485068316766,0.15069785714149475,-0.18616145849227905,-0.1974761785840542,0.05215883255004883,-0.1426621675491333,-0.11977981793637582,0.23164016008377075,-0.10531634092330933,-0.16838744300360986,0.18639317154884338,-0.08985733985900879,-0.16378626245017358,0.1315547227859497,-0.09930413961410522,-0.16492423432822534,0.04014343023300171,-0.04363065958023071,-0.13414561766143152,0.211503803730011,-0.01607578992843628,-0.17182500678057977,0.16831901669502258,-0.008665621280670166,-0.1475602837180645,0.1187455952167511,-0.01929640769958496,-0.13425993937011071,0.03648528456687927,0.04396623373031616,-0.1511778684234173,0.17151585221290588,0.05784761905670166,-0.16991028207297632,0.14095160365104675,0.056460678577423096,-0.1533153207873852,0.09382221102714539,0.04706764221191406,-0.14540490525718042,boom
0.0,0.0,0.0,0.06889523565769196,-0.12915146350860596,-0.029047568308840255,0.1258639693260193,-0.2676105499267578,-0.0603370545233588,0.1377895623445511,-0.37423527240753174,-0.08838597962511585,0.13913998007774353,-0.47646960616111755,-0.11048303821934269,0.08414658904075623,-0.23813563585281372,-0.1084884730900626,0.22976449131965637,-0.20066094398498535,-0.1654682112659316,0.19942569732666016,-0.16989898681640625,-0.18619656095160053,0.1506531834602356,-0.18305671215057373,-0.1973728490794997,0.05300639569759369,-0.1383751630783081,-0.12141260037077473,0.23168334364891052,-0.10116887092590332,-0.1698559028829436,0.18665525317192078,-0.08639007806777954,-0.16448038348806904,0.1318134367465973,-0.09619814157485962,-0.16516479382170246,0.04132911562919617,-0.03990602493286133,-0.1353475851739745,0.21198853850364685,-0.012819290161132812,-0.17256721386564777,0.16930001974105835,-0.006164491176605225,-0.14769222864759968,0.12023600935935974,-0.016966700553894043,-0.13411990830553577,0.037792593240737915,0.04706835746765137,-0.15195703038824604,0.17241865396499634,0.060328662395477295,-0.17017551788939045,0.14202812314033508,0.05799931287765503,-0.15319546589506672,0.09518784284591675,0.048380494117736816,-0.14516071507586048,boom
0.0,0.0,0.0,0.06903129816055298,-0.12991935014724731,-0.0288330701842483,0.12755949795246124,-0.26932311058044434,-0.06071404867913088,0.14056341350078583,-0.37672144174575806,-0.08952747040535769,0.1380828469991684,-0.4794383943080902,-0.11241618299033007,0.08719760179519653,-0.24279528856277466,-0.10912350320364794,0.23336026072502136,-0.20460820198059082,-0.16797089331890902,0.203902006149292,-0.17069000005722046,-0.19041172915245852,0.15389731526374817,-0.18061846494674683,-0.20225219183708987,0.05448269844055176,-0.1440960168838501,-0.12237981462027392,0.23390042781829834,-0.10420703887939453,-0.1720852678373035,0.189597487449646,-0.08672857284545898,-0.1678486292913135,0.13396383821964264,-0.09568262100219727,-0.16888296359326205,0.04175156354904175,-0.044770658016204834,-0.13658204429890475,0.21370095014572144,-0.016037702560424805,-0.17446568363453707,0.17149189114570618,-0.007235050201416016,-0.14970718079354128,0.12134496867656708,-0.017150044441223145,-0.1358296250655826,0.037649303674697876,0.04269134998321533,-0.15339401119496188,0.17290648818016052,0.057392001152038574,-0.171927106912392,0.14277730882167816,0.05652356147766113,-0.1544756119802173,0.09541258215904236,0.04737001657485962,-0.1456817364051517,boom
0.0,0.0,0.0,0.06968015432357788,-0.12963992357254028,-0.028912275563300227,0.12870807945728302,-0.26942721009254456,-0.060442847664774035,0.14172253012657166,-0.37683266401290894,-0.08896980574292002,0.13929960131645203,-0.4794289767742157,-0.11149718752068338,0.08679410815238953,-0.24327129125595093,-0.10842991759938059,0.23430415987968445,-0.20555567741394043,-0.16708040377062616,0.20447376370429993,-0.17303866147994995,-0.18934279819887934,0.15406262874603271,-0.18446969985961914,-0.20102620264452753,0.05422776937484741,-0.14401596784591675,-0.12155468156498728,0.2351696491241455,-0.10367333889007568,-0.1707545383827096,0.19001024961471558,-0.0876699686050415,-0.16619300981921015,0.13354915380477905,-0.09744268655776978,-0.16706100245875177,0.04169723391532898,-0.044489502906799316,-0.13578009745043573,0.21465089917182922,-0.015140295028686523,-0.17327679833334741,0.17235898971557617,-0.0075958967208862305,-0.14902924140852747,0.12198182940483093,-0.017882227897644043,-0.13559937616747675,0.03784894943237305,0.043508827686309814,-0.15269300481241999,0.17462652921676636,0.05897867679595947,-0.17115837475222406,0.14451450109481812,0.05743050575256348,-0.15443910797995386,0.0966958999633789,0.04793894290924072,-0.14623494585913477,boom
0.0,0.0,0.0,0.0694495439529419,-0.13133543729782104,-0.029886427559432605,0.12870793044567108,-0.2708323895931244,-0.062385591902312854,0.1412443220615387,-0.37652572989463806,-0.09137993980246506,0.13684211671352386,-0.47768616676330566,-0.11430754441815338,0.08437050879001617,-0.23895323276519775,-0.11326089430647812,0.2319699227809906,-0.2018117904663086,-0.1727190904696556,0.20215818285942078,-0.173095703125,-0.19481682706671677,0.15225502848625183,-0.18671053647994995,-0.20634911883669815,0.051620811223983765,-0.13808965682983398,-0.12618628073531113,0.2341255247592926,-0.1000170111656189,-0.17677032876807175,0.18842577934265137,-0.08741879463195801,-0.1715648018200966,0.13174182176589966,-0.09764933586120605,-0.17190998721915207,0.03978648781776428,-0.03796190023422241,-0.14001089263754807,0.21398472785949707,-0.01011955738067627,-0.17802463401156388,0.17053121328353882,-0.005113959312438965,-0.15260648656683884,0.11922705173492432,-0.015520751476287842,-0.13840146292048416,0.03675118088722229,0.049863576889038086,-0.1566566966851326,0.17374539375305176,0.06429463624954224,-0.17504832077818833,0.14253373444080353,0.06165534257888794,-0.15758709538775406,0.09379714727401733,0.052555203437805176,-0.14900982309180222,boom
0.0,0.0,0.0,0.06840893626213074,-0.13210588693618774,-0.02999892127118642,0.12738549709320068,-0.271774023771286,-0.062298104580264635,0.13992881774902344,-0.3783186674118042,-0.09113749530516202,0.13602805137634277,-0.479870080947876,-0.11383206811152036,0.0844721794128418,-0.23890304565429688,-0.11254436191521222,0.23157384991645813,-0.20209872722625732,-0.17135870125494534,0.2010594606399536,-0.175309956073761,-0.19297022786341245,0.15154394507408142,-0.1897454857826233,-0.20430841710768277,0.05182197690010071,-0.13777482509613037,-0.12538073625765378,0.23418253660202026,-0.09942835569381714,-0.17548387911520535,0.18756985664367676,-0.08839797973632812,-0.16991687979898984,0.13088928163051605,-0.0988507866859436,-0.1701078083773666,0.03995884954929352,-0.037831246852874756,-0.1392126497288757,0.2139093279838562,-0.00957411527633667,-0.17720482912264401,0.17049738764762878,-0.006224930286407471,-0.1520312395354324,0.11994804441928864,-0.01691800355911255,-0.13799999323092038,0.03670811653137207,0.049923479557037354,-0.15589019324980313,0.17380592226982117,0.06491059064865112,-0.17449648347101743,0.1426892727613449,0.061175525188446045,-0.15744530823431546,0.09467111527919769,0.051599860191345215,-0.1491623487731033,boom
0.0,0.0,0.0,0.06970670819282532,-0.13153952360153198,-0.02972329466649626,0.12900258600711823,-0.27119994163513184,-0.06079779437789057,0.14219969511032104,-0.3784544765949249,-0.08850461489566896,0.13782091438770294,-0.4786650836467743,-0.10998974985488985,0.08545710146427155,-0.23635011911392212,-0.10821450001606081,0.23110739886760712,-0.20130115747451782,-0.16566125548490618,0.2007542997598648,-0.1763620376586914,-0.18689259386667345,0.15123461186885834,-0.19084632396697998,-0.19788741565355394,0.05359850823879242,-0.13478171825408936,-0.1205547550977144,0.23539747297763824,-0.09636420011520386,-0.1689389298022661,0.18859954178333282,-0.08688122034072876,-0.16340173280843828,0.13124145567417145,-0.09846240282058716,-0.16370497143873308,0.042489051818847656,-0.03484421968460083,-0.13406399882444475,0.21634431183338165,-0.006709039211273193,-0.17083498335489367,0.17316927015781403,-0.005263626575469971,-0.14670656121381853,0.12199608981609344,-0.016436278820037842,-0.13342388964304064,0.039692506194114685,0.05301511287689209,-0.15040358400949572,0.17638958990573883,0.06790119409561157,-0.16807199514516924,0.14516113698482513,0.06271344423294067,-0.15151230490812395,0.09646658599376678,0.05237096548080444,-0.1436035285056505,boom
0.0,0.0,0.0,0.0679282546043396,-0.13405370712280273,-0.030293866787133084,0.12772232294082642,-0.27497798204421997,-0.06428198682147013,0.14237269759178162,-0.38266438245773315,-0.09437827186661707,0.14003801345825195,-0.48488980531692505,-0.11848145889121042,0.08579188585281372,-0.2404341697692871,-0.11908014284449564,0.23495295643806458,-0.2043379545211792,-0.17867364155131327,0.20551320910453796,-0.17607003450393677,-0.20001226829367624,0.1548995077610016,-0.18878167867660522,-0.21092961894350992,0.054812878370285034,-0.1382245421409607,-0.1319896744378184,0.2403947114944458,-0.10167437791824341,-0.18257415460425364,0.19436663389205933,-0.0886719822883606,-0.17622493373232828,0.13555046916007996,-0.0977281928062439,-0.17589146064597116,0.0439123809337616,-0.03759503364562988,-0.14534877406435953,0.21939069032669067,-0.010075747966766357,-0.18264950977641092,0.1749260425567627,-0.006367862224578857,-0.15612578557806955,0.12196603417396545,-0.016797125339508057,-0.14154708551245676,0.04112023115158081,0.05068230628967285,-0.16144839094954477,0.17843025922775269,0.06489580869674683,-0.1789581792243098,0.1464342474937439,0.061334431171417236,-0.16055172847586618,0.09711731970310211,0.05171138048171997,-0.1516374217160319,boom
0.0,0.0,0.0,0.06807678937911987,-0.13267648220062256,-0.03158440622215153,0.12714964151382446,-0.2735304832458496,-0.06546394335751415,0.14175018668174744,-0.3815065026283264,-0.09512771474842907,0.13975510001182556,-0.48241788148880005,-0.11866289931063534,0.08472548425197601,-0.23645925521850586,-0.11979541736369015,0.23371335864067078,-0.20020216703414917,-0.178974715943383,0.20324033498764038,-0.17304426431655884,-0.19946510898594738,0.1527477204799652,-0.18700546026229858,-0.20999029087548138,0.053065553307533264,-0.13414442539215088,-0.13192839729313732,0.23840060830116272,-0.09701800346374512,-0.18228623079781414,0.19138798117637634,-0.0859290361404419,-0.17570441770081402,0.13290347158908844,-0.09615910053253174,-0.17552970158581616,0.041968077421188354,-0.034178078174591064,-0.1446423958492744,0.21696552634239197,-0.005785107612609863,-0.18194450246815563,0.17116910219192505,-0.003429591655731201,-0.15574514674668194,0.1183566302061081,-0.014663517475128174,-0.14164168941502453,0.03936326503753662,0.05322003364562988,-0.16024274932865978,0.17550677061080933,0.06802505254745483,-0.17815591203694225,0.1427280753850937,0.06436783075332642,-0.16059618997101666,0.09377075731754303,0.05415159463882446,-0.15246246563916088,boom
0.0,0.0,0.0,0.06710390746593475,-0.13178235292434692,-0.030353302984650554,0.12734170258045197,-0.27239346504211426,-0.06408907744210524,0.14399108290672302,-0.38185250759124756,-0.09374387088340086,0.14278987050056458,-0.48416563868522644,-0.11742785844128889,0.08717043697834015,-0.23757648468017578,-0.11836618456166548,0.23606835305690765,-0.20259004831314087,-0.1773486239008264,0.2056298702955246,-0.17572182416915894,-0.19821716371100706,0.15429042279720306,-0.18899017572402954,-0.20888407054465574,0.055940642952919006,-0.135689377784729,-0.13096050444167417,0.24181558191776276,-0.10027217864990234,-0.18091275814097685,0.19445742666721344,-0.08883315324783325,-0.174223731189187,0.13502581417560577,-0.09875494241714478,-0.17387948456328672,0.04471422731876373,-0.036324262619018555,-0.1440270197681741,0.2204429656267166,-0.010052263736724854,-0.1811003488592462,0.1748855859041214,-0.006911873817443848,-0.15449098768752378,0.12197481095790863,-0.017215073108673096,-0.13998825374167723,0.041972965002059937,0.051450490951538086,-0.15980945053618711,0.17848749458789825,0.06373298168182373,-0.17741347375434202,0.14550407230854034,0.060382306575775146,-0.15909556570571226,0.0961054265499115,0.05066114664077759,-0.15030751648467344,boom
0.0,0.0,0.0,0.06611232459545135,-0.13091051578521729,-0.030020658741477746,0.12689541280269623,-0.27164226770401,-0.06449201225746037,0.14396175742149353,-0.3819790482521057,-0.09476463019359471,0.1423913985490799,-0.48442018032073975,-0.119306857581023,0.08745178580284119,-0.2397581934928894,-0.12035432725656392,0.2358839362859726,-0.20529592037200928,-0.17863773077237965,0.2054298371076584,-0.17789781093597412,-0.19887961714971425,0.15527288615703583,-0.19052660465240479,-0.20948934822786214,0.056737735867500305,-0.13841575384140015,-0.13303159445035817,0.241265669465065,-0.10295724868774414,-0.18209487467515828,0.19510652124881744,-0.09110194444656372,-0.1748350289415157,0.1373242884874344,-0.10071438550949097,-0.17454982071626546,0.04519401490688324,-0.039626359939575195,-0.14594273536908986,0.2195763736963272,-0.013282060623168945,-0.1819059279512203,0.1743193119764328,-0.009975254535675049,-0.15464173525083424,0.12235717475414276,-0.020058870315551758,-0.14029847353208424,0.04205699265003204,0.047612011432647705,-0.16147323220479848,0.177174910902977,0.060340940952301025,-0.17851357429731252,0.14418846368789673,0.05700039863586426,-0.1600064215015209,0.09542231261730194,0.046890437602996826,-0.15144899755227925,boom
0.0,0.0,0.0,0.06504249572753906,-0.12950408458709717,-0.029677932068551627,0.1263277679681778,-0.2686915993690491,-0.06515871818348273,0.14389711618423462,-0.37814784049987793,-0.09625803019090995,0.1426199972629547,-0.4818088412284851,-0.1217354842571865,0.08825196325778961,-0.23821109533309937,-0.125504405155624,0.23618240654468536,-0.20477652549743652,-0.18391080285593375,0.20557011663913727,-0.17603719234466553,-0.20318918015047416,0.15558986365795135,-0.1888294816017151,-0.2133642890600811,0.05789212882518768,-0.13664108514785767,-0.13884878243490562,0.24116958677768707,-0.10281169414520264,-0.18863456036135062,0.19472216069698334,-0.08939939737319946,-0.1804007151274334,0.13721901178359985,-0.09886139631271362,-0.17960959757849082,0.04608471691608429,-0.037180960178375244,-0.15199303711935386,0.21951530873775482,-0.012027204036712646,-0.1884813019184719,0.1742057353258133,-0.007473886013031006,-0.16005601073786124,0.1221567839384079,-0.017214417457580566,-0.14517133022829398,0.04268202185630798,0.0504612922668457,-0.167622507467712,0.17742539942264557,0.06203192472457886,-0.18572895313783988,0.14460672438144684,0.05886530876159668,-0.1670734443812023,0.09593738615512848,0.04884898662567139,-0.1584112950710903,boom
0.0,0.0,0.0,0.06392104923725128,-0.13048595190048218,-0.029009768557557436,0.12514154613018036,-0.2685028314590454,-0.06497537326515612,0.14223240315914154,-0.3773925006389618,-0.09684567880333361,0.14183515310287476,-0.48058027029037476,-0.12317978572548327,0.08657774329185486,-0.23888450860977173,-0.12466814350784716,0.23589006066322327,-0.2054893970489502,-0.18388069402874407,0.2035309076309204,-0.17862588167190552,-0.20435366761387286,0.1533222496509552,-0.1909574270248413,-0.21520673465431628,0.056294143199920654,-0.13701492547988892,-0.13858152162731585,0.24026274681091309,-0.10334688425064087,-0.18957687151134905,0.19208183884620667,-0.09311199188232422,-0.1824012620419353,0.13516506552696228,-0.10235416889190674,-0.18194477986992297,0.04468566179275513,-0.037532031536102295,-0.1522733790844768,0.2196599245071411,-0.012794852256774902,-0.18925782274902758,0.17153134942054749,-0.010827422142028809,-0.16061546635330615,0.11936405301094055,-0.019734442234039307,-0.1452560199469417,0.041032418608665466,0.050710320472717285,-0.16839551162422595,0.17567968368530273,0.060452163219451904,-0.18639533948601184,0.14095984399318695,0.0559198260307312,-0.16706465911568102,0.09209209680557251,0.0471649169921875,-0.15772760641277728,boom
0.0,0.0,0.0,0.06390067934989929,-0.13009494543075562,-0.02942160411211603,0.12517058849334717,-0.26858800649642944,-0.06470260104569547,0.1422453373670578,-0.377810537815094,-0.0956936114135658,0.1423082798719406,-0.48025697469711304,-0.12108928045662992,0.08677588403224945,-0.23837929964065552,-0.1236264043155586,0.23545384407043457,-0.20421451330184937,-0.18156942805680387,0.20366743206977844,-0.17636460065841675,-0.2007477440539276,0.15324339270591736,-0.1889350414276123,-0.21078644773396604,0.057041019201278687,-0.1358746886253357,-0.13700090429219358,0.2406288981437683,-0.10242897272109985,-0.1868549444380676,0.1928417980670929,-0.09033018350601196,-0.1789797552529251,0.13533951342105865,-0.09920477867126465,-0.1781479724350845,0.045790910720825195,-0.036211252212524414,-0.15019066712292783,0.2193833291530609,-0.01223224401473999,-0.18653448006543272,0.17266950011253357,-0.0090981125831604,-0.15795421680840604,0.12090203166007996,-0.018319010734558105,-0.14275516650113218,0.0424116849899292,0.051734983921051025,-0.16582873544129484,0.17676007747650146,0.06072038412094116,-0.18316145321759336,0.14322243630886078,0.05696755647659302,-0.16374795219334715,0.09494787454605103,0.047896504402160645,-0.15449898025426023,boom
0.0,0.0,0.0,0.0644247978925705,-0.12991493940353394,-0.02944140562809139,0.12449584901332855,-0.26684999465942383,-0.0652239477077785,0.13989777863025665,-0.3753226697444916,-0.09677366966403156,0.13939490914344788,-0.47769543528556824,-0.12277080172694355,0.08397309482097626,-0.2373448610305786,-0.12413286471760898,0.2334449738264084,-0.20229434967041016,-0.1815959816614452,0.2023918479681015,-0.17412465810775757,-0.20034302825129657,0.15275831520557404,-0.18625998497009277,-0.21022646183169513,0.05392755568027496,-0.13484513759613037,-0.13734431618846088,0.23678456246852875,-0.09956729412078857,-0.1862859731355968,0.18987394869327545,-0.0877300500869751,-0.1779224430958095,0.1327269971370697,-0.09675240516662598,-0.1771406387726131,0.0428762286901474,-0.034980952739715576,-0.15037395114100605,0.21608249843120575,-0.009351372718811035,-0.18593521470225483,0.1699703484773636,-0.006604671478271484,-0.1572882389465633,0.11799900233745575,-0.016256392002105713,-0.14251512343085437,0.04012270271778107,0.052788734436035156,-0.1658840184847179,0.17353402078151703,0.0635981559753418,-0.18331331068671375,0.14022302627563477,0.05929827690124512,-0.1644044076839748,0.09161992371082306,0.049217402935028076,-0.1557044988313976,boom
0.0,0.0,0.0,0.0658663660287857,-0.12972939014434814,-0.030500543928042134,0.126490980386734,-0.26863300800323486,-0.06577003530253478,0.1418628990650177,-0.37663304805755615,-0.09659282646168776,0.13940656185150146,-0.4783930480480194,-0.12174506268490859,0.0859522670507431,-0.2378104329109192,-0.1252203785537631,0.23486988246440887,-0.2017613649368286,-0.18392892709960051,0.2046177238225937,-0.17174410820007324,-0.20343050888766356,0.1542367786169052,-0.18505501747131348,-0.21364577642668792,0.055236175656318665,-0.1358981728553772,-0.13814181617487975,0.2386784702539444,-0.09882581233978271,-0.18844403854598113,0.19249437749385834,-0.08495008945465088,-0.1805996202587039,0.13466136157512665,-0.09458208084106445,-0.17983483306159087,0.04346741735935211,-0.035860538482666016,-0.15104751816977569,0.21645186841487885,-0.008507847785949707,-0.18834174207438537,0.17165736854076385,-0.003713071346282959,-0.16083795360316344,0.11966393887996674,-0.013807058334350586,-0.14621207646121093,0.04032300412654877,0.05214524269104004,-0.16650741330374785,0.17433808743953705,0.06515127420425415,-0.18538901737917968,0.1421503722667694,0.06234848499298096,-0.16746873191584655,0.0935632735490799,0.05273526906967163,-0.15902865461100646,boom
0.0,0.0,0.0,0.06706513464450836,-0.13049769401550293,-0.03052728411944372,0.12811897695064545,-0.2703660726547241,-0.0663621087858246,0.14345355331897736,-0.3791208863258362,-0.0975932215640114,0.14002828299999237,-0.48132240772247314,-0.12312430490942461,0.08650116622447968,-0.23940330743789673,-0.12759050329418642,0.23573409020900726,-0.20403873920440674,-0.18677216370792848,0.2059333473443985,-0.1731204390525818,-0.2061503191778229,0.15606434643268585,-0.18565475940704346,-0.21616389950008852,0.055983766913414,-0.13775098323822021,-0.1405433525630997,0.24031545221805573,-0.10069072246551514,-0.19063971539230806,0.19443835318088531,-0.08633077144622803,-0.18199497063847048,0.13680846989154816,-0.09566175937652588,-0.18077174921722872,0.044586509466171265,-0.03782045841217041,-0.15338888366909487,0.21837623417377472,-0.010015130043029785,-0.18993879457207186,0.1730947047472,-0.005148172378540039,-0.16147285302372438,0.12100183963775635,-0.015213727951049805,-0.14646367331238253,0.04171872138977051,0.049974918365478516,-0.1688435633966492,0.17641739547252655,0.0635761022567749,-0.18690277238579256,0.14380674064159393,0.060874342918395996,-0.16838346024246675,0.09528699517250061,0.051155805587768555,-0.15973156293125612,boom
0.0,0.0,0.0,0.06650182604789734,-0.13102728128433228,-0.03076103985100076,0.127302885055542,-0.2704789638519287,-0.06572561435191915,0.14374986290931702,-0.37896716594696045,-0.0962837459871082,0.14108304679393768,-0.48065146803855896,-0.12107527725189016,0.08619704842567444,-0.2389870285987854,-0.12371069662063405,0.23505756258964539,-0.2023146152496338,-0.18248773090331838,0.20433521270751953,-0.17314231395721436,-0.20217401258437917,0.15451031923294067,-0.18653112649917603,-0.2123525338598995,0.055654510855674744,-0.13682377338409424,-0.13633522860496328,0.23957252502441406,-0.09952658414840698,-0.1863074498602657,0.1925441026687622,-0.08633023500442505,-0.1784511255451946,0.1348503679037094,-0.09558427333831787,-0.1775578605362682,0.04444277286529541,-0.036847472190856934,-0.14910355679481313,0.2181733250617981,-0.009209156036376953,-0.18589534334628866,0.17193475365638733,-0.005053699016571045,-0.15819766096561239,0.1195458322763443,-0.014536380767822266,-0.14334121815650747,0.041629672050476074,0.05075901746749878,-0.16454126409976766,0.17619791626930237,0.06398355960845947,-0.18241611592262075,0.14297522604465485,0.06124293804168701,-0.1640344905087261,0.0942094475030899,0.05198013782501221,-0.15531473330943868,boom
0.0,0.0,0.0,0.06643950939178467,-0.1311085820198059,-0.030718946535643,0.12725187838077545,-0.2705838680267334,-0.06534446374004688,0.14427244663238525,-0.3800721764564514,-0.09559527382677402,0.1415942907333374,-0.48186859488487244,-0.12003356561487522,0.08652658760547638,-0.23775643110275269,-0.12243826285427417,0.23442214727401733,-0.2017364501953125,-0.18111810431307163,0.20307651162147522,-0.17386388778686523,-0.20080775365656223,0.15289810299873352,-0.18805640935897827,-0.2110295181018671,0.055723294615745544,-0.1360211968421936,-0.13493313238447513,0.23881134390830994,-0.09873712062835693,-0.1847139333230814,0.19130533933639526,-0.08626556396484375,-0.17680904612367954,0.13389930129051208,-0.09611201286315918,-0.17604856536215152,0.044263631105422974,-0.03645807504653931,-0.14770862803285922,0.21745312213897705,-0.008398771286010742,-0.18445702240293826,0.17102423310279846,-0.005126595497131348,-0.15695344254797305,0.11899279057979584,-0.01513737440109253,-0.14233842835253085,0.04103182256221771,0.051006197929382324,-0.16318065271204318,0.1754484474658966,0.06412702798843384,-0.18104085669344272,0.14183785021305084,0.06063580513000488,-0.16296233579939212,0.09292450547218323,0.050773024559020996,-0.1545780484420618,boom
0.0,0.0,0.0,0.06619228422641754,-0.13164383172988892,-0.030871241114311943,0.12681372463703156,-0.2719728350639343,-0.0657226468838985,0.143892303109169,-0.3815971612930298,-0.09615831332581593,0.14027896523475647,-0.48282361030578613,-0.12099745380061222,0.08581559360027313,-0.23917901515960693,-0.12263948725836826,0.23461706936359406,-0.2025119662284851,-0.18135614948647572,0.2044147402048111,-0.1748110055923462,-0.20158356683629108,0.15414373576641083,-0.18789958953857422,-0.2120246763743694,0.05564318597316742,-0.13663381338119507,-0.1349876250542934,0.23948846757411957,-0.10026246309280396,-0.1841994400538738,0.1929522007703781,-0.08785992860794067,-0.17650380986111713,0.13454213738441467,-0.09682446718215942,-0.17586694913285328,0.04465971887111664,-0.03659611940383911,-0.14755539851563526,0.218629851937294,-0.010162353515625,-0.18377620237248493,0.17311187088489532,-0.007114052772521973,-0.15660724299328876,0.12030644714832306,-0.01659715175628662,-0.1422217811860378,0.04190759360790253,0.05090689659118652,-0.16278009372132374,0.17625249922275543,0.06337350606918335,-0.18014560895340992,0.14336419105529785,0.06034040451049805,-0.1617941881932552,0.09442077577114105,0.051138877868652344,-0.15321646886246754,boom
0.0,0.0,0.0,0.06622135639190674,-0.1307380199432373,-0.031121862081931795,0.12705980241298676,-0.2708536386489868,-0.06597541734402057,0.1444414258003235,-0.38017725944519043,-0.09632756277744647,0.14221708476543427,-0.4817856550216675,-0.12104973658745166,0.08580830693244934,-0.23560214042663574,-0.12286652341310855,0.23511680960655212,-0.20076000690460205,-0.1816352502984273,0.20567110180854797,-0.17397183179855347,-0.20204897686664935,0.15498337149620056,-0.18730270862579346,-0.21249224707310077,0.05535367131233215,-0.13314944505691528,-0.13503353759472247,0.24009644985198975,-0.099051833152771,-0.18439771696750995,0.1940469741821289,-0.08786523342132568,-0.17712940737430927,0.13497690856456757,-0.09741848707199097,-0.17673531636421558,0.0446106493473053,-0.03360635042190552,-0.1473732636851537,0.2191750705242157,-0.009283244609832764,-0.18365288242523548,0.17438948154449463,-0.0067803263664245605,-0.1566343800706136,0.12141706049442291,-0.01644831895828247,-0.14230332240288135,0.04249943792819977,0.05342966318130493,-0.1623907880467641,0.17727375030517578,0.06420785188674927,-0.17979248329822894,0.14514987170696259,0.06065720319747925,-0.16136764451687213,0.0963294506072998,0.05162537097930908,-0.1527000115794408,boom
0.0,0.0,0.0,0.06571373343467712,-0.13032042980194092,-0.0309127841556176,0.12622547149658203,-0.27000629901885986,-0.06715137999893273,0.1429174542427063,-0.3799040615558624,-0.09882532548547829,0.14077527821063995,-0.48273542523384094,-0.12486085784078682,0.08457563817501068,-0.23661047220230103,-0.12638546269775475,0.23468518257141113,-0.20324468612670898,-0.18544718366504753,0.20470696687698364,-0.17393898963928223,-0.20525689166427696,0.15432199835777283,-0.18539267778396606,-0.21536497515083397,0.05430947244167328,-0.13391071557998657,-0.1389926944339379,0.2388494610786438,-0.1013491153717041,-0.1889083359801873,0.1926666498184204,-0.08859604597091675,-0.18081785481811607,0.13407699763774872,-0.09721499681472778,-0.17994302254558647,0.04351203143596649,-0.03472328186035156,-0.15155233186126793,0.21791335940361023,-0.0109480619430542,-0.18767706793190087,0.17298856377601624,-0.007666826248168945,-0.1593222890460595,0.12049998342990875,-0.01712721586227417,-0.14445134740711296,0.041574060916900635,0.05196124315261841,-0.16672384482265556,0.1758774220943451,0.06270253658294678,-0.183743384894143,0.14336857199668884,0.05903816223144531,-0.16460887831092919,0.09447094798088074,0.04941976070404053,-0.155730632361184,boom
0.0,0.0,0.0,0.06580698490142822,-0.13085556030273438,-0.029521742479147406,0.1270660012960434,-0.2708549499511719,-0.06465654412025401,0.143485426902771,-0.38018709421157837,-0.09550545701497981,0.14221403002738953,-0.4824690818786621,-0.12087264993900249,0.08804218471050262,-0.2386021614074707,-0.12334556469434688,0.2363561987876892,-0.20372670888900757,-0.1808735612940211,0.2059215009212494,-0.17419111728668213,-0.20023061671966502,0.1550275683403015,-0.18652504682540894,-0.2104567174028773,0.05782720446586609,-0.13582468032836914,-0.13651126960033366,0.2411336600780487,-0.10177731513977051,-0.18512405791992137,0.19492650032043457,-0.0888332724571228,-0.1771581802677531,0.13628020882606506,-0.09815073013305664,-0.17664309182876536,0.04606515169143677,-0.035771965980529785,-0.14950915017837474,0.2194422483444214,-0.012317836284637451,-0.18537503817790935,0.17519277334213257,-0.00814884901046753,-0.15749435463661143,0.12319804728031158,-0.01718771457672119,-0.14289293030017802,0.04288312792778015,0.05237478017807007,-0.1649235520672221,0.17762446403503418,0.060998499393463135,-0.1821119818996806,0.14594557881355286,0.05747872591018677,-0.16295498946422526,0.09744428098201752,0.04880797863006592,-0.15396613219493815,boom
0.0,0.0,0.0,0.06327767670154572,-0.12933945655822754,-0.029393608672165783,0.12390826642513275,-0.26821762323379517,-0.06469144764318457,0.1414925456047058,-0.37715205550193787,-0.09584470185413352,0.14273539185523987,-0.4808586835861206,-0.1214983919538497,0.08457230031490326,-0.2365064024925232,-0.12173202726020804,0.23345892131328583,-0.2051519751548767,-0.17958105447664252,0.20255683362483978,-0.1777833104133606,-0.19955746176614753,0.1531086415052414,-0.18911170959472656,-0.20998477282896033,0.055126771330833435,-0.1343795657157898,-0.13487469497098914,0.23748134076595306,-0.10459244251251221,-0.18442121985330573,0.1904800683259964,-0.09409540891647339,-0.1777350390233039,0.13306328654289246,-0.10339021682739258,-0.17762009146585456,0.044576868414878845,-0.03586477041244507,-0.14787764194383612,0.21713103353977203,-0.014465928077697754,-0.18396490159406653,0.17079587280750275,-0.012294888496398926,-0.15621493103876105,0.11917954683303833,-0.02181529998779297,-0.14147713127508155,0.04228527843952179,0.05092364549636841,-0.16328846755399695,0.17543502151966095,0.05807018280029297,-0.1800582492627143,0.14216043055057526,0.05351722240447998,-0.16059900167360297,0.09380905330181122,0.04427659511566162,-0.15137759688272467,boom
0.0,0.0,0.0,0.06522418558597565,-0.1296026110649109,-0.027844216239401476,0.1266457438468933,-0.2683202028274536,-0.062201559108444826,0.142630934715271,-0.37705910205841064,-0.09256074534053482,0.14342902600765228,-0.47956496477127075,-0.11739553467626251,0.08795388042926788,-0.23903483152389526,-0.12042789117688812,0.23621679842472076,-0.20570790767669678,-0.17743974135512985,0.2056979387998581,-0.1779913306236267,-0.1965978662788359,0.15594621002674103,-0.19004899263381958,-0.20664986179465927,0.05847902595996857,-0.13803225755691528,-0.13417240188712753,0.2412063330411911,-0.1054915189743042,-0.18300265775317826,0.19476531445980072,-0.09382033348083496,-0.17558760152454056,0.13789986073970795,-0.10310012102127075,-0.1750040273487059,0.04723893105983734,-0.03892332315444946,-0.14760874913329758,0.22027374804019928,-0.01574862003326416,-0.18338806138629593,0.17432241141796112,-0.01205354928970337,-0.1554313372194258,0.12350156903266907,-0.021279990673065186,-0.14047541425819077,0.043905168771743774,0.04917377233505249,-0.16328424916858353,0.17773590981960297,0.057438433170318604,-0.1798555921136824,0.14466573297977448,0.053641676902770996,-0.16032985554332413,0.09708160161972046,0.04476010799407959,-0.1509602736055342,boom
0.0,0.0,0.0,0.06357598304748535,-0.12852197885513306,-0.027179173294427983,0.1236136257648468,-0.2658030390739441,-0.06377826547992527,0.1393863707780838,-0.37449416518211365,-0.09591895258796512,0.14057409763336182,-0.4779677987098694,-0.12251450038326084,0.08317378163337708,-0.23585432767868042,-0.1303903303183347,0.23267215490341187,-0.20679479837417603,-0.1876366577185422,0.20461687445640564,-0.1775110363960266,-0.20442603445422947,0.15623944997787476,-0.18726807832717896,-0.21265643751991092,0.05479523539543152,-0.13451337814331055,-0.14447791791332065,0.23653176426887512,-0.10564184188842773,-0.193971230749014,0.19220709800720215,-0.09359121322631836,-0.1838883451260358,0.1356322467327118,-0.10221970081329346,-0.18156665480506717,0.04489824175834656,-0.03561216592788696,-0.15752836978805362,0.21691006422042847,-0.01632934808731079,-0.19315585410964786,0.17261531949043274,-0.01267307996749878,-0.162926166418913,0.12128308415412903,-0.021556854248046875,-0.14681149936092197,0.04342830181121826,0.05146223306655884,-0.17256906545532047,0.17549356818199158,0.05821794271469116,-0.18978269315135776,0.1428600251674652,0.05405813455581665,-0.16998496568572818,0.09420040249824524,0.04467064142227173,-0.16045069611442386,boom
0.0,0.0,0.0,0.06319884955883026,-0.12792325019836426,-0.02800320992011507,0.12424595654010773,-0.26669931411743164,-0.06232686685163458,0.14102768898010254,-0.3769453167915344,-0.09281158791620214,0.14206720888614655,-0.48029983043670654,-0.11761783407766302,0.08677855134010315,-0.2413806915283203,-0.1199924235208698,0.23629428446292877,-0.21139240264892578,-0.17812364892799337,0.2064424306154251,-0.1812722086906433,-0.1975652237399288,0.15692944824695587,-0.1904544234275818,-0.20725300507385214,0.05795098841190338,-0.14121270179748535,-0.1335318048461147,0.2405162900686264,-0.1090739369392395,-0.18303556339580496,0.19474826753139496,-0.09574955701828003,-0.17541294889289816,0.13872931897640228,-0.10447567701339722,-0.1741996218426891,0.04748155176639557,-0.04211008548736572,-0.1470516283972927,0.2202005237340927,-0.0192716121673584,-0.183323215411491,0.17478393018245697,-0.014406740665435791,-0.15542561905223806,0.12406782805919647,-0.023542404174804688,-0.14011425869304617,0.04521912336349487,0.04591488838195801,-0.16285116569835623,0.17884497344493866,0.05430513620376587,-0.1801130433543392,0.14527325332164764,0.05129873752593994,-0.1611882557137676,0.09700261056423187,0.042119383811950684,-0.15180159704524954,boom
0.0,0.0,0.0,0.0641341358423233,-0.1278012990951538,-0.02809214021220896,0.1248624324798584,-0.26558762788772583,-0.0632032583202431,0.14041614532470703,-0.3742106556892395,-0.0942987332786629,0.141440287232399,-0.47612616419792175,-0.11961640964403841,0.08610183000564575,-0.23889994621276855,-0.12243865977183077,0.23579861223697662,-0.2080572247505188,-0.18108936946049425,0.20612667500972748,-0.17918705940246582,-0.20081589917793963,0.15625528991222382,-0.1885385513305664,-0.2106583992685387,0.05718234181404114,-0.13836514949798584,-0.1361073086704323,0.24053417146205902,-0.10517889261245728,-0.186408785983474,0.1947326809167862,-0.09274083375930786,-0.17865882615700457,0.13802790641784668,-0.10133898258209229,-0.17730442981377337,0.04693235456943512,-0.03915673494338989,-0.14959856669560168,0.22074927389621735,-0.015604794025421143,-0.18609548906937334,0.1751158982515335,-0.011425256729125977,-0.15760786633148882,0.12356027960777283,-0.020490288734436035,-0.14193467597618792,0.04469190537929535,0.04870808124542236,-0.16539703111305926,0.17980517446994781,0.05767810344696045,-0.1828965971912453,0.14605985581874847,0.05436086654663086,-0.16364235977783892,0.09693919122219086,0.04547107219696045,-0.1540116647924492,boom
0.0,0.0,0.0,0.06402963399887085,-0.12892025709152222,-0.02846016595731271,0.12484511733055115,-0.2660245895385742,-0.06395958224902643,0.14076140522956848,-0.3743134140968323,-0.09538042406211389,0.14059779047966003,-0.4770161807537079,-0.120938865939479,0.08522143959999084,-0.23900389671325684,-0.1245091990626861,0.2349950671195984,-0.20811909437179565,-0.18389102677474511,0.20478573441505432,-0.17900151014328003,-0.20353159169326318,0.1547708511352539,-0.18882858753204346,-0.21325392881999505,0.05550152063369751,-0.138411283493042,-0.1381248817838241,0.23904216289520264,-0.1041790246963501,-0.18984693149695886,0.1923399567604065,-0.09191083908081055,-0.1819611922896911,0.13555455207824707,-0.1006593108177185,-0.1803508088983108,0.044904500246047974,-0.038984060287475586,-0.151508791843753,0.21912488341331482,-0.0141981840133667,-0.18899917463431848,0.17237848043441772,-0.010746240615844727,-0.1599948243297149,0.12026433646678925,-0.02014005184173584,-0.14383317391047967,0.042145609855651855,0.04868239164352417,-0.16723880032668603,0.17751696705818176,0.057665884494781494,-0.18532842258582605,0.14301583170890808,0.05393141508102417,-0.1658912287152816,0.09330649673938751,0.04497873783111572,-0.15604515234599603,boom
0.0,0.0,0.0,0.06482583284378052,-0.1281237006187439,-0.028753551262667543,0.1261206567287445,-0.26705896854400635,-0.06311565691535748,0.14226844906806946,-0.37590494751930237,-0.09342005902831829,0.1423812359571457,-0.4779547154903412,-0.11793185079400814,0.08789120614528656,-0.23881804943084717,-0.12127965742652691,0.23678606748580933,-0.2077934741973877,-0.17927870953386105,0.20776093006134033,-0.1768694519996643,-0.19878033602540768,0.15794211626052856,-0.18718314170837402,-0.20872541570966519,0.0581723153591156,-0.13890570402145386,-0.13442266786401547,0.24059706926345825,-0.10389631986618042,-0.18330606127088345,0.19522613286972046,-0.08974564075469971,-0.175439872387102,0.1382417231798172,-0.09931129217147827,-0.17454854452913082,0.04705849289894104,-0.040135979652404785,-0.14754163527791775,0.21983766555786133,-0.014116883277893066,-0.1832548608810214,0.17474815249443054,-0.008697688579559326,-0.1555175265104083,0.1232035756111145,-0.019054889678955078,-0.1408162345916537,0.044112429022789,0.047016263008117676,-0.16307111883466519,0.17902565002441406,0.05865061283111572,-0.1802318623096255,0.14598286151885986,0.05646061897277832,-0.16154984438722408,0.0974171906709671,0.0467526912689209,-0.15262038314645565,boom
0.0,0.0,0.0,0.06462065875530243,-0.12769478559494019,-0.02820365392307167,0.12550212442874908,-0.2653615474700928,-0.0631813135061634,0.1418168991804123,-0.37402355670928955,-0.09407591336110954,0.14294467866420746,-0.4764243960380554,-0.11904227249959831,0.0857212096452713,-0.23760980367660522,-0.12348113470415001,0.2349841147661209,-0.2080674171447754,-0.18201443069318657,0.205048069357872,-0.17953771352767944,-0.20101768784860496,0.15545319020748138,-0.189633309841156,-0.21039458625654106,0.05644701421260834,-0.13738393783569336,-0.13692110293249016,0.23916210234165192,-0.1031872034072876,-0.18723414354661827,0.19289402663707733,-0.09165501594543457,-0.17892656736711388,0.13627223670482635,-0.10130494832992554,-0.17736273520330315,0.04596175253391266,-0.038661062717437744,-0.1501724224601162,0.21867485344409943,-0.012937545776367188,-0.18646005802492027,0.17251990735530853,-0.00982666015625,-0.15772996359208946,0.12078507244586945,-0.02013087272644043,-0.14222196750978355,0.04312390089035034,0.04816633462905884,-0.16577375941614036,0.17707933485507965,0.05907022953033447,-0.18319256120065575,0.14285778999328613,0.05533820390701294,-0.16421940439084892,0.09364549815654755,0.04507654905319214,-0.15504224114755516,boom
0.0,0.0,0.0,0.06453962624073029,-0.12740004062652588,-0.027703387302807414,0.12448284029960632,-0.2653477191925049,-0.06213069112365588,0.14133065938949585,-0.3738102614879608,-0.09261428342526301,0.145508274435997,-0.4753127694129944,-0.11723579244082316,0.08532504737377167,-0.2365458607673645,-0.11954152361815318,0.23373930156230927,-0.20662736892700195,-0.1774611748880659,0.20458988845348358,-0.17891693115234375,-0.19694381730025157,0.15484559535980225,-0.1886657476425171,-0.20649654941027507,0.05636624991893768,-0.13599467277526855,-0.13283617572253092,0.23911027610301971,-0.10502868890762329,-0.18262357787554606,0.19416575133800507,-0.09360665082931519,-0.17532436327402934,0.1375012993812561,-0.10275489091873169,-0.17411549167101725,0.04643996059894562,-0.03760695457458496,-0.1459759749597822,0.21937350928783417,-0.015453934669494629,-0.18220583872263774,0.17505107820034027,-0.012443780899047852,-0.154422564072064,0.12436984479427338,-0.022358953952789307,-0.13899051920836314,0.04478594660758972,0.04955577850341797,-0.16130772010748728,0.1786312311887741,0.057502150535583496,-0.1779722400135313,0.1460707038640976,0.05343794822692871,-0.15871427730982646,0.09811002016067505,0.04394477605819702,-0.14908131734793528,boom
0.0,0.0,0.0,0.06430131196975708,-0.1259329915046692,-0.026336796346782876,0.12362173199653625,-0.2663654088973999,-0.05815681791651173,0.13960164785385132,-0.3754732608795166,-0.08692708215463085,0.14605574309825897,-0.476068913936615,-0.10987479588735027,0.08792588114738464,-0.23990005254745483,-0.10915983817326946,0.23640495538711548,-0.21155208349227905,-0.16670562675940914,0.20841968059539795,-0.17895978689193726,-0.18749362579333706,0.1586444079875946,-0.18575996160507202,-0.19758123508441372,0.05838216841220856,-0.14097434282302856,-0.12273967615115566,0.23919320106506348,-0.11034518480300903,-0.17109804204451962,0.19557565450668335,-0.09483355283737183,-0.1653150056933157,0.1389354169368744,-0.1044580340385437,-0.1647811566923849,0.04740607738494873,-0.043271660804748535,-0.13682915619361324,0.21857842803001404,-0.02117609977722168,-0.17308628908145351,0.17535170912742615,-0.014764070510864258,-0.1471069043015234,0.12434503436088562,-0.02634340524673462,-0.13217792263972683,0.04403802752494812,0.04366040229797363,-0.1529895251129858,0.17769914865493774,0.05150723457336426,-0.16897292784202023,0.14620602130889893,0.050763845443725586,-0.14953704527366085,0.09817969799041748,0.04189378023147583,-0.1393910681341879,boom
0.0,0.0,0.0,0.06436760723590851,-0.12747663259506226,-0.026991940960471084,0.12252841889858246,-0.26674360036849976,-0.05966796904820626,0.13562984764575958,-0.3753895163536072,-0.0894457715751571,0.13988211750984192,-0.4778083860874176,-0.11355695307273095,0.08600322902202606,-0.24399977922439575,-0.10975773811358636,0.23309792578220367,-0.21182996034622192,-0.16768467605132287,0.20366479456424713,-0.1787620186805725,-0.18885642468947594,0.15522901713848114,-0.18728822469711304,-0.19981274187583153,0.05593572556972504,-0.14454162120819092,-0.1238925921918792,0.23530928790569305,-0.11094295978546143,-0.17358969330805962,0.19086234271526337,-0.09510087966918945,-0.16835779130477135,0.13591088354587555,-0.10415017604827881,-0.16824595809001153,0.04452924430370331,-0.0455169677734375,-0.13868680775183861,0.21488399803638458,-0.02094942331314087,-0.17647288918513482,0.17045114934444427,-0.01489102840423584,-0.15058428227919762,0.11959697306156158,-0.026133060455322266,-0.1356018948556823,0.040498778223991394,0.04223990440368652,-0.15564377784747307,0.17366205155849457,0.051852524280548096,-0.17338377416152184,0.14164498448371887,0.049583375453948975,-0.15467673718947594,0.09339411556720734,0.04009532928466797,-0.14492102146166985,boom
0.0,0.0,0.0,0.06463858485221863,-0.12981581687927246,-0.026941001033151224,0.12125985324382782,-0.26915687322616577,-0.06045797987815149,0.13230296969413757,-0.3772243857383728,-0.0906582601272703,0.135090172290802,-0.47900480031967163,-0.11522022410269983,0.08342885971069336,-0.2446995973587036,-0.11459409966107614,0.22992563247680664,-0.20935380458831787,-0.17220228685971506,0.19865140318870544,-0.1760687232017517,-0.19224695636864908,0.14983487129211426,-0.1872352957725525,-0.20304567887421854,0.053905338048934937,-0.14434540271759033,-0.1289454676115156,0.23226875066757202,-0.11055761575698853,-0.17893513812657602,0.18723809719085693,-0.09479397535324097,-0.17246033026810892,0.1334090232849121,-0.10374337434768677,-0.17218336238499887,0.04287099838256836,-0.04518383741378784,-0.1435665316784025,0.21366775035858154,-0.020969510078430176,-0.18123082592126138,0.16844311356544495,-0.014466643333435059,-0.15381303205128916,0.11831836402416229,-0.024375557899475098,-0.13841768874760874,0.039196014404296875,0.04251885414123535,-0.16036446168061502,0.1718684732913971,0.050093770027160645,-0.17794416620370157,0.13981270790100098,0.047924160957336426,-0.15874506308671243,0.09298668801784515,0.039633095264434814,-0.149060887833798,boom
0.0,0.0,0.0,0.06759098172187805,-0.12770169973373413,-0.02697574755336518,0.12475338578224182,-0.2687090337276459,-0.058773119358079384,0.13517315685749054,-0.3781668543815613,-0.08758566936637635,0.13581296801567078,-0.4797334671020508,-0.1107939224519896,0.08684134483337402,-0.2445964813232422,-0.10880313476707215,0.2330200970172882,-0.21141892671585083,-0.16581557354118104,0.20314499735832214,-0.1743735671043396,-0.18629134854461427,0.1550125777721405,-0.18337565660476685,-0.1973822530188727,0.057110726833343506,-0.14615929126739502,-0.1227318834343123,0.2345806360244751,-0.11308807134628296,-0.17100062629367585,0.19153937697410583,-0.09263437986373901,-0.16504802962924714,0.13875159621238708,-0.10019451379776001,-0.1652087088504004,0.04534907639026642,-0.04816937446594238,-0.1374660547652411,0.21416345238685608,-0.02393549680709839,-0.1744538511910605,0.17242220044136047,-0.013880550861358643,-0.14912537893440003,0.12473101913928986,-0.023116588592529297,-0.13515415450717683,0.04192943871021271,0.03919118642807007,-0.15442324837829347,0.17323145270347595,0.048787474632263184,-0.1717530306258368,0.14353272318840027,0.04830968379974365,-0.15420990845348115,0.0984373688697815,0.03965991735458374,-0.1458036418833899,boom
0.0,0.0,0.0,0.06689025461673737,-0.1279945969581604,-0.02687068842141116,0.12618781626224518,-0.2673380374908447,-0.05860827304212535,0.13929158449172974,-0.37648874521255493,-0.0874620284864136,0.13825519382953644,-0.4795742928981781,-0.11053547076670611,0.08939479291439056,-0.24754077196121216,-0.1099905576535889,0.23576153814792633,-0.21453744173049927,-0.1681720744797417,0.2045980840921402,-0.17929404973983765,-0.18954132310835803,0.15541675686836243,-0.18805360794067383,-0.20087547413794482,0.05917835235595703,-0.15047109127044678,-0.12408818863121951,0.23748423159122467,-0.11182326078414917,-0.17303515784232104,0.1920885592699051,-0.09386110305786133,-0.16716584376780474,0.13955363631248474,-0.10290712118148804,-0.167182160539312,0.04691453278064728,-0.051727473735809326,-0.1389960180947014,0.21767587959766388,-0.022858023643493652,-0.1759433876702019,0.17308954894542694,-0.015100359916687012,-0.15002520195929492,0.12442061305046082,-0.024875879287719727,-0.13559157959906543,0.04205496609210968,0.03680872917175293,-0.1562629323431679,0.17679284512996674,0.04911375045776367,-0.17402285150973285,0.1444821059703827,0.04729491472244263,-0.1561217438408562,0.09741462767124176,0.03863292932510376,-0.1471248697468468,boom
0.0,0.0,0.0,0.06533698737621307,-0.12839341163635254,-0.02829716035901697,0.1228574812412262,-0.2675260901451111,-0.06075078675328882,0.13569018244743347,-0.377361923456192,-0.08998241701900156,0.13674987852573395,-0.4792667627334595,-0.11337140628873499,0.08509062230587006,-0.24489754438400269,-0.11086034456073435,0.23148296773433685,-0.2136273980140686,-0.16881641426860483,0.20079652965068817,-0.18034452199935913,-0.1898249355870405,0.15166644752025604,-0.18862974643707275,-0.20079976001559885,0.05485039949417114,-0.14623183012008667,-0.12388869056283625,0.23360256850719452,-0.11046767234802246,-0.17327706197082193,0.18899445235729218,-0.09448462724685669,-0.16774196604072245,0.13593801856040955,-0.10333502292633057,-0.16780267337142618,0.04364405572414398,-0.047174036502838135,-0.13774244168578775,0.2152089625597,-0.02157413959503174,-0.1752442983704725,0.17123155295848846,-0.015343904495239258,-0.14971486905395182,0.12174773216247559,-0.02489572763442993,-0.13523325005351694,0.040228471159935,0.040882408618927,-0.15395676770984323,0.17399607598781586,0.050650596618652344,-0.172089111598126,0.14198771119117737,0.04809081554412842,-0.1544501898604551,0.09473016858100891,0.03916233777999878,-0.14543971100627573,boom
0.0,0.0,0.0,0.06715995073318481,-0.1287248134613037,-0.029273985552862314,0.12384556233882904,-0.26994746923446655,-0.061183523985818056,0.13634444773197174,-0.3782495856285095,-0.08992793470926586,0.1375800520181656,-0.4804040789604187,-0.112724692228511,0.0863451212644577,-0.24467676877975464,-0.10878535420008006,0.23364362120628357,-0.2120600938796997,-0.16747361481495204,0.20484036207199097,-0.17596232891082764,-0.18960045337982478,0.15493221580982208,-0.18254578113555908,-0.20100100398369136,0.05616341531276703,-0.14622855186462402,-0.12138465106792751,0.2352893054485321,-0.11120665073394775,-0.17031033397026363,0.19196736812591553,-0.09148508310317993,-0.1649797862798721,0.13768894970417023,-0.09827804565429688,-0.16509611964531246,0.04477006196975708,-0.04693770408630371,-0.13518357336826625,0.21577569842338562,-0.021441102027893066,-0.17246489286728206,0.17385131120681763,-0.01176828145980835,-0.14721846640415492,0.12420213222503662,-0.020292222499847412,-0.1329142457277328,0.04129430651664734,0.04099661111831665,-0.1515699183971435,0.1760144829750061,0.05311471223831177,-0.16937854945965114,0.14567095041275024,0.05218052864074707,-0.1515462255508453,0.09839507937431335,0.044001877307891846,-0.14241916001148525,boom
0.0,0.0,0.0,0.0678732842206955,-0.127436101436615,-0.02944592688717762,0.12472997605800629,-0.26875078678131104,-0.06181091372408787,0.13810016214847565,-0.37785428762435913,-0.09079472650327602,0.14037218689918518,-0.4800434708595276,-0.11370196868219296,0.08650046586990356,-0.24089127779006958,-0.11097533930578152,0.232215017080307,-0.21132570505142212,-0.16999912191667477,0.2040436863899231,-0.17636454105377197,-0.19169065285959164,0.15587212145328522,-0.183543860912323,-0.20279301632680813,0.05680248141288757,-0.1422010064125061,-0.12359444726743618,0.23566383123397827,-0.10866057872772217,-0.1733731620434753,0.19179579615592957,-0.09056520462036133,-0.16777019132413784,0.13752025365829468,-0.09881407022476196,-0.16769090224542538,0.046116381883621216,-0.04378396272659302,-0.1373355530623428,0.21695131063461304,-0.018984198570251465,-0.17503069270887295,0.17382735013961792,-0.010610878467559814,-0.14945277501382748,0.12354908883571625,-0.020106494426727295,-0.1350242339495651,0.043440818786621094,0.04282248020172119,-0.15365497697629849,0.17717695236206055,0.054405391216278076,-0.17180107463636318,0.1458836793899536,0.05310988426208496,-0.15422739018239895,0.09815368056297302,0.04390537738800049,-0.14541606534757534,boom
0.0,0.0,0.0,0.0669955462217331,-0.12820762395858765,-0.029142125048082335,0.12412375211715698,-0.2666371464729309,-0.06340900669280813,0.1365881711244583,-0.37450623512268066,-0.0941204414743595,0.13794289529323578,-0.47647929191589355,-0.1187793598550968,0.08512192964553833,-0.2372179627418518,-0.11775757233087347,0.23241795599460602,-0.2099168300628662,-0.1771146715659313,0.20297260582447052,-0.17547732591629028,-0.1979250074404888,0.15385042130947113,-0.18179410696029663,-0.20847629616443442,0.054749712347984314,-0.13788694143295288,-0.13081887970153616,0.23435132205486298,-0.10540461540222168,-0.181048801638525,0.18971259891986847,-0.08841085433959961,-0.17402388761226462,0.13506199419498444,-0.09624767303466797,-0.1733687729615383,0.043653830885887146,-0.039262592792510986,-0.14451398561183737,0.2149607390165329,-0.015285193920135498,-0.181624716617506,0.1712382286787033,-0.008493781089782715,-0.15387444803897665,0.12031905353069305,-0.017931997776031494,-0.13865373144332693,0.04030098021030426,0.046779513359069824,-0.160740545489233,0.17467959225177765,0.056471168994903564,-0.17856091866676138,0.14297141134738922,0.054376184940338135,-0.1595721454400234,0.09455378353595734,0.045280277729034424,-0.15013066539947317,boom
0.0,0.0,0.0,0.0659521222114563,-0.12702596187591553,-0.027896509719766982,0.12439504265785217,-0.2676950693130493,-0.06114206763891161,0.13902319967746735,-0.3780365586280823,-0.09092883321432055,0.14153480529785156,-0.4811827838420868,-0.11489757451204241,0.0881214439868927,-0.24332845211029053,-0.11575899573949755,0.2357066571712494,-0.214424729347229,-0.17381677332309664,0.20606794953346252,-0.17948806285858154,-0.19367933574108065,0.157390758395195,-0.18646162748336792,-0.20378497543720187,0.05865482985973358,-0.14437460899353027,-0.12917267086891115,0.23717913031578064,-0.11182111501693726,-0.17812286618141115,0.19313034415245056,-0.09311515092849731,-0.1705146462002176,0.13955669105052948,-0.10077369213104248,-0.16945071819213808,0.04740823805332184,-0.045530855655670166,-0.14310416880039156,0.21787205338478088,-0.022097349166870117,-0.17994226816085757,0.17486652731895447,-0.013696849346160889,-0.15251310470489443,0.12474286556243896,-0.022511839866638184,-0.13730468156722964,0.04428914189338684,0.04175424575805664,-0.15929894450096072,0.1772986352443695,0.05084651708602905,-0.17719927730945528,0.14586374163627625,0.04960203170776367,-0.15857798161891878,0.09807465970516205,0.041015028953552246,-0.1491632640638727,boom
0.0,0.0,0.0,0.06552527844905853,-0.12636685371398926,-0.027415593602029276,0.12317734956741333,-0.26509666442871094,-0.06113167058703084,0.1372317671775818,-0.37491899728775024,-0.09145985122796674,0.1411500722169876,-0.4780874252319336,-0.1159004079925694,0.0860099047422409,-0.24293923377990723,-0.11721767809268613,0.23369932174682617,-0.2127097249031067,-0.1755111547934689,0.2026820182800293,-0.1800132393836975,-0.19455844488021512,0.15416143834590912,-0.18863838911056519,-0.2040206375348248,0.05684155225753784,-0.14298886060714722,-0.13113442387458463,0.23601895570755005,-0.10893595218658447,-0.181367847584454,0.19100025296211243,-0.093350350856781,-0.1734582367169537,0.1375371366739273,-0.10254746675491333,-0.17181958582278867,0.045654088258743286,-0.04329925775527954,-0.145433667563168,0.21701696515083313,-0.018527328968048096,-0.1836826386677899,0.17316323518753052,-0.012474536895751953,-0.15618381228324552,0.12301650643348694,-0.022206246852874756,-0.14047752644893308,0.04183381795883179,0.04490971565246582,-0.16182166662093778,0.17548084259033203,0.05418497323989868,-0.18096384730216641,0.14361348748207092,0.05238032341003418,-0.16260256197330136,0.095608651638031,0.04386228322982788,-0.15306239154216428,boom
0.0,0.0,0.0,0.0655098557472229,-0.12760329246520996,-0.026508739048011876,0.12349162995815277,-0.26795530319213867,-0.059078216382630444,0.13716281950473785,-0.37849175930023193,-0.08847998065627394,0.14056262373924255,-0.48100098967552185,-0.11215116811669645,0.08619476854801178,-0.24470162391662598,-0.11315746588385878,0.23275017738342285,-0.21547937393188477,-0.17037823034203825,0.20219814777374268,-0.18430012464523315,-0.1896511389104205,0.1535324603319168,-0.19330698251724243,-0.1994005663482028,0.0568818598985672,-0.14465850591659546,-0.1272347046223956,0.23601847887039185,-0.11284297704696655,-0.17628388834870634,0.19114607572555542,-0.09710550308227539,-0.1689607424823123,0.1374034881591797,-0.10571402311325073,-0.16776987148202238,0.045793965458869934,-0.045288026332855225,-0.1417283786622363,0.21710699796676636,-0.023070693016052246,-0.1792223824349719,0.173387348651886,-0.016562581062316895,-0.15250194800771055,0.12321287393569946,-0.025479793548583984,-0.13728068006909666,0.042493611574172974,0.04307103157043457,-0.15824460221207914,0.17615309357643127,0.05026489496231079,-0.17657058669007597,0.1443602442741394,0.04921841621398926,-0.15822987986481962,0.09648451209068298,0.04184925556182861,-0.14875357581055937,boom
0.0,0.0,0.0,0.06540711224079132,-0.12889760732650757,-0.027327588615150944,0.1235823780298233,-0.2689424157142639,-0.05980306942495872,0.1365189403295517,-0.37875306606292725,-0.08895339150461723,0.13948272168636322,-0.48059549927711487,-0.1123442136171775,0.08654220402240753,-0.24369150400161743,-0.11421092678341438,0.23452137410640717,-0.21025019884109497,-0.17091994811329414,0.20277221500873566,-0.17904454469680786,-0.18965379227432777,0.1540958434343338,-0.19002604484558105,-0.1994975738647895,0.05699743330478668,-0.14443063735961914,-0.12786778141293098,0.2362697869539261,-0.1087651252746582,-0.17608755160603096,0.1904337853193283,-0.09357887506484985,-0.16833370257648994,0.13722491264343262,-0.1027039885520935,-0.16744282175335456,0.04547853767871857,-0.04572492837905884,-0.14201567400726844,0.2165631204843521,-0.019912004470825195,-0.17899207104477455,0.17214535176753998,-0.013748347759246826,-0.15262001086506416,0.12262924015522003,-0.023035645484924316,-0.1381695948961692,0.04174704849720001,0.0420491099357605,-0.1583291225555854,0.17520712316036224,0.05314075946807861,-0.17697111595902015,0.14269115030765533,0.05157673358917236,-0.15959661532673408,0.09474016726016998,0.04350787401199341,-0.1511218779209571,boom
0.0,0.0,0.0,0.06508158147335052,-0.1283494234085083,-0.027262913052226168,0.12372909486293793,-0.2683548331260681,-0.060013029713417154,0.13700124621391296,-0.3784535527229309,-0.08945167808630572,0.13871295750141144,-0.4813149571418762,-0.11310951410629855,0.08748139441013336,-0.2444271445274353,-0.11488103865482913,0.23475752770900726,-0.21215277910232544,-0.17211968450644122,0.20334701240062714,-0.18022918701171875,-0.1912901177892934,0.15468628704547882,-0.19006407260894775,-0.20126119999983416,0.05732087790966034,-0.1451830267906189,-0.12860590963461505,0.23588986694812775,-0.11016494035720825,-0.17739599197008715,0.1906435340642929,-0.09458059072494507,-0.16988376526930438,0.13781313598155975,-0.10358315706253052,-0.16900297253229724,0.045762479305267334,-0.0461275577545166,-0.14274504034617053,0.21653015911579132,-0.021258771419525146,-0.17988552897074328,0.17276634275913239,-0.014889895915985107,-0.15309957413771258,0.12330631911754608,-0.024067699909210205,-0.13823663442232714,0.04207928478717804,0.04172128438949585,-0.15906284003355609,0.17588897049427032,0.05144113302230835,-0.1773488893995534,0.14361636340618134,0.049578845500946045,-0.1593025699148427,0.09548790752887726,0.0414966344833374,-0.15026415138342486,boom
0.0,0.0,0.0,0.06465527415275574,-0.12908053398132324,-0.027116632736721158,0.12328849732875824,-0.26874542236328125,-0.06020754081706059,0.13609731197357178,-0.3782169818878174,-0.08997454372743618,0.1384546160697937,-0.48085516691207886,-0.11401796964506161,0.08716262876987457,-0.24517321586608887,-0.11663317558864605,0.2351292371749878,-0.21196550130844116,-0.17370644090274823,0.20298054814338684,-0.17988377809524536,-0.19240838167766583,0.15388239920139313,-0.1905069351196289,-0.2022343712816621,0.05714252591133118,-0.14547914266586304,-0.13065531728366864,0.2358311116695404,-0.110542893409729,-0.17964438972572339,0.1901005208492279,-0.09517282247543335,-0.1719009119043733,0.137324258685112,-0.10437989234924316,-0.1709996151695634,0.04554232954978943,-0.045860350131988525,-0.14491723356346142,0.21633383631706238,-0.021149516105651855,-0.18208813545803082,0.1717638373374939,-0.01485210657119751,-0.15479563055137646,0.12192818522453308,-0.023892581462860107,-0.13973715779880536,0.041656166315078735,0.04236602783203125,-0.1613282549152757,0.1754581332206726,0.05147272348403931,-0.17975313840011609,0.1426417976617813,0.049583256244659424,-0.16142798838714612,0.09411445260047913,0.04190385341644287,-0.15226057050327313,boom
0.0,0.0,0.0,0.06562219560146332,-0.12863940000534058,-0.027581353416479715,0.12410540878772736,-0.26880329847335815,-0.05995881438795436,0.136916384100914,-0.3783918619155884,-0.0890884611064564,0.13880278170108795,-0.4804076552391052,-0.11256507665459026,0.08672316372394562,-0.24502867460250854,-0.11327008784357417,0.23363281786441803,-0.21204572916030884,-0.17004375041071285,0.20238201320171356,-0.18079590797424316,-0.1895184058004986,0.15393568575382233,-0.191106379032135,-0.19983638704363216,0.056624457240104675,-0.1456984281539917,-0.12683616459909786,0.235616073012352,-0.10969501733779907,-0.1750272053534161,0.19016431272029877,-0.09475547075271606,-0.16825683296266902,0.13682298362255096,-0.10406327247619629,-0.16795112073961604,0.04512779414653778,-0.0465397834777832,-0.14091113091055263,0.21637307107448578,-0.021271109580993652,-0.17781539142671932,0.17231984436511993,-0.014866530895233154,-0.1521085041815411,0.12241484224796295,-0.023771286010742188,-0.13800737143102992,0.04161519557237625,0.04116523265838623,-0.1572083073908459,0.17520995438098907,0.05184513330459595,-0.17589700103346217,0.14262628555297852,0.050602734088897705,-0.1586651343161236,0.09430757164955139,0.04289370775222778,-0.15015418708864559,boom
0.0,0.0,0.0,0.06440447270870209,-0.12820929288864136,-0.02785258528328427,0.12265168130397797,-0.268990695476532,-0.06144088667369374,0.1350969523191452,-0.37862884998321533,-0.09139197107887753,0.13639192283153534,-0.4817711412906647,-0.11561551478243359,0.08504404127597809,-0.24455970525741577,-0.11823339548445233,0.2321588546037674,-0.21244043111801147,-0.17534095582104214,0.20238058269023895,-0.1789323091506958,-0.19397798713779935,0.15385599434375763,-0.18767595291137695,-0.20361859139538296,0.055049702525138855,-0.1444522738456726,-0.13191342887020596,0.23424343764781952,-0.11143553256988525,-0.18083894785976895,0.19049467146396637,-0.09408622980117798,-0.1731425875101138,0.13707248866558075,-0.10208100080490112,-0.17215082582569607,0.04381600022315979,-0.045038580894470215,-0.1457554900322009,0.2145959585905075,-0.022232770919799805,-0.18302122291660794,0.17240969836711884,-0.014280319213867188,-0.15607737537956723,0.12301547825336456,-0.022945761680603027,-0.14119884904957303,0.04114697128534317,0.04252058267593384,-0.16173297700024136,0.17459358274936676,0.0507548451423645,-0.18042469557857999,0.1434199959039688,0.049647390842437744,-0.1623773926172305,0.09558899700641632,0.04194539785385132,-0.15338740285969266,boom
0.0,0.0,0.0,0.06470735371112823,-0.12954705953598022,-0.0278958086979344,0.12253209948539734,-0.27005070447921753,-0.06176004792868639,0.13439680635929108,-0.3789873719215393,-0.09185821797072435,0.13336998224258423,-0.4822569489479065,-0.11620795960843111,0.08408693969249725,-0.24267280101776123,-0.11977816607176806,0.23042401671409607,-0.2132437825202942,-0.17708827044188524,0.20134237408638,-0.1792135238647461,-0.19583795453726793,0.15298771858215332,-0.18745142221450806,-0.20561763133227373,0.05421653389930725,-0.14268022775650024,-0.1333787390154555,0.2326417863368988,-0.11148953437805176,-0.18235544349371935,0.18955227732658386,-0.09402191638946533,-0.17444388057410265,0.13645710051059723,-0.10173147916793823,-0.17355653132617022,0.04342493414878845,-0.04389411211013794,-0.14706281806647326,0.2134914994239807,-0.02190709114074707,-0.1837595948141768,0.17158818244934082,-0.014629840850830078,-0.15645527328669573,0.12248674035072327,-0.02375936508178711,-0.1416978933972075,0.04140922427177429,0.042844951152801514,-0.16296612705409075,0.1738828420639038,0.05092275142669678,-0.18095652248084093,0.1431904435157776,0.04853624105453491,-0.16281878437220598,0.09604719281196594,0.03968346118927002,-0.15406096960722948,boom
0.0,0.0,0.0,0.06500737369060516,-0.12827813625335693,-0.02799679211716466,0.1222982257604599,-0.27039873600006104,-0.06112493633668237,0.13420431315898895,-0.38022249937057495,-0.09069697617928796,0.13383963704109192,-0.48343005776405334,-0.11432454049031548,0.08384586870670319,-0.24362170696258545,-0.1164825415555697,0.2306114286184311,-0.2160833477973938,-0.1744739493672114,0.20203916728496552,-0.18153393268585205,-0.19416145294349008,0.15359406173229218,-0.188262939453125,-0.20420236199538522,0.053890034556388855,-0.14387083053588867,-0.12989456265609078,0.23308776319026947,-0.11448472738265991,-0.17941059976260476,0.1899818629026413,-0.09586411714553833,-0.1721732398812037,0.13662905991077423,-0.10320037603378296,-0.17124012916724496,0.043391332030296326,-0.04503345489501953,-0.1437078496758204,0.2140711396932602,-0.024973511695861816,-0.18117406278292947,0.17244379222393036,-0.016228556632995605,-0.15421450942199044,0.1232869029045105,-0.02500826120376587,-0.139095821077035,0.041748106479644775,0.0420910120010376,-0.1597620031182032,0.17554421722888947,0.048983633518218994,-0.17787983327548318,0.14480026066303253,0.047797322273254395,-0.15943875222842507,0.09713616967201233,0.03964245319366455,-0.15011961072127633,boom
0.0,0.0,0.0,0.06603986024856567,-0.13047003746032715,-0.027895766236696318,0.12360966205596924,-0.27136319875717163,-0.06022806178859241,0.13513614237308502,-0.3801642060279846,-0.08918339472344883,0.13334210216999054,-0.48309823870658875,-0.1122406915955878,0.0856923907995224,-0.2424284815788269,-0.11329226654103763,0.23172728717327118,-0.21211934089660645,-0.1710136951141692,0.20206929743289948,-0.17918556928634644,-0.19130173038772114,0.15304908156394958,-0.1878454089164734,-0.20193509470752247,0.05512373149394989,-0.14266884326934814,-0.12676073324016102,0.23436759412288666,-0.11102491617202759,-0.17586315881541736,0.19025181233882904,-0.09427541494369507,-0.1693933428459502,0.13699758052825928,-0.10240602493286133,-0.16911114465526111,0.044045835733413696,-0.043816328048706055,-0.14084347795775898,0.21500812470912933,-0.0216636061668396,-0.1780307711296416,0.17226652801036835,-0.014738857746124268,-0.15198175322345264,0.12327378988265991,-0.02400803565979004,-0.13751086305907734,0.04176274687051773,0.04340505599975586,-0.1572817386322356,0.1752074509859085,0.05174893140792847,-0.17535772632888325,0.14383713901042938,0.048998355865478516,-0.15758575212291248,0.09653104841709137,0.04026919603347778,-0.14877935957244404,boom
0.0,0.0,0.0,0.06620404124259949,-0.13016623258590698,-0.028675337845783133,0.1234855055809021,-0.2703899145126343,-0.06263522204230298,0.1346934735774994,-0.379288911819458,-0.09289839264224042,0.13553911447525024,-0.48184841871261597,-0.1172287255174922,0.08404818177223206,-0.2420048713684082,-0.11870513256857862,0.23096054792404175,-0.2096632719039917,-0.1766534834749507,0.20098739862442017,-0.1760801076889038,-0.195867666567068,0.1524178832769394,-0.18492233753204346,-0.20582860108683576,0.0538165420293808,-0.14137053489685059,-0.13213762041399946,0.23250144720077515,-0.10824000835418701,-0.1814912497646617,0.18833476305007935,-0.09112191200256348,-0.17362391349146833,0.13511481881141663,-0.09927248954772949,-0.17263393994639387,0.04284682869911194,-0.04187899827957153,-0.1459619938976573,0.21354904770851135,-0.019180655479431152,-0.18318612274001111,0.17104491591453552,-0.011767685413360596,-0.15563830133746137,0.1219693124294281,-0.02075374126434326,-0.14056369062731733,0.04045500606298447,0.045219600200653076,-0.16212932165930738,0.17392072081565857,0.05497300624847412,-0.18057920929263105,0.1427430510520935,0.052716851234436035,-0.16229000088046064,0.09512466192245483,0.0438956618309021,-0.15327412780592908,boom
0.0,0.0,0.0,0.06707900762557983,-0.12947887182235718,-0.028265753942150695,0.12370546162128448,-0.27076858282089233,-0.06070670689882718,0.13539816439151764,-0.38059142231941223,-0.0898875093037077,0.1345662772655487,-0.48361340165138245,-0.11306847836317502,0.08517222106456757,-0.24344110488891602,-0.11202421243729077,0.23200209438800812,-0.2142011523246765,-0.17030503805221997,0.2026352435350418,-0.17850828170776367,-0.1909072047048994,0.1538078933954239,-0.18414896726608276,-0.2012894993597456,0.05450385808944702,-0.14348548650741577,-0.12521846051754437,0.23372440040111542,-0.11039894819259644,-0.17416828330101453,0.18960978090763092,-0.09200650453567505,-0.16736009176315747,0.135942280292511,-0.09968703985214233,-0.16664289887489758,0.04327382147312164,-0.04412877559661865,-0.13930598850788556,0.21462462842464447,-0.021464645862579346,-0.1763719266230055,0.17249585688114166,-0.013365626335144043,-0.14980773087086163,0.12323643267154694,-0.02229595184326172,-0.13484417851509534,0.04076047241687775,0.04304242134094238,-0.15581528301777325,0.17457376420497894,0.05265277624130249,-0.173485094862599,0.14379815757274628,0.05119067430496216,-0.15502684767784558,0.09619352221488953,0.04247695207595825,-0.14554500039162122,boom
0.0,0.0,0.0,0.06658519804477692,-0.13088291883468628,-0.027888959001643343,0.12301947176456451,-0.27219682931900024,-0.0601072755715677,0.1345292031764984,-0.3809592127799988,-0.08909936967108933,0.1343308389186859,-0.4832519292831421,-0.11205029460404603,0.08473478257656097,-0.24375230073928833,-0.11190955313657014,0.23108401894569397,-0.21462738513946533,-0.16980965408299653,0.20144876837730408,-0.18075871467590332,-0.19015388163541047,0.15210552513599396,-0.18789154291152954,-0.20048698755715577,0.05428829789161682,-0.14376497268676758,-0.1252734658381769,0.23356643319129944,-0.11114990711212158,-0.1740618196389505,0.18941783905029297,-0.09402066469192505,-0.1672917750737497,0.13538473844528198,-0.10188066959381104,-0.16664870056126802,0.04318511486053467,-0.04450118541717529,-0.13942159685109345,0.2142496109008789,-0.021262168884277344,-0.1761653718612024,0.17200857400894165,-0.014046072959899902,-0.14981508227799623,0.12239143252372742,-0.02341562509536743,-0.13513976308320252,0.040383875370025635,0.04244101047515869,-0.15598034831498353,0.174188494682312,0.05299562215805054,-0.17344601425145356,0.14321038126945496,0.05119454860687256,-0.15521348985646455,0.0953686386346817,0.042265117168426514,-0.14603163274739472,boom
0.0,0.0,0.0,0.06707802414894104,-0.1311931014060974,-0.02820166251612477,0.1234930008649826,-0.27200406789779663,-0.06071215919209294,0.13539037108421326,-0.38078221678733826,-0.08990074000311665,0.1351061761379242,-0.48298370838165283,-0.11308517358256154,0.08515125513076782,-0.2432187795639038,-0.11247504553747945,0.23237091302871704,-0.21233630180358887,-0.17060279897404484,0.20230889320373535,-0.17819643020629883,-0.19113183072758488,0.15278437733650208,-0.18540912866592407,-0.20157322338772587,0.05491289496421814,-0.14252221584320068,-0.12567441216660313,0.23451003432273865,-0.10887640714645386,-0.17457853308869176,0.18991026282310486,-0.09173190593719482,-0.16766309789372258,0.1361047327518463,-0.09941369295120239,-0.1669541453476029,0.04402229189872742,-0.042558491230010986,-0.13967417231751256,0.21585991978645325,-0.01995837688446045,-0.1765070562715607,0.17300647497177124,-0.012843012809753418,-0.14971342734051518,0.12337376177310944,-0.021518707275390625,-0.13467128626061253,0.04152040183544159,0.044958293437957764,-0.15611836365414433,0.1754617691040039,0.05428677797317505,-0.17361353388977818,0.14464779198169708,0.05203044414520264,-0.15503491512490086,0.09739035367965698,0.04349237680435181,-0.1455097352619248,boom
0.0,0.0,0.0,0.06695038080215454,-0.13073712587356567,-0.028241234862804276,0.12426449358463287,-0.2714090347290039,-0.06142969898283468,0.13609284162521362,-0.3801409602165222,-0.09130565918385969,0.13752895593643188,-0.4823271930217743,-0.11523182041347013,0.08599001169204712,-0.2440032958984375,-0.114844114550948,0.2338758409023285,-0.21161824464797974,-0.17322339213788496,0.20374992489814758,-0.17723625898361206,-0.19357784188687788,0.15389949083328247,-0.18533307313919067,-0.2039692858546971,0.05534592270851135,-0.14345580339431763,-0.1283081630557774,0.23522618412971497,-0.10883498191833496,-0.1773281703084706,0.1907932162284851,-0.0914185643196106,-0.17029170788228498,0.1362813115119934,-0.09936732053756714,-0.16963760651051984,0.043992750346660614,-0.04355728626251221,-0.14240388668477522,0.2157910168170929,-0.019630074501037598,-0.1792713115304707,0.17359396815299988,-0.011953651905059814,-0.1525040576547383,0.12379422783851624,-0.02087569236755371,-0.13772861755788313,0.04130690544843674,0.04372572898864746,-0.15888163543641554,0.17548704147338867,0.05495631694793701,-0.17666216290891157,0.1449275016784668,0.05326753854751587,-0.1582980016559361,0.09735217690467834,0.04439789056777954,-0.1490645120233296,boom
0.0,0.0,0.0,0.06569823622703552,-0.1304592490196228,-0.02880054557064682,0.12204451858997345,-0.2711033225059509,-0.06157097437719017,0.13392512500286102,-0.3801233172416687,-0.09105285474399238,0.1353444904088974,-0.4813293516635895,-0.11458020874599129,0.08360955119132996,-0.24303656816482544,-0.11286525645593315,0.23186767101287842,-0.21068298816680908,-0.17113491365054756,0.20195001363754272,-0.1770603060722351,-0.19185496338943153,0.15251563489437103,-0.18508529663085938,-0.20237335034946113,0.05337683856487274,-0.14239376783370972,-0.12573906251529365,0.23255512118339539,-0.10772770643234253,-0.17417749234775215,0.18836942315101624,-0.09125387668609619,-0.1673394835863462,0.1343286633491516,-0.0992516279220581,-0.16683391698936134,0.042552001774311066,-0.04244476556777954,-0.13948849805930763,0.2138412892818451,-0.018391430377960205,-0.1761283076677671,0.17144542932510376,-0.011423647403717041,-0.1498831904802671,0.12156058847904205,-0.020385146141052246,-0.13538653620818764,0.040171876549720764,0.044754087924957275,-0.15571167537311226,0.17396986484527588,0.05679267644882202,-0.1734888053808561,0.14304566383361816,0.05533111095428467,-0.1555216557655683,0.09512060880661011,0.04676562547683716,-0.1464729554329267,boom
0.0,0.0,0.0,0.06725284457206726,-0.13053423166275024,-0.028252774424515792,0.12410685420036316,-0.27185457944869995,-0.06027748206969363,0.13624083995819092,-0.38065946102142334,-0.08906715507026775,0.13603638112545013,-0.4827428460121155,-0.11179693932052714,0.08565521240234375,-0.2423728108406067,-0.1111685201000796,0.23390716314315796,-0.21162283420562744,-0.1694977819394694,0.2040885090827942,-0.1789606809616089,-0.1902926504087077,0.15403242409229279,-0.18760734796524048,-0.200675108976327,0.05566544830799103,-0.1411420702934265,-0.12431273753162486,0.23564854264259338,-0.10715091228485107,-0.17313403779979808,0.19120284914970398,-0.09143465757369995,-0.16653122896667583,0.13606417179107666,-0.1002463698387146,-0.16587535435672862,0.04504645615816116,-0.04050743579864502,-0.13836387688633067,0.21690866351127625,-0.017089426517486572,-0.17530618006702525,0.17539244890213013,-0.010654568672180176,-0.14931190902706248,0.12519147992134094,-0.019935905933380127,-0.13467808956619365,0.042902104556560516,0.04730182886123657,-0.15485233957286937,0.17669615149497986,0.05857366323471069,-0.1726130186986552,0.14704002439975739,0.05624479055404663,-0.15460574025627238,0.09958283603191376,0.047559499740600586,-0.14533435697074992,boom
0.0,0.0,0.0,0.06781965494155884,-0.1310521364212036,-0.0283825369634485,0.1251949965953827,-0.2716755270957947,-0.06215898227773664,0.13726401329040527,-0.3804449439048767,-0.09237186890922544,0.13834533095359802,-0.4825095236301422,-0.11670060736022947,0.0855279266834259,-0.2429218292236328,-0.11817054730735777,0.23417001962661743,-0.21028274297714233,-0.17693516892276762,0.20486316084861755,-0.17836642265319824,-0.1970828650601959,0.15511269867420197,-0.1873002052307129,-0.2071803240188217,0.05585184693336487,-0.14164257049560547,-0.1316386191257095,0.2361849844455719,-0.10721194744110107,-0.18068248313747404,0.19250038266181946,-0.09109419584274292,-0.17257035058818815,0.13773582875728607,-0.09899246692657471,-0.17127891165100095,0.04499370604753494,-0.04061073064804077,-0.14558971208415983,0.21667206287384033,-0.017216026782989502,-0.1823888598092651,0.17509198188781738,-0.01026839017868042,-0.15465165954910276,0.12462648749351501,-0.01852595806121826,-0.1393850026734924,0.041922204196453094,0.04738277196884155,-0.16189651471458433,0.17661699652671814,0.05864232778549194,-0.17998320144496915,0.1457078456878662,0.05696970224380493,-0.16117300373397825,0.09677115082740784,0.048613786697387695,-0.1516605792649841,boom
0.0,0.0,0.0,0.06931720674037933,-0.13114404678344727,-0.02913120999554053,0.12592186033725739,-0.27214354276657104,-0.06302762269595519,0.13699983060359955,-0.38096392154693604,-0.0932150506935443,0.13825508952140808,-0.48333045840263367,-0.11747261374810591,0.0852281004190445,-0.24373221397399902,-0.11803791164973632,0.23352496325969696,-0.20984435081481934,-0.17668944090226546,0.20421455800533295,-0.17908930778503418,-0.19670560448983565,0.15482793748378754,-0.189164400100708,-0.206781352456602,0.05510953068733215,-0.14235347509384155,-0.13107145815709487,0.2360115796327591,-0.10645842552185059,-0.18041108041623488,0.19270570576190948,-0.09120762348175049,-0.17273503034928694,0.13813629746437073,-0.09976166486740112,-0.17166028409818068,0.044316522777080536,-0.04111051559448242,-0.1446279534659709,0.21676306426525116,-0.01566106081008911,-0.18173600226262465,0.17500679194927216,-0.009814739227294922,-0.15436300128320113,0.12424677610397339,-0.01863574981689453,-0.13917341321328536,0.04146793484687805,0.04720371961593628,-0.16061809151986495,0.17570532858371735,0.06001746654510498,-0.17890203982213393,0.14506033062934875,0.05725640058517456,-0.1605605879388179,0.0962260514497757,0.048260509967803955,-0.15128644793847457,boom
0.0,0.0,0.0,0.06869713962078094,-0.1324373483657837,-0.02982709927880478,0.12468153238296509,-0.27170330286026,-0.06438289394998264,0.13467805087566376,-0.3788885772228241,-0.09510396978282643,0.13423189520835876,-0.48061907291412354,-0.11977540513896656,0.0818849503993988,-0.2378174066543579,-0.12018001636886311,0.2313571274280548,-0.20516520738601685,-0.17944163641357136,0.2024712860584259,-0.1752663254737854,-0.19950935801887226,0.1522931456565857,-0.18459242582321167,-0.209328925222394,0.051154375076293945,-0.13474464416503906,-0.1329535897674532,0.2337266206741333,-0.10050112009048462,-0.18310867807292652,0.18989145755767822,-0.08719068765640259,-0.17529999277019215,0.1339641958475113,-0.0960245132446289,-0.1740614678564043,0.04079034924507141,-0.03335261344909668,-0.14620954355621052,0.21464091539382935,-0.010411262512207031,-0.18377668222808552,0.1729368269443512,-0.006510138511657715,-0.15618390402221394,0.12173637747764587,-0.016019105911254883,-0.1408253963890047,0.0386604443192482,0.053965210914611816,-0.16195966860675526,0.1738506555557251,0.06535005569458008,-0.1801863368453951,0.14310874044895172,0.061746299266815186,-0.1614001002016039,0.09369245171546936,0.05286294221878052,-0.15189081987762165,boom
0.0,0.0,0.0,0.07005341351032257,-0.13337260484695435,-0.028911443136877324,0.12670962512493134,-0.275448739528656,-0.06172215537006309,0.1376761645078659,-0.38431432843208313,-0.09120482922369888,0.13682831823825836,-0.48704469203948975,-0.11456800968224456,0.08615575730800629,-0.2427043914794922,-0.11415439815098694,0.2348240464925766,-0.2099859118461609,-0.17316163302237442,0.2052135020494461,-0.17685407400131226,-0.19392131985003402,0.15464243292808533,-0.18561142683029175,-0.20431946934039047,0.055076852440834045,-0.14134633541107178,-0.12718542636210373,0.23568598926067352,-0.10572946071624756,-0.17608889163309982,0.19192443788051605,-0.08881056308746338,-0.1689412963467305,0.13663670420646667,-0.09704625606536865,-0.16843546152884414,0.0438622385263443,-0.04051178693771362,-0.14109017670924118,0.216364786028862,-0.01507878303527832,-0.17812774301344803,0.17514197528362274,-0.007979929447174072,-0.15159981668765,0.12458623945713043,-0.01693260669708252,-0.13700831652457168,0.04117588698863983,0.04717981815338135,-0.1575182747917836,0.1763351708650589,0.06145298480987549,-0.17518930853182724,0.1463746577501297,0.05979204177856445,-0.1569958251791661,0.09790347516536713,0.05097627639770508,-0.1479793262558644,boom
0.0,0.0,0.0,0.06898438930511475,-0.13209867477416992,-0.029163311179701168,0.12592613697052002,-0.2734382748603821,-0.06280912173909314,0.1373623013496399,-0.38311728835105896,-0.09279689652842649,0.13669805228710175,-0.48641470074653625,-0.11668450100344785,0.0850759893655777,-0.24096298217773438,-0.11754096759480603,0.23499315977096558,-0.20935207605361938,-0.17661615921181806,0.20556339621543884,-0.17760056257247925,-0.19650710834187635,0.15516574680805206,-0.18599319458007812,-0.20605611516160138,0.05365407466888428,-0.1392766237258911,-0.130136576425258,0.23548391461372375,-0.10508596897125244,-0.17951872659844526,0.191745787858963,-0.08931177854537964,-0.17127954674882062,0.13695386052131653,-0.09753680229187012,-0.16973395360631116,0.042588382959365845,-0.03839552402496338,-0.14339941455048688,0.21594372391700745,-0.014461636543273926,-0.1803876729123033,0.17462462186813354,-0.009068310260772705,-0.1527009279839433,0.12430781126022339,-0.018418073654174805,-0.13719322992486127,0.040277086198329926,0.04922974109649658,-0.15912279201668866,0.17568114399909973,0.061010003089904785,-0.17645457101983197,0.1452997624874115,0.05768918991088867,-0.15752669883889325,0.09668771922588348,0.04825234413146973,-0.1479253889433778,boom
0.0,0.0,0.0,0.06850472092628479,-0.13250941038131714,-0.028630765680361492,0.12579576671123505,-0.27405428886413574,-0.06238579988865922,0.13757574558258057,-0.384692907333374,-0.09270659327893327,0.13709942996501923,-0.4893730580806732,-0.1171021708884723,0.0870773047208786,-0.24614828824996948,-0.11776755988984178,0.23575927317142487,-0.214133620262146,-0.17667656630663942,0.20608727633953094,-0.17871880531311035,-0.1964611658492572,0.15626542270183563,-0.1856425404548645,-0.2064092108645923,0.056379690766334534,-0.14534473419189453,-0.1313737580218799,0.2369624227285385,-0.10876023769378662,-0.1803830662408359,0.19260193407535553,-0.08973151445388794,-0.17217510432391236,0.13818685710430145,-0.09705257415771484,-0.1711347499528415,0.04438505321741104,-0.044374287128448486,-0.14564153045802186,0.21688471734523773,-0.017926275730133057,-0.1827076771893985,0.1747899204492569,-0.009849846363067627,-0.15524728089957307,0.12495045363903046,-0.01855260133743286,-0.14036459714560579,0.04061213880777359,0.044091224670410156,-0.1623401293197162,0.175820991396904,0.05917048454284668,-0.1805729517379291,0.14543414115905762,0.05775809288024902,-0.1623212346473224,0.09772031009197235,0.0484965443611145,-0.15337652951865266,boom
0.0,0.0,0.0,0.0673917680978775,-0.13236069679260254,-0.02847926632483677,0.12419213354587555,-0.274321973323822,-0.062088049361307185,0.1358325332403183,-0.3851395547389984,-0.0921383941264935,0.13557735085487366,-0.48934006690979004,-0.11609816492517666,0.08439823985099792,-0.24775809049606323,-0.1182914519401379,0.23425649106502533,-0.215823233127594,-0.17702633828838543,0.204040989279747,-0.18379902839660645,-0.1963237294646092,0.15460193157196045,-0.19282299280166626,-0.20597939879615978,0.05485178530216217,-0.14647799730300903,-0.1318974712582417,0.2371111959218979,-0.11096888780593872,-0.18152432830055432,0.19142542779445648,-0.09470576047897339,-0.17302050382812695,0.13669364154338837,-0.10261017084121704,-0.17141889722068981,0.044140152633190155,-0.04528617858886719,-0.14606673211773114,0.2179711014032364,-0.02004563808441162,-0.1833193519802876,0.1743304282426834,-0.013682961463928223,-0.15568087191303448,0.12382248044013977,-0.022531747817993164,-0.140480391094286,0.04138949513435364,0.04344737529754639,-0.1626620957346745,0.17684189975261688,0.05693686008453369,-0.18124990851600842,0.14490731060504913,0.054927170276641846,-0.16330402285774426,0.09634463489055634,0.04583263397216797,-0.1544116804095097,boom
0.0,0.0,0.0,0.06732508540153503,-0.13263410329818726,-0.027134384938335643,0.124479740858078,-0.27423369884490967,-0.059619083978986964,0.136231929063797,-0.38417598605155945,-0.08890864623413108,0.13771580159664154,-0.48744484782218933,-0.11206711454019569,0.08673098683357239,-0.24570763111114502,-0.11512750012502693,0.2377428412437439,-0.21448367834091187,-0.17371098322496437,0.20673641562461853,-0.18279016017913818,-0.19317595285997413,0.15614630281925201,-0.1921057105064392,-0.20268533749208473,0.05655014514923096,-0.14426761865615845,-0.12905965370759986,0.23948737978935242,-0.1104326844215393,-0.17893261832819007,0.19302994012832642,-0.09480029344558716,-0.1704602651082041,0.13751016557216644,-0.10258489847183228,-0.16840500754938148,0.04542312026023865,-0.043100595474243164,-0.1436021439515116,0.21953973174095154,-0.019539177417755127,-0.18108348173723243,0.1761367917060852,-0.013494372367858887,-0.15352376920805,0.12575103342533112,-0.022003591060638428,-0.1378132663451197,0.042479224503040314,0.04598957300186157,-0.1604689173184397,0.17876321077346802,0.057186126708984375,-0.17857835812196754,0.14746960997581482,0.054611265659332275,-0.16013988477811836,0.09921737015247345,0.04631847143173218,-0.1505785695992472,boom
0.0,0.0,0.0,0.06819011270999908,-0.13271993398666382,-0.02848314861105905,0.12559522688388824,-0.27296024560928345,-0.06330932112680898,0.1363404095172882,-0.3822551369667053,-0.09450893285023199,0.13540415465831757,-0.4862942397594452,-0.11978174181925283,0.08494003117084503,-0.24634307622909546,-0.12251642527328954,0.23482345044612885,-0.21274375915527344,-0.18218460114943014,0.20433340966701508,-0.1837490200996399,-0.20213016303526388,0.15434113144874573,-0.1961345076560974,-0.21241393121229635,0.055084094405174255,-0.14401227235794067,-0.13675672741877065,0.23751430213451385,-0.10659319162368774,-0.18815446825968252,0.19189147651195526,-0.09345811605453491,-0.18026224704729543,0.13683035969734192,-0.10371905565261841,-0.17919453414427267,0.0441252663731575,-0.04200345277786255,-0.1511965039585732,0.2186250239610672,-0.015992403030395508,-0.18981877895342336,0.17443133890628815,-0.01095670461654663,-0.16143288644300924,0.12310022115707397,-0.019869506359100342,-0.14566856058584676,0.04089345037937164,0.04734081029891968,-0.1680400613163613,0.17777399718761444,0.059557557106018066,-0.18800514372335897,0.1455451101064682,0.05642980337142944,-0.16962302657114492,0.0956995040178299,0.04787677526473999,-0.16025773616777883,boom
