lm_0_x,lm_0_y,lm_0_z,lm_5_x,lm_5_y,lm_5_z,lm_6_x,lm_6_y,lm_6_z,lm_7_x,lm_7_y,lm_7_z,lm_8_x,lm_8_y,lm_8_z,lm_9_x,lm_9_y,lm_9_z,lm_10_x,lm_10_y,lm_10_z,lm_11_x,lm_11_y,lm_11_z,lm_12_x,lm_12_y,lm_12_z,lm_13_x,lm_13_y,lm_13_z,lm_14_x,lm_14_y,lm_14_z,lm_15_x,lm_15_y,lm_15_z,lm_16_x,lm_16_y,lm_16_z,lm_17_x,lm_17_y,lm_17_z,lm_18_x,lm_18_y,lm_18_z,lm_19_x,lm_19_y,lm_19_z,lm_20_x,lm_20_y,lm_20_z,dist_8_12,dist_8_16,dist_8_20,dist_12_16,dist_12_20,dist_16_20,label
0.0,0.0,0.0,-0.03199237585067749,-0.2081851363182068,-0.06530532704860548,-0.04285287857055664,-0.34848979115486145,-0.065737110545939,-0.05959600210189819,-0.34149807691574097,-0.04397637488514761,-0.061754822731018066,-0.3099735677242279,-0.02943627068967203,0.027817606925964355,-0.21619835495948792,-0.06425421403915266,0.014459967613220215,-0.3766492009162903,-0.07788204120666364,-0.0019022822380065918,-0.39968425035476685,-0.07172331677944044,-0.012281715869903564,-0.3930709958076477,-0.06657009290725568,0.07427746057510376,-0.20258739590644836,-0.060357318243092095,0.09565293788909912,-0.3502505421638489,-0.08237489776880125,0.10399669408798218,-0.44390369951725006,-0.10243491547376493,0.10308700799942017,-0.5156079530715942,-0.11867115365535597,-0.014965156714120242,-0.09908057227571568,0.12288951133034587,0.16489037033180692,-0.036410481203180745,-0.17941444253081096,-0.11857703083226925,0.08766657005527534,0.061482553968386644,0.13285494612326676,-0.13734794654203336,0.03542548251030353,0.10359387824122374,0.27824664226842144,0.26810373785203223,0.17618106843193954,0.3112266472925842,0.4095272102772418,c_major
0.0,0.0,0.0,-0.031004667282104492,-0.20634126663208008,-0.0686045990256332,-0.042834699153900146,-0.35018301010131836,-0.06819852748193966,-0.06049710512161255,-0.33904916048049927,-0.04524016314425694,-0.061827778816223145,-0.3054943084716797,-0.030099219915058484,0.028778672218322754,-0.2144109010696411,-0.0668786794809364,0.014947474002838135,-0.3777509331703186,-0.07952924379387127,-0.00180894136428833,-0.39956632256507874,-0.07218638369121777,-0.011395931243896484,-0.3918728232383728,-0.0665027827886604,0.07499533891677856,-0.20050129294395447,-0.0620375194517635,0.09453779458999634,-0.34857475757598877,-0.08278969236889111,0.1024101972579956,-0.44284939765930176,-0.1022151292232536,0.10204750299453735,-0.5150269269943237,-0.11844934084692227,0.07817487784087795,-0.18547959233969566,0.09798311382020475,-0.12233460802260634,-0.06741206975313618,0.19190829588795555,0.002741188595218713,-0.061155672144293016,-0.18269339067103682,-0.18910280149189887,-0.06937077311766937,-0.14782198140215314,0.10644171387548444,0.2802940778578581,0.292936689264622,0.1753134077526353,0.3770943066774381,0.5331422505334421,c_major
0.0,0.0,0.0,-0.03358578681945801,-0.20622923970222473,-0.06583016833164379,-0.04502171277999878,-0.3492090106010437,-0.06801254769661114,-0.062143564224243164,-0.34266144037246704,-0.0476021887908189,-0.06426191329956055,-0.3100432753562927,-0.033597906137487143,0.025570034980773926,-0.21389555931091309,-0.06468651166059658,0.0132521390914917,-0.3780798316001892,-0.07982591261961147,-0.0032889842987060547,-0.40088245272636414,-0.07428553422786877,-0.013831615447998047,-0.39275598526000977,-0.06890111883976147,0.07210016250610352,-0.2008799910545349,-0.060980820114394874,0.0937354564666748,-0.3496808707714081,-0.08364637663461849,0.10143721103668213,-0.443218857049942,-0.1039073737511842,0.10001909732818604,-0.5142161846160889,-0.11985071470834896,0.0922891057998339,0.09549851734266224,0.10776809837873924,-0.1847105011478719,0.19699647449928231,0.10808687028134373,-0.06927442706582637,0.04991253979480842,0.169420176672534,-0.060865152509326365,-0.16453540643899522,-0.0781927739755029,0.10310637297527143,0.27588833667780244,0.15222608231906118,0.17409889760258687,0.23320188905980116,0.38716375411241455,c_major
0.0,0.0,0.0,-0.03199148178100586,-0.20442122220993042,-0.07178647825051598,-0.04395401477813721,-0.34522536396980286,-0.0725348443679934,-0.060103535652160645,-0.34034961462020874,-0.04950113975931458,-0.06276434659957886,-0.3108363449573517,-0.03408102700043969,0.027495086193084717,-0.21287474036216736,-0.07022926965285592,0.0134735107421875,-0.37627387046813965,-0.08508978792954736,-0.0029900670051574707,-0.39942046999931335,-0.07845951625634484,-0.013553977012634277,-0.39190801978111267,-0.07265006014634423,0.07422083616256714,-0.19959744811058044,-0.06551373758841805,0.09515154361724854,-0.35009267926216125,-0.08817661562491708,0.10324364900588989,-0.4446559250354767,-0.10812531420518212,0.10256940126419067,-0.5163762271404266,-0.12422487148572259,-0.01964167135126399,-0.048796790084148084,0.0063044579298704995,0.10318992460459608,0.1941922670492166,0.1992240180687132,0.03165357735656671,0.0679658840781956,0.067260306469545,0.11343534793579868,0.08175565573845678,0.18756108765265805,0.10238089299973509,0.27876119537894745,0.4840454920279652,0.17786774522199417,0.5551516978236137,0.6746038114546555,c_major
0.0,0.0,0.0,-0.03393620252609253,-0.20562458038330078,-0.06835349364672538,-0.046341657638549805,-0.34846314787864685,-0.07003581239376899,-0.06285089254379272,-0.34537389874458313,-0.048773822323425975,-0.06570267677307129,-0.31534403562545776,-0.03432986973319885,0.025647878646850586,-0.21419435739517212,-0.06707966788206932,0.012838602066040039,-0.37726640701293945,-0.08181925578509208,-0.0031415820121765137,-0.4001016616821289,-0.07607844932471153,-0.01364988088607788,-0.39183980226516724,-0.07089137001429435,0.07240146398544312,-0.20129776000976562,-0.06308849616442558,0.09427797794342041,-0.35225528478622437,-0.08580776764546272,0.1020050048828125,-0.44571302831172943,-0.10636387480889198,0.10093182325363159,-0.5165462493896484,-0.12285548164044258,-0.13574956562219254,-0.17996117746389056,-0.04243139875951507,-0.09442322455676089,-0.11951385130619491,-0.0942174998520132,-0.08326463205041681,0.02697834856766837,0.1543216197101842,0.06015764662547102,-0.16593847426291958,-0.04069259518704432,0.09948788457020499,0.2758372190011933,0.19545671399888476,0.17714664483152295,0.23956403551370994,0.3624073472894463,c_major
0.0,0.0,0.0,-0.030858278274536133,-0.20293527841567993,-0.07141708335811359,-0.04354524612426758,-0.3441561758518219,-0.07312049469882709,-0.06003957986831665,-0.342051237821579,-0.05099601424271327,-0.06308203935623169,-0.31417858600616455,-0.03603962189490062,0.028446555137634277,-0.2115495502948761,-0.07046192637616855,0.014228284358978271,-0.375249445438385,-0.08540617427760822,-0.002245485782623291,-0.39842337369918823,-0.07868616781169635,-0.012523531913757324,-0.3907066583633423,-0.07292654863530856,0.07533186674118042,-0.19810354709625244,-0.0664339711421178,0.09692758321762085,-0.34999069571495056,-0.0892807369583295,0.10433536767959595,-0.4436523914337158,-0.10866581401759845,0.10334855318069458,-0.5140835642814636,-0.12436652681762439,-0.009292499353194206,0.058792110008060894,-0.19641042186339344,0.1617837191030611,-0.12772090245923662,-0.024537846222699,-0.13209534022810743,0.18850338109494114,-0.1656213491429223,-0.06654556675530615,-0.06093553904280183,0.05982104486096668,0.09886027461962864,0.2747049045879379,0.27080122652641647,0.1769018721592906,0.3595682062771902,0.5178148378787375,c_major
0.0,0.0,0.0,-0.033179283142089844,-0.20604577660560608,-0.0675785855996196,-0.045382678508758545,-0.3493463397026062,-0.06837412134285614,-0.062139928340911865,-0.34651362895965576,-0.04646105483647034,-0.06465345621109009,-0.31660914421081543,-0.031647929702955935,0.027067124843597412,-0.21461805701255798,-0.06644655183430359,0.014392256736755371,-0.3770592510700226,-0.08040426835890457,-0.002028048038482666,-0.40251612663269043,-0.07432483301039383,-0.012970268726348877,-0.3964362144470215,-0.06913834974642441,0.07393151521682739,-0.20171034336090088,-0.06246781513567612,0.09519940614700317,-0.3507140874862671,-0.08478648379917786,0.1023758053779602,-0.44494909048080444,-0.10529846117373154,0.10067516565322876,-0.5161771774291992,-0.12181282207842514,0.07565877264656085,0.07189675761845743,-0.060672799222995816,0.10264351998064225,-0.1532443451400703,-0.049444989782325616,0.015522898174775979,0.09700107412407888,-0.0471083061306615,-0.11582425643570193,0.06685546647141694,-0.11129669134895624,0.10222056841025091,0.2743914373796836,0.39497782681189153,0.17328526482848117,0.4764403951835148,0.622020620738656,c_major
0.0,0.0,0.0,-0.031012296676635742,-0.20537662506103516,-0.06814486623036942,-0.04351317882537842,-0.3479028642177582,-0.06908848226296982,-0.060640037059783936,-0.3416490852832794,-0.04739430263865074,-0.06291109323501587,-0.3121688961982727,-0.03298051372397026,0.029195427894592285,-0.21387407183647156,-0.06730578184354385,0.01609724760055542,-0.37635836005210876,-0.08100058973062119,-0.0005382895469665527,-0.3992185592651367,-0.07461121767985901,-0.010827183723449707,-0.3922121226787567,-0.06937594056356033,0.075969398021698,-0.2007293403148651,-0.06353998273837647,0.09658151865005493,-0.34928098320961,-0.08542966932284912,0.1033470630645752,-0.44510115683078766,-0.10568043679225525,0.10194683074951172,-0.5188443660736084,-0.12228303492295822,-0.040617048003506906,-0.17215872880492006,-0.16361968059351564,-0.17154430498167783,0.12764273445061963,0.12605133242807448,0.18985044662786693,-0.04085589990363073,-0.05603779595165312,0.18525462321484676,0.017385097857754633,-0.11662883670445581,0.10219725451425309,0.2790480697678713,0.4209383562432882,0.17763125862616327,0.45656411847310685,0.5426916216702249,c_major
0.0,0.0,0.0,-0.03330826759338379,-0.2086123824119568,-0.06704871571406557,-0.04445439577102661,-0.3509160876274109,-0.06684600031718446,-0.06191408634185791,-0.33974114060401917,-0.04424990183457567,-0.06341010332107544,-0.30581220984458923,-0.02926101191684438,0.028182148933410645,-0.21696501970291138,-0.06591504282101823,0.015249371528625488,-0.3791325092315674,-0.07885227567300035,-0.0019251108169555664,-0.4014744162559509,-0.07199167675122453,-0.01222771406173706,-0.39386382699012756,-0.06648669606789781,0.07497590780258179,-0.20357167720794678,-0.06173492437943651,0.09436863660812378,-0.351509690284729,-0.08323086268052293,0.10131031274795532,-0.4462975114583969,-0.10376814967736436,0.10031163692474365,-0.5189332962036133,-0.12062157160386278,-0.1529055971770102,0.029730482847170336,-0.16627728218379878,-0.16207957235803075,-0.14404238756623966,-0.06558633718763565,-0.01897377412596918,-0.14485452436575033,0.16109023435252823,0.13888805530686738,-0.07176494395474675,-0.19319493732626963,0.10843650590439037,0.28385235166595907,0.350109982084073,0.1767429274372691,0.3776753163860394,0.4546587387485665,c_major
0.0,0.0,0.0,-0.03226202726364136,-0.20903804898262024,-0.06512900038330827,-0.044642090797424316,-0.34989485144615173,-0.06531956388323579,-0.06200265884399414,-0.33931073546409607,-0.044104739713361596,-0.06376093626022339,-0.3073393404483795,-0.030159076365521287,0.027752220630645752,-0.2172870934009552,-0.0641213540610579,0.01562601327896118,-0.3778204023838043,-0.07723497940867219,-0.0013121366500854492,-0.40183329582214355,-0.0718243752297667,-0.012487173080444336,-0.3971523344516754,-0.06739916993944917,0.07419919967651367,-0.2037583589553833,-0.06021512268750939,0.0953371524810791,-0.34987640380859375,-0.08160610838501725,0.10267555713653564,-0.4447568356990814,-0.10247316552965913,0.10111677646636963,-0.51797816157341,-0.11941876603930268,-0.11317724911154543,-0.03772165951992412,0.009974861667839313,-0.0019228289584939662,-0.09816991756312383,-0.19682918633416577,-0.065426707644854,0.12098555795557187,-0.09383560358209415,0.15170178407594265,0.009382756366452083,0.12819851895077167,0.10991904863055828,0.2819940873840359,0.414504762891578,0.17381247432413546,0.48009087641591425,0.584792869818956,c_major
0.0,0.0,0.0,-0.03284585475921631,-0.2057577669620514,-0.06550703452344919,-0.044717490673065186,-0.3458942174911499,-0.06668928520198847,-0.062460899353027344,-0.334433376789093,-0.04635599882718111,-0.06481730937957764,-0.300731360912323,-0.032820689244232426,0.02698904275894165,-0.21401819586753845,-0.0642526324224093,0.014843583106994629,-0.3754061460494995,-0.07844363407608057,-0.002286255359649658,-0.3994249701499939,-0.0738441299032786,-0.013790547847747803,-0.3942849338054657,-0.06974757717367197,0.07370662689208984,-0.2007412612438202,-0.060233472598753224,0.09526664018630981,-0.3471881151199341,-0.0821952994298556,0.10253751277923584,-0.4414742588996887,-0.10309420780654932,0.1004413366317749,-0.5137690901756287,-0.1198173935842135,-0.04876159694081075,-0.047765116089039245,0.09209818065677161,-0.19451671644970014,-0.12335760040888953,-0.030164457849219672,0.14943466334922256,-0.08535546965346824,0.13035736534124287,-0.10802286451011578,0.06752933229385771,0.055041764266439475,0.1127811883500621,0.2833088786769471,0.38105441723164646,0.17272050709344824,0.48757002124153426,0.641826225864509,c_major
0.0,0.0,0.0,-0.033825814723968506,-0.20452171564102173,-0.06791389086410504,-0.04534953832626343,-0.34767115116119385,-0.07037471332714063,-0.06330668926239014,-0.3402823209762573,-0.04967937716409665,-0.06553620100021362,-0.3075857162475586,-0.0357629927353571,0.02644217014312744,-0.21300482749938965,-0.06621363856956464,0.012936115264892578,-0.3783639073371887,-0.08307755091354352,-0.005093932151794434,-0.40049272775650024,-0.07812702008649808,-0.01700007915496826,-0.3921710252761841,-0.07286023446485501,0.07320457696914673,-0.20077669620513916,-0.06206363537475568,0.09354507923126221,-0.34713226556777954,-0.08608510443136197,0.10058903694152832,-0.44138994812965393,-0.10709003456994992,0.09888684749603271,-0.5139348804950714,-0.12336348095104199,0.07578278239155356,-0.17742478589367472,-0.08060437849233422,0.18821165681765428,0.13981440294387626,0.00871058279595388,0.09081711688452315,0.09315615780501146,0.09476290828663575,0.0725508641113074,0.16999590273905413,0.01671383981511343,0.10433903857704162,0.2780085646128053,0.49990604947281614,0.1755186432035788,0.5762590920558938,0.6986247605611393,c_major
0.0,0.0,0.0,-0.03493213653564453,-0.20200544595718384,-0.06901097298464265,-0.047542572021484375,-0.3451361656188965,-0.07068887353739228,-0.0644490122795105,-0.34017232060432434,-0.04863000289401498,-0.06607073545455933,-0.30899128317832947,-0.03375563026270356,0.025536835193634033,-0.21124792098999023,-0.06727226079306092,0.011114835739135742,-0.3770563006401062,-0.08374270052513566,-0.006990969181060791,-0.39860814809799194,-0.07756066323122468,-0.018723785877227783,-0.3889913558959961,-0.07133688033422914,0.07271790504455566,-0.19942247867584229,-0.06288249791464295,0.09324318170547485,-0.3489217460155487,-0.08696373552879777,0.09939974546432495,-0.4427752047777176,-0.10741150379976716,0.09695291519165039,-0.5141255855560303,-0.12321043015322175,0.18203151581788735,0.10854976993830451,0.015745265831122485,0.1367459129718966,-0.015575714122932627,0.013695780034001487,0.03948278030008723,-0.0003467031409781218,-0.08478342713533205,0.0002914103261867085,-0.14180147800405118,-0.028171624055949085,0.10027011332420475,0.2768735341368981,0.1799654035423342,0.17813068173004978,0.2516498614513002,0.3962335955615434,c_major
0.0,0.0,0.0,-0.035460591316223145,-0.2032453417778015,-0.06863166024103862,-0.04780513048171997,-0.3458612561225891,-0.07059948523655635,-0.06381267309188843,-0.33895519375801086,-0.049505744177253064,-0.06432497501373291,-0.3084072470664978,-0.035506311851889905,0.025495409965515137,-0.2122853696346283,-0.06700498242989283,0.010872185230255127,-0.3773539960384369,-0.08314773072615367,-0.006523013114929199,-0.39675575494766235,-0.07742767413273555,-0.017158985137939453,-0.38666900992393494,-0.07173944641962748,0.07263582944869995,-0.20084461569786072,-0.06279520322695475,0.09213465452194214,-0.35120540857315063,-0.08622924615755778,0.09814232587814331,-0.4454652965068817,-0.10691246767655116,0.09599661827087402,-0.5188799798488617,-0.12329469998493892,-0.060143527190840124,0.08322296861085338,-0.04623010251284332,-0.041777933828864994,-0.011448857425654074,0.1710761843142593,0.028422126349433446,0.09170979920006767,0.18193585298854104,-0.16870231636662472,0.12128064383230103,0.09350113372515084,0.09829737619652397,0.2787625972206281,0.4606183170340377,0.18149896782485053,0.5552320968005632,0.7258592037193818,c_major
0.0,0.0,0.0,-0.03286164999008179,-0.20766618847846985,-0.06985638248542614,-0.0479397177696228,-0.35121822357177734,-0.07057184683898754,-0.065757155418396,-0.34606021642684937,-0.04796212496975727,-0.06899213790893555,-0.31458422541618347,-0.03268019812921352,0.027291178703308105,-0.2169821560382843,-0.06797686922172375,0.012266039848327637,-0.3812749981880188,-0.08286073016742534,-0.005555212497711182,-0.4055413007736206,-0.07677201139549084,-0.018277406692504883,-0.3985697627067566,-0.0713380272946722,0.07454639673233032,-0.20471295714378357,-0.06311263101915188,0.09452533721923828,-0.3546532392501831,-0.08569902884582348,0.100558340549469,-0.4486618638038635,-0.10577990817645855,0.09709489345550537,-0.5197644829750061,-0.1218528519831068,0.12754930659507435,-0.0764609738242891,-0.18051810799778575,0.1165975258085844,-0.1207415327005129,0.005513747036785921,-0.1297716351533188,-0.09892984784967945,0.0788895955728176,-0.0875702840062746,0.1447461659034593,-0.09019739522694122,0.10545132617528735,0.2786316605748597,0.4632901724235569,0.1747875149306869,0.5480414007050991,0.6904184949596232,c_major
0.0,0.0,0.0,-0.03254419565200806,-0.2082822024822235,-0.06915740332433984,-0.0462527871131897,-0.3508009910583496,-0.06988817862102792,-0.06477373838424683,-0.34506964683532715,-0.047568936262820216,-0.0682033896446228,-0.3128092288970947,-0.03240283614823625,0.028069138526916504,-0.217139333486557,-0.067402501021121,0.014768242835998535,-0.38003411889076233,-0.0823045264823179,-0.0036551952362060547,-0.4058290719985962,-0.0765546154124479,-0.017023921012878418,-0.39982497692108154,-0.07136086783239648,0.07516759634017944,-0.20416894555091858,-0.06253210863897607,0.0962643027305603,-0.35161182284355164,-0.0852375965459089,0.10240495204925537,-0.447529137134552,-0.10579757056066796,0.09872609376907349,-0.5196346044540405,-0.12209001592228219,0.17420022706930077,0.041110316002685915,0.08606958621244115,-0.034173266795967716,0.10575342611172783,-0.14698558297703454,0.08029430512979069,-0.022070938384532557,-0.09386981072616446,-0.09504582778701098,-0.1484867216014464,0.06619281049406422,0.10820723934333464,0.280510211263079,0.19350324138414246,0.174143214732972,0.29695008157084074,0.4590737753921785,c_major
0.0,0.0,0.0,-0.03418314456939697,-0.20971086621284485,-0.06694616436956835,-0.04686552286148071,-0.3498545289039612,-0.06759353786705447,-0.06502270698547363,-0.3401623070240021,-0.0456203190982194,-0.06747591495513916,-0.30615007877349854,-0.030876234769806388,0.026723623275756836,-0.21874898672103882,-0.06528402924536181,0.013159632682800293,-0.3796451687812805,-0.08036781907080126,-0.004709720611572266,-0.40177178382873535,-0.07501475572584582,-0.01621687412261963,-0.39368104934692383,-0.06991330593822909,0.07358229160308838,-0.20585715770721436,-0.06065517723558855,0.09385448694229126,-0.3501720130443573,-0.08356025874613238,0.10038655996322632,-0.44639846682548523,-0.10519699811933947,0.09825277328491211,-0.5198606252670288,-0.12226559281347704,-0.032635040766143986,-0.08767704582566993,0.04079765599682261,-0.17696524828304852,0.03509756606547723,0.014606221141196946,-0.10973168955953416,0.12391960146334807,0.01063982960997395,-0.04607657620392219,-0.13688263825935953,0.08408833249477848,0.10868786961756242,0.28546490248709333,0.2057334436680876,0.1782283577269634,0.3009211364885036,0.4583503486923967,c_major
0.0,0.0,0.0,-0.032470881938934326,-0.21010756492614746,-0.06736969573168494,-0.0484621524810791,-0.3518141508102417,-0.06700379026798942,-0.06704992055892944,-0.3447272777557373,-0.04487509650854804,-0.0709565281867981,-0.31249046325683594,-0.03021421095101573,0.02784019708633423,-0.2196643352508545,-0.06595828009514548,0.013673245906829834,-0.380658358335495,-0.07894485814242103,-0.0049163103103637695,-0.4075840711593628,-0.07367211950688102,-0.01881319284439087,-0.4034018814563751,-0.06962217015890815,0.07464396953582764,-0.20650723576545715,-0.06136182693509795,0.09575635194778442,-0.35390883684158325,-0.082195784875438,0.10195666551589966,-0.44929566979408264,-0.10270762813954093,0.09880650043487549,-0.5212094783782959,-0.11975343895821311,-0.010042564331752019,-0.0023102795834015755,0.027284926347557054,0.1715602777021355,0.15257288180981216,-0.1529797767053702,-0.06436642768930945,-0.050564199458017545,0.18057107058420918,-0.01466837264877996,0.08291945295302566,-0.048775766415094374,0.11196785533631137,0.2835496191360522,0.39982732476934085,0.173856740597121,0.4867855712582741,0.6187779427973452,c_major
0.0,0.0,0.0,-0.031491994857788086,-0.21032962203025818,-0.06920998478665297,-0.046947360038757324,-0.3536403775215149,-0.06870169127716963,-0.06502825021743774,-0.34659016132354736,-0.04585390100612585,-0.06768649816513062,-0.31399011611938477,-0.030783317334794447,0.02875310182571411,-0.21905747056007385,-0.06746981228127424,0.014673590660095215,-0.38299134373664856,-0.08038622821106856,-0.0037745237350463867,-0.40914586186408997,-0.07430768693222944,-0.016685307025909424,-0.4030107259750366,-0.06964763934149687,0.07542699575424194,-0.20519912242889404,-0.06257536942496245,0.09627276659011841,-0.35457339882850647,-0.08322445983424132,0.1030016541481018,-0.44824643433094025,-0.10324609959855024,0.1007542610168457,-0.5180706083774567,-0.12008929932846968,-0.11691112746984969,-0.012788429385175493,-0.10998474662800994,-0.07643717971756928,0.05802120350837148,-0.16037269920123418,0.11543154578515014,-0.10326211520901603,0.09561416759560948,0.11206110884543641,-0.02640028492530533,-0.17112689670507697,0.10970973521858582,0.2792788840817582,0.36703328664131696,0.1719743868800497,0.410742137578377,0.49444149109610397,c_major
0.0,0.0,0.0,-0.03326237201690674,-0.20809128880500793,-0.0673219366632054,-0.0469897985458374,-0.35123175382614136,-0.06771242904287078,-0.06427925825119019,-0.34502705931663513,-0.04592735978584983,-0.06667596101760864,-0.31145527958869934,-0.03129430773478248,0.027833938598632812,-0.21751534938812256,-0.06601704942804076,0.014872312545776367,-0.38159239292144775,-0.07964314806085326,-0.003103792667388916,-0.40936243534088135,-0.07412804948907592,-0.0163116455078125,-0.404636025428772,-0.06959132390838363,0.0750265121459961,-0.20477667450904846,-0.06165800901871421,0.09693300724029541,-0.3544516861438751,-0.08292255836349227,0.10359245538711548,-0.44777023792266846,-0.10279260861497619,0.1007685661315918,-0.5175326466560364,-0.11914445000510909,-0.17030463101912555,-0.14202740488713111,0.12949949267654687,-0.16312601241078095,0.17592961657416606,0.1770873758429667,0.11212648126106695,-0.15550262948366922,0.14345335562104966,0.10597737958327536,0.09025742368152656,0.008331751692546352,0.11263159911802537,0.2796841046368955,0.4390358716267449,0.17002627840430456,0.515699658077378,0.6210362979228956,c_major
0.0,0.0,0.0,-0.033918023109436035,-0.2065323293209076,-0.06583023173067204,-0.046488821506500244,-0.34896647930145264,-0.06760789555761448,-0.06413042545318604,-0.3431384563446045,-0.04706571725461117,-0.06651663780212402,-0.3102104067802429,-0.03296332535597912,0.026960551738739014,-0.21483540534973145,-0.06548285586092106,0.014652848243713379,-0.37860068678855896,-0.08067367327663533,-0.003182709217071533,-0.4046880006790161,-0.07600336623642079,-0.015786290168762207,-0.39869946241378784,-0.07136862081739537,0.07435983419418335,-0.20184224843978882,-0.06221620095226399,0.09636247158050537,-0.34913015365600586,-0.0848301808283054,0.10334020853042603,-0.4446539580821991,-0.10561126572343937,0.1009168028831482,-0.5169676542282104,-0.12199662727567784,-0.035565724242155816,-0.04007657504589815,-0.16804283829317956,-0.1789287689884901,-0.04831836611474705,-0.01913657349731021,0.005852722050551623,0.17806136358311675,0.08273619951144023,-0.08383447686930873,-0.05383141109938122,0.09888105067529118,0.1089901273391174,0.2805520366753606,0.2888131514792206,0.17369563080537118,0.3905758302481047,0.5453578308658166,c_major
0.0,0.0,0.0,-0.03300273418426514,-0.20760905742645264,-0.06616973599557241,-0.04568260908126831,-0.34998300671577454,-0.06708863845233282,-0.06342893838882446,-0.34365856647491455,-0.045533181188147864,-0.06619387865066528,-0.3106997311115265,-0.030784179476540885,0.027662813663482666,-0.2160155177116394,-0.06563296636704763,0.015736520290374756,-0.37893593311309814,-0.08020006587867101,-0.002301454544067383,-0.40523606538772583,-0.07511977573994955,-0.01565861701965332,-0.399447500705719,-0.07035564353827795,0.07484710216522217,-0.20303621888160706,-0.06204128733043035,0.09652715921401978,-0.3494231104850769,-0.08442797234420141,0.10348224639892578,-0.4460296928882599,-0.10562815984849294,0.10079216957092285,-0.5191352665424347,-0.12244218310479482,0.024828496289108715,0.14238256594858217,0.13023375609188342,-0.15918015703056018,-0.10779126095731284,0.07501948097492617,0.025304524898426578,-0.053367909715598544,-0.13373062470503005,-0.03783912214207766,-0.03581688459081517,0.13846419104257923,0.1095257049465926,0.2823666098534828,0.3240518206265282,0.17492556872156434,0.4199106132237753,0.5664692661081236,c_major
0.0,0.0,0.0,-0.03273826837539673,-0.2088501751422882,-0.0670165331691237,-0.04486680030822754,-0.35186368227005005,-0.06764018401798921,-0.06339943408966064,-0.3465927243232727,-0.04551455617246347,-0.06701803207397461,-0.31493785977363586,-0.03045222215649801,0.027583301067352295,-0.21703416109085083,-0.06609236315188127,0.01616913080215454,-0.3795691728591919,-0.08108484611210542,-0.0017140507698059082,-0.4069274365901947,-0.07602118566927629,-0.014969885349273682,-0.4023010730743408,-0.07116243109402376,0.07431310415267944,-0.20397847890853882,-0.06201461568770128,0.09575337171554565,-0.3483319878578186,-0.08470015093979555,0.10336917638778687,-0.4457397758960724,-0.10610563174185472,0.101115882396698,-0.5194078385829926,-0.12287644908127504,0.01524344188605592,-0.04943121191748201,0.13259674349924494,0.1967865196933653,0.05595927316864607,-0.03856101563548822,-0.055831121588744675,-0.07145588685719298,0.1727726576333099,-0.07808352436779034,-0.1083660434366986,0.15428536301328627,0.10953840298013053,0.2803911966381486,0.2773487620286219,0.17281273002141875,0.3757763177025573,0.5271493667124844,c_major
0.0,0.0,0.0,-0.03126263618469238,-0.21052488684654236,-0.06865332812935776,-0.045224666595458984,-0.35490524768829346,-0.06854959369570679,-0.06400841474533081,-0.3464294373989105,-0.04536691472799248,-0.06695079803466797,-0.31279653310775757,-0.029797302344150012,0.02963566780090332,-0.21837663650512695,-0.06795105875403351,0.016924679279327393,-0.38229578733444214,-0.08180402011544174,-0.001519620418548584,-0.4071252942085266,-0.07544105292231507,-0.013875842094421387,-0.4007512629032135,-0.07012007922799057,0.07624167203903198,-0.2039368748664856,-0.06388269157082505,0.0975298285484314,-0.35119888186454773,-0.08568983317286438,0.10434192419052124,-0.44671986997127533,-0.10625279487044281,0.10264897346496582,-0.5189578533172607,-0.12303045184285111,0.07194256502289226,0.07987967503707938,-0.11853028723228434,0.06094663532206768,0.06151428861027297,0.12243303457637872,0.08257578482176026,-0.12478278647549201,-0.09917236842685391,-0.17011121157843234,0.1193363837008069,-0.1010194388632923,0.11035810698392197,0.28277021167142136,0.44994835419451146,0.17421348452030605,0.5439259336102532,0.6944797594226719,c_major
0.0,0.0,0.0,-0.032162249088287354,-0.20928078889846802,-0.06620127034273082,-0.04535245895385742,-0.35285571217536926,-0.06608840894784862,-0.06361794471740723,-0.34731525182724,-0.04384087470259601,-0.06626254320144653,-0.31454768776893616,-0.02902202379789287,0.02851313352584839,-0.21742850542068481,-0.06568716538038188,0.01652216911315918,-0.3814922273159027,-0.07892341983404094,-0.0015163421630859375,-0.4089229702949524,-0.07299684059705669,-0.014081478118896484,-0.40361911058425903,-0.06820279431428844,0.07530617713928223,-0.20343872904777527,-0.06206541952576572,0.09721881151199341,-0.35188281536102295,-0.08324839246358806,0.10407382249832153,-0.4458881616592407,-0.10327497941341335,0.10203832387924194,-0.5163372755050659,-0.11979183626260692,0.019123689821031326,0.07737573410571286,-0.1501760272026111,0.03898668811776779,-0.14049623241825354,0.0060250211907729445,0.031201718265947198,-0.07459603082087618,0.18013576175779117,-0.13441250694823387,-0.047292856049558546,-0.17831956236640067,0.11041609798282946,0.27799888207276685,0.31362289083970946,0.16985470958541732,0.3918847519055796,0.5285235638495583,c_major
0.0,0.0,0.0,-0.031686246395111084,-0.2093181014060974,-0.06658597304743807,-0.045062482357025146,-0.35315340757369995,-0.0669308082692055,-0.06389451026916504,-0.34758687019348145,-0.045426331602755,-0.06743115186691284,-0.31540530920028687,-0.031107133396687914,0.02937948703765869,-0.21768072247505188,-0.06617793455046694,0.017489314079284668,-0.3824743628501892,-0.0797387586466698,-0.0015218853950500488,-0.4107578992843628,-0.07460244014185946,-0.015538990497589111,-0.4064749479293823,-0.07039606585425418,0.07637137174606323,-0.20398658514022827,-0.06257546707314532,0.09955084323883057,-0.3537822961807251,-0.08374082311314623,0.10619372129440308,-0.4480026662349701,-0.10401044055146258,0.10385692119598389,-0.5185467898845673,-0.12073859586638491,-0.17600067968981004,0.13371493223816033,-0.1843066581491785,0.13379933845473058,0.047430934418509985,0.15855672343388977,0.10774625420970918,0.08960296034510878,0.05776669023774972,-0.06935154115465267,0.11276020648582469,0.057267285561891035,0.11193791012647637,0.28042800183408717,0.4371949618237117,0.1713179845094779,0.5374001000033448,0.6784068019404988,c_major
0.0,0.0,0.0,-0.03135561943054199,-0.20832526683807373,-0.0673638711130593,-0.044082462787628174,-0.35227876901626587,-0.06840747393727042,-0.06319141387939453,-0.3488920331001282,-0.04732525892615058,-0.06716656684875488,-0.317818820476532,-0.03323932536005714,0.029812395572662354,-0.2168947160243988,-0.0666084492957566,0.01828831434249878,-0.38094794750213623,-0.080827211812732,-0.0008669495582580566,-0.4089740216732025,-0.07590654291271903,-0.015105843544006348,-0.4043135643005371,-0.07168831475138404,0.07667547464370728,-0.20339947938919067,-0.06288449265122154,0.09983634948730469,-0.3521580100059509,-0.08493380047440269,0.10637670755386353,-0.44630415737628937,-0.10575189240336158,0.10385501384735107,-0.517123281955719,-0.1227031404530976,0.04376467516736482,0.1742402139917847,0.08106121405432348,0.040738316082971154,0.006917385580343216,0.012031970323867158,0.17169329881547857,-0.18611730138726867,0.03456633102894213,0.047861826111298134,-0.004126283238640893,0.18781661657998966,0.10802770202780503,0.27744264928144186,0.40062484767263173,0.1716980792848451,0.4811004019233757,0.602265454159096,c_major
0.0,0.0,0.0,-0.03161358833312988,-0.20696943998336792,-0.06492302978176667,-0.04330700635910034,-0.3488564193248749,-0.06728994512695863,-0.06148827075958252,-0.34495511651039124,-0.047951814176030894,-0.06434828042984009,-0.3122651278972626,-0.03484919706124856,0.02945876121520996,-0.21557357907295227,-0.0645957555784662,0.018452823162078857,-0.3790348470211029,-0.0801289495243509,-0.0001703500747680664,-0.40740498900413513,-0.07637395376104905,-0.014095425605773926,-0.4020501375198364,-0.07247589939970567,0.07647597789764404,-0.20243003964424133,-0.06156037786740853,0.10018408298492432,-0.3494429588317871,-0.08416572624582841,0.10706675052642822,-0.44434554874897003,-0.10529108756918504,0.10458976030349731,-0.515796035528183,-0.12209525370735719,-0.14156512088542886,-0.006171959979880043,0.1337038525330707,0.15623396481116147,0.16443232839888816,-0.15394022581587055,-0.1772247888848706,-0.1285156856582803,-0.1876401670256548,0.11711675195141985,0.16440928181586972,0.15985994415335203,0.10955576707668657,0.2785260604830022,0.5459484412698896,0.1717159951488262,0.6261572114836312,0.7364339297340545,c_major
0.0,0.0,0.0,-0.030690789222717285,-0.20765915513038635,-0.06562778942364389,-0.04313373565673828,-0.35077929496765137,-0.06642369024532968,-0.06067472696304321,-0.34739598631858826,-0.04527295969504053,-0.06341373920440674,-0.31651169061660767,-0.03114770010191137,0.030402541160583496,-0.21629202365875244,-0.06524638675230676,0.018155395984649658,-0.3803880214691162,-0.07991242997425729,-0.0002535581588745117,-0.40784215927124023,-0.07504792355078393,-0.013987898826599121,-0.40282154083251953,-0.07063406549471551,0.07735645771026611,-0.2030656337738037,-0.061804866717039886,0.10132557153701782,-0.35162362456321716,-0.0843050091721409,0.1081048846244812,-0.44641628861427307,-0.10498498223799402,0.10514283180236816,-0.5181027948856354,-0.12157855771559412,-0.023007954989584467,-0.060603338118652456,-0.04612616565883737,-0.029636180891409125,-0.1807285552937525,0.16732953373994697,0.11810765478920926,0.08398824652181908,-0.036829503378963985,0.10125116686902608,0.05047286711671234,-0.17705225498224736,0.10701157410897057,0.2778993180249173,0.4278788801071185,0.1734279095298498,0.4796672738412008,0.5712886832117311,c_major
0.0,0.0,0.0,-0.030945420265197754,-0.20685851573944092,-0.06396082118340018,-0.04108846187591553,-0.34761279821395874,-0.06531625315733436,-0.05775713920593262,-0.34966689348220825,-0.04472098574228767,-0.060388028621673584,-0.3229212164878845,-0.030665154384450943,0.029778718948364258,-0.21492379903793335,-0.06344905570335868,0.018353819847106934,-0.3752138614654541,-0.07882490828819755,0.0004202127456665039,-0.4029614329338074,-0.07415907159634116,-0.012340724468231201,-0.39779987931251526,-0.06938436702080253,0.07635515928268433,-0.20223906636238098,-0.06003971100039962,0.09941339492797852,-0.34475407004356384,-0.0833128176648188,0.10755527019500732,-0.44273436069488525,-0.10510056540556434,0.10585218667984009,-0.5173344016075134,-0.12195201292820457,0.19017919298620684,-0.08033037013217217,-0.06497825285953526,0.10243335846459362,-0.16054035954421253,-0.052828883489066225,-0.18792069497541625,-0.12153192307447572,-0.1322009943932569,0.1692460797930712,0.0380554780377968,-0.1516537364700648,0.09702852678463765,0.27159820742162494,0.4446057070407544,0.1761289972213414,0.47928270275733925,0.5597846876057269,c_major
0.0,0.0,0.0,-0.029579460620880127,-0.2087673544883728,-0.0638340836486293,-0.04161328077316284,-0.35097235441207886,-0.06414856520504486,-0.06014549732208252,-0.34931373596191406,-0.04329681900352966,-0.0639999508857727,-0.3212410807609558,-0.02945005838782322,0.03145033121109009,-0.21736064553260803,-0.06350229439348709,0.019746243953704834,-0.37617555260658264,-0.07635303345531952,0.0017568469047546387,-0.40404796600341797,-0.07132499423832428,-0.010891616344451904,-0.4010367691516876,-0.06750985738844406,0.07772403955459595,-0.20404377579689026,-0.06021027025789749,0.1000286340713501,-0.34732264280319214,-0.08133137729973328,0.10695481300354004,-0.444199874997139,-0.10264067110628616,0.10494470596313477,-0.519113302230835,-0.12028954681963455,-0.19673887885496322,0.023478223974556872,0.029787893153282674,-0.13479868983601684,-0.18168843042506544,0.018343639009396284,-0.007903075808716548,0.010175119106168529,-0.00013984610437969835,-0.1266568430380557,-0.10700856749935213,0.1617610985027113,0.10313290155654149,0.2755857865815528,0.29391012638557157,0.17362550747569033,0.3904091985258186,0.55047448298228,c_major
0.0,0.0,0.0,-0.02981811761856079,-0.2108270823955536,-0.06582916310853193,-0.04194134473800659,-0.3532106876373291,-0.06598160198754499,-0.05981963872909546,-0.3462008237838745,-0.04397219947404096,-0.06245982646942139,-0.3149893581867218,-0.029319181729619004,0.03117203712463379,-0.2191707193851471,-0.06512379429167936,0.0186079740524292,-0.3799671530723572,-0.07906822643107603,0.0004264712333679199,-0.40198397636413574,-0.07286301783150861,-0.011217474937438965,-0.39397376775741577,-0.06746722540682981,0.07724285125732422,-0.20482707023620605,-0.06124524927562902,0.09773623943328857,-0.348080575466156,-0.08275063863820264,0.10515809059143066,-0.44332675635814667,-0.1035608255011482,0.10421407222747803,-0.5169348418712616,-0.12055201611346433,0.1410214527248143,0.1858212532480038,-0.10200895608773486,-0.15314629763793458,-0.09572960880146275,0.1197566279906998,-0.19739318881279866,0.14717889714576005,-0.12427645159288324,0.0844049228094561,0.03428210966058193,-0.13207374252681986,0.10158537681259433,0.2772825219106267,0.3925790526729404,0.17681024527013228,0.4435321200863586,0.5516931033067827,c_major
0.0,0.0,0.0,-0.03117990493774414,-0.20926016569137573,-0.06690435840695841,-0.043418705463409424,-0.3530389666557312,-0.06718830748408777,-0.06138038635253906,-0.34721460938453674,-0.04460541888087732,-0.06363332271575928,-0.31618034839630127,-0.029630802412924595,0.029804468154907227,-0.21758338809013367,-0.06644071622699244,0.016964733600616455,-0.3825078308582306,-0.08150587960093958,-0.001521289348602295,-0.4033709168434143,-0.0751068143448208,-0.012972772121429443,-0.3933015465736389,-0.06914505346625788,0.07633596658706665,-0.20337966084480286,-0.06281360967963678,0.09905087947845459,-0.3496457040309906,-0.08554075642436487,0.10609471797943115,-0.44357189536094666,-0.10615863635152323,0.10473263263702393,-0.5150953531265259,-0.12258171274274332,-0.13758900518038178,0.07779838313024506,0.022798894279358217,0.0663919779514831,0.1531654261297885,0.16488253067755798,0.10569265230347485,-0.12614102067364735,0.1552387528271853,0.17375854310234407,0.11974281442763313,0.010007035499597056,0.10037702242612445,0.276684198608852,0.4979508610670355,0.17760565919650362,0.5516775812266277,0.6521992421488694,c_major
0.0,0.0,0.0,-0.030883431434631348,-0.2067890465259552,-0.06652112052634607,-0.043016791343688965,-0.3502073287963867,-0.06735212103322397,-0.06055927276611328,-0.3481365144252777,-0.04545897365406404,-0.06286156177520752,-0.31794866919517517,-0.03073501148119817,0.029268741607666016,-0.21498966217041016,-0.0657651399154986,0.01651597023010254,-0.3788456916809082,-0.08150749401048074,-0.0020557641983032227,-0.4047356843948364,-0.0761817817468966,-0.015619516372680664,-0.39810043573379517,-0.07087491945222268,0.07578712701797485,-0.20181643962860107,-0.06212791175440202,0.09930300712585449,-0.34805840253829956,-0.08559249088958154,0.10695362091064453,-0.44277700781822205,-0.10651521877244363,0.1045457124710083,-0.5144510865211487,-0.12283629671529184,-0.13030789145173577,0.1052545198021459,0.0031891555933657723,0.0856881147323017,0.09017595635468917,0.11854817393275774,-0.10099149303010342,-0.1751528063701353,-0.1753861468882504,-0.07430489317004252,-0.14533792704709136,0.18447480129517863,0.10132782808783661,0.2740821815209275,0.2761171520452278,0.17514891061257512,0.36405540668038455,0.5125155359552455,c_major
0.0,0.0,0.0,-0.029765605926513672,-0.20780739188194275,-0.0677406653270225,-0.04241412878036499,-0.3526425063610077,-0.06866316641421122,-0.061516404151916504,-0.3496374785900116,-0.04680371428580088,-0.06516581773757935,-0.31873422861099243,-0.03210852811784548,0.03087061643600464,-0.21586281061172485,-0.06672283406109614,0.01790851354598999,-0.37973451614379883,-0.08233884121031565,-0.001033008098602295,-0.40647801756858826,-0.077350051651905,-0.015188634395599365,-0.401029109954834,-0.07260175938458246,0.07750272750854492,-0.20286577939987183,-0.06271661217064661,0.10168540477752686,-0.3486599028110504,-0.08616243446917338,0.10921347141265869,-0.4437655955553055,-0.10741442586035532,0.10658895969390869,-0.5164220929145813,-0.12417826200575632,0.07684441782590878,-0.18645593314709097,-0.1853449937976417,-0.007654253991248389,0.1029997928325962,-0.18864372170034685,-0.0001557630613023553,0.023824865533686207,-0.08455192276677281,0.04212461670612666,0.04153633315516467,-0.04260459065448688,0.1044503141623628,0.27759148250918086,0.37605356310929255,0.17551483857842184,0.44726816376623635,0.5675627900037137,c_major
0.0,0.0,0.0,-0.030218958854675293,-0.20724153518676758,-0.061600240587296184,-0.04002779722213745,-0.3473511338233948,-0.06339270499259442,-0.05615180730819702,-0.34427571296691895,-0.045005096762480434,-0.058009982109069824,-0.31530240178108215,-0.03271872427970379,0.03033345937728882,-0.21478477120399475,-0.06110819306880444,0.019490838050842285,-0.37212005257606506,-0.07579868909627407,0.0029557347297668457,-0.3989810347557068,-0.07282880571395367,-0.009090960025787354,-0.39490318298339844,-0.0698799031665942,0.07640719413757324,-0.20186054706573486,-0.05781762924701184,0.1008613109588623,-0.34263256192207336,-0.08004418638259381,0.11059194803237915,-0.44027839601039886,-0.10253165540009945,0.1100773811340332,-0.5156455636024475,-0.1203751253774783,-0.16892810701387762,-0.17994954258619475,0.012619669019853452,-0.03700797802572095,-0.14742763643717766,0.17330017826547583,-0.12942664721372887,0.059237370065848116,0.028602489853787105,0.10848842639665202,0.15863219498886566,-0.006981361314076423,0.10055002887054373,0.27581586035617056,0.5029891985946177,0.1770016482365779,0.5693703130174135,0.6837478820709787,c_major
0.0,0.0,0.0,-0.026237845420837402,-0.20929637551307678,-0.0675573018467901,-0.0399898886680603,-0.3568089008331299,-0.0677956235683439,-0.06101506948471069,-0.35001179575920105,-0.04623911577229478,-0.06565183401107788,-0.3183031976222992,-0.03206729191308,0.03384673595428467,-0.217476487159729,-0.06707549515132882,0.0211905837059021,-0.3810364603996277,-0.08051808598403909,0.001278221607208252,-0.40958863496780396,-0.07511616918210962,-0.012619376182556152,-0.40710633993148804,-0.0712111783302305,0.07922452688217163,-0.20280244946479797,-0.06324088993434884,0.10255718231201172,-0.34925225377082825,-0.08432024392251947,0.11059725284576416,-0.44342491030693054,-0.10440607788925149,0.11011707782745361,-0.5150669813156128,-0.12134924205903985,-0.0871271295133822,0.10306224483849247,-0.16058246770157605,0.01282216469454589,-0.16226017446330682,0.1493901093053948,-0.08872188906582866,-0.1289030375842793,0.00837061276403403,0.054896268983255614,0.13692719259564318,-0.18219655895876172,0.11059242067682017,0.2785353901465238,0.4942725464125902,0.17097825202491976,0.5593287061910599,0.6571515323861946,c_major
0.0,0.0,0.0,-0.03126800060272217,-0.20451900362968445,-0.06725535208619249,-0.04021984338760376,-0.34837520122528076,-0.06651238763964784,-0.056027889251708984,-0.34424495697021484,-0.042730708068972945,-0.05741524696350098,-0.31303486227989197,-0.026830049625402808,0.02992957830429077,-0.21263691782951355,-0.06703383887446535,0.017053723335266113,-0.37586405873298645,-0.08098378444350374,-0.00036644935607910156,-0.3998345136642456,-0.07355691159403932,-0.011584877967834473,-0.3919987678527832,-0.06726783180869234,0.07599085569381714,-0.19884136319160461,-0.06330214107669008,0.09809273481369019,-0.3443033993244171,-0.08536085153258455,0.10746067762374878,-0.43810947239398956,-0.10510734880602968,0.10747772455215454,-0.5093575716018677,-0.1211111065212549,-0.034675918085599056,0.1484264689408068,0.05512640864992563,0.08898525977692906,-0.10836004088584127,-0.1630795029390102,-0.16702729110960576,-0.16727431932167175,0.15409261765930066,-0.03988557357401326,0.10605583858546114,0.07051032863510226,0.09985457091944565,0.27316884145191717,0.43060359292608463,0.17563624446002452,0.5175346769651518,0.6611871002102213,c_major
0.0,0.0,0.0,-0.0324629545211792,-0.20495879650115967,-0.06517526892483261,-0.042358458042144775,-0.34781819581985474,-0.06698390481531646,-0.0588456392288208,-0.3465621769428253,-0.04627548543274429,-0.06066858768463135,-0.31749504804611206,-0.032192070162892605,0.02731531858444214,-0.21256965398788452,-0.06478944060862091,0.01620197296142578,-0.37605220079421997,-0.08088355896532562,-0.0010321736335754395,-0.40141671895980835,-0.07583000150978592,-0.012866079807281494,-0.3947463035583496,-0.07052427915394333,0.073478102684021,-0.1998254656791687,-0.06154624385297325,0.09771478176116943,-0.34509095549583435,-0.08507702139675644,0.10688066482543945,-0.44109828770160675,-0.1063798182970288,0.10626524686813354,-0.514683187007904,-0.12281001744329956,0.014514491340426539,-0.06600164755746271,0.12760123218444214,0.08187668680877841,0.10040070378249366,0.04963692786114038,-0.005844579904051572,-0.19644023944580302,-0.15933577518964503,-0.04068345514570376,-0.02844503432562423,0.14426119977550655,0.09860118905832067,0.2737913067192227,0.3392419084169382,0.17694894019320803,0.4255387504930396,0.5738889241082827,c_major
0.0,0.0,0.0,-0.028422057628631592,-0.20907020568847656,-0.06708026206032969,-0.04260563850402832,-0.35390400886535645,-0.06775869702832438,-0.06139570474624634,-0.34930419921875,-0.046403254325554144,-0.06516170501708984,-0.31872284412384033,-0.032220183814928305,0.03074359893798828,-0.21725139021873474,-0.06651941215531565,0.01769876480102539,-0.38090062141418457,-0.08084322040812708,0.0002446174621582031,-0.4072788655757904,-0.07593030756251551,-0.01204216480255127,-0.4023430347442627,-0.07183997606770731,0.07665568590164185,-0.20358458161354065,-0.06284024840132929,0.10136628150939941,-0.3527821898460388,-0.0848666531397555,0.11005657911300659,-0.4469582438468933,-0.10539897059933878,0.10890853404998779,-0.5181439816951752,-0.12218030815856196,-0.1279478407661835,-0.06635876286137019,-0.0938067128687889,-0.03785152116835011,-0.09439556905564955,-0.1807611620044546,0.18592975950387952,-0.0026440497714664557,-0.008855513678307558,0.13730747124214382,0.08983036460183441,0.18547111173363612,0.10669465670853963,0.27957478822497006,0.5052712062375511,0.17485159393801125,0.5751077853029694,0.6819741208804082,c_major
0.0,0.0,0.0,-0.032715797424316406,-0.20358312129974365,-0.06589442521467959,-0.04247504472732544,-0.3467874228954315,-0.06808663189545427,-0.05898940563201904,-0.3438611924648285,-0.047972638459356176,-0.06065332889556885,-0.31409555673599243,-0.03436162352696215,0.02770155668258667,-0.2116047441959381,-0.06543483615055834,0.016486763954162598,-0.37501683831214905,-0.08135863423481737,-0.0003764033317565918,-0.39841610193252563,-0.07635409414902483,-0.011020779609680176,-0.3899151682853699,-0.07118412882223879,0.07388657331466675,-0.19824740290641785,-0.062152244450004446,0.09593170881271362,-0.34282350540161133,-0.08496771037712847,0.10456335544586182,-0.4377414584159851,-0.10592298239603792,0.1045767068862915,-0.5104233920574188,-0.12240985810890948,-0.15642982979998932,-0.12674278271979783,-0.011531617988011167,0.014278586575582258,0.03209279938520199,0.058142505780594544,0.18534641468645902,-0.1687759863739384,0.19018748419407178,-0.09139692424880637,-0.16630676590270055,0.11178975524451107,0.09781564466042911,0.2712896519579573,0.21011168665262944,0.17466850380601492,0.2999007910854053,0.4600775754057931,c_major
0.0,0.0,0.0,-0.030889272689819336,-0.20335859060287476,-0.07166318617376533,-0.04413712024688721,-0.3477666974067688,-0.0718376266172811,-0.06200230121612549,-0.3473812937736511,-0.04807875699910369,-0.06569963693618774,-0.31733450293540955,-0.03201323024543967,0.028741896152496338,-0.21239876747131348,-0.07013409606727805,0.015199124813079834,-0.3774412274360657,-0.08540152780327048,-0.0025944113731384277,-0.40640661120414734,-0.078894712250559,-0.015621721744537354,-0.4019514322280884,-0.07326101533683982,0.07532316446304321,-0.19999653100967407,-0.06526866577181067,0.09859812259674072,-0.3501489460468292,-0.08804433814796653,0.1066848635673523,-0.4437437206506729,-0.10731024317058768,0.10483342409133911,-0.5132918059825897,-0.12280535719904151,-0.01767369677625724,-0.09261098675879734,0.1580438778122139,0.18591984261218825,0.06355335795768402,-0.06088640452760172,-0.07609744898509474,0.05114972908907656,-0.060608952522622966,-0.07074192515769653,0.15312959109317498,-0.024653592070052632,0.1066264605424501,0.2751799408345411,0.4705486719933637,0.1713498257854178,0.5599248707392139,0.6961163342015981,c_major
0.0,0.0,0.0,-0.034541189670562744,-0.20038211345672607,-0.0689843822418652,-0.045012712478637695,-0.3422490358352661,-0.06924440750469785,-0.05905473232269287,-0.3430463373661041,-0.04645197877277951,-0.06009101867675781,-0.3160223662853241,-0.031144403308530855,0.025688111782073975,-0.20907169580459595,-0.06785740742077451,0.013463735580444336,-0.3714682161808014,-0.08249122688164334,-0.0015911459922790527,-0.3990985155105591,-0.076451525479456,-0.012350142002105713,-0.3946422338485718,-0.07116780468811612,0.07246595621109009,-0.1973521113395691,-0.06343206802000623,0.09587717056274414,-0.34395161271095276,-0.08600873538841824,0.10540378093719482,-0.43902480602264404,-0.10657516160597424,0.10444658994674683,-0.5110760629177094,-0.1229300428329907,-0.03474676468871435,0.03658564511651324,0.02275396610058894,-0.1368628781019225,0.03270438912266646,-0.07559384263813285,-0.09683423497994653,0.021835662472659972,0.035639383062900654,0.0831090970171674,0.17786863994433072,-0.053515492983074925,0.10031025640141857,0.271188445263463,0.5147184325653406,0.17285150402411883,0.5806830211344081,0.6927614827175737,c_major
0.0,0.0,0.0,-0.02995675802230835,-0.20698297023773193,-0.07052256921343769,-0.04443627595901489,-0.3519587218761444,-0.07007237533144917,-0.06231653690338135,-0.343497097492218,-0.04657227927856411,-0.06528431177139282,-0.3106863796710968,-0.031066600326823846,0.029709458351135254,-0.215781569480896,-0.06892070928626026,0.015605270862579346,-0.37938791513442993,-0.08296744534783329,-0.0019516348838806152,-0.40507829189300537,-0.07693719128184284,-0.014400959014892578,-0.40078166127204895,-0.072205133829641,0.07599401473999023,-0.20285511016845703,-0.0639709458690163,0.0990486741065979,-0.351910263299942,-0.08572286376767124,0.10716694593429565,-0.4451232850551605,-0.10577821740918125,0.1057201623916626,-0.5160565078258514,-0.12238964447789158,-0.03890381427214945,-0.07291195809913753,0.1699324987710411,-0.1245487253558685,-0.016225393141860833,-0.15211484430517405,-0.006209368566952783,0.15061872891732653,0.06374491233671836,0.07515183463913816,0.12294561974127693,-0.12844502060762225,0.11134924469101583,0.2824169225012929,0.4660918137764241,0.17388461451484272,0.5342966335226648,0.6397615253178132,c_major
0.0,0.0,0.0,-0.03241932392120361,-0.20384711027145386,-0.06772067352187605,-0.04368138313293457,-0.346758633852005,-0.06887859060418577,-0.06054764986038208,-0.3433839678764343,-0.046964495917677596,-0.062357962131500244,-0.3120165765285492,-0.032174635222077086,0.027555108070373535,-0.21224412322044373,-0.06643730356347533,0.015299499034881592,-0.3773462176322937,-0.08277051850211592,-0.0021885037422180176,-0.4017655849456787,-0.07716204180371733,-0.01391524076461792,-0.3938179612159729,-0.07142008050334425,0.07384294271469116,-0.19944998621940613,-0.062175694396614745,0.09640604257583618,-0.34561431407928467,-0.0855394150222537,0.10500562191009521,-0.4398873299360275,-0.10590002640140028,0.1042555570602417,-0.5110260844230652,-0.12168229325664015,0.060249799120932646,0.17465629192454268,-0.13118738546115966,0.19352413065186969,0.058971882197817016,0.010612443670622251,0.09783187196851711,0.1253547707160007,-0.13692861410615378,-0.19523734105637758,-0.1925495018436535,0.14433688200993416,0.10285119720029617,0.2745477551478188,0.2511685230931101,0.17386308301404974,0.3463203194519175,0.5117514350573538,c_major
0.0,0.0,0.0,-0.032482266426086426,-0.20226263999938965,-0.07008214395628443,-0.04541653394699097,-0.3465620279312134,-0.07126667451248636,-0.0631875991821289,-0.3451118469238281,-0.04898451741919985,-0.06698083877563477,-0.31510448455810547,-0.033920847886662386,0.026960670948028564,-0.2111853063106537,-0.0686040456234025,0.013544559478759766,-0.3753403425216675,-0.08449294518814554,-0.003825962543487549,-0.403005987405777,-0.07906394552574625,-0.016482055187225342,-0.3986065983772278,-0.07408715140209665,0.07369101047515869,-0.19928553700447083,-0.06414929133043756,0.09677112102508545,-0.34850430488586426,-0.08745700966701975,0.10494750738143921,-0.44216808676719666,-0.10759420048580637,0.10335361957550049,-0.5131639540195465,-0.12362357329712381,-0.09938736420540933,0.13777829244571388,-0.032541025580584304,0.027855047184240034,0.1912402493753726,0.1340497852598468,0.09850113250895742,-0.04706734917044794,-0.13404809188797306,-0.15923716853919584,-0.09269359100703022,-0.05610992702048853,0.10552754187540167,0.27620275178062,0.24180610245491704,0.1730255292486072,0.3380606026482222,0.5003072462079089,c_major
0.0,0.0,0.0,-0.03301680088043213,-0.20207923650741577,-0.06996473694229621,-0.04463726282119751,-0.34581559896469116,-0.07166513079786796,-0.061015784740448,-0.3422296643257141,-0.05056926632309455,-0.0635380744934082,-0.312207967042923,-0.03645034158611793,0.026790380477905273,-0.21022307872772217,-0.06861749315643806,0.014387369155883789,-0.37226635217666626,-0.08428467089319724,-0.0022217631340026855,-0.39769983291625977,-0.07954944694424171,-0.014137089252471924,-0.3921310305595398,-0.07520891750240821,0.07323646545410156,-0.19773104786872864,-0.06436982775116462,0.09599697589874268,-0.3446281850337982,-0.08715575957680244,0.1045573353767395,-0.43935902416706085,-0.10823845142508048,0.10358774662017822,-0.512089192867279,-0.12521266216421623,-0.0932683527202256,0.08393784232871215,0.030439974772667633,-0.19179649260522155,-0.05551418900494509,-0.07594277863741694,0.18988050101056714,0.11693686522282692,-0.030157578811060765,-0.06995671897185282,-0.17964727611167072,-0.14270063794362012,0.1016384800738146,0.2752495123962017,0.1700078270350183,0.17535527413139196,0.2298266940422409,0.3754212818296633,c_major
0.0,0.0,0.0,-0.031106293201446533,-0.20246654748916626,-0.0703665649413665,-0.043587565422058105,-0.34544551372528076,-0.0715376322984298,-0.0617716908454895,-0.34268972277641296,-0.04939995686407883,-0.06591325998306274,-0.3120877742767334,-0.034543748748262715,0.028022944927215576,-0.2113633155822754,-0.06870165075059731,0.014941930770874023,-0.3746251165866852,-0.08422717059846718,-0.0024341940879821777,-0.402502179145813,-0.07900963331456978,-0.015011847019195557,-0.3986879587173462,-0.07444196547265847,0.07443022727966309,-0.19928765296936035,-0.06409217770095665,0.09786981344223022,-0.34852373600006104,-0.08698767776485283,0.10630857944488525,-0.44192615151405334,-0.10721420104499657,0.10502952337265015,-0.5127939581871033,-0.12356301749940712,-0.03464810923898648,-0.01248787312202998,0.049612083489375236,-0.03148322918015442,-0.050488782467454696,-0.036347699947686524,0.0510602339297922,0.0036411698568970807,-0.14494550982794913,0.011116767823509427,-0.0526084825699058,0.18955608755868597,0.10808521399642577,0.2782603774349663,0.35140271006547374,0.17275123001807843,0.43606040903575016,0.5644766173866195,c_major
0.0,0.0,0.0,-0.03356766700744629,-0.20072734355926514,-0.06952988479164901,-0.043976008892059326,-0.34464219212532043,-0.0707421389582521,-0.06017976999282837,-0.34164419770240784,-0.04887374613312545,-0.06276923418045044,-0.3114365041255951,-0.034060986078060296,0.026448547840118408,-0.2088364064693451,-0.06796728942421737,0.014862895011901855,-0.37146079540252686,-0.08294803026942077,-0.0014476776123046875,-0.39849257469177246,-0.07763235393790069,-0.013180434703826904,-0.39425036311149597,-0.07294067863253417,0.0731130838394165,-0.1969132125377655,-0.06341897074011627,0.09590005874633789,-0.3434221148490906,-0.08591160300997558,0.10492020845413208,-0.4388161450624466,-0.10678365949419799,0.10410356521606445,-0.5116305351257324,-0.12352410826710525,0.08584378433041251,0.15366456007124513,0.0795574946824662,-0.13252951600285845,-0.10171222222360941,0.002162108960719944,0.030564988925814524,-0.15909208795927068,-0.038799626616814686,0.04114661974147821,0.145455028805263,0.02890168237075924,0.104061591217893,0.27555005254640297,0.4727712715240098,0.17347139468193717,0.5519105048859377,0.6774648603149704,c_major
0.0,0.0,0.0,-0.031989991664886475,-0.2016659677028656,-0.06938838269354619,-0.044722676277160645,-0.34649068117141724,-0.0703787213170699,-0.061956703662872314,-0.3410700559616089,-0.048438903501050845,-0.06494474411010742,-0.30992868542671204,-0.0338334484005145,0.027228176593780518,-0.2108847200870514,-0.0680589010918311,0.014515697956085205,-0.37467944622039795,-0.0827380945885352,-0.0017716288566589355,-0.39916107058525085,-0.07712805326821126,-0.013207495212554932,-0.393526554107666,-0.0724490663016013,0.07355129718780518,-0.1991049349308014,-0.06385944094301976,0.0964587926864624,-0.3482567369937897,-0.08608266766907491,0.10437250137329102,-0.4412580281496048,-0.10628692116381444,0.10275149345397949,-0.5124983489513397,-0.1228803327286414,0.07990749736430691,0.024452538956493575,0.1524703679940207,0.06758363165218562,0.10624275254717525,0.08552664705820445,-0.14524365402277645,-0.10490696001588172,-0.18508315188683608,-0.15251761933006003,-0.1527296162415612,0.10721937984578911,0.10562439357159907,0.27764337608194145,0.2286404517648801,0.1736205277446355,0.33116646344149214,0.4975356657607435,c_major
0.0,0.0,0.0,-0.03388679027557373,-0.1988697648048401,-0.06960331718047996,-0.04393273591995239,-0.34141141176223755,-0.07119074533304115,-0.05959290266036987,-0.3340827226638794,-0.05021160165389915,-0.06164586544036865,-0.3022024631500244,-0.036287293532694775,0.026217222213745117,-0.20692488551139832,-0.0684394247325315,0.0145682692527771,-0.3685501217842102,-0.08326815138181587,-0.001035153865814209,-0.39233893156051636,-0.07846642355045219,-0.011977791786193848,-0.3863496482372284,-0.07437588343938728,0.07294261455535889,-0.19486922025680542,-0.06441707233508964,0.09557080268859863,-0.34233319759368896,-0.08646195451339622,0.10447686910629272,-0.4363958090543747,-0.10732189635356804,0.10394883155822754,-0.5093844532966614,-0.12448199162801643,-0.028726444965890552,0.018828369552526036,-0.14656276871958102,-0.09475032668172348,-0.13365319297065947,0.136578724979401,-0.1233899547894005,0.17947914254864344,0.03320113260147056,-0.06298865574372692,0.19201473058718566,-0.1934165584301598,0.1048732901157244,0.2795072190253822,0.5185962240110311,0.17631553344462486,0.5926872237840993,0.7242795829787113,c_major
0.0,0.0,0.0,-0.03313571214675903,-0.20192289352416992,-0.06911493801015922,-0.04351991415023804,-0.34606945514678955,-0.0702828761233718,-0.059799790382385254,-0.3411550521850586,-0.04832954667944023,-0.06228715181350708,-0.31079360842704773,-0.033636372168246,0.026287376880645752,-0.20950570702552795,-0.06777355038065025,0.014261424541473389,-0.3714967370033264,-0.08251967989343711,-0.0016837120056152344,-0.3948816955089569,-0.07674314044851371,-0.01243901252746582,-0.388216495513916,-0.07182610743183204,0.07272547483444214,-0.19719070196151733,-0.06359983198780128,0.09550106525421143,-0.3443354070186615,-0.0859168391718299,0.10419642925262451,-0.4385470747947693,-0.10655373298067161,0.10364443063735962,-0.5107942521572113,-0.12335300408739158,-0.11848247981434655,0.11312119648935276,0.18433224393917802,-0.018771426511176997,0.17906822801226618,-0.08324642431533458,-0.13795227795705267,0.14955884841104272,0.0510357952088516,-0.0749668979701914,0.17173042153783513,-0.19414911210258695,0.09968749327096811,0.274922937548041,0.5086792261704605,0.17650975406378225,0.5765528630103062,0.7090514972973284,c_major
0.0,0.0,0.0,-0.03439831733703613,-0.2013361155986786,-0.06936141562621856,-0.0438157320022583,-0.34724074602127075,-0.07173720461290145,-0.06017976999282837,-0.3386906683444977,-0.0510810398773458,-0.062345266342163086,-0.30539387464523315,-0.03718810987632537,0.025333523750305176,-0.20848912000656128,-0.06827991169851089,0.014767229557037354,-0.3728525638580322,-0.08409174245755935,-0.0011296272277832031,-0.39365339279174805,-0.07907565397184158,-0.011822760105133057,-0.3843546509742737,-0.07430675339858794,0.07162696123123169,-0.1956070065498352,-0.06450831604163909,0.09445005655288696,-0.3436739444732666,-0.08703247916858459,0.10301005840301514,-0.4379647225141525,-0.10807312739055419,0.10257822275161743,-0.5103148519992828,-0.12513053876321578,-0.08570897346493589,0.09819038661330864,0.19680067893190284,-0.1392752874615841,-0.10769530407654858,-0.013323224518141302,-0.05375406541408606,-0.19918379830560928,-0.0571846514351671,0.0967835671181404,-0.14148445574828608,0.08296760619669558,0.10082222737020002,0.277355791381992,0.2581195059397726,0.17758551258377187,0.30905742221817717,0.42352600530349277,c_major
0.0,0.0,0.0,-0.03585338592529297,-0.19784927368164062,-0.0729007906856225,-0.04395461082458496,-0.34230151772499084,-0.07540978860279779,-0.059954941272735596,-0.3368135392665863,-0.05366302650591592,-0.06263786554336548,-0.3054848313331604,-0.038850683683364196,0.02439671754837036,-0.20506584644317627,-0.07125614952465753,0.013784229755401611,-0.36937791109085083,-0.08738784115931253,-0.0011625289916992188,-0.3919355273246765,-0.08157906305214624,-0.011028170585632324,-0.38372573256492615,-0.07617964964529733,0.07143640518188477,-0.19322419166564941,-0.06669878583571176,0.09362787008285522,-0.3422221839427948,-0.08995354544541101,0.10244143009185791,-0.4367463141679764,-0.11073804270645837,0.10206496715545654,-0.5091995894908905,-0.1273359022679017,0.04024649794820173,0.10185418249864758,-0.006170059717041543,0.11889882448183703,0.10817258401380536,-0.09904832838155403,0.029157418442328165,0.03684444692017935,0.050202368656084184,-0.18938035549332344,0.14001563414734192,-0.10210640863633712,0.1008893004187082,0.276507431542503,0.46747792487066764,0.17649563382245462,0.5538833071132955,0.7120795672159094,c_major
0.0,0.0,0.0,-0.03531181812286377,-0.1980845034122467,-0.07142517951868399,-0.043549537658691406,-0.3422372341156006,-0.07413979110859259,-0.05867588520050049,-0.3347092866897583,-0.05354575676463469,-0.06038540601730347,-0.30341586470603943,-0.03976321456573828,0.024569809436798096,-0.2051543891429901,-0.06984123078726157,0.014459788799285889,-0.36891594529151917,-0.08607260373972281,-0.0003275275230407715,-0.39100518822669983,-0.08145361629865988,-0.010188877582550049,-0.3834034204483032,-0.07692211357496603,0.07138979434967041,-0.19360867142677307,-0.06550791350744589,0.09373319149017334,-0.34197163581848145,-0.08810194817922934,0.10218441486358643,-0.43654948472976685,-0.10923282293222769,0.10183638334274292,-0.509632408618927,-0.12625956771515234,0.17629930149641376,-0.007816912569423129,0.17158604501533187,-0.19206367220247272,0.0949992135023025,-0.0607093530767453,0.020275002542374077,0.03253397288879584,0.1599921792096226,0.014773381551058229,0.15485184553545728,-0.17168326992293728,0.10148144813758204,0.2762657978011381,0.4827639574410842,0.17583401525584985,0.547102844529899,0.6717012751382483,c_major
0.0,0.0,0.0,-0.034581542015075684,-0.19921737909317017,-0.0710075152361469,-0.04495275020599365,-0.34449076652526855,-0.07338314031005666,-0.06030380725860596,-0.33274704217910767,-0.05217030171991155,-0.060818612575531006,-0.2986052632331848,-0.038115202381618474,0.0252416729927063,-0.2066892683506012,-0.06941002134919927,0.01293414831161499,-0.37231892347335815,-0.08595829729677007,-0.0026317834854125977,-0.38733798265457153,-0.08022485946059987,-0.011745750904083252,-0.3735414743423462,-0.07447638635278508,0.07184302806854248,-0.19389501214027405,-0.06511161749006078,0.09385931491851807,-0.3442084789276123,-0.08788487587810323,0.10218894481658936,-0.43712060153484344,-0.10817613725305364,0.10234451293945312,-0.5083062648773193,-0.12451786075473592,-0.15039304474050202,-0.15476985002855226,0.17200395014878744,0.14331782767395101,-0.01641781337365783,0.027643637805798926,-0.028961846954414477,-0.027364320492205024,0.1287227757710429,0.004831544365749035,-0.025095148527319866,0.10984492846084148,0.0966732495978431,0.27939601821127197,0.317820588181049,0.1835273446441811,0.3945427680075745,0.545827517603477,c_major
0.0,0.0,0.0,-0.03568083047866821,-0.1956639587879181,-0.07312988066448156,-0.04512679576873779,-0.33978861570358276,-0.07574458741916601,-0.059527575969696045,-0.3341114819049835,-0.054309196261300485,-0.06031614542007446,-0.3027645945549011,-0.03988914885891859,0.02459484338760376,-0.20285886526107788,-0.0711851524688143,0.013093292713165283,-0.3663080930709839,-0.08759967559350912,-0.0020548105239868164,-0.3871544599533081,-0.08215098404659216,-0.011474788188934326,-0.3774290680885315,-0.0770728620268244,0.07133859395980835,-0.1909266710281372,-0.06652228855861608,0.09371519088745117,-0.3401186168193817,-0.0896259876467127,0.10251182317733765,-0.4339567571878433,-0.11015136861576025,0.10267800092697144,-0.5057455003261566,-0.12676095539106313,0.05998780445993879,-0.06816673188131181,0.17241203086561224,0.010591338650943,-0.1413658683510645,-0.07885689368190195,-0.1422221620896584,0.12952922352835333,-0.11855233020218466,-0.04604831631028286,0.1533784679132127,-0.025594827328597303,0.09665862770175836,0.2744358770665378,0.4565899604823873,0.17878722736064454,0.5344173997723057,0.6832265425272357,c_major
0.0,0.0,0.0,-0.03465932607650757,-0.19903236627578735,-0.07176831071240031,-0.044547975063323975,-0.34378767013549805,-0.07407727544170939,-0.05895334482192993,-0.3326074481010437,-0.05253980387908541,-0.058962106704711914,-0.2987467348575592,-0.038106654630723824,0.025306880474090576,-0.20623445510864258,-0.06998977516752802,0.013485610485076904,-0.3698142170906067,-0.08629750912052714,-0.0014575719833374023,-0.3873887062072754,-0.08059101258379542,-0.010249853134155273,-0.37626537680625916,-0.07517101322275721,0.07191485166549683,-0.19399577379226685,-0.06540368203980051,0.09397321939468384,-0.3428440988063812,-0.0881969601379069,0.10244560241699219,-0.4365527927875519,-0.10862873946291529,0.10256814956665039,-0.5084724128246307,-0.12511629317862116,-0.19161641074489422,-0.11553479534933318,0.15271927461414042,-0.08431833537352347,0.000786657510903177,-0.06263760123271692,-0.15694490720324805,-0.18875681092275381,0.0016983398926612714,-0.15133806039433584,-0.05870892831293495,0.03749149542663241,0.0987714036314752,0.2786531192900512,0.26807936452274084,0.18083454619079736,0.3652955256538995,0.5414765446184587,c_major
0.0,0.0,0.0,-0.033988893032073975,-0.1979537010192871,-0.0720097539901019,-0.04377466440200806,-0.34255892038345337,-0.07455000709288129,-0.05932730436325073,-0.33317112922668457,-0.05301726292364606,-0.060266196727752686,-0.3000969886779785,-0.03850578944675931,0.02588111162185669,-0.20518407225608826,-0.07048550676100263,0.014053642749786377,-0.3703748881816864,-0.08692133854620465,-0.001857757568359375,-0.38870951533317566,-0.08088738154165753,-0.01131439208984375,-0.3777313232421875,-0.07517119925014981,0.07255333662033081,-0.19250288605690002,-0.066096846568513,0.09544497728347778,-0.34315288066864014,-0.08922245036356458,0.10367774963378906,-0.4363486021757126,-0.10912266801588544,0.10331094264984131,-0.5074383616447449,-0.12507512103312024,-0.057599227472352216,-0.17331116774658858,0.02626660644256057,-0.02964518061232954,0.04457463056945668,-0.17349083695863068,-0.1402100636508155,0.037021606765354736,0.039458884673573724,-0.021915487348968504,0.04899007659407548,0.14523547255034824,0.09883178312964964,0.27792476435540936,0.3963501071154151,0.1801479519302625,0.48039841514422726,0.6311593163810438,c_major
0.0,0.0,0.0,-0.03541678190231323,-0.19454249739646912,-0.07317160979386017,-0.04542434215545654,-0.3402092754840851,-0.07494004980202362,-0.059581875801086426,-0.33304935693740845,-0.05223246455665276,-0.06000608205795288,-0.29990267753601074,-0.036916618947941515,0.02454376220703125,-0.2018750011920929,-0.07130351827021286,0.012921333312988281,-0.36725926399230957,-0.08700730070944473,-0.001578688621520996,-0.3874695301055908,-0.08043028578634903,-0.010584771633148193,-0.37737345695495605,-0.07455588296528504,0.07146936655044556,-0.19008824229240417,-0.06662658021326706,0.09382635354995728,-0.34217214584350586,-0.08955498949165985,0.10205578804016113,-0.4347858726978302,-0.10958759651060745,0.10153573751449585,-0.5053330361843109,-0.12587110862608597,0.012403544569387304,-0.019454253629126728,0.1554364781057605,0.011199196976828724,-0.19103707045699286,-0.07760708594557908,-0.07661188883266137,-0.17663112658841196,0.13100684659926526,0.1942132513235708,-0.14148633098543806,0.09221191678715773,0.09930207341063468,0.27606211793552177,0.32618612334136504,0.1777017582149918,0.3541136335124799,0.4342047356067184,c_major
0.0,0.0,0.0,-0.03556263446807861,-0.19564226269721985,-0.0723130770201692,-0.04491144418716431,-0.3396451473236084,-0.07539350466680617,-0.05853360891342163,-0.3338082730770111,-0.05453531743836493,-0.05911439657211304,-0.304647833108902,-0.04040317909669966,0.024073362350463867,-0.20279523730278015,-0.07048485355329603,0.013160526752471924,-0.3656280040740967,-0.08689162807417006,-0.0007750391960144043,-0.3855331540107727,-0.08137129174423308,-0.009289860725402832,-0.377359539270401,-0.07612211184454054,0.0708875060081482,-0.1912391185760498,-0.0659249715681085,0.0937606692314148,-0.34087157249450684,-0.08916219996166319,0.1024433970451355,-0.43453194200992584,-0.10963581429672331,0.10236173868179321,-0.5075900852680206,-0.12600523905706495,-0.1521389950636587,-0.18090477590452292,-0.08511604664116179,0.1373158510517951,-0.12921864702677371,0.09784872636170772,0.10165112998812675,0.14903548321557908,0.1302094688711674,-0.19429206010923875,-0.1738681268887411,0.17278098691789434,0.09510688062333379,0.2731076942112966,0.2842953058313238,0.17864602190231943,0.3709276496346447,0.537258811629936,c_major
0.0,0.0,0.0,-0.0341913104057312,-0.19924569129943848,-0.07005654624717295,-0.04404395818710327,-0.3437505066394806,-0.0733099242212063,-0.05841827392578125,-0.3304378390312195,-0.05339481285827219,-0.05854254961013794,-0.295937180519104,-0.04005310661213457,0.025922060012817383,-0.20659500360488892,-0.0683915053965336,0.01375645399093628,-0.3706005811691284,-0.08479166380183756,-0.0010342597961425781,-0.38661134243011475,-0.07982498011605799,-0.00993800163269043,-0.3748133182525635,-0.07495729229466974,0.07265406847000122,-0.1940859854221344,-0.06413072696940958,0.0954408049583435,-0.3420775830745697,-0.08692669472711145,0.10407114028930664,-0.4347850978374481,-0.10735289356725275,0.1039082407951355,-0.5061897039413452,-0.1237387841107136,0.11759864254331731,0.19796313649704683,0.08152715686265355,0.15086966753979397,0.16634003196426533,0.15474107758151873,-0.04487810608151896,-0.05450297625568684,0.1531262764011791,-0.012223719944981642,0.03950277810004846,-0.13523694175750073,0.09900580470861574,0.2785671831481848,0.3517461617316509,0.18055568552494158,0.41868447349338345,0.5580314730291753,c_major
0.0,0.0,0.0,-0.03453099727630615,-0.19846069812774658,-0.06976475489378231,-0.04402858018875122,-0.3423253297805786,-0.07253876996279018,-0.058323025703430176,-0.33370524644851685,-0.0518742195987727,-0.05857372283935547,-0.30057641863822937,-0.037888451638224296,0.025152862071990967,-0.20549756288528442,-0.06828665656090038,0.01418006420135498,-0.36829257011413574,-0.08395584595442074,-0.00017762184143066406,-0.387018620967865,-0.07826820683717983,-0.00878000259399414,-0.37662792205810547,-0.07311963957786816,0.07180672883987427,-0.192988783121109,-0.0642643563175227,0.09604096412658691,-0.3420657217502594,-0.08717423600197094,0.1048840880393982,-0.4344491809606552,-0.10751350146770733,0.10484451055526733,-0.5048244595527649,-0.1238818980479266,-0.15473311322412947,0.08518665894691596,-0.12625582724419399,0.11884942545008109,-0.15867665705798767,-0.1122559617697537,-0.08785280009338009,0.030055689233128652,0.1167561271951571,0.15223788099112995,-0.05591406405490376,-0.19263486006495756,0.09749093471669681,0.2753500572882881,0.35811681192149,0.17866641849829346,0.3782433416170178,0.45661104293855215,c_major
0.0,0.0,0.0,-0.03602808713912964,-0.1983097791671753,-0.07053123809066619,-0.045153260231018066,-0.34244123101234436,-0.07298490799632873,-0.058181166648864746,-0.32983601093292236,-0.05160170815554466,-0.05746936798095703,-0.2950242757797241,-0.03715360559192504,0.023989439010620117,-0.20512080192565918,-0.0687805900689682,0.013149082660675049,-0.36822181940078735,-0.08461662031379547,-0.0002484917640686035,-0.3837040066719055,-0.07835088319745864,-0.008115947246551514,-0.3712747097015381,-0.07254195607868041,0.07086998224258423,-0.19266551733016968,-0.06438681877818908,0.0941057801246643,-0.34134072065353394,-0.08699878699746932,0.10325098037719727,-0.4336252510547638,-0.10692558832136001,0.10331976413726807,-0.5042486786842346,-0.12293802596298065,0.19106760483520407,0.13753980484377815,0.1757706190484608,-0.13452398987195768,-0.002431724370017957,-0.19438019968633685,-0.031650353935449876,0.06940527150550496,-0.1723179999024072,-0.05658642011065612,-0.07410553248993607,0.03743694320667332,0.09747935248874813,0.2774652456731815,0.23317294162007096,0.18066476706434031,0.32055306099350916,0.4861206071694845,c_major
0.0,0.0,0.0,-0.036622822284698486,-0.1976413130760193,-0.07203617593532385,-0.04525125026702881,-0.34110158681869507,-0.07444097003227057,-0.057692766189575195,-0.3275993764400482,-0.05256403884177985,-0.05716794729232788,-0.2929654121398926,-0.037666643916423936,0.023658156394958496,-0.2045016884803772,-0.06991019001489462,0.012678861618041992,-0.3676605224609375,-0.085624388365801,-0.0004004240036010742,-0.38259372115135193,-0.07881696423774542,-0.007939934730529785,-0.3698626160621643,-0.07259915670638861,0.0705220103263855,-0.19211721420288086,-0.0649220933604795,0.09306186437606812,-0.3397466540336609,-0.08724242350345435,0.1022270917892456,-0.43247905373573303,-0.10679338773971381,0.102425217628479,-0.5030018389225006,-0.12250054529195609,-0.037496818990255754,0.1634929782601084,0.046335335910499736,0.07353523671199447,0.17913264317061284,0.1379032534396707,0.14318245216220554,-0.10204420967796671,-0.10412166253052342,-0.16330992699807467,-0.18116176424431454,0.057283727520959504,0.0977591818790902,0.2770957771017798,0.18105730743251056,0.17999074448940236,0.2767984999764518,0.45444315982246297,c_major
0.0,0.0,0.0,-0.03669685125350952,-0.193603515625,-0.0703209524328372,-0.04573410749435425,-0.337615966796875,-0.07356629123040648,-0.058456599712371826,-0.32635948061943054,-0.053283784287657454,-0.05813497304916382,-0.2937195301055908,-0.039545789110150054,0.023931562900543213,-0.20088014006614685,-0.06896939476081343,0.01263737678527832,-0.3633674085140228,-0.08519957562037916,-0.0007052421569824219,-0.37655264139175415,-0.07946595897027464,-0.008284330368041992,-0.3627980351448059,-0.07389654566594572,0.07109451293945312,-0.1893659234046936,-0.06489283193894835,0.09363335371017456,-0.3380105793476105,-0.08718411971875639,0.10213977098464966,-0.4301719069480896,-0.10661834825822325,0.10194438695907593,-0.5013379454612732,-0.1223059629375598,0.15216324695941819,0.11889738394001087,-0.04304920665949613,0.1194057025821782,-0.09998726053494567,0.039933264508872274,0.030374877016510954,0.138736554862896,-0.1659103662741051,-0.10074521100061729,-0.14843784871589383,-0.0014423458745854434,0.0918526042642738,0.2749182683406022,0.15612261755460932,0.1835405910273085,0.2444359119290691,0.4245345278460934,c_major
0.0,0.0,0.0,-0.03744155168533325,-0.19271120429039001,-0.06806586797441128,-0.04515784978866577,-0.3346906006336212,-0.07201423610652569,-0.05773115158081055,-0.3280538022518158,-0.053450540854584006,-0.058013737201690674,-0.2985643148422241,-0.04087459410632732,0.02304619550704956,-0.20033574104309082,-0.06706723685468319,0.012813746929168701,-0.3600260019302368,-0.0834619116326678,-0.00048738718032836914,-0.3773793578147888,-0.0792500090142596,-0.008461236953735352,-0.3672638237476349,-0.07495144124234798,0.07024544477462769,-0.18947327136993408,-0.06358035768474224,0.09390920400619507,-0.33640792965888977,-0.08625327910388592,0.10235261917114258,-0.4296833872795105,-0.10671482349837902,0.10197949409484863,-0.5021103024482727,-0.12310901398862484,0.15676682529658742,-0.027531662124881784,0.12480451368361778,-0.014762268829168285,-0.19879422054096996,-0.1315991171699104,-0.1129612310906461,-0.1041143964349073,-0.1721350696236891,-0.020696121865497213,0.07997753785083905,-0.15120400940285564,0.09130336420636397,0.2716455465208433,0.3960544388519723,0.18083108058439562,0.4538600908697898,0.5955374793769576,c_major
0.0,0.0,0.0,-0.03637540340423584,-0.19575384259223938,-0.0682049373003224,-0.045558929443359375,-0.33720529079437256,-0.07138594778501783,-0.057441890239715576,-0.32594063878059387,-0.05210184471928869,-0.05669808387756348,-0.2942575514316559,-0.03925208540880476,0.023678958415985107,-0.2026616930961609,-0.06714448126280104,0.0126456618309021,-0.3630056381225586,-0.08249602260315214,-6.896257400512695e-05,-0.3774920105934143,-0.07733688296997343,-0.007689356803894043,-0.3653287887573242,-0.07271034809076582,0.07062608003616333,-0.1907799243927002,-0.06358305158340727,0.0939871072769165,-0.33902254700660706,-0.08573257716619764,0.1025933027267456,-0.43055346608161926,-0.10568059029304777,0.10190659761428833,-0.5012110769748688,-0.12196863236152922,0.028260968532296676,0.18181369631319383,-0.015589876075169679,-0.05504720315742914,0.10564887002106227,-0.07576667344986938,0.12508904640113633,0.07296093951079097,0.13765020007804524,-0.13213581007542086,-0.0593753906198069,-0.028497623184729814,0.09258742596096944,0.2735456705299488,0.2469334697024185,0.1813881143993936,0.3332404036238303,0.508656516610742,c_major
0.0,0.0,0.0,-0.03782689571380615,-0.1931033432483673,-0.06775188769151441,-0.04494929313659668,-0.335117906332016,-0.07249696130801908,-0.05507534742355347,-0.323422372341156,-0.05486354927469961,-0.05406683683395386,-0.29248058795928955,-0.04301100919892065,0.022798597812652588,-0.2006833851337433,-0.0668647396092581,0.013953924179077148,-0.35939842462539673,-0.08364470626165144,0.0023248791694641113,-0.37038910388946533,-0.07958213563014738,-0.005271494388580322,-0.3563257157802582,-0.07512013937284223,0.07028591632843018,-0.18984875082969666,-0.06375962073852293,0.09459155797958374,-0.3364211916923523,-0.08623966152717344,0.10378074645996094,-0.4285055249929428,-0.10664554263402692,0.10340118408203125,-0.5020060837268829,-0.1230989503388571,-0.17430711638323976,-0.01817407620793804,-0.002705110514184733,0.08798749607047734,0.18260649438559734,0.1263138242564843,0.1942521885891514,0.15211865438876243,0.018127971129065834,-0.08916435432370601,-0.06076697955391133,0.02210363268400531,0.08653428240508461,0.2740642065354154,0.2432343492225679,0.1879746976397448,0.3222505862846052,0.5028491063424188,c_major
0.0,0.0,0.0,-0.03682440519332886,-0.1929861307144165,-0.06806130773378527,-0.04514867067337036,-0.3350805342197418,-0.07316525346590197,-0.05714350938796997,-0.3273058235645294,-0.05571738324118769,-0.05697125196456909,-0.2970277667045593,-0.043906510537397025,0.023019134998321533,-0.2000557780265808,-0.06739161974741137,0.012769520282745361,-0.36039119958877563,-0.08403104609800494,0.0006247758865356445,-0.3760438561439514,-0.07982856101347124,-0.007151782512664795,-0.36394602060317993,-0.07571542329145586,0.07006245851516724,-0.18868112564086914,-0.06451496548010027,0.0942428708076477,-0.3358061611652374,-0.087543801134359,0.10370057821273804,-0.4277261793613434,-0.10801909185005343,0.1035531759262085,-0.49948251247406006,-0.12460199064565813,0.0940554756146445,-0.14342211597635812,-0.12858832459413178,-0.12137485657972019,-0.018664544435709723,0.0017941602741555762,0.000975929526721625,-0.09294032141498124,-0.029610695910685048,0.1216313937443056,0.1734189189223076,-0.02489573518683902,0.08928515650378177,0.2706802108469649,0.5035676703790101,0.18170202233132898,0.5549133494673879,0.6804884243779452,c_major
0.0,0.0,0.0,-0.037809133529663086,-0.19164389371871948,-0.06561616476238896,-0.045595407485961914,-0.3329775333404541,-0.07177355553568532,-0.05573350191116333,-0.3273499608039856,-0.05657374154390027,-0.0550498366355896,-0.299508273601532,-0.04608494829000165,0.02246779203414917,-0.19886624813079834,-0.06548025872172047,0.013272404670715332,-0.356126070022583,-0.08159222866953542,0.0016919970512390137,-0.374581903219223,-0.07883485074700047,-0.006482481956481934,-0.36580049991607666,-0.07597004290283849,0.06983071565628052,-0.1881330907344818,-0.06326250400007893,0.09366792440414429,-0.3343380391597748,-0.08564293052614858,0.10287445783615112,-0.4277096390724182,-0.1065069776362293,0.10252326726913452,-0.5012336373329163,-0.12344435270489384,-0.15959568477418495,-0.012130092711772511,0.1820096929882914,0.1785205095341486,-0.0623072191114957,-0.08277629842907702,0.007529066018579,-0.13355842447690675,-0.013402241791602792,-0.1518532387532912,0.07864235132063896,-0.1507178471158861,0.08744464586401651,0.2674077091225216,0.4041247793779758,0.180217086221002,0.47354972197412437,0.6338039227793575,c_major
0.0,0.0,0.0,-0.03445124626159668,-0.1945582628250122,-0.06925268069011281,-0.04447197914123535,-0.3378944396972656,-0.07343861803514073,-0.057407259941101074,-0.33327120542526245,-0.05445890471440862,-0.05688941478729248,-0.30570828914642334,-0.04171914577585767,0.02478712797164917,-0.20075014233589172,-0.06848204478723119,0.013298213481903076,-0.361147940158844,-0.08484845951301168,-0.00021702051162719727,-0.3744869828224182,-0.07924416259032796,-0.0076149702072143555,-0.36047279834747314,-0.07399111583930562,0.07123887538909912,-0.18836966156959534,-0.06532201513749669,0.09457564353942871,-0.336045503616333,-0.08840380951863835,0.10262352228164673,-0.42915622889995575,-0.10860023245317052,0.10247719287872314,-0.5015511512756348,-0.12499778315526555,-0.1651066982600327,-0.1443057578303027,0.14520029907784637,0.16203950589057015,-0.046663545650942495,0.11538657677164976,-0.023770824217944103,-0.10189499448439886,-0.07200670298945161,-0.06652761692316353,0.009673698419176008,-0.15726364793725867,0.0804276221734992,0.26587116001873157,0.3360196794846483,0.18607811840338617,0.38394458404007453,0.539402038104959,c_major
0.0,0.0,0.0,-0.036267220973968506,-0.19227752089500427,-0.06747074237358675,-0.0459437370300293,-0.33510345220565796,-0.07206636479389772,-0.05864661931991577,-0.3308533728122711,-0.05420037171137437,-0.059046268463134766,-0.30226558446884155,-0.04206743648541078,0.02266937494277954,-0.199515700340271,-0.06679394653332338,0.012654244899749756,-0.3596869707107544,-0.08315738847744569,-0.0010892152786254883,-0.37630876898765564,-0.07873178830635652,-0.010332584381103516,-0.36442795395851135,-0.07432741483938798,0.06921648979187012,-0.1880647838115692,-0.0640482809234868,0.09390980005264282,-0.33629900217056274,-0.08719589373362169,0.1020917296409607,-0.42840926349163055,-0.10771576872360811,0.10080617666244507,-0.4994089603424072,-0.12424326500189409,0.17156825663263514,0.09340739930286845,-0.049147960900691734,0.03903965570401735,0.008420843432295072,0.016171421318089074,0.13618123933699805,-0.1520973232706135,-0.06892172946247702,0.0948694409202348,0.0351663455217793,-0.07390636194118883,0.08531054683222498,0.2667792751617392,0.37224195108337765,0.18183313336174486,0.41321089965076035,0.5369728170781126,c_major
0.0,0.0,0.0,-0.03645670413970947,-0.19162285327911377,-0.06673724512342005,-0.046314895153045654,-0.333732545375824,-0.07153264741185694,-0.057530760765075684,-0.331186980009079,-0.053854315828118615,-0.05731832981109619,-0.30373525619506836,-0.04177833284023791,0.022636234760284424,-0.19907960295677185,-0.06618377129319697,0.011315882205963135,-0.3591437041759491,-0.08192773471358805,-0.0007969141006469727,-0.377687931060791,-0.0771869824338296,-0.008731067180633545,-0.3678784966468811,-0.07288745353702097,0.06950151920318604,-0.18796667456626892,-0.06349841068271189,0.09333640336990356,-0.3355933427810669,-0.08619240979436427,0.10219705104827881,-0.4271778166294098,-0.10602858970645457,0.1016840934753418,-0.49789902567863464,-0.12215551296952754,0.06728729115832716,-0.13803213070703518,-0.04440519281177463,-0.18673973898521165,-0.048573798922195266,-0.1689096649744356,-0.18218140254947374,0.08529133115536208,-0.11689265126522574,-0.16003014450401487,0.07036118743001818,0.09895729262004888,0.08627198140826275,0.26351817978379277,0.41267951522234314,0.17755052056422393,0.49444519239296364,0.6635547339587751,c_major
0.0,0.0,0.0,-0.03639483451843262,-0.19173672795295715,-0.06724287445513255,-0.04666692018508911,-0.33526602387428284,-0.07278447474209315,-0.05786550045013428,-0.33072036504745483,-0.05576042706934459,-0.057223618030548096,-0.301660418510437,-0.04403417805997378,0.0228692889213562,-0.19916236400604248,-0.06708245600430018,0.011755228042602539,-0.3612027168273926,-0.08383587623802669,-0.00010854005813598633,-0.3774099349975586,-0.0795418086167956,-0.0077225565910339355,-0.36505061388015747,-0.07508367921082026,0.06965124607086182,-0.18801799416542053,-0.06473913664785869,0.09301638603210449,-0.3355492055416107,-0.08763409281937129,0.1018947958946228,-0.42764143645763397,-0.10771600033012874,0.10160374641418457,-0.4988337755203247,-0.12385464335648066,0.19649748572036801,0.035202337066705086,0.06411793883131434,-0.07525305944644525,0.05477279177984118,-0.09444521060421335,-0.005522931310036172,0.08792245944770266,0.09090836752647363,-0.07189808590882901,-0.027924682161204167,0.06547513986029369,0.08621336018487101,0.2654708479120813,0.29519296074522106,0.17952376391699584,0.37084926050790196,0.5363804870058779,c_major
0.0,0.0,0.0,-0.037095069885253906,-0.19112315773963928,-0.06792376513038789,-0.04746222496032715,-0.33451205492019653,-0.07334748978172456,-0.05803865194320679,-0.32698413729667664,-0.05663117343937074,-0.056886494159698486,-0.2978000044822693,-0.04541284913574373,0.02266794443130493,-0.1989770531654358,-0.0675165983513466,0.0115547776222229,-0.35994261503219604,-0.08440812254701768,-0.0005722641944885254,-0.37462013959884644,-0.08085200513158952,-0.008238136768341064,-0.36252814531326294,-0.0770286353901497,0.0696098804473877,-0.18827682733535767,-0.06496653283392106,0.09282022714614868,-0.3363322615623474,-0.08746721173082506,0.10148352384567261,-0.4276643246412277,-0.10765725696836626,0.10138440132141113,-0.49957138299942017,-0.1241545560434929,-0.021015442170554677,-0.0874029592602498,-0.06247622248049031,0.07192566045293919,-0.0323301430742077,-0.08581534979955713,-0.011625455755488179,-0.12715102995195462,0.070273998232938,-0.1923817598576438,-0.19770272490736118,0.06938318827406925,0.08692498393901764,0.26825663449735887,0.2038542680687586,0.18171076536674693,0.2872502658747591,0.46355161812651346,c_major
0.0,0.0,0.0,-0.038123905658721924,-0.1904636025428772,-0.06780208590933512,-0.04700756072998047,-0.3321325480937958,-0.07320703509756754,-0.0574420690536499,-0.3299312889575958,-0.056717212680069906,-0.05691176652908325,-0.3052220344543457,-0.045706930938450796,0.022275686264038086,-0.1979445517063141,-0.0673809492916746,0.011417090892791748,-0.3564339876174927,-0.08402011487194727,-0.0008971691131591797,-0.3748738765716553,-0.08089674207874964,-0.008939087390899658,-0.36612969636917114,-0.0776609996289892,0.06950104236602783,-0.1874065101146698,-0.06473296079346369,0.09380573034286499,-0.3348543345928192,-0.08770748171517084,0.10290372371673584,-0.42846347391605377,-0.10854222569176386,0.10308551788330078,-0.5027235150337219,-0.12547144237467478,-0.07091057633062259,-0.01689053136653884,-0.011446279449898261,-0.19228036278438942,0.0031972712753290666,0.007406926424328025,0.1106744802424301,0.17953800299308287,0.07834684520532648,0.19450504985606482,0.18593620258416088,-0.033186366643661064,0.08385811665846926,0.2663988422179093,0.551909044954218,0.1830115349363069,0.5900375129993787,0.7008040187515624,c_major
0.0,0.0,0.0,-0.0355873703956604,-0.19390323758125305,-0.06940809033707751,-0.0448681116104126,-0.33910974860191345,-0.07448780678109301,-0.05947226285934448,-0.333196759223938,-0.05577705941990985,-0.060068607330322266,-0.30289554595947266,-0.042960071488181484,0.024459242820739746,-0.2004849910736084,-0.06858508430318011,0.012782096862792969,-0.3633558750152588,-0.08678398422793521,-0.002061903476715088,-0.3754837214946747,-0.08161406360463275,-0.010424792766571045,-0.3590424656867981,-0.07595159999922885,0.07129138708114624,-0.18882572650909424,-0.06550111763075961,0.09505569934844971,-0.3376254439353943,-0.08966977290705813,0.10302591323852539,-0.4297008812427521,-0.1100962921221651,0.10267263650894165,-0.5007003843784332,-0.12621746353701724,-0.04964749477794855,-0.09799073599671178,0.15519553146129855,-0.032606540660114314,0.13290278754024543,-0.16923829502588494,-0.07380809047904399,0.18497863889938276,0.059486090330832964,-0.04293803453033701,-0.10814994634332878,-0.18475279713368373,0.08188666480448507,0.269338559955821,0.2415046213642457,0.18810808455240585,0.27539402253932954,0.4227584407215715,c_major
0.0,0.0,0.0,-0.03691822290420532,-0.1921105682849884,-0.06901140039272491,-0.04688209295272827,-0.33558791875839233,-0.07436453824348632,-0.05948358774185181,-0.3314231038093567,-0.056827849647476114,-0.060206055641174316,-0.30262571573257446,-0.044821265092565454,0.022575795650482178,-0.19884467124938965,-0.06819595669813339,0.011456429958343506,-0.35929596424102783,-0.08502005313940231,-0.0017572641372680664,-0.3770022690296173,-0.08087604021139327,-0.01036977767944336,-0.3668036460876465,-0.07689018820829574,0.06958156824111938,-0.1874389350414276,-0.06531367724247161,0.09382396936416626,-0.336421400308609,-0.08875051414079849,0.10253214836120605,-0.428005650639534,-0.10892971878357116,0.10203427076339722,-0.49931415915489197,-0.1253749383003253,-0.0267448276401491,-0.04430234881335901,-0.11455756024611996,-0.09632874161142385,0.17420430566867778,-0.022714830133721137,-0.02934489939476506,0.00992848236614674,0.10972465946886129,-0.10788227862141656,-0.12680744700958227,0.19758175074306716,0.08735489210995573,0.2673895314985586,0.3032231982230615,0.1804008790753849,0.3774145051314229,0.5358425433808014,c_major
0.0,0.0,0.0,-0.03646957874298096,-0.1909041702747345,-0.06867491593820318,-0.04645174741744995,-0.3353005051612854,-0.07450163504344687,-0.05834001302719116,-0.3309931457042694,-0.05737058585745558,-0.05818146467208862,-0.3019050657749176,-0.0455161607847856,0.023957014083862305,-0.1979421079158783,-0.06830292335015997,0.012040376663208008,-0.3588244318962097,-0.08549033990365729,-0.0010835528373718262,-0.37521159648895264,-0.08145070215923056,-0.009410321712493896,-0.3633873462677002,-0.077337512283151,0.07130402326583862,-0.18729063868522644,-0.06573755434018835,0.09510868787765503,-0.3362884223461151,-0.08934199949962363,0.10346144437789917,-0.4281223565340042,-0.10985757550460562,0.1027064323425293,-0.4994018077850342,-0.12639010092479452,0.011664412737464325,-0.09943660296928664,-0.03486493712954722,-0.14603597846556396,0.1754108065384531,0.022586193378152514,-0.08640470290358873,0.09924636675102239,0.07416887815026912,0.13678091296460732,0.11203112853919223,-0.1479664501950898,0.08468349078398306,0.2672647988496925,0.46888118266492335,0.1829651790208486,0.5023773981328137,0.6127616540707843,c_major
0.0,0.0,0.0,-0.03651076555252075,-0.1912456750869751,-0.06694272111633381,-0.047432780265808105,-0.3346366882324219,-0.07128087382295689,-0.0603603720664978,-0.33293235301971436,-0.05314350824335179,-0.06101042032241821,-0.3056621551513672,-0.04084816153624615,0.023142457008361816,-0.19827055931091309,-0.06651809017637333,0.01044917106628418,-0.35795915126800537,-0.08216101627328953,-0.0034970641136169434,-0.3771210312843323,-0.07758471320846638,-0.012181639671325684,-0.3677365183830261,-0.07354386846998295,0.07036107778549194,-0.18709295988082886,-0.06390434454658589,0.09455215930938721,-0.3373475670814514,-0.08673545669296345,0.10265886783599854,-0.4296251982450485,-0.10689784537532887,0.10192084312438965,-0.501139223575592,-0.12347077529409489,0.009665950683361096,-0.047866985828121045,0.11819406774812985,-0.10863466676231558,-0.1044562369725881,-0.1024077530764354,-0.07887803251511341,0.013919784267610369,-0.005835352047038056,0.12969627746435963,-0.013629835825124642,0.12441612803239804,0.08547798337809125,0.267552569025754,0.38595881324103815,0.1825057652729489,0.429777903361894,0.5476173798724868,c_major
0.0,0.0,0.0,-0.03723776340484619,-0.19251510500907898,-0.0676033497570927,-0.04769247770309448,-0.33680808544158936,-0.07307577140321087,-0.05919456481933594,-0.3319714367389679,-0.05606453500379871,-0.0588265061378479,-0.3029334545135498,-0.044474408101933705,0.02317225933074951,-0.19977930188179016,-0.0677215308665211,0.01132267713546753,-0.3612423241138458,-0.08469915397157024,-0.0016347765922546387,-0.3773640990257263,-0.08104753501405071,-0.010046720504760742,-0.36521947383880615,-0.07719401277293514,0.07068514823913574,-0.18878993391990662,-0.06556253142346691,0.09516030550003052,-0.33796289563179016,-0.08867115534533809,0.103729248046875,-0.4303382337093353,-0.10911776877631496,0.10326385498046875,-0.5021621584892273,-0.12570525712956737,-0.021243300365997447,0.08465045623846223,0.04643389970137207,0.15664541906970036,0.10188584295136499,-0.15744190670312902,-0.17992111509981512,0.008731590052305782,-0.08175896026358923,0.16692037322734649,-0.12609897524650715,0.008543671438143663,0.08561301431221051,0.26937671111112155,0.2916213355687264,0.18424420269057984,0.30959153025381164,0.4043494094561549,c_major
0.0,0.0,0.0,-0.0362398624420166,-0.1908644139766693,-0.06857377881050297,-0.04664719104766846,-0.335304856300354,-0.07386468941211888,-0.05937010049819946,-0.3322765827178955,-0.05630230376362988,-0.05961143970489502,-0.304802268743515,-0.04435979792714306,0.023837924003601074,-0.19803237915039062,-0.06834301197767445,0.01176983118057251,-0.35894161462783813,-0.08587745422363469,-0.0022032856941223145,-0.37517377734184265,-0.08200176650524327,-0.010690748691558838,-0.3631487190723419,-0.07785531723737904,0.07098758220672607,-0.18738451600074768,-0.06578606957435795,0.09591597318649292,-0.3364534080028534,-0.08972900951147267,0.10429829359054565,-0.4290051609277725,-0.1105036571049709,0.10384488105773926,-0.5007752180099487,-0.12709919953584858,0.13530421398686782,-0.13510326439112413,-0.17394568209068476,-0.12798134727877686,0.03895941943308773,0.1672123837978789,-0.016671774269639478,0.0826632666597501,-0.0813011355146768,-0.14528107915039334,0.03458159338526995,-0.017021802295205196,0.0831834844729347,0.2682707107009784,0.3510955126476891,0.18569982131309903,0.4242695782646542,0.6006560521131492,c_major
0.0,0.0,0.0,-0.036302387714385986,-0.19420164823532104,-0.06691004765573894,-0.04722702503204346,-0.33798614144325256,-0.0716941250616685,-0.05988168716430664,-0.3337353467941284,-0.054172672902979,-0.05999356508255005,-0.3053317666053772,-0.042412035738863096,0.02353566884994507,-0.2010272741317749,-0.0669084457809106,0.01133650541305542,-0.36123043298721313,-0.0835833815986291,-0.0023368000984191895,-0.3775281310081482,-0.07971472722832118,-0.010881364345550537,-0.36538684368133545,-0.07587197107616817,0.07064425945281982,-0.1894298791885376,-0.06465544236246501,0.09584379196166992,-0.33797240257263184,-0.08793798518721019,0.10471880435943604,-0.43053844571113586,-0.10878067893330012,0.10450702905654907,-0.5020963251590729,-0.12569946480337535,0.05846142129583198,-0.11437054072182723,0.10750078011584024,0.010000070497218655,-0.03312338879171711,0.020993709725749043,0.04465205189846405,-0.11901363371923002,-0.04602214727828277,-0.17672691597535356,0.0171942031969885,0.14476907778230114,0.08448779685023902,0.2696544693030759,0.3907511300900381,0.1857060655685872,0.47175785829943884,0.6495447769068308,c_major
0.0,0.0,0.0,-0.03596383333206177,-0.1919964849948883,-0.06715175464282197,-0.04630613327026367,-0.33647191524505615,-0.07252452477345628,-0.05870556831359863,-0.33289799094200134,-0.05550790160427255,-0.058709025382995605,-0.30525678396224976,-0.04397086753974122,0.02417731285095215,-0.1990477740764618,-0.06727074041495484,0.012733399868011475,-0.35920339822769165,-0.08441408678422135,-0.0009371042251586914,-0.3748820424079895,-0.08083603485951585,-0.009586513042449951,-0.36266589164733887,-0.07702135249505204,0.0713605284690857,-0.18812590837478638,-0.06510975911746186,0.0967136025428772,-0.33685562014579773,-0.08865562036166352,0.10530078411102295,-0.42962804436683655,-0.10965931370387239,0.1047971248626709,-0.5018969178199768,-0.12655013009438676,-0.07365077757829233,0.04807221823070257,-0.10062108720001657,-0.044615933973240374,-0.14992326716023086,0.15131021091432856,-0.00986029023572238,0.05745254210100437,-0.1154047812965632,0.042590142277232484,0.03387089638184232,-0.19199006667468377,0.08246915435256048,0.26873953563964564,0.38363887740526176,0.18687427613232366,0.4161509736393351,0.5433224132286587,c_major
0.0,0.0,0.0,-0.03587430715560913,-0.19552692770957947,-0.06660786602361668,-0.04658430814743042,-0.33930063247680664,-0.0711847278819846,-0.059819817543029785,-0.33630800247192383,-0.05343105975254048,-0.060145676136016846,-0.30904635787010193,-0.04157434735162724,0.023989975452423096,-0.20237118005752563,-0.06651272955997456,0.011791765689849854,-0.36213257908821106,-0.08325363281829823,-0.002354741096496582,-0.37861019372940063,-0.07933198991878498,-0.010992228984832764,-0.36698755621910095,-0.07544786814315785,0.07099008560180664,-0.19083547592163086,-0.06421022448404301,0.09657710790634155,-0.3383232355117798,-0.08804966840608586,0.10541433095932007,-0.43078118562698364,-0.1092316541419791,0.10537499189376831,-0.5023264586925507,-0.12621684703691471,-0.10264217074930869,-0.04706747201549466,0.05365680423165897,0.0012969677311574501,0.03573642702219079,-0.009777373890739127,-0.1458692802854726,-0.1425806550929333,-0.18192573073754345,0.05167064343746974,0.04108755355420951,-0.15177526628984128,0.08319049972068054,0.2681765121555879,0.3837198037462681,0.18556787932086144,0.4198545015890094,0.5466591063395413,c_major
0.0,0.0,0.0,-0.0352330207824707,-0.19490674138069153,-0.06762551579663523,-0.04564625024795532,-0.3397698700428009,-0.07266283843705423,-0.05875957012176514,-0.33692166209220886,-0.05478691745588549,-0.058740198612213135,-0.3093695640563965,-0.042735387273523884,0.02471250295639038,-0.20188823342323303,-0.06764466378876932,0.012566626071929932,-0.3626648485660553,-0.08513052824923761,-0.0018848776817321777,-0.3774803876876831,-0.08096865627953775,-0.01047438383102417,-0.36405402421951294,-0.07660805497357615,0.07165080308914185,-0.19035691022872925,-0.06539581034371622,0.0969952940940857,-0.3380122780799866,-0.08960899028966196,0.10557854175567627,-0.43104834854602814,-0.11083368275353678,0.1054764986038208,-0.5031990706920624,-0.12776744429061182,-0.02979328225868788,-0.10805503856067378,-0.1307254771990233,-0.075717477731697,0.10506985432929228,0.1897112200717022,0.16098739938914847,0.13962441631341582,0.06745820659638307,-0.05650944631750848,-0.04189711355765663,-0.135325679314302,0.08041975302711189,0.2678944792408487,0.28305379384809126,0.18821061131232533,0.3306842322723362,0.4889745074385396,c_major
0.0,0.0,0.0,-0.036002397537231445,-0.19349205493927002,-0.06733849533526381,-0.045919954776763916,-0.3370896577835083,-0.07175500579802474,-0.05926680564880371,-0.3368253707885742,-0.05319133662311515,-0.05979442596435547,-0.311582088470459,-0.040774787596149054,0.024224162101745605,-0.2006327211856842,-0.06745300330845794,0.012064337730407715,-0.3615061044692993,-0.08464695402113875,-0.0027219653129577637,-0.3772188127040863,-0.08006769307581862,-0.011365413665771484,-0.36462724208831787,-0.07539646216361007,0.07137429714202881,-0.18924662470817566,-0.06521361210076293,0.09727442264556885,-0.3383048176765442,-0.08941758312909087,0.10597765445709229,-0.4312736839056015,-0.1101600069615074,0.10609263181686401,-0.5036602914333344,-0.12671858706204375,0.03027159830025572,-0.19749189195053868,-0.0827052077021031,0.008851045806423402,0.0426766428194294,-0.04891598491089147,0.1731513716624566,-0.05845033048538545,0.047587605781798326,0.10167411511513058,-0.16359386334254974,0.038192863902856644,0.07973592605854543,0.2679531463883026,0.23282717736148167,0.18910457890507326,0.2570892635509735,0.3779688948360923,c_major
0.0,0.0,0.0,-0.03564935922622681,-0.1929793357849121,-0.06733024161235335,-0.0455782413482666,-0.3361796736717224,-0.07145641039983275,-0.058395564556121826,-0.33593615889549255,-0.052853558621563934,-0.05848723649978638,-0.31121134757995605,-0.04057510983125212,0.024569272994995117,-0.20019221305847168,-0.06768049340621474,0.012279272079467773,-0.3606135845184326,-0.08434440981523039,-0.0020284652709960938,-0.3767712712287903,-0.07964944880382063,-0.010388553142547607,-0.3647059202194214,-0.07520602684394362,0.07159316539764404,-0.18887096643447876,-0.06560310762301924,0.09751278162002563,-0.33736008405685425,-0.08929556649104597,0.1068260669708252,-0.43032562732696533,-0.10983498435393813,0.10752367973327637,-0.5030279159545898,-0.12653962563649657,0.10616442388614461,0.0944954649305128,-0.18339772706718455,0.18784631810499847,0.16497892452104101,-0.1476610323981108,-0.1796231230421438,-0.007810818838969225,0.01916206187427566,0.008033724042596002,-0.009867029424264206,0.011888206786116962,0.07984017194194208,0.2678490585930659,0.31302689320039956,0.18886875742408352,0.36583524194510203,0.5217932311518936,c_major
0.0,0.0,0.0,-0.036061108112335205,-0.19340398907661438,-0.068853120585743,-0.04572582244873047,-0.33868327736854553,-0.07263199545985799,-0.05912297964096069,-0.33811402320861816,-0.05300678618795018,-0.059640347957611084,-0.3122369349002838,-0.03993706711179357,0.02422189712524414,-0.20035642385482788,-0.06898615070230107,0.011955857276916504,-0.3622376322746277,-0.08570050009137731,-0.002760767936706543,-0.3781776428222656,-0.0804774270260964,-0.011456012725830078,-0.3653002977371216,-0.07560946353322606,0.07138806581497192,-0.1887895166873932,-0.06653893299943547,0.09753704071044922,-0.3382296562194824,-0.09035694160110097,0.10700428485870361,-0.43153974413871765,-0.11089392312413793,0.10764187574386597,-0.5037977695465088,-0.12758411773091893,-0.19431739275112736,0.1949174288699051,-0.10343347117904247,-0.022705988128369547,-0.051100675718674354,-0.0775075623452251,-0.05325230102873624,0.012773995703410146,0.08632308560716839,0.12040601363661563,-0.18997971492588206,-0.057166148973131936,0.08006229139695152,0.2689998163923182,0.21831253152527225,0.18991372097482034,0.22014780627034555,0.3218747970034194,c_major
0.0,0.0,0.0,-0.035417377948760986,-0.1933094561100006,-0.06860732910664069,-0.045150697231292725,-0.33856990933418274,-0.0730091172221421,-0.05856180191040039,-0.3394388258457184,-0.054101007706236715,-0.059009015560150146,-0.3144788146018982,-0.04145840806395995,0.024652719497680664,-0.20001009106636047,-0.06895493594439017,0.012529373168945312,-0.3624284267425537,-0.0860919493201493,-0.0021494030952453613,-0.3793112635612488,-0.08119989810020911,-0.010702729225158691,-0.3668472170829773,-0.07650219527513968,0.07165974378585815,-0.18839922547340393,-0.06682228920490729,0.09774047136306763,-0.3387301564216614,-0.09083974239857184,0.10698997974395752,-0.4319775700569153,-0.11133396503956305,0.10754114389419556,-0.5041133463382721,-0.12795835611851203,-0.058612217248637855,-0.09064637932381414,0.08613878443112649,-0.05553734934591237,0.0035968264650255155,0.05835433787271538,-0.025155486636309593,-0.032272347565208914,0.16168018368210524,0.013659953719414863,0.13556505656864976,-0.12439223430497025,0.07939782049905979,0.26680039777815545,0.4633554624791869,0.1883383664040236,0.5052772396163653,0.646540682586156,c_major
0.0,0.0,0.0,-0.03582960367202759,-0.19442296028137207,-0.0692984442136435,-0.04524344205856323,-0.34060460329055786,-0.07359324199177308,-0.05929148197174072,-0.33905699849128723,-0.054274136098399595,-0.06030339002609253,-0.31165599822998047,-0.04125634011842294,0.024541020393371582,-0.20095357298851013,-0.06943039399601503,0.012882351875305176,-0.36410170793533325,-0.08662088763929887,-0.0021539926528930664,-0.3800159692764282,-0.08165845078445955,-0.011235356330871582,-0.3665819764137268,-0.07683026594139619,0.0717814564704895,-0.18910932540893555,-0.06703789335705324,0.09790384769439697,-0.33994659781455994,-0.09090378684021516,0.10685205459594727,-0.4327094703912735,-0.11133891892649217,0.10690903663635254,-0.5039825439453125,-0.12791348052240892,-0.01072337758717451,0.08881271425549092,-0.1531024095638679,-0.061935391943056445,-0.10355904569235107,0.02942380175552023,0.07023232725791861,-0.01150145841041511,-0.14140152601190847,-0.06844495210241708,-0.12932838004857322,-0.09483287206922193,0.0817926598700343,0.26918201240077577,0.19021064681195596,0.18827243122540674,0.24471677642519013,0.41498083154212606,c_major
0.0,0.0,0.0,-0.03570598363876343,-0.1951839029788971,-0.07156556545726289,-0.044860899448394775,-0.34226667881011963,-0.07528765945664873,-0.05970597267150879,-0.34045177698135376,-0.05432003437510957,-0.061002492904663086,-0.31248366832733154,-0.04006868674389352,0.02497333288192749,-0.2013341784477234,-0.07118904291621675,0.012788891792297363,-0.3655381202697754,-0.08880244641534318,-0.0028791427612304688,-0.38101479411125183,-0.08278888910047044,-0.0117264986038208,-0.36683791875839233,-0.07690258770219316,0.07232147455215454,-0.1894141137599945,-0.06806031315556993,0.09752154350280762,-0.34031444787979126,-0.09217660575143327,0.1061028242111206,-0.4336078017950058,-0.11222543268434038,0.10627496242523193,-0.505062997341156,-0.12830045520297517,-0.12172223448016038,0.0638303727247248,0.052424479384880374,-0.009401115726668852,-0.09415675815131751,-0.16054694261529115,0.08433888412194923,-0.01382403509006308,0.03615650007024809,-0.19462527635008017,-0.03640335071679476,-0.0844510078398455,0.08209290111857992,0.26991367136637756,0.3099115687635747,0.1888710087277298,0.3777511685018158,0.5586641138494246,c_major
0.0,0.0,0.0,-0.03642541170120239,-0.19763609766960144,-0.07086222575117063,-0.04560190439224243,-0.34536421298980713,-0.07571949021030377,-0.0598415732383728,-0.3376185894012451,-0.056081283400544635,-0.06067478656768799,-0.3061715364456177,-0.04258264185000371,0.023510873317718506,-0.2027842402458191,-0.07009652213264417,0.012280583381652832,-0.36772504448890686,-0.08812940822053861,-0.001673579216003418,-0.37788569927215576,-0.08211968795467328,-0.009388089179992676,-0.3604840040206909,-0.07588349984098386,0.07088333368301392,-0.189988911151886,-0.06700862155366849,0.09567207098007202,-0.3419948220252991,-0.0915660332243533,0.10520756244659424,-0.43382836878299713,-0.11178197668004941,0.10575628280639648,-0.5050920248031616,-0.12776332304883908,0.031146126287009135,-0.04445025950823661,-0.19282027315367276,0.1875580374491574,0.057126825184597385,-0.08780057478449765,0.12141859717863573,0.09827890955840174,-0.10483647095619171,-0.09508725190039145,0.16484283603249106,0.1979118446425152,0.08178701978899734,0.2729915932604935,0.5299776928178407,0.1919927658294493,0.5985620486065557,0.7715018846685948,c_major
0.0,0.0,0.0,-0.03642219305038452,-0.19613906741142273,-0.07042583804644664,-0.045105934143066406,-0.34255990386009216,-0.07422254961051067,-0.05986970663070679,-0.3404374420642853,-0.05361479502238353,-0.06108510494232178,-0.3124532699584961,-0.039639212005511126,0.02392035722732544,-0.20217517018318176,-0.06999752651967128,0.010784387588500977,-0.3658702075481415,-0.08695521187104305,-0.0041811466217041016,-0.3810701370239258,-0.08057046663083156,-0.012222051620483398,-0.3669421672821045,-0.07457049917496761,0.07132059335708618,-0.19024455547332764,-0.06704997252739986,0.09617048501968384,-0.340503454208374,-0.09097111206568798,0.10531914234161377,-0.4337593764066696,-0.11103744041241725,0.10584288835525513,-0.5058256983757019,-0.12718153726376613,-0.18022971306282357,-0.13769591723947514,0.059257864737240706,-0.10913370234354508,-0.19932632336951672,-0.08690237395998174,0.17022778427626034,-0.13013895732615582,-0.13396125267326214,-0.10379313948360132,-0.1343392627664461,-0.1946595318979575,0.08109767404057032,0.2700398298954163,0.23995806998712332,0.18972581951142545,0.2773278765322713,0.43185960191892864,c_major
0.0,0.0,0.0,-0.037407875061035156,-0.1976967453956604,-0.0686761508847269,-0.0452040433883667,-0.345205157995224,-0.07305119886646594,-0.059298574924468994,-0.3420183062553406,-0.05324666902075137,-0.05999964475631714,-0.3129776418209076,-0.03973466857920016,0.022679388523101807,-0.20316675305366516,-0.06851442858229007,0.010534405708312988,-0.3680509924888611,-0.0855257134104761,-0.003677964210510254,-0.38154345750808716,-0.07916659816751803,-0.011203408241271973,-0.36621028184890747,-0.07306215867052401,0.07013183832168579,-0.19085809588432312,-0.06607836439857806,0.09532284736633301,-0.3424890637397766,-0.08999782010565127,0.10454171895980835,-0.4347638636827469,-0.11006787374267901,0.10517317056655884,-0.5063086748123169,-0.12619917049656237,-0.15349610027606353,-0.0033399258740281768,-0.06376985881606087,-0.07404594885786131,0.08276195054459978,0.15413729525893355,-0.1360566467526329,-0.19223110930259255,-0.1034227179833593,0.09629089807788077,-0.07991285506607211,0.11095111029465665,0.07953306393048197,0.2685797038702437,0.318515513843998,0.189722454737824,0.3569063261260029,0.4879882637328374,c_major
0.0,0.0,0.0,-0.0379677414894104,-0.19046390056610107,-0.06874229778310337,-0.045056045055389404,-0.33725786209106445,-0.07438881714602985,-0.05777013301849365,-0.341752290725708,-0.05607801322599926,-0.05879145860671997,-0.31881654262542725,-0.0434358829703001,0.022495627403259277,-0.19726088643074036,-0.06908065099975147,0.010121285915374756,-0.36112648248672485,-0.08639866878053226,-0.004034817218780518,-0.3782992362976074,-0.0807029234316019,-0.012285232543945312,-0.3660503029823303,-0.075285561576095,0.07031935453414917,-0.1868714690208435,-0.06720221807023563,0.09571003913879395,-0.3381606936454773,-0.09134017695447483,0.10422074794769287,-0.4303809553384781,-0.11106242258807697,0.10379248857498169,-0.5021185576915741,-0.12697466482183017,-0.13474054554943937,0.19625214100432092,-0.16908072050282655,-0.13216247474556508,0.05338718586295571,0.05759459013590723,0.09995971351653365,0.16577771958921783,-0.179585166434717,0.07515068043031065,-0.19748510226470128,0.03215545632290001,0.07354086759991127,0.2588665615364986,0.19589758958691486,0.18617295903039008,0.21818074639570834,0.3448830103015357,c_major
0.0,0.0,0.0,-0.03773707151412964,-0.1925087869167328,-0.06776931727080182,-0.045329391956329346,-0.3397456407546997,-0.0731019362225993,-0.0581059455871582,-0.34277650713920593,-0.05492007950095967,-0.05878555774688721,-0.3194122314453125,-0.042549742700146,0.0220947265625,-0.1990189552307129,-0.06782492840437726,0.009395003318786621,-0.36391186714172363,-0.08469076299815015,-0.004479706287384033,-0.3802374601364136,-0.07884059691576795,-0.012448012828826904,-0.36785876750946045,-0.07336456918864087,0.06970250606536865,-0.18836155533790588,-0.06584291005282239,0.09492093324661255,-0.3398119807243347,-0.0896497427835925,0.1035693883895874,-0.4316116273403168,-0.10940875703244046,0.10337471961975098,-0.5035917162895203,-0.1254032536759837,-0.09177008254170876,-0.04736219736459865,0.19438267374661533,-0.07248417319442033,0.19695248173696434,0.12116735238587839,-0.18858613823747938,-0.02547605074793516,-0.06541005410396594,0.07681856824023547,0.05217556558700187,0.0038537895927159282,0.07378203343066718,0.2590033638278199,0.39827033243428334,0.18586652043753984,0.4363026912688434,0.5712178953911334,c_major
0.0,0.0,0.0,-0.03716319799423218,-0.19031107425689697,-0.06722318365362412,-0.04535466432571411,-0.3366467356681824,-0.07303059830454117,-0.057230353355407715,-0.34201985597610474,-0.055644608876974644,-0.05701494216918945,-0.32074466347694397,-0.04384752347257859,0.022746920585632324,-0.19720008969306946,-0.06760933234480149,0.010250985622406006,-0.3614402413368225,-0.08529153450515992,-0.004207909107208252,-0.37866055965423584,-0.08039504273918396,-0.012605547904968262,-0.3667418360710144,-0.0754060669162584,0.07020682096481323,-0.18673649430274963,-0.06589200331953293,0.09547895193099976,-0.3381179869174957,-0.09016001953867203,0.10358446836471558,-0.4304737448692322,-0.1102658583143068,0.10303008556365967,-0.5024086833000183,-0.12632502599743134,0.017561125102305786,-0.10702405907599757,-0.09095518062869959,0.03597556132987606,-0.026050769191077683,0.019157582948666152,0.015258259572853039,-0.07168380265453589,-0.09860668475920523,-0.024041770293692588,0.18552506491026294,0.07332742213272442,0.07130130328297213,0.25577092372477345,0.5206978354308697,0.18539102879767108,0.5720587101571588,0.7275034010381276,c_major
0.0,0.0,0.0,-0.03693735599517822,-0.1898711621761322,-0.06767069465109898,-0.04528146982192993,-0.33626842498779297,-0.07327698832938268,-0.057973504066467285,-0.3422524034976959,-0.05568236029336049,-0.05868929624557495,-0.3211907744407654,-0.04362628898212506,0.02271294593811035,-0.1967519223690033,-0.06811793065259053,0.010480761528015137,-0.3599388003349304,-0.08520149356314732,-0.004355788230895996,-0.3783758878707886,-0.08000959372708394,-0.013232529163360596,-0.36762750148773193,-0.07505915975758626,0.06983339786529541,-0.18603724241256714,-0.06634501284548833,0.09567105770111084,-0.33742430806159973,-0.09032887137124135,0.1039854884147644,-0.42983299493789673,-0.11031974768826558,0.10338115692138672,-0.5014691054821014,-0.12642365610787465,-0.1942712741104122,0.07430232549289945,0.050113224491027286,0.1505508103888627,-0.0331931176261,-0.11807161363623325,0.1561947461001864,0.06554945172989801,-0.14644242981985756,-0.09003591788701414,0.08879997180662691,-0.0032713105008717047,0.07218526620847224,0.2561689138747128,0.41316285770268313,0.18479891294966105,0.4683783664925335,0.633241066782021,c_major
0.0,0.0,0.0,-0.03655803203582764,-0.18959617614746094,-0.06783650904171168,-0.04581940174102783,-0.3349778950214386,-0.0727330902146548,-0.058349013328552246,-0.3408486843109131,-0.054569222919866434,-0.05897587537765503,-0.32041701674461365,-0.04226319580547511,0.02335411310195923,-0.19709810614585876,-0.06837263046972453,0.01068037748336792,-0.359491765499115,-0.08480208455793559,-0.004392385482788086,-0.37768322229385376,-0.07923775254957377,-0.013526737689971924,-0.36742061376571655,-0.0742543572115153,0.070487380027771,-0.18637338280677795,-0.06653928100340067,0.09603208303451538,-0.33713823556900024,-0.09025633423797785,0.10403728485107422,-0.4291019141674042,-0.10993325798980891,0.10309308767318726,-0.5004412531852722,-0.1259624966906756,0.1914972386878026,-0.04109110351808831,-0.0794791757805538,0.12679554409786492,-0.038417282936939745,-0.08481571710133373,0.13142090983109428,0.08484883062687026,-0.025071394169074196,-0.12783386017528542,-0.13927630626474696,0.13996721765686643,0.07279008625893725,0.25628235885267003,0.26600996720836895,0.18430519761449346,0.33317686959790455,0.5044660415723564,c_major
0.0,0.0,0.0,-0.03629559278488159,-0.19393613934516907,-0.06927851936310958,-0.04574805498123169,-0.3405856490135193,-0.07435343763322066,-0.05972719192504883,-0.33837538957595825,-0.05542959994167518,-0.060619890689849854,-0.31020769476890564,-0.04240328794807624,0.023854434490203857,-0.20090025663375854,-0.06936171999663543,0.01154792308807373,-0.3645118474960327,-0.08683466515034866,-0.003031015396118164,-0.3808762729167938,-0.0816494708368225,-0.011606872081756592,-0.36862218379974365,-0.07659001252145003,0.0710943341255188,-0.1895827054977417,-0.06699601909608077,0.09670037031173706,-0.339992493391037,-0.09110057702750396,0.10515826940536499,-0.4318656325340271,-0.11123057803601455,0.1045873761177063,-0.5030947327613831,-0.12744455388278197,-0.056579885703664345,-0.1561841323418911,0.04494987857094951,-0.02332438418121091,-0.1930875324641328,-0.06400792077748713,-0.09733788772682526,0.03341862444144689,-0.01728627240472075,-0.07064457709586089,0.14748950006414824,0.10793480332903588,0.08356590607937492,0.2678261886808529,0.48185968723730216,0.18485170844747503,0.5512768165802097,0.7137012843127547,c_major
0.0,0.0,0.0,-0.03765982389450073,-0.1910867989063263,-0.06837930434383566,-0.046418964862823486,-0.337399959564209,-0.0738382180873316,-0.059107959270477295,-0.33455294370651245,-0.055742050493137185,-0.05948275327682495,-0.30520325899124146,-0.043241153443233316,0.02308809757232666,-0.1983194351196289,-0.06870015614666158,0.011349737644195557,-0.3615947663784027,-0.08604381137527639,-0.0028201937675476074,-0.3801104724407196,-0.08179596715606863,-0.011916518211364746,-0.36957332491874695,-0.07759319149889166,0.07089686393737793,-0.18792647123336792,-0.06673044615425283,0.09624606370925903,-0.3392365574836731,-0.09050889962352926,0.10487562417984009,-0.43106529116630554,-0.11059817575849706,0.1043054461479187,-0.5024607479572296,-0.12693512343801672,0.09272034146318886,-0.15263936935491823,-0.14216918058240272,-0.033079446957983316,0.1981125749544217,-0.0009684353266972701,-0.19861525631181498,0.0522396416475428,0.11248541225288727,-0.12874730805522905,-0.14473743186565835,-0.17639630450806731,0.08709830437150552,0.26970682571535753,0.21972062825061925,0.18330640591322622,0.27196078283610126,0.42979758671968754,c_major
0.0,0.0,0.0,-0.037831127643585205,-0.18934366106987,-0.06848357735762534,-0.046054840087890625,-0.3329746723175049,-0.07469938068280157,-0.056539058685302734,-0.3296966552734375,-0.05795706926474509,-0.05570429563522339,-0.3007068932056427,-0.046369255768155426,0.02288907766342163,-0.19696572422981262,-0.06905990211853918,0.011590301990509033,-0.3585427403450012,-0.08659023164400992,-0.0008894801139831543,-0.37765803933143616,-0.08328745632061896,-0.008962392807006836,-0.3679312467575073,-0.07982961206326422,0.07056403160095215,-0.18689802289009094,-0.06728435425648627,0.09583193063735962,-0.33699557185173035,-0.09113081662545142,0.1051834225654602,-0.4300292134284973,-0.11188769458422598,0.10523784160614014,-0.5028945803642273,-0.12871480106005606,0.03876351296779043,-0.12575456965487974,0.14662814304555866,0.07765094658466326,-0.1581452209362539,0.13176712149400271,-0.05118677428117957,0.15094477506445053,-0.12443229005554853,0.04121204064648806,-0.12520624572002753,-0.011086775734819337,0.08845063388051076,0.27122503794409547,0.20356352056162394,0.18342997754322646,0.2572129029568756,0.40072950185474054,c_major
0.0,0.0,0.0,-0.037712812423706055,-0.18814551830291748,-0.0698593531091376,-0.04646533727645874,-0.3320446014404297,-0.07592252384020526,-0.05771666765213013,-0.3307730257511139,-0.058534075721041745,-0.057373225688934326,-0.30313679575920105,-0.04651384542776782,0.023135364055633545,-0.19600677490234375,-0.0701158393461867,0.011422932147979736,-0.358158677816391,-0.08792032788588244,-0.0016060471534729004,-0.3774821162223816,-0.08421409617258746,-0.009889304637908936,-0.367769718170166,-0.0803780008394881,0.07087141275405884,-0.18612059950828552,-0.06795111785723407,0.09552162885665894,-0.3366493582725525,-0.09216252456499774,0.1043548583984375,-0.4296451508998871,-0.11269687603308398,0.10409033298492432,-0.5022735893726349,-0.12925729642702777,-0.01875267212048848,0.17276200672428776,-0.05067437797376409,-0.018346073575217753,0.14441355277832252,-0.02838594091996055,-0.15484971123964597,0.11698469698584363,0.025455881337090203,-0.17278205029874788,0.08834840522709064,0.05447521154494933,0.08705698386408166,0.2693926911286438,0.4204505309989924,0.18295309425701659,0.5027555847235952,0.6776800805806613,c_major
0.0,0.0,0.0,-0.03824746608734131,-0.1869352161884308,-0.06989889377354075,-0.04627901315689087,-0.33019548654556274,-0.0755372398495524,-0.05837506055831909,-0.3327561616897583,-0.05736990058420588,-0.05889129638671875,-0.30804312229156494,-0.0447973289489596,0.02240663766860962,-0.19449356198310852,-0.07005125814674784,0.010387539863586426,-0.3565182089805603,-0.08754002088306834,-0.002924621105194092,-0.37558513879776,-0.08261722856758524,-0.010682225227355957,-0.36502087116241455,-0.07779753738640238,0.07018834352493286,-0.1842363476753235,-0.06776710385082652,0.09531033039093018,-0.33432379364967346,-0.09197981441019465,0.10425323247909546,-0.4280734211206436,-0.11206067883966853,0.10431534051895142,-0.5012415647506714,-0.12823138916490961,-0.09975608874342337,0.13255063703499792,-0.16744237386435243,-0.04124665650948928,-0.01805716942720076,0.01985304632118612,0.11232078997463585,0.151257463653869,-0.025877131311220214,0.1836206600627967,0.021277624501571252,0.08634646724915818,0.08160632429752475,0.2663142634235025,0.4294914417897219,0.1852676196599354,0.4625185328634255,0.5704027465817715,c_major
0.0,0.0,0.0,-0.037462592124938965,-0.191827654838562,-0.06966780488491509,-0.04561585187911987,-0.33702749013900757,-0.07462562237978432,-0.058379948139190674,-0.33702680468559265,-0.055263414877657624,-0.058724045753479004,-0.3095127046108246,-0.0418141781270549,0.022718846797943115,-0.19856604933738708,-0.06992827718258354,0.010015368461608887,-0.3620552122592926,-0.08707383637428734,-0.0036247968673706055,-0.37961405515670776,-0.08120541636944267,-0.01122206449508667,-0.3674201965332031,-0.07563974325657341,0.0704120397567749,-0.18729186058044434,-0.06770352636576149,0.095195472240448,-0.33838436007499695,-0.09180305515528175,0.10415691137313843,-0.4318641573190689,-0.11172976707220528,0.10418885946273804,-0.5041278600692749,-0.1277654728770301,0.006255168517060344,-0.12228620336193759,0.022639229173927605,0.1813813941702841,0.13868495702666211,-0.15315662177085476,0.1643618711203778,0.17174686303780445,0.047537414618114227,-0.09969683764506528,-0.03346417294522214,0.17113039625251802,0.08218202175989765,0.2679613749951698,0.35103696852016003,0.18634848624755598,0.4245584917628815,0.5936601927408062,c_major
0.0,0.0,0.0,-0.03791987895965576,-0.1917639672756195,-0.07000845203793915,-0.04652297496795654,-0.3368566334247589,-0.07430440465606125,-0.05847448110580444,-0.33765333890914917,-0.05439508611954125,-0.058528780937194824,-0.3121470510959625,-0.040708052913316806,0.02231508493423462,-0.1986284852027893,-0.070188048283228,0.009594976902008057,-0.36194294691085815,-0.0864589987198201,-0.003430783748626709,-0.37965691089630127,-0.08001763651765259,-0.01082301139831543,-0.36796581745147705,-0.07429332564271363,0.0699608325958252,-0.1874975562095642,-0.06772844771541031,0.09450650215148926,-0.3380783796310425,-0.09127076993382843,0.10335803031921387,-0.4311227798461914,-0.11083913872636231,0.10306340456008911,-0.5028486549854279,-0.12673966864741715,0.04628781925500322,-0.055152275914747945,0.19901988442441942,-0.10445541996790042,-0.11551873944057096,0.1444856580782054,0.07004417543841795,0.10911702339279178,-0.19566396435609096,0.06691207727418269,-0.13605616508092916,-0.034739118346108405,0.08074370358768639,0.26434934281292066,0.216284620873131,0.1841578521150481,0.24776877565264824,0.379878599516501,c_major
0.0,0.0,0.0,-0.037254154682159424,-0.19043904542922974,-0.06816156440652321,-0.04597574472427368,-0.33457016944885254,-0.07342410319722603,-0.05769723653793335,-0.3326907157897949,-0.05574829363501976,-0.05709749460220337,-0.3061780333518982,-0.04370861360109757,0.023083627223968506,-0.1976177990436554,-0.06883923941529702,0.010834872722625732,-0.3603140115737915,-0.08578508579410027,-0.002450108528137207,-0.37717801332473755,-0.0811502062646241,-0.010091781616210938,-0.36507612466812134,-0.07661408418096016,0.07054948806762695,-0.18704771995544434,-0.0670094364253373,0.09507244825363159,-0.3374806344509125,-0.09044383698380898,0.1035870909690857,-0.43051138520240784,-0.11072238021768044,0.10337084531784058,-0.5027567446231842,-0.12716074520028542,0.0035881420883834836,-0.11284289457192412,0.11013419198065943,-0.007879467503072446,0.1445333011036266,0.0513967841053114,0.009880884456377442,-0.1560758160991476,0.12684512846486012,-0.17133915146558515,0.01619541029878624,0.09135691567489118,0.08222707709810595,0.2671283139433605,0.367720669167093,0.18543108089581095,0.44674708107825073,0.6265196641329506,c_major
0.0,0.0,0.0,-0.0375136137008667,-0.18940284848213196,-0.06999610096050901,-0.04611295461654663,-0.3329921364784241,-0.0745589780790965,-0.058209776878356934,-0.3324429392814636,-0.05536399140788717,-0.058258056640625,-0.3053063154220581,-0.0422047796828906,0.023022353649139404,-0.1969078779220581,-0.07013895094229383,0.01035463809967041,-0.3597896099090576,-0.08694327354265852,-0.0034592151641845703,-0.37848398089408875,-0.08162329822613401,-0.011672019958496094,-0.36746394634246826,-0.07666003435684843,0.07057446241378784,-0.18620657920837402,-0.06766288459135694,0.09525120258331299,-0.3371120095252991,-0.09143160760237379,0.10398036241531372,-0.43044112622737885,-0.11148206621243162,0.1037796139717102,-0.5024620592594147,-0.12773482978178663,0.06807386674288629,-0.002683066384651017,-0.02339611023300564,0.07617639302168461,0.1875843449082592,0.0916041533377347,-0.18446822566830567,0.11089899240052675,-0.1010677488309617,0.07275991789486869,0.16987926158614547,-0.19574184223945293,0.08497643479244044,0.26915048485085935,0.5162757711015503,0.18483020585388704,0.5568185990116328,0.676483574822382,c_major
0.0,0.0,0.0,-0.0380786657333374,-0.18811136484146118,-0.0705041605451413,-0.04632049798965454,-0.33114859461784363,-0.07580724539545258,-0.057043612003326416,-0.3310995101928711,-0.057234046927959525,-0.05665326118469238,-0.3038256764411926,-0.04428965779331406,0.02311992645263672,-0.195513516664505,-0.07081432821539124,0.010597169399261475,-0.35782763361930847,-0.08778643789079865,-0.002163231372833252,-0.37792208790779114,-0.08281710924890717,-0.009912371635437012,-0.36803948879241943,-0.07819002302673539,0.07117819786071777,-0.1852298378944397,-0.06845630141285142,0.09521371126174927,-0.33596235513687134,-0.09217622312095841,0.10397803783416748,-0.4297562688589096,-0.11207020463731965,0.10376954078674316,-0.5021040737628937,-0.12823483528879365,0.10432510678911017,0.09402101548587105,0.1687928962545619,-0.01000701189160541,0.1506888970503259,0.11240977602140623,-0.16799231685409277,0.19018899459638722,-0.13421961554365452,-0.14329228183812992,0.016955275940629233,-0.12430358330451102,0.08635600277626113,0.2685080837918597,0.34177326926851204,0.1827604262131559,0.4100458873821635,0.574871818282591,c_major
0.0,0.0,0.0,-0.038641273975372314,-0.1876867413520813,-0.07003759152257771,-0.04648023843765259,-0.329398512840271,-0.07510020143354268,-0.05680960416793823,-0.33275604248046875,-0.05656939304435582,-0.05662471055984497,-0.30899864435195923,-0.04369370943868489,0.022337734699249268,-0.19518887996673584,-0.07043001360261769,0.010145008563995361,-0.35641413927078247,-0.0869099826272759,-0.002403736114501953,-0.37773048877716064,-0.08160895413720937,-0.010152757167816162,-0.36896812915802,-0.0768386975582871,0.07030290365219116,-0.18486833572387695,-0.06811782277191014,0.09491980075836182,-0.33506715297698975,-0.09198198026979298,0.10414546728134155,-0.42968200147151947,-0.11210395700300069,0.10419052839279175,-0.5027280747890472,-0.128343369131926,0.12846843223100318,0.08134791094203025,-0.11709075511524657,-0.16368240432723763,0.10883568544360561,0.02804699329048338,-0.0027512608003950056,0.041982511932027844,-0.12600605546873472,-0.00031407461684093696,-0.18317685755779017,0.06927390673871009,0.08279234141769289,0.26562793185780315,0.17822371350969574,0.1833544141871651,0.23656730418978048,0.3899830511787789,c_major
0.0,0.0,0.0,-0.03721928596496582,-0.18698614835739136,-0.0696463207860063,-0.04610490798950195,-0.3309507966041565,-0.07533150121165022,-0.056793391704559326,-0.3302636742591858,-0.05820046320152983,-0.05617409944534302,-0.3037743866443634,-0.04642530485583052,0.02383643388748169,-0.19485831260681152,-0.07009765460682615,0.011464595794677734,-0.35703879594802856,-0.08676560923052534,-0.00143355131149292,-0.3768395483493805,-0.08272820666027769,-0.009747564792633057,-0.36723363399505615,-0.07903258457375273,0.07168829441070557,-0.18488672375679016,-0.06798296376658186,0.09572374820709229,-0.3357228934764862,-0.09131725087357268,0.10400587320327759,-0.4289562404155731,-0.11168520852518782,0.10308408737182617,-0.5010973215103149,-0.12837517961455092,0.007243813434039265,0.134758165515399,-0.005181287394435519,0.08058538289988026,0.15578677014160952,0.05418701235633411,0.054808915714760154,0.028699115689850396,0.008640089772908338,-0.14234542715395937,-0.06893751729950029,0.01956346479335483,0.08512187665211866,0.26648694651966515,0.25870518093493083,0.18189326609499476,0.34100432151109616,0.5185398591093469,c_major
0.0,0.0,0.0,-0.037740468978881836,-0.19122755527496338,-0.07152381931277318,-0.046325087547302246,-0.33639591932296753,-0.07552770917149587,-0.05934244394302368,-0.33386820554733276,-0.055060774281940894,-0.05990570783615112,-0.3059985041618347,-0.04110834021898313,0.022747933864593506,-0.198184072971344,-0.0708841199133019,0.010424673557281494,-0.3610183596611023,-0.08787840251656576,-0.003704845905303955,-0.3763377070426941,-0.0817522669288735,-0.011737346649169922,-0.3632647395133972,-0.07590629552336736,0.07040250301361084,-0.18694621324539185,-0.06764690969916387,0.09421485662460327,-0.33759111166000366,-0.09170537088843389,0.10310471057891846,-0.4312729239463806,-0.1119157189581017,0.10328811407089233,-0.504150778055191,-0.12813784574004217,-0.13323071381204665,0.1738404163958776,0.008245094986032653,0.13201472182435947,0.005483653911349473,0.06450101372650868,0.08785184811788527,-0.011544333968529719,0.046563604268037906,0.0784526889395119,0.08253599436990111,-0.08588398111534677,0.08252581671298956,0.27105475828506603,0.4148577593890698,0.1892296681493138,0.4549418545925924,0.588730461549044,c_major
0.0,0.0,0.0,-0.03807342052459717,-0.19027897715568542,-0.07075744050672483,-0.04691511392593384,-0.3335736393928528,-0.07506323534181547,-0.05754488706588745,-0.33108091354370117,-0.055599960713891505,-0.0568089485168457,-0.3025301694869995,-0.04222498762538862,0.023322463035583496,-0.1977197229862213,-0.07060529220035505,0.010044693946838379,-0.3593864440917969,-0.08665584701230955,-0.0026782751083374023,-0.3778194189071655,-0.08122091668775511,-0.010268568992614746,-0.3669147491455078,-0.07647477018764448,0.07137089967727661,-0.1874271035194397,-0.06774399357965422,0.09473729133605957,-0.3366054594516754,-0.09079487550189924,0.10329049825668335,-0.4300779849290848,-0.11077050048044157,0.10286515951156616,-0.5022048354148865,-0.12718874889543486,0.14379304497170436,0.02411393755820218,0.1839445333838507,-0.13854809463388906,-0.05836110770574199,-0.15596014655466361,0.044802574171346476,0.18907208351652627,-0.1990058960514666,-0.036223614177832486,0.0330145071551847,-0.05978913412357817,0.08651259231825192,0.2694153553850181,0.33663405242929123,0.18350628219330217,0.4011177942533268,0.5570889872353919,c_major
0.0,0.0,0.0,-0.037686705589294434,-0.19273000955581665,-0.07210150451695085,-0.04627704620361328,-0.3373261094093323,-0.07554384411608339,-0.05901896953582764,-0.33545494079589844,-0.05409681515132547,-0.059345126152038574,-0.30737167596817017,-0.03942588062321306,0.023020029067993164,-0.19884443283081055,-0.07144098819529177,0.010270357131958008,-0.361470103263855,-0.08756810517346025,-0.003134608268737793,-0.3782607614994049,-0.08045488686596514,-0.01050567626953125,-0.3658432364463806,-0.07427691013847948,0.07060372829437256,-0.187190979719162,-0.06808430792128206,0.09413659572601318,-0.3365398943424225,-0.09181626976763368,0.10295766592025757,-0.4303476959466934,-0.11175483555828691,0.10307085514068604,-0.5026642084121704,-0.12793970943724275,0.1618072738370968,0.10778582264225439,-0.159203223124628,-0.19870639504294194,-0.11508923879771933,0.08990907980192425,0.19457013120832684,-0.016164667873267813,0.14903304686034485,-0.0026799817689225347,0.1298380848797276,-0.04987022967465263,0.08377833555196079,0.2689847990110016,0.44099024705286133,0.1857398796312167,0.49634353008503773,0.6460164349279314,c_major
0.0,0.0,0.0,-0.037692487239837646,-0.19212478399276733,-0.07123433921535138,-0.04717278480529785,-0.3357357978820801,-0.07523778203923825,-0.0574224591255188,-0.3325381278991699,-0.05551994342405919,-0.05628335475921631,-0.30384528636932373,-0.042105355598522465,0.023431599140167236,-0.19954818487167358,-0.07089075569112424,0.01045149564743042,-0.3618403673171997,-0.08687380824287061,-0.001615285873413086,-0.38058799505233765,-0.08135423187215451,-0.009043216705322266,-0.36976608633995056,-0.07667458925445203,0.07123887538909912,-0.1890566647052765,-0.06782474491794233,0.09470194578170776,-0.3382823169231415,-0.09083947662313108,0.10321170091629028,-0.4307892769575119,-0.11083620909650449,0.1024014949798584,-0.5019237399101257,-0.127330960073067,-0.0791499689507904,-0.03811103362924975,0.02201597575656722,0.19487571251098257,0.08330889474158915,-0.10957891435676946,-0.12130257173741801,-0.047326067634402946,-0.036020715674179915,0.14779479498695097,0.07158655713442796,-0.033577896588273315,0.08816016349619944,0.26773001130220697,0.4273987340617846,0.18014337918524928,0.4703696873015635,0.5828929999703633,c_major
0.0,0.0,0.0,-0.037642717361450195,-0.19445544481277466,-0.0711687264366958,-0.04540008306503296,-0.33780184388160706,-0.07555449580391382,-0.05816775560379028,-0.3360776901245117,-0.05501493637999033,-0.05871623754501343,-0.306430459022522,-0.04068422143896555,0.02301657199859619,-0.20111319422721863,-0.07061864262064432,0.010467886924743652,-0.36374595761299133,-0.08762603079517817,-0.0028916001319885254,-0.3805761933326721,-0.08120786970098948,-0.01024848222732544,-0.36702507734298706,-0.07516816829880213,0.07068228721618652,-0.1895148754119873,-0.06747845386703943,0.0949028730392456,-0.33705511689186096,-0.09169161891182398,0.10388636589050293,-0.4307692050933838,-0.11202732300003504,0.10392111539840698,-0.5025710165500641,-0.12822118972977137,-0.059501671416303525,0.18770729905712435,0.15341634748629013,0.14312882750817146,-0.08891111630511128,0.11293033307714329,0.09180331918872187,0.1606178914641665,0.05176383931413531,-0.04306681050126854,0.11238003799934843,-0.14091073754915892,0.08491156379416262,0.26941556691699037,0.4309205164692097,0.1849919504748927,0.4850034976149474,0.6324011974020792,c_major
0.0,0.0,0.0,-0.03753173351287842,-0.19106441736221313,-0.06924788954913197,-0.04569810628890991,-0.3324698805809021,-0.0748032212561327,-0.057520508766174316,-0.3324565887451172,-0.056919283450241664,-0.057753145694732666,-0.305683434009552,-0.04450648206531582,0.022884011268615723,-0.19817233085632324,-0.06931315663516102,0.010379910469055176,-0.3595876097679138,-0.08639804574906407,-0.002315044403076172,-0.37872007489204407,-0.08166534754693089,-0.009724259376525879,-0.36786311864852905,-0.07711565795599995,0.07059013843536377,-0.18759897351264954,-0.06700881126582203,0.0952908992767334,-0.3352481722831726,-0.09089443388640461,0.10418647527694702,-0.42892591655254364,-0.11119981411158619,0.10379189252853394,-0.5012692213058472,-0.12752794775425969,-0.14742728634541097,0.13007792741019403,0.015353150874669735,0.18796658078994083,0.07963057451168232,-0.1293481108566581,-0.08371082102520573,-0.09723957508762751,0.17174932651050662,-0.1441925306154541,0.1321411840821216,0.09533622636920691,0.08506729956357757,0.2669141497410895,0.4676731193631888,0.18227590058000326,0.5457340663056179,0.7158026654627253,c_major
0.0,0.0,0.0,-0.036588430404663086,-0.19289785623550415,-0.07015193816570786,-0.04462552070617676,-0.33282890915870667,-0.0753606614127591,-0.05727165937423706,-0.33388984203338623,-0.05666774701623467,-0.05827367305755615,-0.3078364431858063,-0.04370670955924538,0.02362591028213501,-0.19962286949157715,-0.06965621378569153,0.011768579483032227,-0.3601047992706299,-0.0866197180405095,-0.0011879801750183105,-0.3798366189002991,-0.08122014817146805,-0.008951127529144287,-0.3694469630718231,-0.07628261115698365,0.07133686542510986,-0.18876615166664124,-0.06681411531118897,0.09640204906463623,-0.33635351061820984,-0.0911244284763768,0.10516411066055298,-0.4298172891139984,-0.11123636182693986,0.1044846773147583,-0.501752108335495,-0.12733835544733552,-0.18482535286470242,-0.1344675995100772,-0.05371792268266393,-0.1269630687109235,-0.04679345942057389,0.012429488928009824,-0.04339189695624762,0.13715383919188112,0.02527563517203485,-0.143798701069215,0.17765724258703192,-0.055855917865459154,0.08538008563437416,0.2666229885068318,0.4931189031097451,0.18160127287237574,0.5638476121595954,0.7268778721252804,c_major
0.0,0.0,0.0,-0.03656649589538574,-0.19628167152404785,-0.06961609675587965,-0.04606384038925171,-0.34003546833992004,-0.07516321792306258,-0.0590137243270874,-0.33996158838272095,-0.05655342592896773,-0.05965977907180786,-0.3126361072063446,-0.043489577910321486,0.023331165313720703,-0.20338934659957886,-0.06902220352591826,0.01072537899017334,-0.36655014753341675,-0.08641045792998625,-0.0026097893714904785,-0.3845835328102112,-0.0807648251861508,-0.010442793369293213,-0.37293341755867004,-0.07526651277245833,0.07057321071624756,-0.19193905591964722,-0.06615995123090102,0.09525662660598755,-0.34112656116485596,-0.09087675317229582,0.10402733087539673,-0.43413469195365906,-0.11130073918999983,0.10354304313659668,-0.5055345892906189,-0.12738681091965987,0.038613621740836546,0.06464525461935466,0.018868185012195615,-0.04572729613701579,-0.14077029354876408,0.11756904120847217,-0.1166794928587184,-0.13674881921321336,0.05761993498719786,0.1912858807900344,0.05345469888229604,-0.11857198739686058,0.08407051151621876,0.26623998811941907,0.45014838744621805,0.18246196082358215,0.4736841225464495,0.5659024040992208,c_major
0.0,0.0,0.0,-0.03710824251174927,-0.19028177857398987,-0.06820577325615318,-0.046745240688323975,-0.33381688594818115,-0.07387708815130622,-0.05957901477813721,-0.3375522196292877,-0.05642533989939125,-0.06031554937362671,-0.31095072627067566,-0.044248494676679684,0.023353099822998047,-0.19844737648963928,-0.06841724308523567,0.01040351390838623,-0.36115050315856934,-0.08528524579796226,-0.0035854578018188477,-0.38415661454200745,-0.08121161850485237,-0.012509286403656006,-0.37511003017425537,-0.07732918801102073,0.07104969024658203,-0.1883876621723175,-0.06634253206047447,0.09580183029174805,-0.3379146158695221,-0.08994674625191124,0.10399019718170166,-0.4311385750770569,-0.11021061929258735,0.10307067632675171,-0.5018194913864136,-0.12667997123989494,0.07640109025038322,-0.007131214706462219,0.18450353746457926,0.08715093923634692,-0.139888466892163,0.014822338375918592,0.1572818634257127,0.021676417303167966,-0.033286292042090826,0.1952572264985748,0.14259246701823625,-0.12864320900974097,0.08658052510828637,0.2644255898618998,0.5273910690873376,0.17846432458825262,0.5601927598906931,0.6509754115710048,c_major
0.0,0.0,0.0,-0.036989808082580566,-0.1925608217716217,-0.0703494997806331,-0.04681873321533203,-0.3355134129524231,-0.07541847248742783,-0.06032538414001465,-0.3374773859977722,-0.05606786926458085,-0.061244189739227295,-0.3104268014431,-0.04262673502037728,0.02340114116668701,-0.2001909613609314,-0.06971497853467667,0.009919345378875732,-0.36431077122688293,-0.08721753974626267,-0.004074394702911377,-0.3835792541503906,-0.0816131534166118,-0.012059926986694336,-0.3721809387207031,-0.07615663130948747,0.07117009162902832,-0.18964508175849915,-0.06682707389066422,0.09536850452423096,-0.3393888473510742,-0.09129633774230683,0.10347974300384521,-0.4317709803581238,-0.11101015676925385,0.10273241996765137,-0.5025529563426971,-0.1267307477183124,0.012832662480196794,-0.0052018807176609505,0.06813895701890299,0.011678356369608955,0.14889751758172814,0.16005016714869896,-0.1995754292744485,0.12938312888126124,-0.18759139832147273,-0.05636275037980365,0.08953837955372396,-0.15012073073082838,0.08577248462397333,0.266222224615753,0.41418707557556683,0.18091955988408157,0.4697000713557671,0.6135393341724881,c_major
0.0,0.0,0.0,-0.0382237434387207,-0.19021037220954895,-0.0689571303817047,-0.0473484992980957,-0.3312964141368866,-0.07453086502277984,-0.059257686138153076,-0.3352009654045105,-0.056528857866169346,-0.05995243787765503,-0.31123948097229004,-0.04405101291263236,0.02211904525756836,-0.19813111424446106,-0.06881673164093627,0.00922006368637085,-0.3596591353416443,-0.08599885083162917,-0.003363192081451416,-0.3814522624015808,-0.08127209074223174,-0.011193275451660156,-0.37308716773986816,-0.07679212368452681,0.07016021013259888,-0.18842566013336182,-0.066482539245726,0.0945013165473938,-0.33679890632629395,-0.09106209404194487,0.10320848226547241,-0.4301879107952118,-0.11143378443443908,0.10241454839706421,-0.5024949610233307,-0.1276443777176155,-0.1214980278890797,0.13673926027597155,-0.03857047647511966,0.01952259011364238,-0.08537749778051228,-0.015567101666127042,0.07551200137997488,-0.15665276879994036,0.19248994013907855,-0.17095783647489152,0.14944498985849747,-0.14655713323803782,0.08529110512569568,0.26444195491810274,0.48482974835146053,0.1795524055600034,0.5508463735392569,0.7071886966628896,c_major
0.0,0.0,0.0,-0.03777623176574707,-0.18937024474143982,-0.06909799198007249,-0.04675483703613281,-0.33275702595710754,-0.07575840125178956,-0.058187007904052734,-0.33803510665893555,-0.058494314498659605,-0.05844312906265259,-0.3139621317386627,-0.046252090431210036,0.022747695446014404,-0.19725069403648376,-0.06935545424317979,0.010028719902038574,-0.36039477586746216,-0.08738594869470262,-0.0025225281715393066,-0.38131284713745117,-0.08273913333511018,-0.010405957698822021,-0.3712219297885895,-0.0780011228690114,0.07095128297805786,-0.18799319863319397,-0.06745718786811494,0.09590417146682739,-0.3365826904773712,-0.09225593874549531,0.10423970222473145,-0.43045639991760254,-0.11248798290586137,0.10310381650924683,-0.5025657415390015,-0.1284650898942914,0.19798256986252172,-0.04392800300984598,0.007750693241559581,0.05188325619655826,-0.12760665825395914,0.06619908014240555,-0.015201246042371747,-0.17379489910916615,0.1835264742598967,-0.10924698250065523,-0.08824828796451252,-0.19535861285390121,0.0812050205719633,0.26158691583113497,0.27524630029201125,0.18078240427050135,0.3218950304161453,0.47034727339545673,c_major
0.0,0.0,0.0,-0.03700155019760132,-0.18907636404037476,-0.0714705782275189,-0.046519339084625244,-0.33593088388442993,-0.07664617619323622,-0.06164664030075073,-0.3411080241203308,-0.05660386479306112,-0.06427186727523804,-0.3150610327720642,-0.04240072614359747,0.023588240146636963,-0.19697001576423645,-0.07079183033513914,0.009282827377319336,-0.36182183027267456,-0.08840262613105665,-0.005901694297790527,-0.38252031803131104,-0.08208932450818907,-0.015096843242645264,-0.3714960813522339,-0.07611503175306211,0.07153326272964478,-0.1874791979789734,-0.06776789299058805,0.09549301862716675,-0.33857429027557373,-0.09284139892864118,0.10323977470397949,-0.4325253367424011,-0.11285705587673078,0.10156840085983276,-0.5038277208805084,-0.12863371989536176,-0.1852441155557968,0.1294007126869059,-0.033887903979039485,-0.14465403746498492,0.06339595524809205,-0.08247285163108367,-0.08031922038810634,0.021858485383562026,-0.06602768826711078,0.1476941539583187,0.1369146691770638,-0.06492923042357807,0.08209599320052452,0.2656538843795337,0.4997190839012302,0.18406698401918825,0.5339546068485884,0.6455514367534574,c_major
0.0,0.0,0.0,-0.03848069906234741,-0.1886369287967682,-0.0724008313811737,-0.04793363809585571,-0.3365694284439087,-0.07764995167622146,-0.061993956565856934,-0.34122133255004883,-0.057607889870496365,-0.064037024974823,-0.31471192836761475,-0.04336702520618019,0.02181220054626465,-0.19618383049964905,-0.07153724948534546,0.007784903049468994,-0.3616379499435425,-0.08914870838293609,-0.006784379482269287,-0.3823014497756958,-0.08280820469030914,-0.01577049493789673,-0.371466726064682,-0.07686247746119079,0.06966626644134521,-0.18634307384490967,-0.068301082352491,0.09382933378219604,-0.3379550576210022,-0.09341093222269592,0.10163640975952148,-0.43205834925174713,-0.11343228886494217,0.09970974922180176,-0.5031759440898895,-0.12923418800005493,-0.13327500654761582,-0.10818321384984433,0.05929177653126627,0.12067520335431026,-0.03808353110140911,0.011110303806185495,-0.02067980249261195,-0.12469656653272648,0.19466253701938424,-0.10438276863156366,0.0485808714641541,-0.17158072676950137,0.08168665928539515,0.2640167815276825,0.387360543562957,0.1828272435080773,0.4396176361236429,0.5898157074034375,c_major
0.0,0.0,0.0,-0.037637412548065186,-0.19001907110214233,-0.06805597516191142,-0.04658961296081543,-0.33520787954330444,-0.07485337080848353,-0.05930912494659424,-0.3382442593574524,-0.057726970784784726,-0.059950053691864014,-0.3120647668838501,-0.045480410479427746,0.0222092866897583,-0.1972910761833191,-0.06852722438466685,0.008854508399963379,-0.3616965711116791,-0.08649063380849498,-0.004475057125091553,-0.3815884590148926,-0.08167013796460765,-0.0122222900390625,-0.3707238435745239,-0.07668835195195811,0.07019609212875366,-0.18731504678726196,-0.06691170754325526,0.09463047981262207,-0.3376542925834656,-0.0916376215447201,0.10312461853027344,-0.43140465021133423,-0.11182437362563746,0.10255676507949829,-0.5033886730670929,-0.12771319123399394,0.18171097923488383,0.02426307130785199,0.0028953846432852592,0.14992092385763783,-0.09348914683503261,-0.03766878507822624,-0.040090031701039,-0.17732649460583452,-0.19730510296845064,0.1628505051985708,-0.007771791313346682,0.0801053706617329,0.08180930455915705,0.2641505885948983,0.39749980182168215,0.18269571068298127,0.4323990602718485,0.5407956945513352,c_major
0.0,0.0,0.0,-0.03725343942642212,-0.1909657120704651,-0.06926426321444978,-0.04628133773803711,-0.3383738696575165,-0.07555119723258485,-0.060932040214538574,-0.3413850665092468,-0.057270925791840455,-0.06285977363586426,-0.31397703289985657,-0.044137176426033875,0.02239149808883667,-0.19827520847320557,-0.06918492943225374,0.009173810482025146,-0.36392033100128174,-0.086890794636588,-0.005532443523406982,-0.3827238380908966,-0.0810735675710248,-0.014010071754455566,-0.37023305892944336,-0.07530232548890581,0.06986665725708008,-0.1877002716064453,-0.06697828352628221,0.0944509506225586,-0.33907508850097656,-0.09179716587243547,0.102458655834198,-0.4328455328941345,-0.11190951645551195,0.10129797458648682,-0.5038298964500427,-0.1277249905484723,-0.10553250377319445,-0.022551486330416953,0.09776056381702747,0.07766050886477271,0.11224568532366774,0.12262416865134668,-0.18980449260007634,0.01918892309644052,-0.168194614297537,0.09985304606809464,0.13424335085944883,0.1397249788472117,0.08076075999305032,0.26453506151246897,0.5110599438960904,0.18409833339391707,0.5600874924900747,0.6918591206887824,c_major
0.0,0.0,0.0,-0.03803980350494385,-0.19078001379966736,-0.0689775926106222,-0.04782438278198242,-0.3376449644565582,-0.07551956000258997,-0.06162726879119873,-0.3403836190700531,-0.05771734016468599,-0.06308144330978394,-0.31333714723587036,-0.044965973221565037,0.021562814712524414,-0.1984657645225525,-0.06918144794633463,0.007896840572357178,-0.3644430637359619,-0.08699776055743769,-0.006337463855743408,-0.38230884075164795,-0.08137016566922739,-0.014461517333984375,-0.3697907328605652,-0.07567301961114481,0.0692068338394165,-0.18800851702690125,-0.06729086311986521,0.09360599517822266,-0.3401538133621216,-0.09177961769034937,0.1017601490020752,-0.4327235817909241,-0.11129858168294504,0.10072982311248779,-0.5034444332122803,-0.1267798152797468,0.08018021714772805,0.12087709365452792,0.11331464638402128,-0.0449444578668694,-0.04344524975869027,0.046330784467750075,0.041421027994235915,0.12942112805611633,0.11182132098046876,-0.05699675078309038,0.018165110090722886,-0.09272809106488725,0.08058428649401063,0.26394775229296064,0.33498058152175125,0.1836961107238619,0.39065311675053443,0.545997900819783,c_major
0.0,0.0,0.0,-0.037973880767822266,-0.19024401903152466,-0.07146306025060767,-0.04763376712799072,-0.33529165387153625,-0.07710661428245658,-0.06079810857772827,-0.33554741740226746,-0.05770791383656615,-0.06150674819946289,-0.3078199028968811,-0.04408801036151999,0.022151947021484375,-0.19767853617668152,-0.07147538351091498,0.007521629333496094,-0.3629072308540344,-0.08947935389551276,-0.0067234039306640625,-0.37966787815093994,-0.0832219390777027,-0.014517366886138916,-0.36620110273361206,-0.07707979964288825,0.06990885734558105,-0.18703001737594604,-0.06907061176571005,0.09376591444015503,-0.3372518718242645,-0.09393112795623892,0.10227018594741821,-0.43026790022850037,-0.11342978911670798,0.10193592309951782,-0.5015793442726135,-0.12885449515852088,0.1361647320992449,0.011872894672123019,-0.14439780407459035,0.10428965708949067,0.17197503030364414,-0.18279452367526142,-0.11873794650102353,-0.16199260294652518,0.0958376398813009,-0.11321450954096508,0.04981202217602232,-0.05164851371323631,0.08188299341482015,0.26728558672031444,0.36142972709121735,0.18592809396756627,0.42831623407167496,0.5968943886739181,c_major
0.0,0.0,0.0,-0.03841209411621094,-0.18823295831680298,-0.07281671375207566,-0.04735898971557617,-0.331581175327301,-0.07859232187442444,-0.05965065956115723,-0.3334854543209076,-0.059294092507883533,-0.0605616569519043,-0.308322012424469,-0.04579326793722771,0.02217787504196167,-0.19574519991874695,-0.07254601180724762,0.007626235485076904,-0.36047375202178955,-0.09069283962421082,-0.005516946315765381,-0.3793972134590149,-0.08476627528838776,-0.013063907623291016,-0.3684994578361511,-0.07904023587875031,0.07018345594406128,-0.1858012080192566,-0.06975725948981903,0.09397894144058228,-0.33573418855667114,-0.0951755633967366,0.10343039035797119,-0.4284381866455078,-0.11499980747871064,0.1033526062965393,-0.5005095303058624,-0.13054507136516236,-0.09949844119466983,0.16867730286319288,-0.16539193567541244,0.18718574274823768,0.09294242538482117,-0.10604807714861436,-0.1476068822445057,0.11278922239210781,-0.17023928038516556,0.17833645114770508,-0.040222889791631855,0.16461936944468147,0.08356268308799328,0.2664334737039966,0.41620058094635154,0.18339087225155687,0.45140846882964486,0.5519134130849948,c_major
0.0,0.0,0.0,-0.039071738719940186,-0.18632638454437256,-0.07149887954798828,-0.047412335872650146,-0.3285980820655823,-0.07720485454407822,-0.05852103233337402,-0.33201608061790466,-0.0585823928376783,-0.059285521507263184,-0.3097042739391327,-0.04582558324543129,0.021123230457305908,-0.1937255859375,-0.07155409580079208,0.007072567939758301,-0.3572755455970764,-0.089318932350551,-0.005152463912963867,-0.37731027603149414,-0.08391184484568726,-0.012580454349517822,-0.36876851320266724,-0.07888274019566666,0.06917345523834229,-0.18393757939338684,-0.06921745961514603,0.09352779388427734,-0.33451440930366516,-0.09452877318469177,0.10353964567184448,-0.4274402856826782,-0.11447318768111359,0.10376012325286865,-0.5008096694946289,-0.13028285032120834,0.12105585878359026,-0.07841391974978938,-0.05784959072637014,-0.02587951915789316,0.19053758695778938,0.010182430834422329,0.12938880586961282,-0.02937058748975971,-0.12693008235108982,-0.03838528545965034,0.14965196542700787,-0.07440227780198413,0.08223577861017706,0.2650248751486904,0.4607185713461391,0.18333567103183432,0.5190816472526312,0.6681528972533562,c_major
0.0,0.0,0.0,-0.03747075796127319,-0.189660906791687,-0.0708847629503282,-0.046538710594177246,-0.33590030670166016,-0.07715229565658888,-0.05996459722518921,-0.33397066593170166,-0.05869774768510183,-0.06046479940414429,-0.3048768937587738,-0.04572899515190443,0.022504746913909912,-0.19715088605880737,-0.07106450820722898,0.008549511432647705,-0.36231571435928345,-0.08946145201483091,-0.005479872226715088,-0.3793819546699524,-0.08410651857414564,-0.013231813907623291,-0.3666977882385254,-0.07864630842962583,0.0701856017112732,-0.1869262158870697,-0.068875430770305,0.09474164247512817,-0.3371715545654297,-0.09363720441618284,0.10365599393844604,-0.4303188920021057,-0.11360269660511335,0.10359376668930054,-0.5021917819976807,-0.12943313146391233,-0.12621378443827658,0.01428743408562655,0.08885214733967906,0.05015755755007911,-0.044777832106348725,-0.06782714308145033,-0.09970228958054049,0.12011323631191967,-0.10325125729788485,0.04610867857097958,-0.017489613097341372,-0.15436002190371628,0.08447678631798677,0.2699162104526305,0.325192335805812,0.18597349279004868,0.3622156954648371,0.48873518162667823,c_major
0.0,0.0,0.0,-0.038470685482025146,-0.18844062089920044,-0.0727260634074014,-0.04752922058105469,-0.33460816740989685,-0.07809057084415372,-0.060523808002471924,-0.3362872898578644,-0.05779537928793843,-0.061892807483673096,-0.3087121844291687,-0.043466445035676315,0.0215609073638916,-0.19589334726333618,-0.07208621499631818,0.0077915191650390625,-0.36131182312965393,-0.08975230900142606,-0.005724072456359863,-0.3796122968196869,-0.0829472690591615,-0.013711750507354736,-0.3680066764354706,-0.07667994496915753,0.06944036483764648,-0.1856784224510193,-0.0690707191595834,0.09415698051452637,-0.3376980125904083,-0.09419325736854489,0.10310059785842896,-0.4295365959405899,-0.11352217940185483,0.10235041379928589,-0.49994513392448425,-0.12885485587213452,0.07377186134533975,-0.17599606735691503,-0.017505862109412546,-0.08038124314826396,-0.11263664123354365,-0.08262380124855136,0.18624923161444057,0.10056535788881249,0.08979409378197106,0.13352513555667583,0.1704475898893506,-0.05112692374263533,0.08330898877955481,0.26615231995091965,0.5175335203840571,0.1833041294566369,0.5588064552553387,0.6756033591185817,c_major
0.0,0.0,0.0,-0.03759580850601196,-0.18977662920951843,-0.07218189028489519,-0.047085344791412354,-0.3353393077850342,-0.07853034374701906,-0.06040412187576294,-0.33471599221229553,-0.05977117133724619,-0.061173975467681885,-0.3071294128894806,-0.04662420836675096,0.022646188735961914,-0.1970750391483307,-0.07232000914800096,0.008185982704162598,-0.3626022934913635,-0.09136525032508303,-0.00604856014251709,-0.3794812560081482,-0.0859656208513968,-0.014044702053070068,-0.3667803704738617,-0.08030240473735262,0.07041054964065552,-0.1870134174823761,-0.07005017486798693,0.09458261728286743,-0.33823999762535095,-0.09561880168902803,0.10379534959793091,-0.431070476770401,-0.11565736917245317,0.1039118766784668,-0.5032508075237274,-0.13136589763152529,-0.14038371312786446,-0.0523934842931196,0.1398251697169664,-0.1574286087688238,0.0647923055389038,0.07803362980215983,-0.02525379765412028,0.13514764975292892,0.00022424537367299324,0.12875497389502633,0.05483603668186765,0.02962058388163724,0.08314821744390961,0.26999647018350004,0.41581878364788943,0.1874711043365986,0.4585141280928186,0.5813731610460354,c_major
0.0,0.0,0.0,-0.038436949253082275,-0.18863525986671448,-0.07313319613936642,-0.04772859811782837,-0.3352300226688385,-0.07896313389542797,-0.060663700103759766,-0.33634403347969055,-0.059037908369333536,-0.061846911907196045,-0.3088102340698242,-0.044905531609089167,0.021434307098388672,-0.1958007514476776,-0.07252066155675152,0.007999122142791748,-0.3625619113445282,-0.09061177393201092,-0.005267202854156494,-0.38130325078964233,-0.08399252911809185,-0.013163328170776367,-0.3700377941131592,-0.07773612012866238,0.06929779052734375,-0.18542957305908203,-0.06954678466323116,0.09390807151794434,-0.3373628854751587,-0.09486480375531414,0.1029626727104187,-0.4293704032897949,-0.11418563445809582,0.10237056016921997,-0.4999290108680725,-0.12939979454282025,0.1870419808301142,0.15207755418978963,0.14967423599426294,0.19190234291923414,-0.09275770906391156,-0.06199656889941424,-0.005384815929261849,0.006205692782201122,-0.07162137596488588,-0.012305028184796868,0.08867510985454963,-0.07751454215516113,0.0848336783171796,0.26576878193034936,0.40188598438641193,0.18135308874955158,0.45871376046741036,0.6019114394255372,c_major
0.0,0.0,0.0,-0.0380396842956543,-0.1887977421283722,-0.07206043327931866,-0.04751545190811157,-0.33306992053985596,-0.07860291476134762,-0.06042295694351196,-0.33302298188209534,-0.06028553570394024,-0.06133878231048584,-0.3058553636074066,-0.047380515437168924,0.022218704223632812,-0.19648036360740662,-0.0723049687850903,0.008126974105834961,-0.3618743419647217,-0.0913522737729977,-0.005757391452789307,-0.38059908151626587,-0.0864675464737843,-0.013947784900665283,-0.36942023038864136,-0.08120633388642773,0.07010400295257568,-0.18671011924743652,-0.07009760762338146,0.09429818391799927,-0.33730626106262207,-0.09555202449445233,0.1035470962524414,-0.43046924471855164,-0.11563735927228436,0.10349041223526001,-0.5029968321323395,-0.131350887070937,0.095464954794508,0.06897700842694299,-0.12488799542689506,-0.0748894661190029,0.07653188812183342,-0.04037356677432377,0.08752004082210785,-0.019543074325920923,0.002956808304628661,0.11608827229243168,-0.00033843804954875045,0.19733061953480685,0.08620084058856942,0.2703413495917329,0.4297726039275478,0.18479425016489304,0.48032653479455667,0.6007126601000946,c_major
0.0,0.0,0.0,-0.03934365510940552,-0.18734362721443176,-0.07160497638611218,-0.04715853929519653,-0.32946348190307617,-0.07734503778843305,-0.05960404872894287,-0.33063918352127075,-0.05849548611072919,-0.06099092960357666,-0.30426183342933655,-0.04528708937792203,0.02101576328277588,-0.19460970163345337,-0.07142429235605618,0.007994592189788818,-0.3586403727531433,-0.08909882786898038,-0.00440293550491333,-0.38117721676826477,-0.08396533313421628,-0.01225811243057251,-0.37355321645736694,-0.07912681433586499,0.06921666860580444,-0.18499600887298584,-0.0688394773307266,0.09337151050567627,-0.3351660370826721,-0.09389096680311582,0.10308533906936646,-0.42863792181015015,-0.11402449938682935,0.10275536775588989,-0.5014911890029907,-0.1299487370553436,-0.14747091438569587,-0.11185673527294467,0.15335778652665227,0.11172103242422965,-0.048429303091942794,-0.18011361815154694,-0.031451837592856746,0.13043916775562664,0.14482249751485587,-0.12755821328899009,-0.16180511349290427,0.10613014965516143,0.09122121582605602,0.2699627070289332,0.2182940690644236,0.17938532067198593,0.3040584073400741,0.47345983595193386,c_major
0.0,0.0,0.0,-0.03805428743362427,-0.1886684000492096,-0.07080840441409464,-0.04701441526412964,-0.33264774084091187,-0.07702224823657389,-0.05975443124771118,-0.33006182312965393,-0.05891516926709528,-0.060434162616729736,-0.3016957640647888,-0.046369863031543446,0.02203768491744995,-0.19644305109977722,-0.07116432609979029,0.008137702941894531,-0.36270296573638916,-0.0896666658205163,-0.005186140537261963,-0.3811483383178711,-0.08510151627484674,-0.013290166854858398,-0.3700586259365082,-0.0801994514745843,0.069957435131073,-0.18675822019577026,-0.06917926046077127,0.09385651350021362,-0.3366250991821289,-0.0939219159168374,0.10315227508544922,-0.4296609163284302,-0.11416292312566156,0.1030724048614502,-0.5025949776172638,-0.13021734478894587,0.13736282869901395,-0.10158986119690537,-0.09364573143777753,0.1427002776514807,-0.15974697908947844,-0.09843163719421551,-0.03425260945170269,-0.17972121053883466,0.10523074192682386,-0.14437962223367246,0.058706579759910504,0.025234295006579283,0.08966871401950988,0.2722596037085882,0.37691357772437045,0.1833246362737012,0.4605869318863276,0.6328168426508923,c_major
0.0,0.0,0.0,-0.038989245891571045,-0.18592184782028198,-0.07201539550806046,-0.04784870147705078,-0.3269675672054291,-0.07829098229194642,-0.05885225534439087,-0.3279449939727783,-0.06028239254737855,-0.05873960256576538,-0.3031277060508728,-0.047857897476205835,0.02141350507736206,-0.19382989406585693,-0.07184441958452226,0.007567048072814941,-0.3590770959854126,-0.09028494928861619,-0.004086613655090332,-0.38062340021133423,-0.08561965648914338,-0.011321663856506348,-0.3726637363433838,-0.08085734222913743,0.06939327716827393,-0.18471091985702515,-0.06938655500198365,0.09251642227172852,-0.3348771929740906,-0.09483425889993669,0.10217517614364624,-0.42766863107681274,-0.11499417398954392,0.10194337368011475,-0.5011397302150726,-0.13083717052722932,0.15749185779170283,0.0776489872918279,-0.05557093151469275,0.18716443084298046,-0.04064263486185729,0.08807327518135744,0.029267833116255026,-0.11581436186424764,-0.09270774089842893,-0.10958406717569989,0.18199162506888178,0.03443947514114268,0.09040289693520798,0.2681666279105475,0.4946703776731205,0.17841814079907112,0.5749708044284949,0.733981386964609,c_major
0.0,0.0,0.0,-0.03850746154785156,-0.18629178404808044,-0.0707244924179804,-0.04692274332046509,-0.32757988572120667,-0.07805932079475042,-0.05905568599700928,-0.3269823491573334,-0.06136376549522993,-0.05975544452667236,-0.3007563650608063,-0.049678103523660866,0.02170640230178833,-0.19433635473251343,-0.07088510458390829,0.008159041404724121,-0.3587440550327301,-0.09011520956676122,-0.004623234272003174,-0.37982696294784546,-0.08651280914466497,-0.01265329122543335,-0.3718603849411011,-0.08234590803306219,0.06974470615386963,-0.1855073869228363,-0.06885894899289724,0.09377503395080566,-0.33520209789276123,-0.09486531977574941,0.10320472717285156,-0.4285086393356323,-0.11577845876138326,0.10289913415908813,-0.5025720298290253,-0.1319766393772852,0.14465074914207116,0.16741110940119147,-0.15412025615742508,-0.08038126934583607,0.12451686793809807,0.08574327405693538,-0.15664563267346965,0.14042767148725016,0.04577154595225155,0.07170788999659361,0.1922161206445651,0.16188697662847112,0.09133225027456206,0.2719542673262008,0.5523262288958282,0.1813866219303801,0.6204424348809531,0.755022709965002,c_major
0.0,0.0,0.0,-0.03946906328201294,-0.18590843677520752,-0.06973870984850805,-0.046834707260131836,-0.3272295892238617,-0.07819872490702551,-0.060170114040374756,-0.32961931824684143,-0.06239172212420385,-0.062276601791381836,-0.3030909597873688,-0.05087933830557745,0.020533621311187744,-0.19353997707366943,-0.07014481119452398,0.008370399475097656,-0.3583853840827942,-0.08971504263220709,-0.004408478736877441,-0.37960338592529297,-0.08597435198365133,-0.012342274188995361,-0.3701937794685364,-0.08147129557667654,0.06886565685272217,-0.1843183934688568,-0.06861125073967855,0.09353703260421753,-0.33502984046936035,-0.09463992856083792,0.10268878936767578,-0.42795711755752563,-0.1150930388980953,0.10212826728820801,-0.5007021427154541,-0.13086926333247106,0.012180241444052775,0.14683117332864798,0.19429778253319463,0.06795767370172973,-0.1682356597224109,-0.14901623715033066,0.009118105227749529,-0.10111028618657057,-0.05679761499669267,0.1693617420173364,0.13186860702665082,-0.12851556195196734,0.08906230028436557,0.26921650896838095,0.49887225850668204,0.18048849537263054,0.5360001421991816,0.6361380616372752,c_major
0.0,0.0,0.0,-0.03791069984436035,-0.18820011615753174,-0.07036674973008417,-0.04671412706375122,-0.3312820792198181,-0.07758840378758691,-0.060662031173706055,-0.33142948150634766,-0.06046669762966417,-0.06201827526092529,-0.3040304481983185,-0.048353718783829436,0.022439002990722656,-0.1964491307735443,-0.07085097041365884,0.008227825164794922,-0.36246949434280396,-0.0902486166023948,-0.00588226318359375,-0.3825538456439972,-0.08624246176717065,-0.014111220836639404,-0.3721693754196167,-0.08148913290736459,0.07059890031814575,-0.18734925985336304,-0.06903200801846765,0.09445887804031372,-0.33770856261253357,-0.09466295894620202,0.10337942838668823,-0.4312765300273895,-0.11527612265584253,0.10325402021408081,-0.5043492317199707,-0.13127434458968423,-0.06125483891766681,-0.17999248616565278,-0.0550776253225059,-0.14865256968996698,0.17526843932735514,-0.11918639257621871,-0.063887895817166,0.03069017715786465,-0.15079635817281598,0.03873700227914317,-0.021290286620054027,0.049034043454946497,0.08964348797106814,0.2726139704182581,0.31555982183312825,0.18364280960802487,0.37808116749054543,0.5196340104761374,c_major
0.0,0.0,0.0,-0.039667606353759766,-0.1873016059398651,-0.07125933394948447,-0.04844081401824951,-0.3299577236175537,-0.07877415345231498,-0.06153082847595215,-0.3312716484069824,-0.06121550054470504,-0.06288397312164307,-0.30366456508636475,-0.048559989046253804,0.020393192768096924,-0.19538229703903198,-0.07114175633708442,0.007579207420349121,-0.3617097735404968,-0.0904836349300524,-0.005390763282775879,-0.38143008947372437,-0.0855606339983126,-0.013278305530548096,-0.37040960788726807,-0.08012758122006858,0.06862050294876099,-0.18610528111457825,-0.06903452352801764,0.09321194887161255,-0.3372044265270233,-0.09514636472979987,0.10218799114227295,-0.4293552041053772,-0.11517444924632514,0.1013001799583435,-0.5008183717727661,-0.13060779051104987,-0.07777361441418273,0.11361958924035342,-0.19747284852052963,-0.08562641447654765,-0.12603998552673903,-0.048324815568259016,-0.07791774088732178,-0.0023122658003066066,-0.0867006475368437,-0.09496267377599091,-0.08221215067514116,0.10222707747804799,0.08895018758442794,0.269365738984634,0.2698276381604297,0.18078419888124347,0.3506897944168028,0.5176508010706437,c_major
0.0,0.0,0.0,-0.03835576772689819,-0.1869465410709381,-0.06987945006653717,-0.04641413688659668,-0.32940012216567993,-0.07774264381691864,-0.05929189920425415,-0.3308582603931427,-0.06147004307672432,-0.060397982597351074,-0.3052334785461426,-0.049837853922099384,0.022207975387573242,-0.1953081488609314,-0.07043055461213044,0.008679747581481934,-0.36018288135528564,-0.09006614999339035,-0.004702746868133545,-0.3821987807750702,-0.08663923309609345,-0.012928783893585205,-0.3742520213127136,-0.08235942588612488,0.07051980495452881,-0.1868704855442047,-0.06874922679230622,0.09481441974639893,-0.3362230360507965,-0.09480979309842041,0.10384750366210938,-0.43015143275260925,-0.11558149771258286,0.10339945554733276,-0.5042405724525452,-0.13151161388918808,-0.1365431347574925,0.04167861509536416,0.08778421959589633,-0.11492442913099757,-0.13260168202956552,-0.015221721441197461,0.14699014243841424,-0.0193632295396024,-0.036376232819296334,-0.05576851306476796,0.12757206896835793,0.0316834011888695,0.08985842594999031,0.27037756422269005,0.440440448849044,0.18123250344335204,0.516399483335472,0.6716801835975875,c_major
0.0,0.0,0.0,-0.039098501205444336,-0.18729621171951294,-0.06824901458966792,-0.046451687812805176,-0.3297165036201477,-0.07678728309619487,-0.06046360731124878,-0.3316759765148163,-0.06151742247092784,-0.06300932168960571,-0.3027034401893616,-0.050184854689717895,0.02071976661682129,-0.19502729177474976,-0.0689013129209286,0.009395778179168701,-0.35921114683151245,-0.08816866335618556,-0.0038779377937316895,-0.38386601209640503,-0.08535040673959315,-0.01265186071395874,-0.37644386291503906,-0.08168948200690807,0.06891125440597534,-0.18573656678199768,-0.06762778517949641,0.09443706274032593,-0.3363698422908783,-0.09316994753825725,0.10361772775650024,-0.4303496927022934,-0.11417504904019893,0.1032058596611023,-0.5029233694076538,-0.13049997893321574,-0.010817734301015458,-0.14413361266298144,-0.04926684165634959,0.03691423873386776,0.12123899786464304,-0.09347132823726186,0.12763312223771867,-0.012001580355660929,-0.0679969427136081,0.0013985524385599635,-0.06281793310286318,-0.051029388680664756,0.09468930965040598,0.2723344005994748,0.2483830589986321,0.17833267099248612,0.31543411242774977,0.4586644716827586,c_major
0.0,0.0,0.0,-0.03790724277496338,-0.18543386459350586,-0.06895673273425018,-0.048276305198669434,-0.32990285754203796,-0.07703080771784698,-0.060636699199676514,-0.32978394627571106,-0.06165950371246254,-0.060978472232818604,-0.3010267913341522,-0.05060305444817459,0.02241194248199463,-0.19396615028381348,-0.07022105155806457,0.009972095489501953,-0.35757797956466675,-0.08915596453766739,-0.0032695531845092773,-0.37924158573150635,-0.08643047510008728,-0.012025237083435059,-0.371248334646225,-0.08312903343062317,0.07061916589736938,-0.1852617859840393,-0.06919836996416961,0.09563761949539185,-0.33683162927627563,-0.0943725108943454,0.1043175458908081,-0.42931047081947327,-0.11482504008631622,0.10318392515182495,-0.5012731552124023,-0.13098984955172455,0.19330090169816694,-0.1901839549562818,-0.16700385793348965,-0.030935622650686,0.16897342786256642,0.04416992114916546,0.009089854504357758,0.19232066686560673,-0.01140429357024067,0.16678747037593888,0.09377786635318036,-0.14426215218551466,0.09157195905672673,0.27112715796938214,0.46531717025383906,0.180195068595106,0.5019567811810004,0.5985877406433598,c_major
0.0,0.0,0.0,-0.037845492362976074,-0.18739035725593567,-0.07099752751031474,-0.04778534173965454,-0.3316599130630493,-0.07822681096234874,-0.06020355224609375,-0.3331381380558014,-0.06146508705654696,-0.060788512229919434,-0.30544811487197876,-0.04946561035552577,0.022265970706939697,-0.19553962349891663,-0.07098302122989253,0.01026695966720581,-0.3605586886405945,-0.08964576450028972,-0.0024567246437072754,-0.3845921754837036,-0.0862283023897703,-0.01078718900680542,-0.3772854208946228,-0.08246850845256404,0.06987345218658447,-0.18637597560882568,-0.06870172795692042,0.0944625735282898,-0.33662596344947815,-0.09382710483708934,0.10328447818756104,-0.4297558069229126,-0.11455787596145228,0.1024370789527893,-0.5011310279369354,-0.1308818372789915,0.16742834797786793,0.10271351456193195,0.15613771029959883,-0.19445763847589015,-0.09294759542466241,0.16560630940099347,-0.15204468408164085,0.15581333595428737,0.0031280320209933488,-0.01089122501756426,0.09894135543524563,0.05392999162743645,0.09354101850769438,0.26751261295308193,0.4203703527556729,0.17464627006243452,0.4953751145759181,0.6380325868405982,c_major
0.0,0.0,0.0,-0.03713405132293701,-0.18773534893989563,-0.07298715261975985,-0.04713183641433716,-0.3331473469734192,-0.07978923468152743,-0.06112760305404663,-0.3315469026565552,-0.061725778861443814,-0.062203943729400635,-0.30086275935173035,-0.04882247595350009,0.02332240343093872,-0.19568952918052673,-0.07273454068462115,0.010701954364776611,-0.36238011717796326,-0.0919980242685483,-0.0030985474586486816,-0.38410484790802,-0.08796501009027224,-0.011609196662902832,-0.3744029402732849,-0.08346491901437503,0.07097089290618896,-0.18624386191368103,-0.0700268283323453,0.09511405229568481,-0.3373319208621979,-0.0954322203830884,0.10382980108261108,-0.43003638088703156,-0.11585403083125811,0.10320442914962769,-0.5008655488491058,-0.13188222645084124,-0.16100349187797336,-0.11710361399423436,-0.12305813061879936,-0.050192979908371654,0.1629676780382155,-0.051191967402916205,0.10813771876454997,0.009070313363199245,-0.17208792017950758,-0.04665373978156637,-0.1586396032072599,0.0005417150927843895,0.0957501201144094,0.27250682152544314,0.1513474755130317,0.17753646301370982,0.2341773947209191,0.3963737743088152,c_major
0.0,0.0,0.0,-0.03896242380142212,-0.18691301345825195,-0.07072738429039305,-0.047711730003356934,-0.3271573483943939,-0.07767639180153196,-0.0598444938659668,-0.32977011799812317,-0.06046976765125578,-0.06083112955093384,-0.3046298623085022,-0.04820848499863928,0.021130025386810303,-0.19485053420066833,-0.07073099782198256,0.009341180324554443,-0.3579622507095337,-0.08965070416658705,-0.002938687801361084,-0.3816640377044678,-0.0857985751840431,-0.010787010192871094,-0.37460142374038696,-0.08146425207584684,0.0690464973449707,-0.18552672863006592,-0.06846447159975355,0.09350013732910156,-0.3337192237377167,-0.09424488117426222,0.10289853811264038,-0.42778371274471283,-0.1149140508982498,0.1025688648223877,-0.5008723437786102,-0.13086789717405622,0.043439275314746395,-0.11794841553150177,-0.12358470119178255,0.10640464429992424,0.15956423616433002,0.13075926057013965,0.09574815819403704,-0.006125464359998695,-0.1559820258453143,-0.0579823303630331,0.042979739054514854,-0.19818250335801482,0.09223003488795575,0.26840873330786513,0.37859312830455194,0.17673318815877276,0.4361474245590288,0.5710368030898682,c_major
0.0,0.0,0.0,-0.050944626331329346,-0.1888228952884674,-0.07267188184859918,-0.0631445050239563,-0.3288800120353699,-0.08333454930188822,-0.0713854432106018,-0.33365878462791443,-0.0713789751470344,-0.07013344764709473,-0.31332913041114807,-0.06227613144519495,0.009942770004272461,-0.19973212480545044,-0.0747274299800651,-0.007077336311340332,-0.3672195076942444,-0.09207645707729029,-0.01903289556503296,-0.4054873585700989,-0.09099084042909311,-0.02794051170349121,-0.41286373138427734,-0.09010639690759348,0.06018894910812378,-0.19298851490020752,-0.07418470733764337,0.0779881477355957,-0.34794801473617554,-0.09742700957658457,0.0829882025718689,-0.4466836005449295,-0.1177763258755462,0.07779115438461304,-0.5230272114276886,-0.13444927983882593,0.03259078136776988,-0.08076877164508774,0.03227601324205259,-0.10733062374672385,-0.0656959402300239,0.013712765798869458,-0.060450453525730946,0.13878942735901278,0.02777182892272978,-0.07860264433845746,-0.08549207777670582,-0.045568403858549905,0.11163289976583368,0.2665781994411917,0.22860576984594275,0.15900147425635533,0.33424913476883583,0.4730706327526968,c_major
0.0,0.0,0.0,-0.04909271001815796,-0.18784362077713013,-0.07469914932206478,-0.058931589126586914,-0.3288310766220093,-0.08738242913440075,-0.06900984048843384,-0.33328843116760254,-0.0771908916945776,-0.07030308246612549,-0.31324484944343567,-0.06891498793319073,0.011806905269622803,-0.19867482781410217,-0.0760551922436079,-0.003307163715362549,-0.3646475672721863,-0.09503262568667736,-0.016297757625579834,-0.4024764895439148,-0.09548781890824642,-0.025936484336853027,-0.41065162420272827,-0.09533935118869152,0.061656951904296875,-0.19260838627815247,-0.07487753112271633,0.08040380477905273,-0.3468303382396698,-0.09853276689008084,0.08484059572219849,-0.44593220949172974,-0.11924114901975003,0.07935214042663574,-0.5231703519821167,-0.13600073833421078,0.19562926417357096,-0.01238778085563999,0.011690153686136323,-0.007884646614589375,0.06311270388282342,0.03951362807360553,0.010156195602541246,0.19526169938468624,0.03188653557413196,-0.07370371155815122,0.0685080700951573,0.14348430995000766,0.11024845473760884,0.2663942571867265,0.4368756317257082,0.15937222785126853,0.5375057783463788,0.67202778305147,c_major
0.0,0.0,0.0,-0.05034369230270386,-0.18632647395133972,-0.07342708259638187,-0.06105571985244751,-0.3275502026081085,-0.08353100865896579,-0.07013177871704102,-0.33689576387405396,-0.07022067308243152,-0.06976211071014404,-0.31882962584495544,-0.0602414734643304,0.011148273944854736,-0.19697102904319763,-0.0754520460944974,-0.006041288375854492,-0.3659648597240448,-0.09338437169607516,-0.017443418502807617,-0.40373364090919495,-0.09151774048622485,-0.02551931142807007,-0.4094401001930237,-0.08978193402107593,0.061467647552490234,-0.1906171441078186,-0.0747443526964986,0.07880181074142456,-0.34549516439437866,-0.09864757358845111,0.08390343189239502,-0.44454993307590485,-0.11897381543930408,0.07907015085220337,-0.5212189853191376,-0.13541610687788364,-0.0069279374673136,0.005101165793251455,-0.059626000414343044,-0.0037238155366493275,-0.00449349127489157,-0.057190612510379074,-0.11602402519169425,0.08081654622496892,-0.1893188387971889,-0.1928790169289819,-0.0519148252392527,-0.16150773128256848,0.10507293733307571,0.2622283745497326,0.31089570333439803,0.159737135671198,0.40122086591915707,0.5430317830378261,c_major
0.0,0.0,0.0,-0.049834370613098145,-0.18815016746520996,-0.07200990312215083,-0.06015443801879883,-0.32682839035987854,-0.08304627679702037,-0.06857436895370483,-0.3337705135345459,-0.07134581052180522,-0.06812471151351929,-0.3145827054977417,-0.06219813667651408,0.011334002017974854,-0.19806990027427673,-0.0739788531553387,-0.004781067371368408,-0.36527377367019653,-0.09171313487406962,-0.015981018543243408,-0.4045755863189697,-0.09071819179173701,-0.024282217025756836,-0.41260600090026855,-0.08974439345713847,0.06167811155319214,-0.1913764774799347,-0.07335972480889552,0.07967311143875122,-0.34511059522628784,-0.09720445864316218,0.08444070816040039,-0.4444756358861923,-0.11793374710198634,0.07898944616317749,-0.5214378833770752,-0.13454907082434886,-0.017894425181628953,-0.14344612296846987,-0.14415898402062852,0.09103948037261528,0.12990760346079377,-0.15548187616433587,0.16455670819943807,-0.060947050336498526,-0.1695829604053652,0.06261510672361048,0.14439703974433044,-0.16746199297297212,0.11085813920098343,0.26394373960463435,0.4887082831890171,0.15657865172249363,0.569072541453754,0.6668489516258773,c_major
0.0,0.0,0.0,-0.04828524589538574,-0.18886977434158325,-0.07148892495462178,-0.06033283472061157,-0.33181074261665344,-0.08112329307624577,-0.06977617740631104,-0.3345222771167755,-0.06840232077666997,-0.06916159391403198,-0.3124653995037079,-0.05898860159942387,0.012480556964874268,-0.198966383934021,-0.07366348866054295,-0.005104720592498779,-0.3671718239784241,-0.0901423848015952,-0.017125368118286133,-0.40472134947776794,-0.08875734422036885,-0.025856733322143555,-0.4119828939437866,-0.08799943390914677,0.06246906518936157,-0.191838800907135,-0.07317619833776234,0.08032703399658203,-0.34647417068481445,-0.09597843203374623,0.08545941114425659,-0.445376917719841,-0.11668744001218556,0.08046853542327881,-0.5225349962711334,-0.1338612145526099,0.02930876827324727,0.13095757897907323,0.18590123197685682,-0.09189846477224468,-0.049211095509113484,0.025891294433172923,-0.032036026992516925,0.0003035205555474152,-0.09702944026028924,0.047046232763094775,0.12437934095051728,0.002308768376075021,0.11234176000854204,0.26855971265617395,0.4561742581617837,0.1600941380143932,0.5487757837995645,0.6619346450132633,c_major
0.0,0.0,0.0,-0.049026429653167725,-0.18861159682273865,-0.07261893453743795,-0.06039690971374512,-0.33297204971313477,-0.08247956934120992,-0.06953328847885132,-0.33896246552467346,-0.06913127305653433,-0.06958544254302979,-0.317470908164978,-0.0589554116382871,0.011741280555725098,-0.1992027461528778,-0.07406845989373068,-0.005218505859375,-0.36917659640312195,-0.09102428259995321,-0.016946494579315186,-0.40884077548980713,-0.08906447442915777,-0.025907814502716064,-0.41717982292175293,-0.08765121104863027,0.061666667461395264,-0.19269153475761414,-0.07297762038853506,0.08007591962814331,-0.34811025857925415,-0.09629399629977087,0.08548414707183838,-0.44684000313282013,-0.11666304918673376,0.08059936761856079,-0.5231016874313354,-0.13328887822773794,0.04970803845068139,-0.18280337209407393,0.030154144792285453,0.15739668374630994,-0.05953592405522895,0.11980343218486461,-0.0016896103584080335,-0.019704322513824313,-0.10878230934977813,0.16498496081390018,0.010985972705047503,0.05229962203673488,0.11257464979736981,0.26526394183938273,0.4186703706257815,0.15699050254761335,0.4892363803869239,0.5716761744898086,c_major
0.0,0.0,0.0,-0.049600183963775635,-0.18655550479888916,-0.06996985926679855,-0.06058704853057861,-0.32657989859580994,-0.0805871824865747,-0.0690189003944397,-0.33452701568603516,-0.06942210003189331,-0.0688520073890686,-0.317482590675354,-0.060846690381090696,0.011159300804138184,-0.19677874445915222,-0.07206864311746841,-0.004854679107666016,-0.3623701333999634,-0.08841802581600433,-0.016452133655548096,-0.40314143896102905,-0.08771586819938904,-0.025354981422424316,-0.41389960050582886,-0.0875580351000238,0.061195969581604004,-0.19035547971725464,-0.07179830625108963,0.07991081476211548,-0.3435511291027069,-0.09471106185964828,0.08521682024002075,-0.44227808713912964,-0.11547813221267944,0.08014553785324097,-0.5190525949001312,-0.13251422002367264,0.0670795740751125,0.016176643581523098,-0.04949718172000667,0.061492015171231984,-0.17066440197903573,0.007076971638177859,-0.16796819995393972,-0.07494348148603583,0.14708057059531415,0.13900857637166225,0.03396484887491322,-0.09960154676966781,0.10909503650160482,0.26070475618308375,0.4101502943330527,0.15559103560428061,0.47722425579928585,0.5571143459684291,c_major
0.0,0.0,0.0,-0.04940688610076904,-0.18689587712287903,-0.06912352542353517,-0.06151878833770752,-0.328604131937027,-0.07944698284340745,-0.07074201107025146,-0.3312816917896271,-0.06848616550637132,-0.06954967975616455,-0.3098347783088684,-0.06013232867194063,0.011856675148010254,-0.19713035225868225,-0.07112665872050172,-0.0053255558013916016,-0.3637795150279999,-0.08734009812546617,-0.017861247062683105,-0.4029673933982849,-0.08692688892556077,-0.02688080072402954,-0.4120357036590576,-0.08681025753689653,0.061534225940704346,-0.19067907333374023,-0.07079281310511476,0.07951158285140991,-0.34313374757766724,-0.09313773761464006,0.08464998006820679,-0.44291822612285614,-0.11418258051348573,0.08027291297912598,-0.5207379758358002,-0.1314827019996727,0.0379411668909197,0.022468095987984216,-0.17753417850867828,0.043224577392675434,0.1410092083873848,-0.09227375912496272,0.1097535408931441,-0.1467101093639657,-0.10624395066636283,-0.08466304703371921,0.09247433452962472,0.16987966625408285,0.11391827890561534,0.26836140518900153,0.46366642530294416,0.15904002524850233,0.5689981402408607,0.7028886721868359,c_major
0.0,0.0,0.0,-0.05076688528060913,-0.18218249082565308,-0.07226648750371112,-0.061460256576538086,-0.3220815658569336,-0.08224031897849216,-0.06901848316192627,-0.32634690403938293,-0.07021248909300937,-0.06730371713638306,-0.3066646158695221,-0.06128938319749011,0.011465251445770264,-0.19398030638694763,-0.07384693446225299,-0.005386173725128174,-0.35893645882606506,-0.09065880450076236,-0.017069697380065918,-0.39742499589920044,-0.09011193933552875,-0.02581322193145752,-0.4060201048851013,-0.09000067236489429,0.06165468692779541,-0.18817952275276184,-0.072758449340526,0.07999169826507568,-0.3412335515022278,-0.09592919620341434,0.08521533012390137,-0.4400787353515625,-0.11696770610875262,0.07986235618591309,-0.5168309211730957,-0.13424985679453982,-0.16313573902054787,-0.1448790541497017,-0.16315954062139815,0.04193196396153592,-0.09447680763761812,0.018497921430633696,0.15498003225877205,-0.14036683727117563,0.1688306106258552,-0.14366141738595417,-0.16937434247399305,-0.16658291950569618,0.111432995632035,0.2667413723620019,0.1891186039095836,0.15938743720739387,0.27523490806246004,0.4144084680329018,c_major
0.0,0.0,0.0,-0.05139857530593872,-0.19016161561012268,-0.06954827549065357,-0.06181436777114868,-0.33028340339660645,-0.07949262501801257,-0.07044678926467896,-0.3336307406425476,-0.06757779808844333,-0.06976741552352905,-0.31385141611099243,-0.05856104957069164,0.00951164960861206,-0.20077192783355713,-0.07150886597241168,-0.006930291652679443,-0.3674139976501465,-0.0875828826626659,-0.019058823585510254,-0.4076395034790039,-0.08653989078606372,-0.027856528759002686,-0.41936200857162476,-0.08603983761872058,0.059484899044036865,-0.19401520490646362,-0.07104093225802188,0.07728105783462524,-0.34756362438201904,-0.09363034011925464,0.08194780349731445,-0.44699326157569885,-0.11433722468222385,0.07637476921081543,-0.5248479843139648,-0.13128531368578678,-0.017307128730546267,0.0863451804218307,-0.1728346333725458,-0.054555086666068814,0.05950043214008882,0.1940886795302384,0.10157503970520348,0.12012114122856271,-0.02609547691423328,0.11337372574979848,-0.13692162718384307,0.19985423300920047,0.1168079250024205,0.26676939206633316,0.36279923664135244,0.15504388946141034,0.42597414645410003,0.5113796835293537,c_major
0.0,0.0,0.0,-0.051326632499694824,-0.18674033880233765,-0.06924648023172608,-0.06309813261032104,-0.3290122151374817,-0.08044304138942948,-0.07134091854095459,-0.32700082659721375,-0.07029672897382966,-0.06928151845932007,-0.3021394610404968,-0.06224852985664597,0.009348809719085693,-0.197355717420578,-0.07138693517967454,-0.008331835269927979,-0.3628385663032532,-0.0870696697287201,-0.020782649517059326,-0.4007512032985687,-0.0869112703852295,-0.029509365558624268,-0.4098697006702423,-0.08733722752853623,0.05933403968811035,-0.1910197138786316,-0.07126268184705964,0.07625454664230347,-0.34330326318740845,-0.09300653076692811,0.0804058313369751,-0.4419838935136795,-0.11426751500889054,0.07451283931732178,-0.5189177393913269,-0.13202380574270478,-0.08566344822059567,0.0329395990203801,-0.04188125516668023,0.16097721459028402,0.04180033474417599,0.018200917965107616,-0.17590532058438124,0.030152686856517896,-0.012317267622526495,0.15872556712180763,-0.10439984439744712,0.0356970533604708,0.11754603960963646,0.2693292193916629,0.31730352083940244,0.1571909161773016,0.3793173569010572,0.45502434591210267,c_major
0.0,0.0,0.0,-0.05124634504318237,-0.18493342399597168,-0.06975625536603047,-0.06199038028717041,-0.32478567957878113,-0.08118301711243703,-0.07032299041748047,-0.3288404047489166,-0.07062174461049153,-0.0692826509475708,-0.30741894245147705,-0.062207628853741426,0.009273171424865723,-0.19597575068473816,-0.07242465100449635,-0.007577359676361084,-0.36163783073425293,-0.08918409875792577,-0.01947462558746338,-0.40020257234573364,-0.08879403106135442,-0.028159618377685547,-0.40821483731269836,-0.08865934691590382,0.059781789779663086,-0.18991225957870483,-0.07269778928917958,0.07784461975097656,-0.343810498714447,-0.0954221867696674,0.0821150541305542,-0.4418908804655075,-0.1161581658498676,0.07592034339904785,-0.5174903273582458,-0.1331966676489742,-0.05474514184263243,-0.1443068485930606,0.1962031706397001,-0.06529743559058843,0.09539932038360921,-0.12250498752748454,-0.10597969144760487,0.12250783331384868,-0.10490177700286446,0.11707513199912195,-0.10273670237040684,-0.19450028353573653,0.11202950333308791,0.2650534662156733,0.3067986133479438,0.15734466659604707,0.3544182945467092,0.42127475522046354,c_major
0.0,0.0,0.0,-0.05080246925354004,-0.18603795766830444,-0.06962287427307245,-0.06123065948486328,-0.32285428047180176,-0.08140001447321055,-0.06994152069091797,-0.3295016884803772,-0.07164547593713877,-0.06954717636108398,-0.312091588973999,-0.06391958893657801,0.009782552719116211,-0.1966310441493988,-0.07241279633165476,-0.006538271903991699,-0.3606102466583252,-0.08971388639331934,-0.018665194511413574,-0.40038931369781494,-0.09015861899973032,-0.027291297912597656,-0.4106590747833252,-0.09057544918180582,0.06013298034667969,-0.1905827820301056,-0.07271482796789286,0.07885003089904785,-0.3442099690437317,-0.09596371652008173,0.0829153060913086,-0.4429457485675812,-0.11700952054382441,0.0767982006072998,-0.519660472869873,-0.13414001466156122,-0.09146554819932891,0.12199874083365375,0.03110071293337069,-0.07186965938462522,-0.19845638994107137,0.13106695817238606,0.18409480697177438,-0.039187760201207705,0.05886569301253358,-0.001336098820875431,-0.14871832129307117,0.10917973766825101,0.11050630483206868,0.2635008901518078,0.247602408233413,0.15688785756834628,0.33043723363512484,0.4504526062055807,c_major
0.0,0.0,0.0,-0.048899292945861816,-0.18359071016311646,-0.07040842674504688,-0.0611729621887207,-0.3230283856391907,-0.0806925674511092,-0.07058060169219971,-0.3246593773365021,-0.06903456948529652,-0.06969994306564331,-0.30123454332351685,-0.060223080737699775,0.012130498886108398,-0.19471022486686707,-0.07272882066499164,-0.006516158580780029,-0.35943180322647095,-0.08911874197255543,-0.019200146198272705,-0.3985411524772644,-0.08894185028802326,-0.028559088706970215,-0.4074684977531433,-0.08931819401513508,0.06231623888015747,-0.1886974573135376,-0.07249285332690647,0.07878351211547852,-0.34054410457611084,-0.09540085546504429,0.082588791847229,-0.4395813047885895,-0.11680012248288563,0.07614940404891968,-0.5162966549396515,-0.13453158043157032,0.07748378075911833,-0.06946595328057811,0.16238398961222072,0.050985622269365316,-0.10579970976031122,0.058918444849101415,0.08372790539710162,0.0995197803059425,0.10533454710532308,-0.0105982084446202,-0.08917719427752174,-0.09772897943055443,0.11757869104452684,0.27026930464499477,0.2233115016213619,0.15764417706678374,0.3189085894097444,0.4373906873609427,c_major
0.0,0.0,0.0,-0.049349069595336914,-0.187107652425766,-0.06793086829601691,-0.0599522590637207,-0.3268163800239563,-0.07900161894976065,-0.06894195079803467,-0.32769107818603516,-0.0682084620278971,-0.06863099336624146,-0.30344897508621216,-0.05975813644944594,0.012216389179229736,-0.19814658164978027,-0.07077833118854926,-0.004254043102264404,-0.36204367876052856,-0.08847353461204932,-0.01657480001449585,-0.4006326198577881,-0.08954391482292579,-0.02626866102218628,-0.40968501567840576,-0.09014691266237662,0.06281763315200806,-0.19192159175872803,-0.07127637269913123,0.0797433853149414,-0.3426976203918457,-0.09508699777542517,0.08417028188705444,-0.44279883801937103,-0.11725462081848548,0.07810133695602417,-0.5213541686534882,-0.13500977906404898,0.12312789173511807,-0.08063968813939373,-0.16866835325766508,0.0062822353356317695,0.050890936130758124,-0.08298045943694682,-0.1438472230635883,0.04866479660671347,0.18037728157473482,0.06336786600818617,-0.11756009547753382,0.1789853044329272,0.11833909430975874,0.27326884173207605,0.33011635070483075,0.15929774946909422,0.4071901598259298,0.5117222304712506,c_major
0.0,0.0,0.0,-0.047651708126068115,-0.18472087383270264,-0.07010159327025178,-0.05830734968185425,-0.32372674345970154,-0.08064754737849,-0.06774675846099854,-0.32850754261016846,-0.06871360970968965,-0.067882239818573,-0.3067319095134735,-0.059477132394263776,0.013163983821868896,-0.1949767768383026,-0.07254382653469804,-0.0030216574668884277,-0.35901689529418945,-0.08997522725100282,-0.015440046787261963,-0.3999866843223572,-0.08994127495522264,-0.025074005126953125,-0.41046142578125,-0.08991080953116182,0.06343024969100952,-0.1888493299484253,-0.07244813872809175,0.08120602369308472,-0.33988064527511597,-0.09609958214993242,0.08565253019332886,-0.44026611745357513,-0.1173524527096248,0.07984554767608643,-0.5183723568916321,-0.1344934148931003,-0.10488313811048378,-0.1387784653738495,-0.126535930285285,0.042670410939955744,-0.05070051367416048,-0.112085562788138,-0.06977527520912852,0.15262810963440876,0.036251481791641366,0.19864203904717453,0.14978782617839526,-0.18905805701625913,0.11626936916760434,0.26877987425482514,0.5442762867579036,0.15697289675086518,0.6113577262341039,0.6808288601199878,c_major
0.0,0.0,0.0,-0.048261940479278564,-0.18820184469223022,-0.07043487906489077,-0.059717535972595215,-0.32995226979255676,-0.07961367398533525,-0.06875377893447876,-0.3294425904750824,-0.06599615097078981,-0.06860792636871338,-0.3034767210483551,-0.05574528083238306,0.012333154678344727,-0.1990610659122467,-0.07253399819168749,-0.0047380924224853516,-0.3641074299812317,-0.08857905447516146,-0.017252743244171143,-0.4046179950237274,-0.08740930587086382,-0.027128934860229492,-0.4159323573112488,-0.08691543668541613,0.06238257884979248,-0.19207385182380676,-0.07198034554753008,0.0796387791633606,-0.34386882185935974,-0.09501871794495287,0.08420497179031372,-0.4446425288915634,-0.11635643571648302,0.07844054698944092,-0.5236718654632568,-0.13385474264654817,0.052898566071424014,-0.05946556537433176,-0.02759153863717062,0.008153580607572847,0.1605197579647416,-0.021542844999851457,-0.10433846315856643,-0.00691895707912113,-0.13032740608305193,0.11322145668884914,-0.1671930097063022,0.08734930027996829,0.12384811455874287,0.2760620277505796,0.26853534900265386,0.1579747307608317,0.3345709102784173,0.42097281965507255,c_major
0.0,0.0,0.0,-0.047647178173065186,-0.18385782837867737,-0.06924124102431506,-0.05986589193344116,-0.32439056038856506,-0.07927793304759234,-0.06841140985488892,-0.3235022723674774,-0.06746764521437854,-0.06717699766159058,-0.2983579933643341,-0.058539726243793666,0.01291799545288086,-0.1949429214000702,-0.07180597673493594,-0.0042226314544677734,-0.3591412901878357,-0.08844257186490267,-0.01667076349258423,-0.39922842383384705,-0.08884859125453204,-0.026422739028930664,-0.41006743907928467,-0.08941163908082217,0.06301867961883545,-0.1888868510723114,-0.07187600474196643,0.07971048355102539,-0.34047582745552063,-0.09511196653681964,0.08386331796646118,-0.4408360570669174,-0.11700559447842807,0.07776868343353271,-0.5195922255516052,-0.1348430592878458,-0.1605400917826809,-0.0019518025830725372,-0.05646689236657254,0.05043806639597792,-0.07557930630704157,0.08145720547791069,0.0404741236219249,0.11283340789307528,0.053381778814886593,-0.17073207806793872,0.04935602234131564,-0.19985730171963756,0.12285350976205892,0.2752744713794799,0.3893576100893431,0.1578465878902236,0.4940580397415755,0.6242448149293797,c_major
0.0,0.0,0.0,-0.04621773958206177,-0.19065234065055847,-0.06846428600802312,-0.05905371904373169,-0.3324911296367645,-0.07749738482489477,-0.06813597679138184,-0.3238082528114319,-0.06489019779219518,-0.06690633296966553,-0.2923371195793152,-0.05549913583054433,0.013940989971160889,-0.20079833269119263,-0.07087531624092946,-0.003719806671142578,-0.36472320556640625,-0.08583142546667943,-0.016305923461914062,-0.4029083847999573,-0.08549868998780141,-0.025707542896270752,-0.41277629137039185,-0.08599276033892522,0.06327849626541138,-0.19267454743385315,-0.0708214708949555,0.07995408773422241,-0.3443870544433594,-0.09253418383850942,0.08478641510009766,-0.44442586600780487,-0.11430896011843572,0.08002620935440063,-0.5231760442256927,-0.13268988517775426,-0.13491840715056647,0.1365125482443747,0.036693358055776726,0.1632993627541408,0.028219300172471234,-0.05529158472212958,-0.1042691899357247,0.07104484953180418,-0.09234710994090217,-0.17462325508735088,0.030762703060911584,-0.16299152278376694,0.13089230512482486,0.28431354682901283,0.35714289010640377,0.15983852246480215,0.47416404158955955,0.6104200805408759,c_major
0.0,0.0,0.0,-0.04807710647583008,-0.19029170274734497,-0.06575768549409133,-0.06050610542297363,-0.3292240798473358,-0.07574479390349609,-0.0690801739692688,-0.32151612639427185,-0.06423638869490844,-0.0675702691078186,-0.2892977297306061,-0.055398148637678446,0.012696385383605957,-0.20157626271247864,-0.06841799725260955,-0.004575073719024658,-0.3659924268722534,-0.08462283123698455,-0.016516804695129395,-0.4019409418106079,-0.08485430587496978,-0.025516271591186523,-0.40886491537094116,-0.08516703654494506,0.06283837556838989,-0.19435733556747437,-0.06891229857173187,0.07930994033813477,-0.34569379687309265,-0.09174075831141693,0.08457905054092407,-0.44311976432800293,-0.11338198293414337,0.08005541563034058,-0.5199211239814758,-0.13112095851865035,-0.14185647404096,-0.13265706871337457,-0.16652424189643245,0.04315762838831777,-0.031300459319849816,-0.04477590214615276,-0.011583556967380254,-0.1275293135224696,0.1310279121186686,-0.0697695968639244,0.04425365607259363,0.19940030368653971,0.13019614923765854,0.2841028628973532,0.41974232014490825,0.15997070218796922,0.5368923241313346,0.6708092289076503,c_major
0.0,0.0,0.0,-0.047411322593688965,-0.1865454912185669,-0.06832197308585819,-0.05893516540527344,-0.32481616735458374,-0.07855219394014057,-0.06853437423706055,-0.32005104422569275,-0.06679832190320667,-0.06799101829528809,-0.29049599170684814,-0.0578297078614014,0.01328343152999878,-0.19714286923408508,-0.07114633917854007,-0.0032877326011657715,-0.3610226511955261,-0.08833527565047916,-0.015363514423370361,-0.3958379626274109,-0.08830752223775562,-0.024615824222564697,-0.40067726373672485,-0.08812272548721012,0.06317383050918579,-0.18956983089447021,-0.07158679515168842,0.08028876781463623,-0.34150534868240356,-0.09503181278751072,0.08567237854003906,-0.44004105031490326,-0.116468511522271,0.08074033260345459,-0.5172347724437714,-0.13394814729736026,0.05403097574229665,0.1288799083234226,0.12115540223224464,-0.0886543475763395,0.08591421576547698,0.09136372519365682,0.04977263260750031,-0.16201071722290072,0.008843108443994996,-0.03041707430600349,0.022064820649836836,-0.14448417467306096,0.1222251491463425,0.2816478408445504,0.3265196155001928,0.16366289103281836,0.42652214170937797,0.5507368047394579,c_major
0.0,0.0,0.0,-0.04678100347518921,-0.1896480917930603,-0.06709027464070516,-0.05792206525802612,-0.3262771666049957,-0.07719131732859807,-0.06873023509979248,-0.312942236661911,-0.06603086168446737,-0.06854045391082764,-0.27857527136802673,-0.05744378814974027,0.013507604598999023,-0.1995353400707245,-0.06958394671359258,-0.0022000670433044434,-0.3608129620552063,-0.08580783928313451,-0.014847040176391602,-0.39446207880973816,-0.08611969078459936,-0.024109482765197754,-0.4007863998413086,-0.08658222282805639,0.06255602836608887,-0.1912563443183899,-0.06981049651780324,0.08063697814941406,-0.3413999378681183,-0.09231809700408178,0.08596652746200562,-0.44068536162376404,-0.1142388525096436,0.0814165472984314,-0.5195295214653015,-0.13237316335120397,0.0274984944366774,0.03806665835536971,-0.14222625905710673,0.09089896108311835,0.192597939850227,-0.1349806947468717,0.1934642718558232,-0.013003287787700435,0.18198560533392394,-0.12240265971434341,-0.010964457589446003,-0.03703091272097564,0.13326184560915888,0.29353102752468174,0.2737396031788692,0.16532538276984202,0.40506546091847756,0.5561212440624855,c_major
0.0,0.0,0.0,-0.047997891902923584,-0.18589255213737488,-0.06661988794229501,-0.05884659290313721,-0.32332348823547363,-0.07663218676469796,-0.06899011135101318,-0.31546592712402344,-0.06510162352941506,-0.06874865293502808,-0.2843611240386963,-0.0563599467220115,0.013173341751098633,-0.19645604491233826,-0.06953407078407281,-0.0036252737045288086,-0.35972845554351807,-0.08636856078527444,-0.016483068466186523,-0.3927432596683502,-0.08659314363620751,-0.02553880214691162,-0.3978080153465271,-0.08663884549758905,0.06311279535293579,-0.18869933485984802,-0.07006860523841851,0.07975775003433228,-0.3420987129211426,-0.09307181834600442,0.08491015434265137,-0.43936875462532043,-0.11435952036998742,0.08041256666183472,-0.5166175663471222,-0.13182611762903207,-0.10722835076730997,0.06572893539015257,-0.1363517102910924,0.15370635272622873,-0.07897335965443567,-0.14183126068195523,0.16220249161174405,-0.02244962141223733,0.0734643039083096,-0.13722742669551508,-0.021653160578124664,-0.16675307884234797,0.12511634610874686,0.28615951386728056,0.29307244862094944,0.16547897607880913,0.4004811031794326,0.5418272993366434,c_major
0.0,0.0,0.0,-0.047363877296447754,-0.19049212336540222,-0.06635324862260461,-0.058142900466918945,-0.3271849751472473,-0.0764819478656733,-0.06681621074676514,-0.30673035979270935,-0.06527781691808343,-0.06485986709594727,-0.268453449010849,-0.056668145772405865,0.013239026069641113,-0.20051351189613342,-0.06864348259229303,-0.0028954744338989258,-0.36182278394699097,-0.08492940124530435,-0.014046430587768555,-0.3901999592781067,-0.08519075271148324,-0.02200716733932495,-0.3935081958770752,-0.08542060312289834,0.06269103288650513,-0.19232800602912903,-0.06876902487535119,0.07941418886184692,-0.3438248932361603,-0.09089549091119409,0.08535939455032349,-0.4405074864625931,-0.1125895997549975,0.08113282918930054,-0.5182738304138184,-0.1305545290972674,0.13011264866233846,-0.14992969573355133,-0.025052779752154197,-0.12581745475228515,0.15768395432662358,-0.11729228831872557,-0.19558976269094722,0.11154808459319521,0.0019679759785749817,-0.04846015270817147,-0.09481426804255616,-0.11127197502571953,0.13528395098421328,0.29863571114953763,0.1827596617650219,0.1680517590480411,0.3009752753788843,0.44326533680433616,c_major
0.0,0.0,0.0,-0.047136664390563965,-0.187523752450943,-0.06784290668937842,-0.0581355094909668,-0.32464924454689026,-0.07821596262428443,-0.06804537773132324,-0.31655386090278625,-0.06682170776102225,-0.06825149059295654,-0.2851746380329132,-0.05788517219397704,0.013298749923706055,-0.197907954454422,-0.07025587407323997,-0.0029360055923461914,-0.3598945140838623,-0.08693983999464194,-0.014926910400390625,-0.39459627866744995,-0.08709065464708488,-0.02408522367477417,-0.4010695815086365,-0.08721352217170875,0.06295108795166016,-0.19012540578842163,-0.07028709200594108,0.08078759908676147,-0.34165364503860474,-0.09333323535892646,0.08620315790176392,-0.4395516663789749,-0.11485104856464545,0.0809469223022461,-0.5164521932601929,-0.1323656052109925,-0.06407194487686363,0.05911110734270203,-0.10716834083447023,-0.03411663578949803,-0.07140711923597085,0.19210785860109236,-0.009383132989846554,-0.08224674640012149,-0.0980463649932438,0.13673693932260378,-0.10435828289718177,0.1639746948005255,0.1274458676032516,0.28512595263279156,0.3520463197743103,0.1624303216334157,0.42070997513791053,0.5106383165884889,c_major
0.0,0.0,0.0,-0.04731816053390503,-0.1893654465675354,-0.06625421776031715,-0.058090925216674805,-0.3267722427845001,-0.07677668763851386,-0.06870758533477783,-0.31579840183258057,-0.06595397426342231,-0.06882399320602417,-0.282993346452713,-0.0574974870548175,0.01298445463180542,-0.199650377035141,-0.06893717183326942,-0.002584695816040039,-0.36104756593704224,-0.08581279648994666,-0.015269696712493896,-0.3947257697582245,-0.08651671989416343,-0.024866819381713867,-0.4012294113636017,-0.08693932427620155,0.062208473682403564,-0.1917300522327423,-0.06942035688614112,0.08095091581344604,-0.3418678641319275,-0.09236932231640083,0.08644986152648926,-0.4400649815797806,-0.1143013356492446,0.08173102140426636,-0.5184364914894104,-0.13216804398750526,-0.1349018877106453,0.09535210513645659,-0.1644496517348093,-0.015319944288031767,0.1918777074189874,-0.04887492152566014,-0.025211369895268787,0.07989829649851876,0.15447722308454132,-0.006807570021433396,-0.06600630128691787,-0.0347501905112734,0.1295330921239935,0.2892680055618213,0.22681898953666335,0.16476114948183204,0.33974163080210645,0.47119252684462976,c_major
0.0,0.0,0.0,-0.0480729341506958,-0.18884798884391785,-0.06571109926792928,-0.05854278802871704,-0.3249095678329468,-0.07619755303952047,-0.06785053014755249,-0.3149002194404602,-0.06558419352862188,-0.06729620695114136,-0.2824501097202301,-0.057246297211378305,0.011638879776000977,-0.19918805360794067,-0.06857082581612417,-0.0037460923194885254,-0.360380083322525,-0.08468724376055548,-0.01507347822189331,-0.39455750584602356,-0.08504939413163015,-0.023538291454315186,-0.40063732862472534,-0.08540808743330786,0.06086653470993042,-0.19095823168754578,-0.06924815064760992,0.07893270254135132,-0.34153443574905396,-0.0914838868984873,0.08460944890975952,-0.4391487389802933,-0.11298704481217214,0.08010339736938477,-0.5162240862846375,-0.13073367214295217,0.046503620659022665,0.1478506459517448,-0.1992082556266794,-0.1606907821006904,0.01780143823392155,0.06608750828123094,-0.049269077795518645,0.16587732265532662,-0.1330410260139007,-0.1862484644377053,-0.11924377134105774,-0.08465821399213375,0.12913582117100747,0.2859673228655985,0.2038071677588445,0.16172911561568326,0.32504999120630546,0.4802703744606935,c_major
0.0,0.0,0.0,-0.04768627882003784,-0.18668308854103088,-0.06677459809635877,-0.059118568897247314,-0.32207489013671875,-0.07688050601338148,-0.06868457794189453,-0.31314679980278015,-0.06588692847346067,-0.06864190101623535,-0.2833736538887024,-0.05750782299493551,0.012153208255767822,-0.19726794958114624,-0.06909521553372144,-0.0044702887535095215,-0.35666000843048096,-0.08515624586199522,-0.015676140785217285,-0.38998299837112427,-0.08540584776257276,-0.02377772331237793,-0.39636093378067017,-0.08583339933012724,0.061575114727020264,-0.18978255987167358,-0.06921316567515134,0.07754820585250854,-0.3395286798477173,-0.09117779764984846,0.08303165435791016,-0.43604256212711334,-0.11227051797960996,0.07846087217330933,-0.5126568377017975,-0.12984062615488767,0.16452324527274487,0.09941273771201453,-0.03698506174164065,-0.10888723395967403,-0.0863555730798043,0.1979040941128553,-0.07590810420141665,-0.03618847115615159,-0.16144123664540555,0.009302170552868944,-0.0690976841164706,-0.18707091024186806,0.12482490990643628,0.2818546410341695,0.26225190769860246,0.16097858145891328,0.34415773647342734,0.45255160385953025,c_major
0.0,0.0,0.0,-0.04770475625991821,-0.18835166096687317,-0.06461249853438744,-0.05783379077911377,-0.3247959613800049,-0.07544869746035943,-0.06818270683288574,-0.312238872051239,-0.06589186753100762,-0.06830006837844849,-0.2798156142234802,-0.058313442421621176,0.011969208717346191,-0.19848325848579407,-0.06690332855052361,-0.003117084503173828,-0.35704827308654785,-0.08272949422664055,-0.014967143535614014,-0.3904048800468445,-0.08374603654212365,-0.023544251918792725,-0.3974120616912842,-0.08478813434905419,0.06094902753829956,-0.19073936343193054,-0.0673359167105616,0.07837307453155518,-0.339802086353302,-0.08886689509219536,0.08364921808242798,-0.43687206506729126,-0.11037596876687417,0.07920587062835693,-0.5145144164562225,-0.12830088104075799,-0.07282615739596363,0.09250938709203771,-0.04525360881272161,0.043046232251972405,-0.08727103970950485,0.007570816936082941,-0.06583779366968293,0.06258444189711204,0.05729641093455312,-0.0013383581303440528,0.0004278412852522506,0.0675014787215788,0.12858039071596747,0.28590168131060495,0.3144036567489247,0.16175261450623954,0.4265698259002,0.5567687721870912,c_major
0.0,0.0,0.0,-0.04896026849746704,-0.18303707242012024,-0.06605816733835468,-0.06060284376144409,-0.3200528919696808,-0.0764098699092699,-0.07008171081542969,-0.31610509753227234,-0.06570192527769336,-0.07002556324005127,-0.2881785035133362,-0.057363816618902774,0.011645495891571045,-0.1947506070137024,-0.06830993396042118,-0.005576074123382568,-0.35545387864112854,-0.08431623232362995,-0.017261803150177002,-0.39063236117362976,-0.08469957959650287,-0.02583390474319458,-0.39774829149246216,-0.08518264544008503,0.06151092052459717,-0.18860751390457153,-0.06840375167129764,0.07730340957641602,-0.3390631079673767,-0.09055763584373722,0.08210837841033936,-0.4349870830774307,-0.1115838150381876,0.0768699049949646,-0.5104469358921051,-0.12893976372478733,0.1563039176478338,0.08324461421546109,-0.06686174561527256,-0.0058263238044610755,-0.04930958964270796,0.0744346088000355,-0.14857539792592167,0.09117674258806885,0.1513991394935169,-0.0017459311500135632,0.0961226756787199,-0.19559696434469398,0.12137680320174718,0.27587071396616986,0.4140747609030719,0.15863083680303336,0.5066360473807536,0.615264435644088,c_major
0.0,0.0,0.0,-0.04845315217971802,-0.1858648955821991,-0.06569380170687111,-0.05945473909378052,-0.32150769233703613,-0.07656596458538445,-0.07019531726837158,-0.3154038190841675,-0.06630112833364876,-0.07086968421936035,-0.2867092490196228,-0.05816798142178925,0.011937379837036133,-0.19674646854400635,-0.06822115785463723,-0.004181623458862305,-0.35684001445770264,-0.08509403324707421,-0.016107380390167236,-0.39023417234420776,-0.08588129139526757,-0.0247076153755188,-0.3957246243953705,-0.08618454492672356,0.06144595146179199,-0.19026747345924377,-0.06861492103918465,0.0775948166847229,-0.3386450409889221,-0.09100206053837212,0.08288639783859253,-0.43634146451950073,-0.11264612383230599,0.0782206654548645,-0.5141240060329437,-0.1302709490714875,0.06263807620763123,0.08635359839256357,0.12029172725532522,0.16197071512715738,-0.10151105846870556,0.10307130270149611,-0.18239567521259703,-0.16345805339242184,-0.14342897445473302,0.13980500159991383,0.07622807981123614,0.15850601530829733,0.12165614040764551,0.2813258644655764,0.4722869347789736,0.16296090205099328,0.5564865015615046,0.6600760190125103,c_major
0.0,0.0,0.0,-0.04809427261352539,-0.18315374851226807,-0.06665326599042487,-0.05884218215942383,-0.3173748850822449,-0.07757300827663016,-0.06919234991073608,-0.3174747824668884,-0.06732995007197928,-0.0704110860824585,-0.29249048233032227,-0.0592749672011621,0.01268082857131958,-0.19413596391677856,-0.06952074114244056,-0.0027146339416503906,-0.3530957102775574,-0.0866187209264524,-0.014852643013000488,-0.3899841904640198,-0.08776517901580405,-0.024130582809448242,-0.39782190322875977,-0.08852440062921119,0.06247776746749878,-0.1879710555076599,-0.07001820150773597,0.07929670810699463,-0.3367457687854767,-0.09290563259284568,0.08415859937667847,-0.43500544130802155,-0.11439147535722327,0.0789179801940918,-0.5121895372867584,-0.13186816815297675,0.1661972118213758,0.056997134415703254,0.08996354912831855,0.061967779060815575,-0.17396649301349917,-0.10864533406890274,-0.17068197565318588,-0.03608577427848436,-0.19959168730553511,-0.14789017293460255,0.04372951437487799,0.09636957206849822,0.11871024626184878,0.27538449050047836,0.378513035030964,0.15993012299211518,0.49443894635806107,0.6423242143866505,c_major
0.0,0.0,0.0,-0.046074867248535156,-0.18364202976226807,-0.06697768210328547,-0.05727505683898926,-0.31722190976142883,-0.07803139327920405,-0.06817829608917236,-0.3184812664985657,-0.06776269017613856,-0.06990224123001099,-0.2934413552284241,-0.05962414531863658,0.014092981815338135,-0.1946740746498108,-0.06949831782735316,-0.001461625099182129,-0.353766530752182,-0.08705791323340861,-0.013620257377624512,-0.39018988609313965,-0.08812499283708064,-0.023142576217651367,-0.39665138721466064,-0.08861379562772242,0.06353169679641724,-0.1880715787410736,-0.06972528486407725,0.08138853311538696,-0.3360764980316162,-0.09317151694453685,0.08625614643096924,-0.4352758824825287,-0.11502975462830989,0.08083242177963257,-0.5131218433380127,-0.13261500238336055,-0.03572608657097437,0.13407875568218575,0.054460231794258296,0.19489476736309336,-0.02778706227078906,0.0026149827900437406,0.15176413940489125,0.17735588249896755,-0.17536237273305813,-0.08814978310716715,0.1047645803904595,0.0030786044760512665,0.11695801297778252,0.2762392454082889,0.40352518481314675,0.16221058397672233,0.5138593248679504,0.6547910912183229,c_major
0.0,0.0,0.0,-0.04530376195907593,-0.18773359060287476,-0.06756730845039272,-0.05790138244628906,-0.32560133934020996,-0.07556159516637706,-0.07196182012557983,-0.32342785596847534,-0.06175210794275188,-0.07542914152145386,-0.2958214581012726,-0.05163490122025394,0.013677597045898438,-0.19866549968719482,-0.06947908272807979,-0.003229677677154541,-0.35936856269836426,-0.08545529564683818,-0.01691436767578125,-0.3953319191932678,-0.08462067415779018,-0.0269048810005188,-0.4017966389656067,-0.08402913531129741,0.062433063983917236,-0.190748929977417,-0.06886081119840526,0.07991153001785278,-0.34092843532562256,-0.09144013097350978,0.08451038599014282,-0.44023726880550385,-0.11306222250526332,0.07930541038513184,-0.5177211165428162,-0.130794179642848,0.003678632905753876,0.04189705797192533,-0.04810785021525349,0.18459998503912423,0.13751398328769965,-0.04964591095305684,0.15494149446509858,-0.08465508395502597,-0.12236526142860248,0.11464033998381751,-0.05001745047241607,0.11899947590305882,0.12097408491357653,0.281865981151666,0.3544885169118325,0.1640307284294795,0.43012122013690807,0.5314058212481526,c_major
0.0,0.0,0.0,-0.046229004859924316,-0.18766337633132935,-0.06882779149688645,-0.05702000856399536,-0.32517334818840027,-0.07794044761337204,-0.07083737850189209,-0.3233027458190918,-0.06479276566184922,-0.07473403215408325,-0.29443663358688354,-0.05474101601518555,0.013272762298583984,-0.19814881682395935,-0.07063873706735535,-0.0023068785667419434,-0.35893529653549194,-0.08725958166994019,-0.015116691589355469,-0.39472293853759766,-0.0865883961168663,-0.024791240692138672,-0.3999284505844116,-0.0859533384291069,0.062379539012908936,-0.190202534198761,-0.0700057282892601,0.08033061027526855,-0.3400770425796509,-0.09296194313444062,0.08536761999130249,-0.43939308822155,-0.11464807240642472,0.08022135496139526,-0.5163655579090118,-0.13228662161506577,0.023540137956346407,0.05273505810695189,0.1588485311643109,0.1281749510694285,-0.09808968226645859,-0.15424569063740085,-0.09462941747470573,0.11808564479966516,0.04440802088654813,0.09807901004689218,-0.0787929916878598,0.09210695932214785,0.12081810685042957,0.281561610300014,0.3129390606921811,0.16349929155443868,0.38720866611251964,0.49207837355480566,c_major
0.0,0.0,0.0,-0.04645693302154541,-0.1891160011291504,-0.06837760930939396,-0.05811256170272827,-0.3288508653640747,-0.07668052142544468,-0.07101190090179443,-0.3239957392215729,-0.06296607380791386,-0.07354021072387695,-0.2940889596939087,-0.052748746183354456,0.012974858283996582,-0.19909825921058655,-0.07014695083780964,-0.0035851001739501953,-0.36147698760032654,-0.08564652776404102,-0.01604330539703369,-0.39705604314804077,-0.08448844676895817,-0.025052011013031006,-0.40282565355300903,-0.08385820215626438,0.06186407804489136,-0.19093960523605347,-0.069484854993064,0.07896047830581665,-0.34004467725753784,-0.09153580194397648,0.0840156078338623,-0.4397553652524948,-0.11325213586970051,0.07942026853561401,-0.5173535943031311,-0.13121551549120625,0.047796050308533816,0.040132059596443836,-0.13631688935695685,0.06442691564511227,0.11485874204440139,0.13025524688998974,0.11214281560898409,0.06919836375902705,-0.037391861269088306,-0.09001453535083402,0.009074835360642991,-0.03938618970635105,0.12305515980054234,0.2817819000008595,0.30390499818100014,0.1620920156357418,0.4193565335451333,0.5605958164314173,c_major
0.0,0.0,0.0,-0.04702270030975342,-0.18694818019866943,-0.06838102299366255,-0.05851435661315918,-0.32509446144104004,-0.07737437296304961,-0.07137101888656616,-0.3202386200428009,-0.06472575325165053,-0.07397997379302979,-0.29172220826148987,-0.05525384503994246,0.013175427913665771,-0.1975644826889038,-0.0704267885128047,-0.0028867721557617188,-0.3592783212661743,-0.08634747225437422,-0.015942633152008057,-0.392292320728302,-0.08569229799900313,-0.025419235229492188,-0.3963979482650757,-0.08520839769039412,0.062358975410461426,-0.1899767816066742,-0.0699675868788745,0.07906901836395264,-0.33999454975128174,-0.09181777048502227,0.08388715982437134,-0.4387728422880173,-0.11305020410213729,0.07895374298095703,-0.5162897706031799,-0.13066722113285323,-0.12843101779918845,0.00769954283514887,-0.19974469903119352,0.05670675213741683,-0.000516887423960638,-0.0649521818911655,-0.11614142235414988,0.07421068921373664,-0.03668471863440845,0.18908680952672285,0.04597230918213108,0.05667845876291672,0.11921590120291514,0.2819689505532935,0.44245967074107134,0.16533079650459295,0.5116992944543365,0.6027987578677364,c_major
0.0,0.0,0.0,-0.047757506370544434,-0.18868553638458252,-0.0688044845320519,-0.057952165603637695,-0.32818859815597534,-0.07915685765522085,-0.07191789150238037,-0.3254137337207794,-0.06759354166763387,-0.07536661624908447,-0.2975109815597534,-0.05856264822261892,0.011953651905059814,-0.1984805464744568,-0.07043261520641408,-0.0027446746826171875,-0.3617503046989441,-0.08782133899705968,-0.016030490398406982,-0.3961241543292999,-0.08767269991415105,-0.02577686309814453,-0.40041711926460266,-0.08710274539964757,0.060892581939697266,-0.19080737233161926,-0.06976862691419683,0.07882457971572876,-0.3418823778629303,-0.09267934106367193,0.08400994539260864,-0.44009146094322205,-0.114022087977105,0.07908809185028076,-0.516690194606781,-0.13124473832624517,0.11971064196275688,-0.13339213942420075,0.16213924001746066,-0.08229989462210062,-0.02624802066720347,0.08681046201099668,0.11944476858371483,0.024983848558232602,0.14706717114633155,-0.021214767333509382,-0.12794857546849764,0.030920114447527874,0.11774274475217057,0.2778101339184841,0.1992259950797411,0.1626794466593581,0.29696685930022854,0.4329874703566339,c_major
0.0,0.0,0.0,-0.04802912473678589,-0.19107785820960999,-0.06538710837406825,-0.058907389640808105,-0.32766205072402954,-0.07623470668835353,-0.07057666778564453,-0.3240760862827301,-0.06602043007654856,-0.0714598298072815,-0.29666364192962646,-0.05804303010148715,0.012177884578704834,-0.2007397711277008,-0.06825308595938395,-0.003082454204559326,-0.3613080382347107,-0.08574658726496409,-0.016077041625976562,-0.39378541707992554,-0.08684106265349101,-0.02516120672225952,-0.3974035978317261,-0.08713887726111125,0.06142169237136841,-0.19280824065208435,-0.0689352462176771,0.07937431335449219,-0.3419620990753174,-0.09177269880814265,0.08469617366790771,-0.44076669216156006,-0.11380573456330012,0.08049517869949341,-0.5188726186752319,-0.13166644518418025,0.15875302806658798,-0.03757490706228017,-0.18446623571831833,-0.030769030657212093,0.19899819843233413,-0.14710602261147102,0.031849395569131966,0.080389604409279,0.10211114799926818,0.008530687704734502,0.04201557034462794,0.049335554871441756,0.11462403559752252,0.27908343054552986,0.364187111564012,0.1670350236034754,0.46135628286258484,0.5937475663699584,c_major
0.0,0.0,0.0,-0.04722487926483154,-0.18701469898223877,-0.06756722341495447,-0.05906492471694946,-0.3255746066570282,-0.07848834405857019,-0.07103276252746582,-0.32682791352272034,-0.06763717691617899,-0.07208448648452759,-0.30136048793792725,-0.059153200790461824,0.013139188289642334,-0.19795987010002136,-0.06991137723642282,-0.00277864933013916,-0.3610456883907318,-0.08797308962064676,-0.016255438327789307,-0.3964693546295166,-0.08866941343265466,-0.025910794734954834,-0.4012233018875122,-0.08868291388469629,0.0624004602432251,-0.19126367568969727,-0.0699475051017373,0.08064520359039307,-0.34083425998687744,-0.09347571592050485,0.08571696281433105,-0.43852901458740234,-0.11483276794868402,0.08111059665679932,-0.5146185755729675,-0.1319817842097848,-0.12262386510600774,-0.05061209149016063,-0.03997617209387472,0.1856061296764015,-0.18418776217466523,0.1594941863882942,-0.09991651336653656,0.10301507850518493,-0.03521871731907336,0.17701511351356203,-0.12819742692880298,0.1890989157054085,0.11391486020331933,0.27249173933038384,0.3920014920404476,0.16182354118315165,0.4391865178780881,0.5114800057979149,c_major
0.0,0.0,0.0,-0.04754137992858887,-0.1881372332572937,-0.06916459044181522,-0.058391273021698,-0.3270946443080902,-0.07957900454961475,-0.0706283450126648,-0.32292455434799194,-0.06779249151908573,-0.07193917036056519,-0.29416424036026,-0.05874151503407177,0.013448655605316162,-0.19796904921531677,-0.07099840929471668,-0.002416551113128662,-0.36021068692207336,-0.08881853660308536,-0.015724003314971924,-0.3919351398944855,-0.08910383423530277,-0.024881482124328613,-0.395010381937027,-0.08886040886604007,0.06286364793777466,-0.19057974219322205,-0.07047212263309177,0.08115905523300171,-0.3405489921569824,-0.0939175426002663,0.0867205262184143,-0.43846963346004486,-0.11574170877896961,0.08252155780792236,-0.5158427655696869,-0.1333768009182137,-0.15758972143663963,-0.13083376368973754,0.04847502442984028,0.057761770045509975,-0.1731981956959329,0.0025343043907915808,-0.09916790677275733,-0.08652223106894281,-0.03411752526490902,0.018826000840556606,0.00974056646902427,-0.15229990358535322,0.11528884620257739,0.28030324825869124,0.3306805406815256,0.16768299580572213,0.41201728579389174,0.5297669739695445,c_major
0.0,0.0,0.0,-0.04729229211807251,-0.18721821904182434,-0.07210472534029577,-0.05879557132720947,-0.3270857632160187,-0.08045063475697134,-0.07093900442123413,-0.32496944069862366,-0.06579669872849081,-0.0727502703666687,-0.2973312437534332,-0.055010053614068966,0.013666391372680664,-0.19801804423332214,-0.07325694272844885,-0.0036154985427856445,-0.3618414103984833,-0.08995540002911184,-0.01620960235595703,-0.3963448405265808,-0.08831489394037817,-0.025296032428741455,-0.40095341205596924,-0.08710295269816015,0.06305211782455444,-0.1906244456768036,-0.07165427813856695,0.08114075660705566,-0.3416549563407898,-0.09489346603481863,0.08709663152694702,-0.4392269253730774,-0.11584842512934301,0.08272439241409302,-0.5150617957115173,-0.132962982455183,0.05617584785167107,-0.040009138579341214,0.031346021708664906,-0.1498134775403573,-0.14430617481612804,-0.09859969293649624,-0.05447715738492592,-0.1786884469074456,-0.1603894559221339,-0.15226509586392745,0.11021253544570475,0.03070115994908118,0.11840360059394382,0.2786675853730952,0.42398225383645854,0.1636834681115452,0.5397124956043693,0.6877310523120216,c_major
0.0,0.0,0.0,-0.04778653383255005,-0.19081509113311768,-0.07068162147076862,-0.05891454219818115,-0.3321506381034851,-0.07994778934987323,-0.074554443359375,-0.3291427791118622,-0.0660391199973418,-0.07772409915924072,-0.2992672324180603,-0.05557932440312641,0.012980759143829346,-0.20154398679733276,-0.07215849045785205,-0.0034795403480529785,-0.3672065734863281,-0.09097297970326679,-0.018153131008148193,-0.3998100757598877,-0.09005317572625415,-0.02802175283432007,-0.40139269828796387,-0.08838752392800586,0.062197089195251465,-0.19408833980560303,-0.07097858671220081,0.08082985877990723,-0.34571024775505066,-0.09528567377599018,0.08628696203231812,-0.44411301612854004,-0.11668066416056888,0.08203327655792236,-0.5206550359725952,-0.13356762115033405,0.08291361211980969,-0.0485994388090904,0.07976803108016028,0.08209148530950994,-0.15154546877961886,0.04674016667003972,-0.1779411595940843,0.04490948744906778,0.19953163485375175,0.09228615020517583,-0.10376866857838221,0.10426109622817786,0.11822145306758622,0.28393159931269835,0.3044209805843219,0.16845431389415177,0.37438956374665716,0.4800644368697575,c_major
0.0,0.0,0.0,-0.04766565561294556,-0.1908789873123169,-0.07025436745504976,-0.05820953845977783,-0.33125340938568115,-0.08044970469097734,-0.07184213399887085,-0.3299202620983124,-0.06779583977083803,-0.0742761492729187,-0.30318576097488403,-0.058136672391697175,0.012815475463867188,-0.20116978883743286,-0.07220323072294832,-0.0031113028526306152,-0.3652038276195526,-0.09099325971226335,-0.017011642456054688,-0.39686062932014465,-0.09037647829870821,-0.026078641414642334,-0.3989478349685669,-0.08904063390116335,0.062048375606536865,-0.19364720582962036,-0.07154360847096086,0.08196300268173218,-0.3454211950302124,-0.09559795693974138,0.08786392211914062,-0.44315971434116364,-0.11654898212771059,0.08392328023910522,-0.5198674499988556,-0.13323900537113786,0.07569270740641465,-0.17089549475611696,-0.0795773638245953,-0.1987978369022054,-0.03930347272892973,-0.030470065754662906,-0.05637367361689699,0.14349154402172787,-0.13432442074362683,0.1681415731928066,0.18935123349782063,-0.14709074938504188,0.11157252984627879,0.27860074349356234,0.5561221726414192,0.16933833620060254,0.6222436031236276,0.7143358682727761,c_major
0.0,0.0,0.0,-0.04808342456817627,-0.19361624121665955,-0.07041874118802127,-0.059397339820861816,-0.33654871582984924,-0.07908684351203021,-0.07220649719238281,-0.3284130096435547,-0.06476284154412326,-0.07285565137863159,-0.29643791913986206,-0.054226033023567766,0.012515246868133545,-0.2038232982158661,-0.07227409966942844,-0.004731237888336182,-0.3690733015537262,-0.09001456537005481,-0.01812160015106201,-0.3986564576625824,-0.08872431107518253,-0.026510179042816162,-0.39883846044540405,-0.08717275746819553,0.06169998645782471,-0.19560468196868896,-0.07140626349207935,0.0807502269744873,-0.3475223183631897,-0.09494243153092441,0.0874975323677063,-0.44518914818763733,-0.1165537346219736,0.08447730541229248,-0.5218677222728729,-0.13404933699128208,-0.07330606918499322,-0.059217329265236096,0.09743632619250386,0.04056302936144379,-0.06063709455630306,0.043482004412253916,-0.10126829746183677,0.03985080052807888,0.08059981146056894,0.0308060573053352,0.005606651974676025,0.19187345417004242,0.11712924620831501,0.2862586510299469,0.4031645202445309,0.17219708092551722,0.4946996949051623,0.6223628235680456,c_major
0.0,0.0,0.0,-0.04907870292663574,-0.19319701194763184,-0.07034153508298857,-0.05978924036026001,-0.336911678314209,-0.07957073318117125,-0.07247054576873779,-0.33140885829925537,-0.06544463353507979,-0.07320624589920044,-0.30077579617500305,-0.05483845638387663,0.011547625064849854,-0.20295774936676025,-0.07215625809782011,-0.0057086944580078125,-0.36951786279678345,-0.09072180854433043,-0.019073188304901123,-0.3992154002189636,-0.08925475942247374,-0.027434587478637695,-0.39823997020721436,-0.08712286519163115,0.06090819835662842,-0.19491666555404663,-0.0714020581757353,0.08002585172653198,-0.34707382321357727,-0.09549602883213026,0.0870242714881897,-0.44520629942417145,-0.11697677539937956,0.08422404527664185,-0.521891713142395,-0.1340246351277159,0.07166605489498373,-0.08653782547294729,0.14357703773969227,-0.09697534063851397,-0.07505084671706799,0.0765335830056747,-0.13387761738118498,0.18519794810189621,-0.058161511255771015,-0.09762233589296128,0.006285809551556776,0.05566599012309714,0.11241260154633938,0.2827489986190797,0.3272525139090139,0.1730814254125029,0.4346907909296039,0.5899340091329242,c_major
0.0,0.0,0.0,-0.05064195394515991,-0.19116950035095215,-0.06768296785836014,-0.061420559883117676,-0.3318525552749634,-0.07882337399010453,-0.07096529006958008,-0.3321838676929474,-0.06784907855276856,-0.07073599100112915,-0.3056230843067169,-0.059064028190420004,0.00998985767364502,-0.20143520832061768,-0.07047140725140366,-0.006283283233642578,-0.3655984699726105,-0.08813587702994141,-0.018393635749816895,-0.4010438024997711,-0.0881855575013617,-0.027227818965911865,-0.4055248498916626,-0.08777009822611603,0.05994313955307007,-0.194072425365448,-0.07093457259421143,0.07918000221252441,-0.3461204469203949,-0.09427543111328873,0.08608114719390869,-0.4438505619764328,-0.11530060447935853,0.08278650045394897,-0.5199172794818878,-0.1322204781342009,-0.16457360195303572,-0.16012489665930285,0.1338096849269001,-0.051311317241662796,-0.15645521138777987,0.10483217651880894,-0.11719653078990544,-0.1249603749885857,-0.12615899988045848,0.11907328026308889,-0.08174837081364683,0.035702293755670855,0.11268257299924325,0.2735745303143655,0.30842843995754976,0.16481691266051213,0.37613913864615944,0.47064506821129254,c_major
0.0,0.0,0.0,-0.04856514930725098,-0.18990683555603027,-0.06907205539050665,-0.060498714447021484,-0.3321937918663025,-0.08038026349845495,-0.07169044017791748,-0.3340493440628052,-0.06962652759852972,-0.07202309370040894,-0.30827322602272034,-0.06102371098700132,0.011676967144012451,-0.20097815990447998,-0.07149150477948751,-0.004503190517425537,-0.3665730953216553,-0.08929468946757879,-0.01783585548400879,-0.4039708375930786,-0.08971154945197668,-0.027815639972686768,-0.40859341621398926,-0.08963460730615225,0.061145126819610596,-0.19474700093269348,-0.07154131191077795,0.08108550310134888,-0.34617310762405396,-0.09438323484960165,0.08786767721176147,-0.44428539276123047,-0.11533760534825888,0.08459091186523438,-0.5190706551074982,-0.13234822707477178,-0.15323918864635916,-0.19029880907882815,0.15580530926616604,0.1627765520479909,-0.07485353140609982,0.008941691682099157,-0.1549555679837874,0.08016758941838342,-0.001466516510517435,-0.1626886829352006,0.023359193792260008,-0.08371488726539754,0.1133005865531431,0.2721225632747529,0.34455072257147945,0.1632939267804008,0.4525581046612025,0.5981158255079829,c_major
0.0,0.0,0.0,-0.04956865310668945,-0.18476641178131104,-0.07037817023118009,-0.062480807304382324,-0.32637107372283936,-0.08084794960339536,-0.07258474826812744,-0.33187150955200195,-0.06907694123108854,-0.07245743274688721,-0.3095586597919464,-0.06014392978866567,0.01161414384841919,-0.1963692307472229,-0.07274191907961836,-0.006371796131134033,-0.36127620935440063,-0.09099789045174589,-0.018695950508117676,-0.3982163667678833,-0.09110753319581022,-0.027927935123443604,-0.4032966196537018,-0.09090611419995298,0.06165504455566406,-0.19087278842926025,-0.07251697860081663,0.08063018321990967,-0.3421419858932495,-0.09634559682925214,0.08753126859664917,-0.4390982687473297,-0.1171526469977664,0.08392584323883057,-0.5137632191181183,-0.13397780887206068,0.1808838603293701,-0.16804947413374682,-0.039246438489837526,0.17528094541109723,-0.12968738881194342,0.12323484349716757,0.07307498553803737,0.1308355715392171,-0.19390263558762474,0.1473835702825133,0.04331069738106086,0.05624136002608604,0.10824044192165135,0.2675942315486689,0.4317318444705324,0.1630009454361411,0.5018412086783973,0.5920655063264424,c_major
0.0,0.0,0.0,-0.04891228675842285,-0.18900269269943237,-0.07120263523755455,-0.060706377029418945,-0.33040279150009155,-0.08143601513801002,-0.07148796319961548,-0.33632463216781616,-0.06848964042363548,-0.07178753614425659,-0.31437867879867554,-0.05859949759540939,0.012233257293701172,-0.1993153691291809,-0.0737652400821247,-0.005568146705627441,-0.36598557233810425,-0.09198439813552284,-0.01838761568069458,-0.4026763439178467,-0.09075780160127067,-0.02705436944961548,-0.4078754484653473,-0.08941370196042442,0.06221747398376465,-0.19202136993408203,-0.0735864932030239,0.08160901069641113,-0.3454117774963379,-0.09796848840413475,0.08736366033554077,-0.4435010552406311,-0.11856153554616355,0.08300846815109253,-0.5193175971508026,-0.13502693123517417,-0.018730356719344865,0.16747702857443275,-0.02658590045926182,-0.04357322172149236,0.03127649323355991,-0.16759397081632585,-0.01228421981558911,-0.04595311002777272,-0.10190280581400009,-0.030270766098755203,0.19427393852375258,0.08580021958262868,0.10813055688047728,0.26796066094467336,0.530379492085681,0.1631372042460635,0.6271316829512352,0.7555194870001108,c_major
0.0,0.0,0.0,-0.047885775566101074,-0.1893754005432129,-0.07219139085653126,-0.05995464324951172,-0.33289170265197754,-0.08167997346761524,-0.07244110107421875,-0.34028834104537964,-0.06739914761426746,-0.07441353797912598,-0.3186776638031006,-0.05661429436447918,0.012530326843261719,-0.19976085424423218,-0.07391739235761463,-0.006275832653045654,-0.3677527904510498,-0.09245474980714619,-0.018786728382110596,-0.4048078656196594,-0.09070743964555561,-0.027352988719940186,-0.41015318036079407,-0.08882861928584873,0.06214284896850586,-0.19258952140808105,-0.07290929900052845,0.08054161071777344,-0.3462586998939514,-0.09778659389856159,0.08634597063064575,-0.4446437954902649,-0.11870915786865055,0.0817682147026062,-0.5206142067909241,-0.1352200020993024,0.0367356689217698,-0.08334149045501626,-0.036737189184688074,0.02349457612223685,-0.035426408858126646,-0.1594256763973704,-0.03684552508524863,-0.07263657228922213,0.1832675614013347,-0.16301211491116818,-0.17903804763169326,-0.12406046207822766,0.10779716209721237,0.2671141414322785,0.17859987619859108,0.16205318816896827,0.270294072894513,0.42037628097370355,c_major
0.0,0.0,0.0,-0.04811197519302368,-0.185863196849823,-0.0717786449775275,-0.05953836441040039,-0.3249827027320862,-0.08147553837152088,-0.07233244180679321,-0.33940207958221436,-0.06803507840486134,-0.07579261064529419,-0.32517528533935547,-0.05792323982568348,0.0122833251953125,-0.1974986493587494,-0.07305089121909702,-0.00609588623046875,-0.3632398843765259,-0.0915690708741721,-0.018969058990478516,-0.40484023094177246,-0.0901202235207137,-0.028380215167999268,-0.41446536779403687,-0.08855043834300602,0.06186354160308838,-0.19166696071624756,-0.07169870024772251,0.08072322607040405,-0.34339144825935364,-0.09685279166551197,0.08613300323486328,-0.44222748279571533,-0.1177085984334525,0.08129435777664185,-0.5186163783073425,-0.13397982454152668,-0.1759185524046948,-0.1987526424866479,-0.048203161080696416,-0.14476113086455086,0.17500526430606483,0.1516911772775686,0.021360164143709726,0.07590444019569109,0.03489836267759289,0.1588198217369064,-0.09102538195839811,0.004881920251115807,0.10563465036946307,0.26053862703116015,0.33736279998523355,0.1579233170621313,0.38521018144256886,0.45620920846448754,c_major
0.0,0.0,0.0,-0.04761397838592529,-0.18781757354736328,-0.07186643274459925,-0.060858726501464844,-0.3314662575721741,-0.08058423789177027,-0.07302004098892212,-0.3404872715473175,-0.06541439386043635,-0.0741274356842041,-0.3200404644012451,-0.0541666099611291,0.013110578060150146,-0.198915034532547,-0.07338196279440012,-0.006722569465637207,-0.36791956424713135,-0.09167289974126902,-0.019418537616729736,-0.4058486223220825,-0.08917131515178767,-0.027961790561676025,-0.41135862469673157,-0.08668632300529566,0.06280499696731567,-0.1924605369567871,-0.07214498760137644,0.08121371269226074,-0.34611594676971436,-0.09711841734085169,0.08667868375778198,-0.44428980350494385,-0.11769129576120463,0.08217734098434448,-0.5197190344333649,-0.13382482768926707,0.04932918274530235,0.10754997339980377,-0.18791007664958884,-0.12535144997246808,0.0520940823162957,-0.06269353656162943,0.07086929026807298,0.002576268385772268,-0.1700979233994061,0.026446146047158503,-0.08229218485673734,-0.03492084361157946,0.10736761581504124,0.2657971899608806,0.25886229793276183,0.16153837104491137,0.33752719927712604,0.4519183697152613,c_major
0.0,0.0,0.0,-0.04729360342025757,-0.18511760234832764,-0.0726019497581234,-0.06051373481750488,-0.3274455666542053,-0.08201923031289482,-0.07317978143692017,-0.33969756960868835,-0.06759870607335472,-0.07561755180358887,-0.32339411973953247,-0.05686570141394043,0.013182282447814941,-0.1964578628540039,-0.07413804341037178,-0.005919933319091797,-0.3642401099205017,-0.09304321367223167,-0.01878225803375244,-0.40376609563827515,-0.09121550429541969,-0.027517378330230713,-0.4117427170276642,-0.08920911509473228,0.06277090311050415,-0.19033700227737427,-0.07294573444802666,0.081490159034729,-0.34344369173049927,-0.09859622079808616,0.08705061674118042,-0.4420841336250305,-0.11951268274266624,0.08270275592803955,-0.5185229778289795,-0.13575884509761238,0.06610465516887187,-0.09954207431113322,-0.045188601746064094,-0.027367225897635045,0.15718212707775647,-0.05450379766299243,0.14946357258489845,0.14358543875527296,-0.021910483453163432,-0.11089879976379145,0.04215733195463284,-0.09794629052764187,0.10566549928654317,0.26337182692881483,0.3695405865331571,0.1603663912920942,0.46157778774650554,0.5943683718271453,c_major
0.0,0.0,0.0,-0.047049641609191895,-0.18578243255615234,-0.07295897572309684,-0.059633851051330566,-0.32791250944137573,-0.08240272074014854,-0.07217574119567871,-0.3389230966567993,-0.06813868849546623,-0.07466697692871094,-0.322013258934021,-0.05754199965865325,0.01351386308670044,-0.19676384329795837,-0.07441304593355369,-0.0051958560943603516,-0.36387598514556885,-0.09342324703008842,-0.01812809705734253,-0.4035722613334656,-0.091915324023077,-0.02700561285018921,-0.4120365381240845,-0.09017682044775199,0.06304931640625,-0.1903398036956787,-0.07307472794325065,0.08216279745101929,-0.34324127435684204,-0.09880320697099876,0.08790504932403564,-0.4421226382255554,-0.12004207788974952,0.08358383178710938,-0.5188084840774536,-0.1365039345529766,-0.18059550374480834,0.07483438203669468,0.09029897384569413,0.05880032194441598,0.16328402988653928,0.041809197789410085,-0.18733529610780245,-0.07493175211280076,-0.17472261805701617,-0.13677290368069644,-0.1642312475915603,0.10652570265469125,0.10696180603324772,0.26458772885513954,0.2359460111622479,0.1605505378663485,0.33488535761816324,0.4830584975562404,c_major
0.0,0.0,0.0,-0.04644572734832764,-0.18525999784469604,-0.0724351552503748,-0.05876767635345459,-0.32382437586784363,-0.08288325343305303,-0.07154148817062378,-0.34025847911834717,-0.06972013387853337,-0.07503414154052734,-0.32761290669441223,-0.05959648985439969,0.013582408428192139,-0.196957528591156,-0.07366003815108968,-0.004881143569946289,-0.3625357449054718,-0.09316675338918401,-0.017584562301635742,-0.40495777130126953,-0.09167828384811116,-0.026567935943603516,-0.4154089093208313,-0.08983425769979192,0.06303966045379639,-0.19100147485733032,-0.0722576451676531,0.08238518238067627,-0.3428207039833069,-0.09875106785470678,0.08800476789474487,-0.4416431188583374,-0.11973799739057256,0.08335483074188232,-0.5178462564945221,-0.13566283855611516,0.028482467541975698,-0.0013475989391008025,-0.13533133982112014,-0.15871971961750467,-0.07197554314756488,0.10948718544178382,-0.029537614915868954,0.18349827243105227,-0.15999204536745637,0.15722265675425773,0.1968120814323841,0.05625790880406911,0.104744612111618,0.25896309258591244,0.5851384709745638,0.15708813944750752,0.6556953900988414,0.7436575616206255,c_major
0.0,0.0,0.0,-0.04710733890533447,-0.18461459875106812,-0.0715025800414395,-0.059829890727996826,-0.32640647888183594,-0.08093161016181227,-0.07140123844146729,-0.3382217288017273,-0.06710919618085143,-0.07340747117996216,-0.32120370864868164,-0.05677355706170317,0.013526320457458496,-0.1965712010860443,-0.0727133589930844,-0.004937946796417236,-0.3610242009162903,-0.09084425746873137,-0.01756739616394043,-0.40297043323516846,-0.08938705056384322,-0.027022838592529297,-0.41422244906425476,-0.08817015468552825,0.06312519311904907,-0.19091206789016724,-0.07127913712933776,0.0824509859085083,-0.34222161769866943,-0.09668721883967635,0.08819836378097534,-0.440940797328949,-0.1178500565834355,0.08359450101852417,-0.5181585252285004,-0.1344746264763188,-0.09160553423493818,-0.1313761282220129,-0.19706622471440097,0.18124656075309054,0.08974964742502978,0.1849280830047666,0.17223612836825858,-0.1599782006653673,-0.08380633959597282,-0.17643946423831702,0.025466376699418897,0.14927983501569686,0.1085806914286481,0.2635873199461219,0.41623760048251157,0.15869154942488625,0.5215688728537426,0.6660797936433439,c_major
0.0,0.0,0.0,-0.04700082540512085,-0.18588364124298096,-0.07137985509271516,-0.06037414073944092,-0.32856279611587524,-0.08043269049758806,-0.07197397947311401,-0.33723658323287964,-0.06586820613975419,-0.07306081056594849,-0.3176371157169342,-0.05511841532225503,0.013579845428466797,-0.1973111629486084,-0.07321508210534944,-0.005279064178466797,-0.3640396296977997,-0.09188929181928529,-0.01795440912246704,-0.40268248319625854,-0.09031199645633592,-0.026750266551971436,-0.41038650274276733,-0.08856204878921403,0.06337332725524902,-0.19123446941375732,-0.07230234872932328,0.0825042724609375,-0.34364771842956543,-0.09769234788055314,0.0881727933883667,-0.44200605154037476,-0.11880525928373231,0.08387553691864014,-0.5188161134719849,-0.1353273836934079,-0.05693818670459794,-0.09080935798022015,-0.07127150293192744,-0.09798355514705795,0.012246115927886464,0.09010158772067045,-0.08623011514109039,-0.09151584925976151,0.051455084698079745,-0.18830342230142302,0.1040420692261691,-0.0932412235163847,0.10892929771191306,0.26746118392524704,0.43880239639101754,0.1618086691902181,0.5392198739537826,0.6810322653697178,c_major
0.0,0.0,0.0,-0.046733081340789795,-0.18510836362838745,-0.07354616618232512,-0.05958348512649536,-0.3275442123413086,-0.08298703527526641,-0.07126909494400024,-0.3350696861743927,-0.06863690412120604,-0.07271426916122437,-0.31558674573898315,-0.05802115297393584,0.014143764972686768,-0.1964244246482849,-0.07498993969039702,-0.004226267337799072,-0.3626958131790161,-0.0940898904808023,-0.01711404323577881,-0.401519775390625,-0.09274494892434859,-0.026374399662017822,-0.4099535346031189,-0.0911931419976213,0.06371128559112549,-0.19009751081466675,-0.07358610129432464,0.08233332633972168,-0.34190258383750916,-0.09936330711917662,0.08819955587387085,-0.44057783484458923,-0.12060043460206771,0.08391702175140381,-0.5177862644195557,-0.13714475429134154,-0.14433150373551276,-0.037041853421132004,0.19495892474849175,0.0580384931245167,0.10287200425794735,0.02521894523034446,0.056124806875426425,0.12104100686460983,-0.08840024548660752,-0.12562192466943534,-0.15736798164392127,-0.07963528821894808,0.1102399891215496,0.2677285022799166,0.16822475491298555,0.16094609634734852,0.2716304783483819,0.42085062351625935,c_major
0.0,0.0,0.0,-0.04652142524719238,-0.18558180332183838,-0.07379084584087536,-0.05938595533370972,-0.3275248408317566,-0.0829588597711961,-0.07136893272399902,-0.3366214632987976,-0.06831584629387066,-0.07336199283599854,-0.3193016052246094,-0.057604731440250134,0.01425790786743164,-0.19717341661453247,-0.07499588784546063,-0.004175901412963867,-0.3642008304595947,-0.09432194885582135,-0.01741349697113037,-0.4038066864013672,-0.09277885165781186,-0.027301132678985596,-0.41298583149909973,-0.09099003431171582,0.06373167037963867,-0.19103479385375977,-0.0733233144578378,0.08237993717193604,-0.34269964694976807,-0.09946976360649273,0.08823287487030029,-0.44131970405578613,-0.12061276045412228,0.08366882801055908,-0.5181819498538971,-0.1368986791071336,0.19695297407307927,0.12513497345704183,-0.12331290494733681,0.11597684951266013,0.1778829613560507,0.09756922454195965,-0.026764079186145512,0.18784459257607294,-0.02274489618394765,-0.005676490486462182,-0.10026290559457554,-0.06487721407474961,0.10960344674723194,0.2655176082903098,0.22937342515556236,0.15965011481144467,0.3145554528488885,0.43338897646037317,c_major
0.0,0.0,0.0,-0.046314775943756104,-0.18659722805023193,-0.0742737960301838,-0.05921560525894165,-0.3293840289115906,-0.08405116314520455,-0.07188659906387329,-0.3393527865409851,-0.06941928083529092,-0.07431232929229736,-0.32099324464797974,-0.05847787598600007,0.014268100261688232,-0.19860994815826416,-0.07525745893349267,-0.004007995128631592,-0.36755669116973877,-0.09559415394892312,-0.01738131046295166,-0.40696629881858826,-0.09385296071400262,-0.027420222759246826,-0.4144892394542694,-0.09146564567913629,0.06371009349822998,-0.1923012137413025,-0.07344827170004464,0.0826406478881836,-0.34480780363082886,-0.10031364972223855,0.08839797973632812,-0.44343191385269165,-0.12128350252737619,0.0836288332939148,-0.5197465717792511,-0.1371390383922062,-0.08235367916250365,0.18982105674177224,-0.015630504592957534,0.034046929521488245,0.02373611919863361,-0.006841873858565828,0.10997012739894685,0.15348643755307617,0.05944779968873004,-0.1552918722974865,-0.16360960574178682,-0.058230751268315395,0.1096748086355846,0.26577410399798174,0.17699535940614458,0.1596779811382652,0.28354242640888544,0.4360540791180486,c_major
0.0,0.0,0.0,-0.04642033576965332,-0.18514680862426758,-0.07524778982670455,-0.059155285358428955,-0.33130356669425964,-0.08520647427113204,-0.07385379076004028,-0.3390892744064331,-0.07021083971531539,-0.07782500982284546,-0.31653711199760437,-0.05875749429733901,0.0141218900680542,-0.19718298316001892,-0.07588264634878783,-0.004190981388092041,-0.36644047498703003,-0.09614992430479674,-0.01787930727005005,-0.40634822845458984,-0.09419053336651473,-0.028395354747772217,-0.414188027381897,-0.09184479257137923,0.06353360414505005,-0.19109398126602173,-0.07379296710760741,0.08248734474182129,-0.3441348075866699,-0.10041167130739836,0.08812463283538818,-0.4421239495277405,-0.12121517499954848,0.08287954330444336,-0.5178569853305817,-0.13714884510309844,-0.16111709073596409,-0.17684217712057548,-0.14659564321172708,0.08634562757244557,0.10845920678457993,0.16213496003388211,0.1225956856977804,0.09872730137019853,-0.1274336233684233,-0.15128486755275153,-0.10391796023945617,0.1011690676036906,0.1143405500393727,0.2692598163035087,0.27600681077382194,0.1586877845156769,0.3855174407749944,0.5319529258519116,c_major
0.0,0.0,0.0,-0.045140862464904785,-0.18642908334732056,-0.07608009101303992,-0.05837517976760864,-0.3340536952018738,-0.08590348036440787,-0.07445919513702393,-0.34262651205062866,-0.07007751585396704,-0.07888013124465942,-0.3191016912460327,-0.05790501059445319,0.015150249004364014,-0.198115736246109,-0.07636103750618872,-0.0032355189323425293,-0.36817464232444763,-0.09699133755120215,-0.01748073101043701,-0.4082840085029602,-0.0944200006261724,-0.02830672264099121,-0.4151187539100647,-0.09142523230465827,0.0643112063407898,-0.1921972632408142,-0.07394272060545859,0.08348751068115234,-0.34534141421318054,-0.10061207385214743,0.08895057439804077,-0.4431818723678589,-0.12097637326868949,0.0833389163017273,-0.51803258061409,-0.13648114324959693,0.19449710286281185,0.08416725618012938,-0.020782221416202173,0.17748451116671504,-0.016006187900346053,0.10618835302580337,-0.018699476856259667,-0.19019241103764478,-0.1347575269214108,0.021018015108800997,-0.048910003550525744,0.14044395074274857,0.11358059360614176,0.2684450162596837,0.3497506228845783,0.15838573020595084,0.43623972382286863,0.5483132268320067,c_major
0.0,0.0,0.0,-0.0457194447517395,-0.18601638078689575,-0.07461890060744736,-0.05863875150680542,-0.3312644958496094,-0.08465022821269486,-0.07326394319534302,-0.3414930999279022,-0.06995654333672974,-0.07727599143981934,-0.32035744190216064,-0.05853390176139328,0.014589190483093262,-0.19788843393325806,-0.07512746978841278,-0.0028764009475708008,-0.36659544706344604,-0.09508367110333893,-0.016733765602111816,-0.4094821512699127,-0.09310739714942429,-0.027852416038513184,-0.4194512367248535,-0.09077910561404678,0.06363886594772339,-0.1920398473739624,-0.07299518812737915,0.0835234522819519,-0.3445400297641754,-0.09965431917748901,0.08913922309875488,-0.44339221715927124,-0.1206724889977977,0.08358407020568848,-0.5190516114234924,-0.13658952195487473,-0.19729064285787265,-0.14416054365965053,-0.1653851187736335,-0.1571403270477426,-0.11767540798457432,-0.189281445539989,0.05485258911266122,0.0760471014351109,-0.07071653328420968,0.006067814406384764,0.1776612080317021,0.1741226619309741,0.11533439707784372,0.26729760993723334,0.5559656844482559,0.15632312481486357,0.6541152804858346,0.7667852267235351,c_major
0.0,0.0,0.0,-0.04519248008728027,-0.18523883819580078,-0.07460946537320012,-0.058181166648864746,-0.32903850078582764,-0.08442832477156514,-0.07272094488143921,-0.34012606739997864,-0.06949213094775075,-0.07640033960342407,-0.3200591802597046,-0.058002810401362126,0.014988124370574951,-0.19731923937797546,-0.0750503162271201,-0.003100574016571045,-0.36615970730781555,-0.09505209274355764,-0.017078161239624023,-0.4087933301925659,-0.09273084945742482,-0.027811944484710693,-0.4180353581905365,-0.0901148761040389,0.06386250257492065,-0.19118666648864746,-0.07278875209156865,0.08349609375,-0.34274914860725403,-0.09961860574547643,0.08921068906784058,-0.44168439507484436,-0.12037566251818532,0.08415013551712036,-0.517307847738266,-0.13604877836768026,-0.15687786113214017,-0.15735218415118785,-0.17976908181464443,0.14544331444519404,0.13889647269142852,0.09302901812565878,0.17230267248730247,0.05981608698529428,0.19733720725767556,0.042405064179576735,0.10223283448685988,0.08689161507386428,0.11397959618212057,0.2660350822716812,0.4619953075741684,0.1565262211787732,0.5540223086994586,0.6597542928551672,c_major
0.0,0.0,0.0,-0.045034170150756836,-0.18250364065170288,-0.07429641141359866,-0.0583304762840271,-0.32403120398521423,-0.08381390972797931,-0.07280910015106201,-0.3385239839553833,-0.06920363410179675,-0.07732784748077393,-0.32304513454437256,-0.05810478358333171,0.015199363231658936,-0.19497725367546082,-0.07502948893969119,-0.0029991865158081055,-0.3616260290145874,-0.09453924401466907,-0.016714036464691162,-0.40567827224731445,-0.0924523363894707,-0.02744150161743164,-0.41740554571151733,-0.09026698424284518,0.06419765949249268,-0.18945610523223877,-0.07291399343674243,0.0842553973197937,-0.34162333607673645,-0.09955298556749881,0.09012210369110107,-0.4404137134552002,-0.12016152991716922,0.08494478464126587,-0.5162805020809174,-0.13578032358353198,-0.11876932838939598,-0.09652021560833579,0.1927481303887213,0.031812677627237745,0.0008314831570014058,0.14628522288736118,0.08293826596055126,-0.067782555525678,0.014333340772413383,0.1762722891296597,-0.06570727597586906,-0.12212038859549224,0.11147619409762982,0.26401856737192014,0.36692478851465826,0.15645573940898802,0.4076832359129472,0.4599386252345698,c_major
0.0,0.0,0.0,-0.04607522487640381,-0.18183046579360962,-0.07256455425375918,-0.05903679132461548,-0.3226865231990814,-0.0822209015881441,-0.07252556085586548,-0.3368983268737793,-0.06852265153283099,-0.07684755325317383,-0.32211294770240784,-0.05805807639116267,0.014167547225952148,-0.19495251774787903,-0.07320494655722598,-0.0039046406745910645,-0.3591444790363312,-0.091776546875181,-0.01758342981338501,-0.40533149242401123,-0.0903472870981119,-0.028870463371276855,-0.42083415389060974,-0.0891261220371149,0.06321781873703003,-0.18992525339126587,-0.07115065012330035,0.08335411548614502,-0.3401898145675659,-0.09759191129559497,0.08933687210083008,-0.4392942786216736,-0.11898845885151843,0.08387213945388794,-0.5165145397186279,-0.13533512953871707,-0.13752844122098773,0.00794625727707507,-0.1034379793180294,0.08699284637530535,0.12051919735493449,-0.04578675102121621,0.07381283336512706,0.11236624000155682,0.05252678763347668,0.15739958361596618,0.1554864270188187,0.08777604167723996,0.1140741038318867,0.2638077738533556,0.5515799795662321,0.15492224855802478,0.6309804417818601,0.7118779242696226,c_major
0.0,0.0,0.0,-0.04615885019302368,-0.18214547634124756,-0.07508691891914054,-0.0586932897567749,-0.32431912422180176,-0.08411834880595848,-0.07270866632461548,-0.33807751536369324,-0.06857368096595451,-0.07676559686660767,-0.3205861747264862,-0.0568956409383361,0.014687299728393555,-0.19470584392547607,-0.07516225173955604,-0.004623234272003174,-0.3611487150192261,-0.09394637986903831,-0.01782923936843872,-0.40414169430732727,-0.09112397327905342,-0.027847468852996826,-0.41474467515945435,-0.08872836574798271,0.06389528512954712,-0.18913084268569946,-0.07245448723321601,0.0830640196800232,-0.3400194048881531,-0.09891780212407753,0.08900362253189087,-0.4388654828071594,-0.11966657385116264,0.0840681791305542,-0.5149929523468018,-0.13566484793906852,0.10099833289875076,0.17290892191320234,-0.151645378828137,0.08509159128629179,-0.016449832345992815,0.17551442517055038,-0.09000669529023751,-0.16539077561528837,0.0990564670480022,0.0458058224384052,0.16742979447551382,0.1501124605532611,0.11077964082333888,0.26432193752646466,0.5440916219808647,0.15740985580033884,0.6335588849673514,0.7408329659034293,c_major
0.0,0.0,0.0,-0.04573559761047363,-0.18247520923614502,-0.07462619003945292,-0.0579337477684021,-0.325172483921051,-0.08388974276476802,-0.07248097658157349,-0.3395185172557831,-0.06905471292429866,-0.07682156562805176,-0.3241816461086273,-0.057893895927009,0.01427912712097168,-0.19475632905960083,-0.07487845924788417,-0.003908216953277588,-0.36155253648757935,-0.09419402239018382,-0.018195033073425293,-0.4065197706222534,-0.09224661198550166,-0.02940303087234497,-0.41957277059555054,-0.09034913537198008,0.06314939260482788,-0.1896378993988037,-0.07235689220124186,0.0831114649772644,-0.34126192331314087,-0.09879456219368876,0.0886109471321106,-0.44046586751937866,-0.11970320847922267,0.0829850435256958,-0.5167069733142853,-0.13566516098671855,0.029247398534308522,-0.12750148785192528,0.04848255151753378,0.09243889433582392,-0.15281901728444944,-0.19430999512766461,-0.04137566947755408,0.11929179206363422,0.1778796486818024,0.050033768471043516,0.023662300722301854,-0.06728549069767961,0.11136124387186173,0.26201626593372385,0.37037263558293265,0.15530510224142488,0.45088741969778423,0.5456743700774237,c_major
0.0,0.0,0.0,-0.04653424024581909,-0.1814395785331726,-0.07271486616065204,-0.05913221836090088,-0.32088297605514526,-0.0823933715217322,-0.07372802495956421,-0.33860206604003906,-0.068526306211254,-0.07839345932006836,-0.3269472122192383,-0.058115989922782774,0.013442695140838623,-0.19383537769317627,-0.07320015972783267,-0.005361735820770264,-0.3600676357746124,-0.09277025705506503,-0.019646942615509033,-0.4036424160003662,-0.09100245034625232,-0.0305137038230896,-0.4146770238876343,-0.08895713931252658,0.06255227327346802,-0.1887701153755188,-0.07113421058585345,0.08249300718307495,-0.33980298042297363,-0.09775135761429965,0.0880584716796875,-0.4388520121574402,-0.11867625361611545,0.08288335800170898,-0.5150938034057617,-0.1345314616553992,-0.19853613921977745,0.1499603460124181,0.062310417672574725,0.1371172337194268,0.144003056359778,0.17616902297386722,0.018458535014591243,0.07767965627465695,-0.13400549979054643,0.03759372211290088,0.19415171473504916,0.037619028135544685,0.10459525485175315,0.25932349662278775,0.5423673216670623,0.15817535236661073,0.6255658083737924,0.7312428784316671,c_major
0.0,0.0,0.0,-0.045882344245910645,-0.18138277530670166,-0.074081381979056,-0.05875837802886963,-0.32177361845970154,-0.08370555025584281,-0.072376549243927,-0.33790162205696106,-0.06960793417937339,-0.07626879215240479,-0.32559096813201904,-0.05919974503166259,0.014129996299743652,-0.1939721703529358,-0.07436337900406897,-0.004889130592346191,-0.36051926016807556,-0.09336000514275611,-0.018346726894378662,-0.40300649404525757,-0.09126297217852652,-0.028461933135986328,-0.4142388105392456,-0.08938358557469428,0.06315535306930542,-0.1884855031967163,-0.07206331026799262,0.08329832553863525,-0.34019702672958374,-0.0982445238257128,0.08906346559524536,-0.43762069940567017,-0.11857453567034781,0.08391547203063965,-0.5130896866321564,-0.1343315748596865,0.013276312717664884,-0.07724280051916979,-0.19351979509543704,0.11984786693896765,-0.1900870062303584,0.14097336524771376,0.01023714094748715,-0.18200580822785725,-0.16599681811311717,0.16603445065505024,-0.0722784278787992,0.15114453963621044,0.1051427599143153,0.2577975170252116,0.4088065833826393,0.15627059428146994,0.4611068483925843,0.531558749755575,c_major
0.0,0.0,0.0,-0.0458407998085022,-0.1814979910850525,-0.07351529605912788,-0.05839967727661133,-0.32275640964508057,-0.08315656341838462,-0.0728791356086731,-0.3370472192764282,-0.06918577112483604,-0.0770527720451355,-0.32216113805770874,-0.05868500106262786,0.014363527297973633,-0.19400441646575928,-0.07387994237470252,-0.00424426794052124,-0.36037659645080566,-0.09315965332316978,-0.01867222785949707,-0.4043799042701721,-0.09148261703776939,-0.029917418956756592,-0.41643771529197693,-0.08974878497647865,0.06335312128067017,-0.18885064125061035,-0.07159174986409766,0.0829538106918335,-0.3405706584453583,-0.09771621234941108,0.08846455812454224,-0.4387635588645935,-0.11843629189061744,0.08286893367767334,-0.5144308805465698,-0.13436622180270774,-0.07401813485877992,0.19941577207386807,-0.1944195301625206,-0.1434871171827135,0.08397423316857561,0.10070452762981591,-0.04455092328785412,-0.06362570634391154,0.06233523361620302,-0.18189321591855656,-4.5896497244651835e-05,0.17815410420640004,0.10988527288413812,0.2612857688637755,0.4133309924283029,0.1559299119673146,0.517929288275816,0.6575407681985049,c_major
0.0,0.0,0.0,-0.04700964689254761,-0.1803690791130066,-0.07423013991940763,-0.059407055377960205,-0.32346484065055847,-0.08320896125663069,-0.07390069961547852,-0.33861780166625977,-0.06822826511491087,-0.07849383354187012,-0.324298620223999,-0.057024208673126964,0.013467729091644287,-0.19297170639038086,-0.07462613827813414,-0.005439817905426025,-0.36006826162338257,-0.09335279262889173,-0.019806504249572754,-0.4056386351585388,-0.09115401453603056,-0.03120732307434082,-0.4197483956813812,-0.08925860173333433,0.0628204345703125,-0.18833202123641968,-0.07223233378756788,0.08184140920639038,-0.34078311920166016,-0.09821714259017256,0.08688050508499146,-0.4394717216491699,-0.11883615500558165,0.08070027828216553,-0.5156161487102509,-0.13475176490176466,-0.1155899880417624,0.1715103027286004,0.1828170432772464,-0.05255551606685996,0.177319208095073,-0.11259702876639009,0.11374839665132808,-0.014673683312773772,-0.11965607214913372,0.05919655045605032,-0.19737328266223303,0.1481172638317267,0.11129119373526543,0.2607426603814715,0.277761960862395,0.15421921153747514,0.33759569427399366,0.4263283001602228,c_major
0.0,0.0,0.0,-0.04636943340301514,-0.18296551704406738,-0.07271421839729442,-0.05957919359207153,-0.3250572383403778,-0.08223729719654216,-0.07348626852035522,-0.3413265347480774,-0.06803696741596355,-0.0775955319404602,-0.3283217251300812,-0.057411813635980025,0.013712644577026367,-0.1954898238182068,-0.07320525636211528,-0.005788743495941162,-0.3620927929878235,-0.09188766171470775,-0.019363462924957275,-0.4064079225063324,-0.08974724401966228,-0.029761016368865967,-0.4191669821739197,-0.08791471411720408,0.06291282176971436,-0.19029158353805542,-0.07123127718702449,0.08164006471633911,-0.3420105278491974,-0.09710835059419765,0.08681797981262207,-0.43963372707366943,-0.11735235293642177,0.08096164464950562,-0.5149788558483124,-0.13305254419580592,0.15368007212272888,-0.07567689434089223,-0.19086570746279974,0.09548625549144085,0.11101767423129083,-0.006193600063559707,0.11227195854293254,-0.19748638121711184,0.0436186573797627,0.11940009088804698,-0.11647830298113876,0.19663206208106532,0.10710475500694468,0.2563255407012119,0.3849976645522724,0.15322156018064736,0.44140269626997813,0.5186252446618963,c_major
0.0,0.0,0.0,-0.04622805118560791,-0.18364614248275757,-0.07333111247848478,-0.05926734209060669,-0.3254733085632324,-0.08293377837966887,-0.07352858781814575,-0.3410879671573639,-0.06876487514804808,-0.07778269052505493,-0.326739639043808,-0.058021991018762265,0.013783037662506104,-0.1963571310043335,-0.07367271414827314,-0.004480838775634766,-0.36225366592407227,-0.09230868003200499,-0.0181272029876709,-0.40605056285858154,-0.09003502360414473,-0.028600990772247314,-0.41746771335601807,-0.08805880180429426,0.06272375583648682,-0.1908891201019287,-0.07147713235448805,0.08208227157592773,-0.34193065762519836,-0.09744568399023024,0.08713787794113159,-0.44040173292160034,-0.11820470026563612,0.08134961128234863,-0.5157808363437653,-0.1342947804076573,0.11572898418660088,0.16116419027046391,0.13844425412257605,0.1297574455275191,0.1075025511737745,-0.0698041821420862,0.05048152118095062,-0.024097394470658035,-0.07026914696048556,-0.05149676401124112,0.02323370047153711,-0.14691221008947433,0.10748317571202985,0.2586062685943376,0.3620411017421251,0.15457157164622048,0.4452029607365607,0.5552873399048782,c_major
0.0,0.0,0.0,-0.04626655578613281,-0.18252122402191162,-0.07469089475698354,-0.059081971645355225,-0.32567474246025085,-0.08427632001466634,-0.07287520170211792,-0.3413005471229553,-0.06927034405298116,-0.07666903734207153,-0.3247894048690796,-0.057776243959139606,0.013766765594482422,-0.1953563094139099,-0.07471292612380864,-0.005125880241394043,-0.3623238503932953,-0.09378788766689183,-0.01796698570251465,-0.4048941731452942,-0.09098093358106496,-0.02778172492980957,-0.4142904281616211,-0.0884049996478069,0.06283336877822876,-0.19007521867752075,-0.07211996016330602,0.08192521333694458,-0.34057632088661194,-0.09866700467891576,0.0873638391494751,-0.43914610147476196,-0.11949141470022084,0.08181875944137573,-0.5144952535629272,-0.13546128717489125,0.001372233345336038,-0.03809533644485116,0.15164113070726049,-0.13792210227823343,-0.1681374395281904,0.10119490246275958,-0.1425404629862103,0.016397502730162244,-0.1719687610696644,0.003538530868223866,-0.09564729733033057,0.07424062398841202,0.10648250166267803,0.25911707141243606,0.2763472686099685,0.1557805103468862,0.35912115245030574,0.4749066183695802,c_major
0.0,0.0,0.0,-0.0458981990814209,-0.18368369340896606,-0.07310731596280107,-0.05917578935623169,-0.3273735046386719,-0.08305060750771531,-0.07318240404129028,-0.3400511145591736,-0.06915580368567475,-0.0769549012184143,-0.323019802570343,-0.058566300933847515,0.014144599437713623,-0.19624507427215576,-0.07363833374310502,-0.004607796669006348,-0.3638843894004822,-0.09268253183890351,-0.018318355083465576,-0.4073445796966553,-0.09084654486704835,-0.0288887619972229,-0.41895508766174316,-0.08908260500956544,0.0631178617477417,-0.19073516130447388,-0.07167688644457826,0.08218169212341309,-0.34247875213623047,-0.09776236749220857,0.08750158548355103,-0.44082722067832947,-0.11855722106028566,0.08189773559570312,-0.5166015923023224,-0.13461318499375352,0.02275093183737678,0.12365230257454185,0.009325808329777197,0.010846396803346148,0.19503647516466815,0.07654795581083207,0.02802617574567781,0.11324399045858952,-0.03892709820228407,0.11618343389212488,0.1572424763832247,0.048281322993691755,0.11155795569855544,0.2617082308867166,0.5285552835928389,0.15453647346541402,0.609851148681378,0.6990649033261042,c_major
0.0,0.0,0.0,-0.046511828899383545,-0.18231773376464844,-0.07402557093837459,-0.05939531326293945,-0.3276960551738739,-0.08377356786468226,-0.07347005605697632,-0.33878293633461,-0.0693253423664828,-0.07683688402175903,-0.31952255964279175,-0.058292377332236356,0.013821244239807129,-0.19461864233016968,-0.07444277364947993,-0.00455242395401001,-0.36276721954345703,-0.09368255693652827,-0.018467366695404053,-0.40585851669311523,-0.09168377477863032,-0.029316067695617676,-0.41663432121276855,-0.08969502110221583,0.06280243396759033,-0.1892925500869751,-0.0722988839838763,0.08205544948577881,-0.3408955931663513,-0.0985146682355662,0.08746415376663208,-0.43965816497802734,-0.11945584375598628,0.08184993267059326,-0.5155683755874634,-0.1355606238935252,0.13905883407251757,0.17190246434586037,-0.049652980764955446,0.1667502561640038,-0.17486338925611766,-0.028809911757499,-0.1143243280727445,-0.009497774107938145,-0.14225358020381257,0.061319066061207905,0.06691170459723278,0.14931553569336947,0.1125835168009559,0.26379129945474017,0.45991254894045225,0.1557224462684993,0.5469529530110426,0.6487364538829926,c_major
0.0,0.0,0.0,-0.04728347063064575,-0.18109071254730225,-0.07375003798682656,-0.059927165508270264,-0.3258311450481415,-0.08392962469537224,-0.074318528175354,-0.33645743131637573,-0.06985164834935631,-0.07799327373504639,-0.31756988167762756,-0.059205722350668566,0.013318479061126709,-0.19335603713989258,-0.07448697491366829,-0.005095779895782471,-0.36226093769073486,-0.0946602786966082,-0.019096851348876953,-0.40155649185180664,-0.09294139249999489,-0.02977234125137329,-0.4089847505092621,-0.09077126934010948,0.06271368265151978,-0.18807542324066162,-0.07271121843535866,0.08193564414978027,-0.3408399224281311,-0.09926025970656838,0.08729475736618042,-0.43826913833618164,-0.11987444414575066,0.08177858591079712,-0.5136481821537018,-0.13565884931762184,0.1577938196818201,0.12675323080702866,-0.015596829703476617,-0.04476581428810941,0.08163617019178881,0.08797597439926635,0.007782873372678134,0.08267484685566445,0.18738299713216516,0.014276511050524021,-0.15092050589489092,0.13484679860345533,0.10806627748674656,0.2642325257709615,0.27192298270245924,0.15941435980038848,0.34560232684414527,0.4574944838921672,c_major
0.0,0.0,0.0,-0.04615128040313721,-0.17934304475784302,-0.07589030024493582,-0.058722078800201416,-0.32414862513542175,-0.08655224499190695,-0.07440418004989624,-0.3381584882736206,-0.0720909139224375,-0.07946699857711792,-0.3203851580619812,-0.060818204105743234,0.014010906219482422,-0.19142049551010132,-0.07637294140542394,-0.004329502582550049,-0.36152273416519165,-0.0973952984520281,-0.01845574378967285,-0.40259039402008057,-0.09513367471183187,-0.029358744621276855,-0.41000139713287354,-0.09223963078940756,0.06330341100692749,-0.18633997440338135,-0.07419489082778341,0.08199292421340942,-0.3392471671104431,-0.10104082283461935,0.08739876747131348,-0.43702250719070435,-0.12101870533908254,0.08165347576141357,-0.5115592777729034,-0.13607498762095815,0.020535043265108438,0.05728145754407782,0.18369336152193277,-0.03634398377699788,-0.030012819182108297,0.1167420603648423,0.1171310950641587,-0.17065542674526607,0.11138059666197608,0.14035822572647483,-0.057477463477617924,-0.055268361313804526,0.10737417508205259,0.26109564294215126,0.34274536593045996,0.1567139263209845,0.3929934459891568,0.4649368264585012,c_major
0.0,0.0,0.0,-0.04491692781448364,-0.18231838941574097,-0.07773814345955543,-0.05781644582748413,-0.3280903697013855,-0.08755468572735481,-0.07417255640029907,-0.3451481759548187,-0.07137766476034813,-0.08047747611999512,-0.3294672966003418,-0.05880078296422653,0.015410125255584717,-0.19429999589920044,-0.07798536862492256,-0.002905130386352539,-0.3642369508743286,-0.09841164197086982,-0.017750144004821777,-0.4080495536327362,-0.09515105183481865,-0.029367268085479736,-0.4184275269508362,-0.0918336957251995,0.06439632177352905,-0.18920570611953735,-0.07527999575495414,0.08352357149124146,-0.34215813875198364,-0.10229671742081337,0.08831018209457397,-0.4413124918937683,-0.12237432594656639,0.08219355344772339,-0.5166972279548645,-0.13756952430367164,-0.07054061972332137,-0.044000414935902565,0.15732395418946876,-0.1801043103847488,0.09543411430271076,0.010817024266525754,-0.18918156790781834,-0.15699601375299901,-0.14507414111036568,0.005277277665399899,-0.12417316145329704,-0.07650609727834459,0.1077838080363582,0.2602334061334963,0.2231883461956034,0.15554586800151174,0.2966830150830886,0.4046232795863664,c_major
0.0,0.0,0.0,-0.04596668481826782,-0.18169915676116943,-0.07772942145831507,-0.05954873561859131,-0.327109158039093,-0.08656584729916972,-0.07357484102249146,-0.3401958644390106,-0.07004905750520152,-0.07816421985626221,-0.3233243227005005,-0.057628384581875025,0.014514744281768799,-0.1943589448928833,-0.07751894255645198,-0.004215836524963379,-0.3630627989768982,-0.09710746516950053,-0.01841259002685547,-0.4075174927711487,-0.09418761243588847,-0.03024768829345703,-0.42048150300979614,-0.09155082216031474,0.06337988376617432,-0.18930262327194214,-0.0742639329052679,0.08273458480834961,-0.3413780927658081,-0.10115755607850474,0.08831846714019775,-0.44066837430000305,-0.12189564367301386,0.08236122131347656,-0.5172159969806671,-0.13771290590531748,0.06774768405320819,0.04786024759007779,0.07041976408018391,-0.14363533012984955,-0.155706265231274,0.140873557315063,0.08533494956178583,0.014028193979018694,-0.05603282698119344,-0.025874843964670713,0.10347165811747921,0.08440821893405115,0.11351759094486383,0.26415133763339227,0.45283924831208466,0.1554646803050251,0.5527274382239741,0.6680613782565471,c_major
0.0,0.0,0.0,-0.045524775981903076,-0.182525634765625,-0.07480898229155741,-0.05897396802902222,-0.3261118531227112,-0.08473398266110621,-0.07316255569458008,-0.3406398594379425,-0.07000356642279826,-0.07810318470001221,-0.3235990107059479,-0.05853536827240191,0.014793574810028076,-0.19510424137115479,-0.07513183830056391,-0.0033386945724487305,-0.3611830472946167,-0.09447629479441844,-0.017054498195648193,-0.40571075677871704,-0.09225377170119486,-0.028278470039367676,-0.4177483320236206,-0.09016631273303233,0.06387227773666382,-0.18961066007614136,-0.07265198705468379,0.08358120918273926,-0.34019801020622253,-0.0992305922297021,0.08894914388656616,-0.4390718936920166,-0.12015478042636119,0.08312606811523438,-0.514861673116684,-0.13616807488475047,0.09229337787542019,-0.17083650293131308,-0.01808366912755921,0.14354982721199006,0.1739140705272812,-0.015081875086887436,0.050836636069329866,0.07639337783426797,0.10550734111639609,-0.03388393335377643,0.04677105506046497,0.1127807078083436,0.1111175663118326,0.261921963820839,0.41046135716915216,0.15478415377796623,0.5069488882940423,0.6253784120097675,c_major
0.0,0.0,0.0,-0.04567056894302368,-0.18012261390686035,-0.07354303636842019,-0.05886131525039673,-0.32118600606918335,-0.0836591068773771,-0.07345438003540039,-0.3391103744506836,-0.06992622652344949,-0.07938474416732788,-0.32645031809806824,-0.05932588690214402,0.014730751514434814,-0.19314849376678467,-0.0740816686420942,-0.003486156463623047,-0.3572637736797333,-0.09339135327630288,-0.017795205116271973,-0.4029799699783325,-0.09183089622550256,-0.0297391414642334,-0.4168704152107239,-0.09031736293130166,0.06400007009506226,-0.18814313411712646,-0.07194872387938744,0.0834498405456543,-0.33837977051734924,-0.09872125276618249,0.08848130702972412,-0.43790102005004883,-0.119824619975617,0.0823906660079956,-0.5147202908992767,-0.13592283615165002,-0.16020888349625273,-0.030176699129608492,-0.1375381659602208,0.18740400924243406,-0.18825815512082478,-0.11859610051806731,-0.11053441063158571,0.19364474752002692,-0.10100590834907988,-0.1783920213048568,-0.13305055230699586,-0.13676664635763483,0.10770771289040275,0.25977674767055914,0.23065771515228425,0.15565201920847768,0.32374207201786676,0.4622554611628473,c_major
0.0,0.0,0.0,-0.045832037925720215,-0.18093359470367432,-0.07375634000724318,-0.05891543626785278,-0.3236789107322693,-0.08379926071589949,-0.07354199886322021,-0.34104111790657043,-0.06960293189710143,-0.07914227247238159,-0.3263736069202423,-0.0585767059130049,0.014526844024658203,-0.19372791051864624,-0.0741070164841986,-0.0034233927726745605,-0.3593434691429138,-0.09322817907756331,-0.01744765043258667,-0.40444356203079224,-0.09101805375045302,-0.029195666313171387,-0.41657134890556335,-0.08899346278136733,0.0637967586517334,-0.18866276741027832,-0.07192368344491484,0.08363735675811768,-0.33940643072128296,-0.09846112416213515,0.08870202302932739,-0.43878233432769775,-0.11908959136432173,0.08246421813964844,-0.5147845149040222,-0.13487708852714064,-0.11958489763545424,0.03450880744516879,0.06945976455350494,-0.052883444535056695,0.1858190166217515,-0.14036416878274272,-0.0027360987516669155,-0.16997788938734448,-0.1926651227463752,0.08272920538778783,0.18318172528313603,0.19343758006588252,0.10749639633244863,0.2596864964573091,0.5910670116484078,0.15562475022642158,0.672308129407831,0.7713283764212141,c_major
0.0,0.0,0.0,-0.04534745216369629,-0.18200528621673584,-0.07237821493039576,-0.05849212408065796,-0.3235892951488495,-0.08257661435494867,-0.07288837432861328,-0.3409351110458374,-0.06910129312167612,-0.07789933681488037,-0.327346533536911,-0.058648340885739,0.0147475004196167,-0.19468891620635986,-0.07310092124829737,-0.0034421682357788086,-0.3602052330970764,-0.09261879000554529,-0.017547547817230225,-0.4048531651496887,-0.09113686207423655,-0.028862953186035156,-0.4164762496948242,-0.08940317902455774,0.06381738185882568,-0.18956470489501953,-0.07125279728064982,0.08359813690185547,-0.34021902084350586,-0.09808949056754557,0.08879613876342773,-0.44022804498672485,-0.11950252625833002,0.08313584327697754,-0.5166609585285187,-0.13567316207776514,-0.08706489444988548,0.016194557832517498,0.027061837963555657,-0.029440332915515344,0.14763281768861447,0.15035446469765396,-0.022996931366457307,-0.05239629143129357,0.18491188666687874,0.16378421348134892,-0.17884748293942102,0.09782040264546682,0.10627574177925268,0.2602020442209933,0.3239527345375867,0.15723109624053247,0.3586544732022968,0.41849892314481446,c_major
0.0,0.0,0.0,-0.045053303241729736,-0.18019121885299683,-0.07558573846871752,-0.05812716484069824,-0.32314813137054443,-0.08540948544795413,-0.07299834489822388,-0.341446191072464,-0.07022330229337115,-0.078738272190094,-0.3267858624458313,-0.0584925531333198,0.015256047248840332,-0.19319921731948853,-0.07550584589297671,-0.003578364849090576,-0.3591877818107605,-0.09531485353763003,-0.01739656925201416,-0.40320315957069397,-0.09259299998338122,-0.028840303421020508,-0.41405409574508667,-0.09002580558116335,0.06434547901153564,-0.1882411241531372,-0.07267360453660388,0.08414757251739502,-0.33940523862838745,-0.09993310337121386,0.08961588144302368,-0.4377935826778412,-0.12045624171550173,0.08349597454071045,-0.5128437876701355,-0.13599742268378634,-0.03442519466008048,0.08687973765169726,0.0015544609325591208,0.15019106587959286,-0.010070824325396688,0.026387289193610414,0.1351855487801581,0.09984049500393655,0.026902911756343156,0.02391717947200575,-0.034267333595432575,0.01900703898426781,0.10535605269936857,0.25873636612412865,0.319548772889435,0.15649994299031394,0.3986345417790026,0.5065682958432735,c_major
0.0,0.0,0.0,-0.04461008310317993,-0.18013274669647217,-0.0749911597714572,-0.05819582939147949,-0.32299739122390747,-0.08386993471242477,-0.07296115159988403,-0.33992934226989746,-0.06835018161393691,-0.07837271690368652,-0.3282068967819214,-0.056799218688979636,0.015757739543914795,-0.19287097454071045,-0.07526903662540008,-0.0035756826400756836,-0.3608412742614746,-0.09461520675279189,-0.018287301063537598,-0.406161367893219,-0.09190278563357879,-0.029914557933807373,-0.42048346996307373,-0.08942907366611053,0.06454145908355713,-0.18801701068878174,-0.07262057874061156,0.08434462547302246,-0.34011855721473694,-0.09958501968242217,0.08957630395889282,-0.4393159747123718,-0.12021722707606841,0.08376240730285645,-0.5162173807621002,-0.1358337930188327,0.024664488465852674,0.08029807900228214,-0.03405170427437709,-0.03305682770267318,-0.10205029433055152,-0.04451676784300998,0.1032305642112234,-0.10042208998900293,0.11540562027415174,0.1864970660263156,-0.01389868828827448,-0.09696810436731235,0.1092147726483704,0.2605421358003984,0.4129881247838868,0.15569467582579227,0.4606538968233261,0.5141877290114929,c_major
0.0,0.0,0.0,-0.04488414525985718,-0.17680931091308594,-0.07552017795941879,-0.058551132678985596,-0.3200719654560089,-0.08512626367709686,-0.07287496328353882,-0.3369410037994385,-0.07041607576510955,-0.07822096347808838,-0.32534360885620117,-0.05938335287473251,0.015552043914794922,-0.1898704171180725,-0.07562293636701156,-0.0031312108039855957,-0.35667502880096436,-0.09512310999534179,-0.01761835813522339,-0.40237605571746826,-0.0930101029863124,-0.029390394687652588,-0.41799113154411316,-0.09119976836345245,0.06442654132843018,-0.18573057651519775,-0.07291318255565216,0.08472591638565063,-0.3371409773826599,-0.09983381408355285,0.0899842381477356,-0.43614786863327026,-0.1204042561640506,0.08386462926864624,-0.5134671330451965,-0.13614272850654174,-0.015033587279773997,0.11403849246960801,-0.1223129152057977,-0.18426626804735693,0.17766482123350164,-0.09791103942695295,-0.09737648107966651,-0.10011214197413675,-0.017748354483566153,-0.04618387259823456,0.14765686066598654,-0.04587819437197216,0.10945442980142699,0.25991191099434635,0.4742765107681791,0.15479740624571203,0.5677091835268435,0.6798126462643772,c_major
0.0,0.0,0.0,-0.04500454664230347,-0.1773959994316101,-0.07363774742361784,-0.05845910310745239,-0.31964612007141113,-0.08340631540295362,-0.07271212339401245,-0.3356828987598419,-0.06932893510338545,-0.07783830165863037,-0.32290560007095337,-0.05867887403246641,0.01506739854812622,-0.19024890661239624,-0.07395324225899458,-0.0030894875526428223,-0.35538744926452637,-0.09304585422751188,-0.017439663410186768,-0.40074342489242554,-0.09121952320811033,-0.02918785810470581,-0.4158797860145569,-0.0897409480380702,0.06382739543914795,-0.1858406662940979,-0.07163591052767515,0.08465754985809326,-0.33618298172950745,-0.09852746243950605,0.0900612473487854,-0.43516576290130615,-0.11949833597418547,0.08385008573532104,-0.5122756659984589,-0.13555369641062498,-0.09031970418920938,-0.10092554985384435,0.12128541832197443,-0.12949910360317135,-0.13667327261525686,-0.06988188362202807,-0.03964865763836373,-0.15453171659468082,0.12146224406985934,-0.030109729325826867,0.10406907203744964,-0.055803785264312816,0.1094345345464537,0.2606029447322453,0.4296436353240098,0.155462375959262,0.5210560390718704,0.6318446991794491,c_major
0.0,0.0,0.0,-0.04526937007904053,-0.17765957117080688,-0.07502518533490843,-0.058348238468170166,-0.32172107696533203,-0.08488158075832075,-0.07315051555633545,-0.33694756031036377,-0.07036873637460417,-0.07849162817001343,-0.32152068614959717,-0.05927992923878378,0.014990508556365967,-0.19046545028686523,-0.0750393041851396,-0.002591729164123535,-0.3563312888145447,-0.0943043672921533,-0.017111599445343018,-0.4009941816329956,-0.09223900674604124,-0.029229581356048584,-0.4143003225326538,-0.09053700356506056,0.06375032663345337,-0.1861506700515747,-0.07239946662210173,0.08463335037231445,-0.33673855662345886,-0.09926383881591505,0.0898057222366333,-0.4358517527580261,-0.12021042345784849,0.08326011896133423,-0.5125589668750763,-0.13632722883247084,-0.11835866835818587,0.07423087987877819,0.06191023794593015,0.14644582239329101,-0.1716306497403597,-0.14871046531516627,0.1602614093143499,-0.07239359915378199,0.0655932429248095,0.16576186858753433,0.12413068394821203,-0.032785194073888,0.10959842553208446,0.26190750042194244,0.5088878907380306,0.15622240106830212,0.5755561534642851,0.6503085445531318,c_major
0.0,0.0,0.0,-0.04597008228302002,-0.1764698028564453,-0.07343461985759347,-0.05902785062789917,-0.31848400831222534,-0.08403225119285196,-0.07268357276916504,-0.3345927894115448,-0.0707475456135711,-0.07712340354919434,-0.32035714387893677,-0.06047376493982881,0.014340102672576904,-0.1895233392715454,-0.07387570913009256,-0.0031114816665649414,-0.3552035987377167,-0.09359612192086786,-0.01693516969680786,-0.3989526033401489,-0.09207172568015665,-0.02843683958053589,-0.4106926918029785,-0.09049926574401468,0.06339800357818604,-0.18527710437774658,-0.07184685642890543,0.08422738313674927,-0.3358234167098999,-0.09888832147292703,0.08959221839904785,-0.4345707893371582,-0.12001100803784936,0.08346188068389893,-0.5108345150947571,-0.1361236932414016,-0.06843030864977204,-0.008112430270844184,0.1902515951953877,0.13830016067112477,0.02454885110088839,-0.1242950434798693,0.16489119732742835,0.0751912493998918,0.13046008920421992,0.09223153550476171,-0.00751729583755828,-0.18752503190755154,0.10692251132644276,0.2603693033165505,0.37774580122434914,0.1569436101072113,0.43188569779192826,0.5060110944071765,c_major
0.0,0.0,0.0,-0.04598867893218994,-0.17993009090423584,-0.07440058688925433,-0.05867338180541992,-0.32247477769851685,-0.08485344599293398,-0.0725470781326294,-0.3389124274253845,-0.07090888719366717,-0.07737523317337036,-0.3245913088321686,-0.06011925067113566,0.014395833015441895,-0.19219106435775757,-0.07487509946631121,-0.003012359142303467,-0.35880985856056213,-0.09453688363836932,-0.016389071941375732,-0.40280479192733765,-0.09237731795118975,-0.027692973613739014,-0.41480132937431335,-0.09037475089834857,0.0634356141090393,-0.18719536066055298,-0.0727696473460071,0.08411681652069092,-0.33770468831062317,-0.10000284563110995,0.08944940567016602,-0.43670859932899475,-0.1211165393452518,0.08310103416442871,-0.5131967663764954,-0.13723335962103533,0.1116219489199557,0.044396319321438144,0.17462081884866748,0.1134108118914749,-0.11785743549963712,0.07788167361839288,-0.02595199614534502,-0.08822584063736474,-0.16047863842151588,-0.1717677655277822,-0.14644738110326885,0.09638621566075856,0.10733857654712793,0.25936699249001327,0.25522376484708825,0.15541140046285187,0.3572828653151802,0.5040251210105342,c_major
0.0,0.0,0.0,-0.04571026563644409,-0.17954367399215698,-0.07540752320275601,-0.05926930904388428,-0.3240205645561218,-0.08566574333892163,-0.0735657811164856,-0.3394799530506134,-0.07133339672074612,-0.07849633693695068,-0.3237709403038025,-0.060256313073494994,0.014612913131713867,-0.19216883182525635,-0.07564181416020688,-0.003300487995147705,-0.3590126037597656,-0.09516417561755475,-0.016950607299804688,-0.40296927094459534,-0.09286183445439633,-0.02845066785812378,-0.41493645310401917,-0.09090621350989636,0.06348311901092529,-0.18755245208740234,-0.07321086107478436,0.08403182029724121,-0.3384457230567932,-0.10036495654568967,0.089244544506073,-0.4376319944858551,-0.12155243335948285,0.08264702558517456,-0.5139523148536682,-0.13781301258788403,0.06782559402892546,0.03657126415037784,-0.039078179406293934,-0.15076471186739504,-0.11864467868613345,0.15965995068375904,0.07863756433599889,0.09646777332454681,0.16978476836143547,0.14959743335495423,0.05088844488020039,-0.14577904817905207,0.10842110548428861,0.26105780997736616,0.44688987588931417,0.15603552853818073,0.5017020927923458,0.5688505064428733,c_major
0.0,0.0,0.0,-0.045064568519592285,-0.17978966236114502,-0.07410922382962326,-0.05899512767791748,-0.32373911142349243,-0.08474109058272461,-0.07415127754211426,-0.3390948474407196,-0.07112525139939407,-0.07966673374176025,-0.32319602370262146,-0.06044459824454407,0.014951586723327637,-0.19251137971878052,-0.07446738068949799,-0.002875030040740967,-0.35946473479270935,-0.09431326125752548,-0.01708287000656128,-0.40353626012802124,-0.09249026064765076,-0.02904409170150757,-0.41530460119247437,-0.09066528563391785,0.06376993656158447,-0.1879836916923523,-0.07228357826363663,0.08440345525741577,-0.3393265902996063,-0.0994677964318953,0.08945244550704956,-0.4382181763648987,-0.12060446773659805,0.08262813091278076,-0.5142090618610382,-0.13666643683802704,-0.047565412008764296,-0.15459376773928424,-0.14797369036710242,0.19346819293720247,0.1852455222272093,-0.1258012182458248,-0.05625128140539051,-0.017938283652105536,0.101660898345305,0.07151134717650065,-0.02752727830334517,0.08633326196553792,0.10936147347501336,0.26198353482292647,0.36306825722439673,0.15610536043281145,0.4379624804561752,0.5354545797675253,c_major
0.0,0.0,0.0,-0.04521912336349487,-0.17830044031143188,-0.07353183035894517,-0.05854612588882446,-0.3227578401565552,-0.08386927996917848,-0.07326209545135498,-0.3366633653640747,-0.07038460080667619,-0.07849854230880737,-0.32018858194351196,-0.05995309134169702,0.015117049217224121,-0.19109106063842773,-0.07392274742170457,-0.002423226833343506,-0.35688716173171997,-0.09335155193849687,-0.01680988073348999,-0.4006916582584381,-0.09208072130724076,-0.029069721698760986,-0.4133034348487854,-0.09086923455043916,0.06405764818191528,-0.1867009997367859,-0.07175923292680864,0.08484077453613281,-0.3374307453632355,-0.09851753865524415,0.09019339084625244,-0.43661823868751526,-0.11994936471029405,0.08358263969421387,-0.5134315490722656,-0.13642540727897767,0.13954562109133367,-0.11610963391463557,-0.12209117702250386,0.008007330717009487,0.06991071857251568,0.02243789740830654,-0.19233294141386525,0.117706881510243,0.010900686881911481,0.10833950771598067,0.02416553610879818,-0.07955963271898764,0.1098607848569011,0.26355486906720643,0.39226602200729666,0.15745335391485363,0.45868104819430483,0.5411628634946515,c_major
0.0,0.0,0.0,-0.04616725444793701,-0.17666268348693848,-0.07405820375714711,-0.05903780460357666,-0.31900644302368164,-0.08449103570018224,-0.07241183519363403,-0.33454233407974243,-0.07130234575305394,-0.07700461149215698,-0.3210955262184143,-0.0611824791732829,0.014483213424682617,-0.1893852949142456,-0.07449700570140294,-0.003150463104248047,-0.3540802001953125,-0.09373993313346318,-0.016882717609405518,-0.39927637577056885,-0.09260471797023229,-0.028418362140655518,-0.4138983488082886,-0.09169088190827779,0.06380057334899902,-0.18526500463485718,-0.07233685886893682,0.08431237936019897,-0.336200475692749,-0.09907850509915761,0.08961975574493408,-0.43543151021003723,-0.1204105678800147,0.08321630954742432,-0.5127187967300415,-0.13686285799775533,-0.1310061638419891,0.026797714297030872,-0.07221216088948249,0.1457403388343989,0.06546433242748423,0.10841303920697609,-0.1350989713962271,0.044252093865900344,0.14260310055093117,0.1591884311151021,0.1389979601944616,-0.18134312721490345,0.10910430854982124,0.26099375678234077,0.530953624107993,0.15578282406667812,0.590701415668773,0.6576359090418616,c_major
0.0,0.0,0.0,-0.04668062925338745,-0.17699027061462402,-0.07409077780410911,-0.05922114849090576,-0.31953173875808716,-0.08496878938839103,-0.07359206676483154,-0.33793938159942627,-0.0721679394142356,-0.0794488787651062,-0.32615822553634644,-0.06218717144891883,0.013868987560272217,-0.18982332944869995,-0.07453584568664695,-0.003300905227661133,-0.3542636036872864,-0.09380619125530387,-0.01764744520187378,-0.40019339323043823,-0.09255486624405052,-0.030112624168395996,-0.4151122570037842,-0.0915705998437133,0.06317085027694702,-0.18560296297073364,-0.07244934784338142,0.0838286280632019,-0.33653873205184937,-0.09922668980524207,0.08890485763549805,-0.43594205379486084,-0.12042707847520973,0.08202701807022095,-0.5131259560585022,-0.13681422816679145,0.18607672549996118,-0.06696659250512363,0.02197015129616342,-0.15714975207653908,-0.05906771229246366,-0.08189530444935218,0.10967414224330191,0.07603892569778087,0.09556872725544119,-0.054017278938489816,-0.016691855661421284,-0.019604130728987867,0.1058785700516083,0.25807091101042606,0.31341588298977513,0.15565657861982793,0.4055729544759212,0.5279138885528896,c_major
0.0,0.0,0.0,-0.04601562023162842,-0.18089181184768677,-0.07526307633474971,-0.05850762128829956,-0.3251298666000366,-0.08510199269608165,-0.07363921403884888,-0.3411295413970947,-0.07030727794722225,-0.07900702953338623,-0.3245929479598999,-0.05892348742440845,0.014552056789398193,-0.19344168901443481,-0.07529909989193584,-0.003552556037902832,-0.3605918884277344,-0.0945710324342599,-0.01758551597595215,-0.40362274646759033,-0.09192854991511012,-0.029154598712921143,-0.41306033730506897,-0.08963291427448894,0.06374037265777588,-0.1886434555053711,-0.0727156110699525,0.08365541696548462,-0.34045571088790894,-0.09941908052519466,0.08886164426803589,-0.43943700194358826,-0.12020660272196437,0.08230459690093994,-0.5144329369068146,-0.13621570995405818,-0.11212853160293235,-0.12906831668915256,0.12853408758822166,-0.13351917938608254,0.15652293079664376,-0.11316806738799663,-0.005828190516670745,0.14043179838716768,0.06216856006470317,-0.054570237108085756,-0.16883976199164122,0.08196540076050879,0.10608870219641409,0.2608347175700067,0.21143767539698857,0.15770070732317365,0.29955905228236007,0.4310131782272905,c_major
0.0,0.0,0.0,-0.045936763286590576,-0.1776847243309021,-0.07421928904064856,-0.05955922603607178,-0.3217446804046631,-0.08466995022305213,-0.0739285945892334,-0.33964627981185913,-0.07145279160746298,-0.07996731996536255,-0.32778194546699524,-0.06125076747544966,0.013589203357696533,-0.19089561700820923,-0.07437321058520041,-0.004089534282684326,-0.35584205389022827,-0.09320433697708808,-0.018345892429351807,-0.4024205207824707,-0.0917682524681922,-0.031032562255859375,-0.41814255714416504,-0.09082229695328436,0.0625261664390564,-0.18708163499832153,-0.07210698238619528,0.08351016044616699,-0.3382427394390106,-0.09862948468931876,0.08862841129302979,-0.4374834895133972,-0.1196886923075553,0.08136677742004395,-0.5139571130275726,-0.13602596036204062,0.015263475923063125,-0.06226938378704722,0.10522007357322766,0.08211829803870963,0.14037182177623925,-0.177826115072841,-0.1442798120421286,-0.11531264237322869,-0.03937767639196613,-0.1873384893815987,-0.1347247903471817,0.17289798644055815,0.10693047278684642,0.25745138078208046,0.32190879473103096,0.15445844704737213,0.4174991751658376,0.5580803525305303,c_major
0.0,0.0,0.0,-0.046891093254089355,-0.18047714233398438,-0.07323893146781302,-0.059327006340026855,-0.32197287678718567,-0.08365221308736182,-0.07356774806976318,-0.34123238921165466,-0.07017193721799231,-0.07878237962722778,-0.32868170738220215,-0.05970046283869124,0.013296902179718018,-0.1930904984474182,-0.07381462292937613,-0.005041360855102539,-0.3591395318508148,-0.09304063009290076,-0.018605530261993408,-0.40325939655303955,-0.09078652398852682,-0.029708385467529297,-0.41350796818733215,-0.08875227706698752,0.06257963180541992,-0.1885964274406433,-0.07194893794326163,0.08248049020767212,-0.3399558663368225,-0.0987499802020011,0.08754867315292358,-0.4393315315246582,-0.11970239119796133,0.08103638887405396,-0.5145005583763123,-0.135720059147161,0.16681728327822237,-0.07314133597841163,0.19991395030817766,-0.07768036679849151,-0.19655962263519677,-0.045499959745995466,-0.1525461648459827,0.15634988466611344,0.03819188096760878,-0.1010986391441242,-0.09828565652156632,0.12573311206323307,0.10221428146262876,0.2566118921112977,0.29659057030173724,0.15706648551036642,0.3878990284110801,0.5241810504902957,c_major
0.0,0.0,0.0,-0.04721057415008545,-0.18082088232040405,-0.0729239729522888,-0.05969196557998657,-0.3218899667263031,-0.08350236688844603,-0.0736551284790039,-0.34030747413635254,-0.07033542518608016,-0.0785474181175232,-0.3277105987071991,-0.06009806295029563,0.012771964073181152,-0.193681001663208,-0.07337119405261916,-0.005367577075958252,-0.35984495282173157,-0.09227150653592986,-0.018842339515686035,-0.4036606550216675,-0.08990430806867522,-0.029690980911254883,-0.4142356514930725,-0.08790458713762206,0.06197458505630493,-0.1890726089477539,-0.07147857521764678,0.08182096481323242,-0.3403148949146271,-0.09778553967468184,0.08652615547180176,-0.43872782588005066,-0.11837939147941512,0.07995551824569702,-0.5131848752498627,-0.13429924075595778,-0.16190675830450055,-0.15113711656509807,0.12078897343242184,0.12537255366843109,-0.09245044045295275,0.14226241664319178,-0.15737611891454595,-0.05675071807863294,-0.02469665042757835,0.03248597213109233,0.1834793545163837,0.060553832531519414,0.10318303641330094,0.25500922117157837,0.5368430514686625,0.1548088096453562,0.6190065462248147,0.7249566380230607,c_major
0.0,0.0,0.0,-0.04748576879501343,-0.18128430843353271,-0.07346284132113823,-0.06042712926864624,-0.3236294388771057,-0.08342431973328956,-0.07413995265960693,-0.3408339023590088,-0.06945504735818275,-0.07838696241378784,-0.32748842239379883,-0.05884074534883865,0.012625336647033691,-0.19424563646316528,-0.07396978627553352,-0.006021022796630859,-0.3608224391937256,-0.09260415773501762,-0.019496142864227295,-0.40438997745513916,-0.08997392397036919,-0.030176818370819092,-0.4150813817977905,-0.08789732049813637,0.061836957931518555,-0.18963563442230225,-0.07207091640344032,0.08096116781234741,-0.3411993086338043,-0.09807469438424476,0.08547842502593994,-0.4393244981765747,-0.11850459616294273,0.07888764142990112,-0.513839066028595,-0.1344629127871073,-0.12470065594022786,-0.07658311551501927,-0.17554369234719505,-0.12786616282306362,0.10443083720458546,-0.1901834755391495,-0.16604318415099095,-0.16029658165524255,-0.1002236131190692,-0.023938344385525,0.06372019368178994,-0.15680196760919377,0.1041202626062762,0.25530486796250795,0.40694623031023125,0.15432592449577895,0.48377444913192025,0.5870663635454396,c_major
0.0,0.0,0.0,-0.04661518335342407,-0.18251001834869385,-0.07261069019581612,-0.05954712629318237,-0.3256028890609741,-0.08319714566017922,-0.0742754340171814,-0.3427467942237854,-0.06983220477845009,-0.07896023988723755,-0.32814037799835205,-0.059367134173172076,0.012951970100402832,-0.19537758827209473,-0.07305987824942406,-0.005211234092712402,-0.3628666400909424,-0.09209012885834511,-0.019157767295837402,-0.4058491587638855,-0.08962680300022896,-0.030018985271453857,-0.41482749581336975,-0.0873693813874894,0.06189107894897461,-0.19077187776565552,-0.07126679172064598,0.08175641298294067,-0.342507004737854,-0.09730846335436638,0.08613169193267822,-0.4408891797065735,-0.1178784882023507,0.07941079139709473,-0.5149631202220917,-0.13378931482579048,0.17905815073048503,-0.10405919899588661,0.16595297669656023,0.16511688170898758,0.08472154581291519,0.019861998023097793,0.1425120713714178,0.021525157192213984,0.1630768459245181,0.1323516501605298,0.037255694838738,0.09403218543430736,0.10341193667799414,0.2559741813838884,0.4491084013647099,0.15542467473946778,0.5134685608352073,0.5997090879872996,c_major
0.0,0.0,0.0,-0.04665827751159668,-0.18054282665252686,-0.07326203740723969,-0.06060349941253662,-0.3222523629665375,-0.08388621516116501,-0.07486402988433838,-0.34097015857696533,-0.0706154719699228,-0.07947123050689697,-0.3292960524559021,-0.06043365753777863,0.013079583644866943,-0.19372743368148804,-0.07382410175689103,-0.005776166915893555,-0.3603299856185913,-0.09314026094563843,-0.01970231533050537,-0.4037168622016907,-0.09083979732879044,-0.030463099479675293,-0.41405951976776123,-0.0888211370218599,0.06212425231933594,-0.18933391571044922,-0.07211308337338806,0.08169257640838623,-0.3416750431060791,-0.09863410301097275,0.08600091934204102,-0.43934690952301025,-0.11896215535291077,0.07934969663619995,-0.5133885443210602,-0.13470804102309586,-0.07011050261521903,-0.17753132577378788,-0.1791082013567462,0.09030151343833226,0.12310640168649706,-0.13376214794535973,0.15496442102118985,-0.08968767498594087,-0.10511031613219766,0.19240483450277812,-0.14599025983890052,0.03546346358073679,0.10194356913983871,0.25422591626708746,0.34163411154466333,0.15501842880224045,0.37010526349048495,0.4203823314764753,c_major
0.0,0.0,0.0,-0.045953214168548584,-0.1802709698677063,-0.07192813932356046,-0.05963784456253052,-0.3216397762298584,-0.08276531427559064,-0.07410752773284912,-0.3405986726284027,-0.07028362482246564,-0.07898986339569092,-0.32908034324645996,-0.06052664994653867,0.013655781745910645,-0.19365334510803223,-0.0724647748416345,-0.004582226276397705,-0.3589463531970978,-0.09150973289665387,-0.018742799758911133,-0.4034808278083801,-0.08972993075308011,-0.030093908309936523,-0.4149012565612793,-0.08812902450021909,0.06249845027923584,-0.18969881534576416,-0.07077606349643872,0.08253246545791626,-0.34069380164146423,-0.09704438179191754,0.08679753541946411,-0.43940261006355286,-0.11787557184156583,0.07974475622177124,-0.5141223967075348,-0.13393426268753217,-0.15467825279652808,0.09973256151710053,0.13902490300393938,-0.03659020993268136,0.0006748129818911208,0.19972136266976953,0.19826996060625918,-0.08184567895896949,0.06809856703425343,0.06396992041741778,-0.042425898376207666,0.12848538392598774,0.10255698253624426,0.25460934512017297,0.3719325469764542,0.15494349526013795,0.44103026910608073,0.5400097248304466,c_major
0.0,0.0,0.0,-0.04595059156417847,-0.1811186671257019,-0.07289160787433957,-0.05918383598327637,-0.3251502513885498,-0.08322322367996549,-0.0748828649520874,-0.34231266379356384,-0.06956204771370267,-0.08068567514419556,-0.32746627926826477,-0.05898790433377599,0.014028728008270264,-0.1938307285308838,-0.07327894120783185,-0.004395246505737305,-0.3606097102165222,-0.09268232434362744,-0.019110381603240967,-0.4037873148918152,-0.09076083450884198,-0.030972599983215332,-0.4137190878391266,-0.08889784663290357,0.06302869319915771,-0.18915116786956787,-0.0713269114431796,0.08294677734375,-0.34105589985847473,-0.09809358417362546,0.08759307861328125,-0.44045546650886536,-0.11924026905865048,0.08093202114105225,-0.5161780118942261,-0.13545072823137616,0.005457847164868079,-0.16229833819532533,-0.11506324774862589,-0.18887560400590864,-0.14545095508474534,0.16527961999486046,0.003736194012102706,0.06358512139370787,-0.09274375970100271,-0.16386961831440594,0.009957051058961941,-0.15372123428206905,0.10394970647702736,0.25995953766237995,0.36020615771187714,0.1587061628690453,0.4487372947942116,0.580585703010489,c_major
0.0,0.0,0.0,-0.04635375738143921,-0.1798608899116516,-0.07378494714443207,-0.05981028079986572,-0.3242519497871399,-0.08421397929136276,-0.07477051019668579,-0.3412332534790039,-0.07030589108411789,-0.08029526472091675,-0.3262307643890381,-0.059492118405742644,0.013599932193756104,-0.19275373220443726,-0.07409108405057907,-0.00455927848815918,-0.36047959327697754,-0.0935772058839035,-0.01866602897644043,-0.4039650559425354,-0.09128607784454346,-0.03026711940765381,-0.41418057680130005,-0.08919675623123169,0.06275928020477295,-0.18838465213775635,-0.07202734773103714,0.08264493942260742,-0.34051764011383057,-0.09866820250694275,0.08725130558013916,-0.4394211173057556,-0.11920259122793198,0.0804397463798523,-0.514518141746521,-0.13500133131687164,-0.08724393567394909,-0.03496655721981182,0.03692911031517951,0.1924738400709593,0.15132392542687179,-0.11743206283010116,0.18658973361385223,-0.10865700917704735,0.13786983403134062,-0.1768551803009679,-0.19592696236253673,-0.062446153093000806,0.10545307171998593,0.25882334033116433,0.1622085831277796,0.15627442583610843,0.2642693598968776,0.4158909385452686,c_major
0.0,0.0,0.0,-0.04638838768005371,-0.17812597751617432,-0.07248557999143657,-0.06009465456008911,-0.32121339440345764,-0.08368454768667277,-0.07453006505966187,-0.33953070640563965,-0.07123535021553096,-0.07989031076431274,-0.32648569345474243,-0.06145084544429835,0.013442516326904297,-0.1915605068206787,-0.07304803177127894,-0.0050392746925354,-0.35786017775535583,-0.09253104671249446,-0.019114017486572266,-0.4024709165096283,-0.0911179174424177,-0.030719399452209473,-0.41464847326278687,-0.089822403037644,0.06255650520324707,-0.1876058578491211,-0.07144768431196269,0.08246040344238281,-0.33938682079315186,-0.0980558384896284,0.0870789885520935,-0.43749362230300903,-0.11880066140899714,0.08047831058502197,-0.5126888453960419,-0.13485668494710978,-0.11016489865191921,-0.07643299061975305,0.0477126635525848,-0.01339194584439829,-0.0779194190445745,-0.18341725979271561,0.12299153400750112,0.13739629548229126,-0.16753221522119524,-0.05737908484208232,0.10541328798469518,0.0685221645202701,0.10485895070530213,0.2564724659285543,0.4515932559064575,0.1549352504520923,0.5442866674942745,0.6651449956020405,c_major
0.0,0.0,0.0,-0.0462992787361145,-0.17996209859848022,-0.07375859263780171,-0.06014639139175415,-0.32524338364601135,-0.08469507637860829,-0.07458639144897461,-0.34223368763923645,-0.07108522746207768,-0.07941752672195435,-0.3265089988708496,-0.06039502638819272,0.013276755809783936,-0.19300061464309692,-0.07413100990893895,-0.005389511585235596,-0.36268752813339233,-0.09380906614902074,-0.01913672685623169,-0.40518349409103394,-0.09117110613229329,-0.030152559280395508,-0.4139796495437622,-0.08871120009067113,0.06240159273147583,-0.18852126598358154,-0.07232838663699681,0.08238697052001953,-0.34253111481666565,-0.0989552492225414,0.08720922470092773,-0.4394437074661255,-0.11897022816779668,0.08075380325317383,-0.5127218663692474,-0.13446014169099385,0.06994702434413236,-0.06800952414720474,-0.061425597968929296,-0.007517632636828198,-0.09099526772643639,0.005654888421049886,0.13457170597182777,-0.0679704140960197,-0.1466362436840244,0.029166192227587345,-0.16186544809470071,0.06344553014086723,0.10430703446704583,0.2565457625313552,0.2328828166149634,0.1553808620506026,0.3003863435769291,0.40611348512329803,c_major
0.0,0.0,0.0,-0.04647940397262573,-0.18160712718963623,-0.07450283080532927,-0.06078970432281494,-0.32919472455978394,-0.08479037642672438,-0.07631200551986694,-0.3446638286113739,-0.07048497855856795,-0.0816793441772461,-0.3283703923225403,-0.05926365539625067,0.013155519962310791,-0.1947506070137024,-0.0749769932050981,-0.0055866241455078125,-0.3649596571922302,-0.09400693834021467,-0.02032792568206787,-0.41026967763900757,-0.09121618181660551,-0.031976938247680664,-0.42251056432724,-0.08885511517718214,0.06206601858139038,-0.19044995307922363,-0.0729916369934358,0.08169984817504883,-0.34504684805870056,-0.09920353204205412,0.08622413873672485,-0.44386041164398193,-0.11934353918030638,0.079567551612854,-0.518516331911087,-0.13490856200650114,0.11985747959507104,-0.031117626053744185,-0.18107364351781752,-0.04583705096873833,-0.03259891346478483,-0.10747100096149459,0.19713922304958575,0.12234169472275869,0.06986834501201927,0.1371860473022642,0.16430494923502292,0.16592622936999163,0.11049142786763248,0.2605344346531341,0.5842444145795271,0.15420830260550658,0.661726602281319,0.748375817844259,c_major
0.0,0.0,0.0,-0.047521889209747314,-0.18180513381958008,-0.07351019729406971,-0.06089061498641968,-0.3284026086330414,-0.08432350803644795,-0.07528185844421387,-0.3430330157279968,-0.07075417537720341,-0.0794602632522583,-0.32551562786102295,-0.060116754216267054,0.012113392353057861,-0.19457930326461792,-0.07416695852310795,-0.005831778049468994,-0.36459121108055115,-0.09382275987894673,-0.019726037979125977,-0.40683281421661377,-0.09152420361073155,-0.03054124116897583,-0.4153364896774292,-0.08922181029350895,0.06109440326690674,-0.18975508213043213,-0.0725501229289307,0.08083629608154297,-0.34353017807006836,-0.09885526944430012,0.08598697185516357,-0.4417424201965332,-0.11919802178175587,0.08039569854736328,-0.515976756811142,-0.13492689032585758,-0.1568110037621204,-0.1621217653936604,-0.040154265444707654,0.07163420124236025,-0.05712331813080734,-0.13558116399635228,-0.07590623293451144,0.13444382273825195,-0.11677268773836841,-0.1626969762224035,-0.17687751539328767,0.006029378586375811,0.10633890270397763,0.2596650277349097,0.18274832351841241,0.1566027531786562,0.28879163718360706,0.4403986986839785,c_major
0.0,0.0,0.0,-0.04730868339538574,-0.18178409337997437,-0.07771065919894227,-0.06075698137283325,-0.33066821098327637,-0.0875275665451909,-0.07300853729248047,-0.33836477994918823,-0.07189438580769547,-0.0749170184135437,-0.31657180190086365,-0.060152371369781577,0.012910842895507812,-0.19411981105804443,-0.0778210097481633,-0.006076991558074951,-0.36612367630004883,-0.09748490243453034,-0.01921260356903076,-0.40540164709091187,-0.09449289827841767,-0.029412508010864258,-0.4125419855117798,-0.09187911539572724,0.06210261583328247,-0.18879550695419312,-0.07532022982138642,0.08170956373214722,-0.3439611494541168,-0.10154282390374192,0.08697974681854248,-0.4409787058830261,-0.12151648937958726,0.08117461204528809,-0.5150192677974701,-0.1372057953407193,-0.0598911586653019,0.14894441429269162,-0.17424074233723053,-0.17389541309113676,0.035648870448102166,0.16452667616240396,0.18565398133323907,0.08861674154460036,-0.14606736055501918,0.08547875168176616,-0.04931313168637241,-0.0012582777469675455,0.11084909966160482,0.26397580185639435,0.3172105202116387,0.15743447024654625,0.39159588611378626,0.4851623010595959,c_major
0.0,0.0,0.0,-0.04629427194595337,-0.18130970001220703,-0.07673221249768858,-0.0591273307800293,-0.3291933536529541,-0.08618138898799543,-0.07509809732437134,-0.3395404815673828,-0.0700238736409915,-0.07911050319671631,-0.31881842017173767,-0.057868944301105785,0.013841390609741211,-0.19303560256958008,-0.07698102463672285,-0.004501521587371826,-0.3647633194923401,-0.09732737560460691,-0.019331693649291992,-0.40307480096817017,-0.09395410288760786,-0.030095160007476807,-0.40767189860343933,-0.09052799065301542,0.06277251243591309,-0.1880650520324707,-0.07459653337190275,0.0820879340171814,-0.34246546030044556,-0.100926304056145,0.08721959590911865,-0.4405781626701355,-0.1206769736547244,0.08200550079345703,-0.5150511860847473,-0.13597851414868956,0.06336756526644527,-0.1081459445723374,0.01897662872596015,0.05593730121602436,-0.062417962645691966,0.05516909375032231,-0.18515178923359452,0.18847203382610794,0.0031200448354014865,0.17186596177816232,0.09781296034157733,-0.15278287354002723,0.10660233489932563,0.26564406649011785,0.4955598320720598,0.16174863096184225,0.5478858528734364,0.6196448587036001,c_major
0.0,0.0,0.0,-0.045263826847076416,-0.1822376847267151,-0.07784867788949157,-0.05863302946090698,-0.32853978872299194,-0.08646043147244598,-0.07384419441223145,-0.3384976089000702,-0.06918110455670501,-0.07790416479110718,-0.31765955686569214,-0.056385138438130866,0.014873743057250977,-0.19429084658622742,-0.07814623172679092,-0.0044304728507995605,-0.36549270153045654,-0.09829847271838332,-0.018633902072906494,-0.403358519077301,-0.09448978062071944,-0.02910304069519043,-0.40778714418411255,-0.09080818797745849,0.06377482414245605,-0.1888560652732849,-0.07553322370448257,0.08296161890029907,-0.3447101414203644,-0.10220470036664153,0.08847832679748535,-0.44250521063804626,-0.12198275084891463,0.08321619033813477,-0.5167217254638672,-0.1372714390913501,0.0730106625001995,-0.16926724341153326,-0.18479267605165295,0.16586340130912863,-0.15376484643057778,0.05600493723057881,-0.034023825199332725,-0.02817381032030411,-0.1618255091807817,-0.0697597038383592,-0.05396434468996178,-0.15976540361217825,0.10811788958563502,0.26856676904886106,0.28335309491175603,0.16322128036069777,0.36276526196413617,0.4879057246022918,c_major
0.0,0.0,0.0,-0.04441779851913452,-0.18603956699371338,-0.07809866956354483,-0.058773696422576904,-0.3329600691795349,-0.08633229128004416,-0.07415640354156494,-0.3419482707977295,-0.0681618823754917,-0.07790017127990723,-0.31891411542892456,-0.054658159528983674,0.015764892101287842,-0.1983102560043335,-0.07786834976555213,-0.0035625100135803223,-0.37068432569503784,-0.09858120224357947,-0.01862049102783203,-0.4083453416824341,-0.09448327115656241,-0.030076026916503906,-0.4116131067276001,-0.09019431463362082,0.06452137231826782,-0.19271749258041382,-0.07470142087818488,0.08381807804107666,-0.34820836782455444,-0.10177519163967474,0.08974999189376831,-0.446276992559433,-0.12162549785257681,0.08465492725372314,-0.5203433632850647,-0.13673087201000556,0.09811814978526529,-0.05553695728280092,0.1288362615556864,0.15200292997001624,-0.03212727195560311,-0.02559275181168022,0.009869220192301575,0.004679149845101177,0.005545897941086508,0.09616518465570395,-0.19364364004835594,0.0696204941538413,0.11019559923837427,0.27153974310432183,0.24786412386684809,0.16477594396121165,0.29830907631419157,0.3865825675144806,c_major
0.0,0.0,0.0,-0.04533416032791138,-0.18025469779968262,-0.07689061203802794,-0.05912536382675171,-0.3258156180381775,-0.08685158381069868,-0.07584536075592041,-0.34082961082458496,-0.07069352457131117,-0.08176875114440918,-0.32098209857940674,-0.05805086532438963,0.015088856220245361,-0.19300198554992676,-0.07679773310030669,-0.0036762356758117676,-0.36501556634902954,-0.09819106200541228,-0.019306421279907227,-0.40581169724464417,-0.09480634519661635,-0.0315210223197937,-0.41084957122802734,-0.09080171027983397,0.06436657905578613,-0.1885608434677124,-0.0740419272502777,0.08380556106567383,-0.34383392333984375,-0.1017174665054199,0.08909571170806885,-0.4420396685600281,-0.12146736869419783,0.08325064182281494,-0.515771359205246,-0.13612273523415297,0.05595280321178148,-0.07968077656449074,0.16415063945000535,-0.1485618480030294,-0.07731040811138104,-0.03320338472107923,0.14090408822950207,-0.05510731480357123,-0.07829743294614913,0.14317424481249358,0.07376519616151561,0.18809241276820243,0.10804450350470504,0.26696343004546386,0.5167313533021882,0.16197256491551335,0.5857916361652625,0.6754699478904747,c_major
0.0,0.0,0.0,-0.04487311840057373,-0.1805909276008606,-0.07681347054963794,-0.05934035778045654,-0.3294946551322937,-0.08542361480718341,-0.07639557123184204,-0.34217017889022827,-0.06747329605346408,-0.08167481422424316,-0.3202388286590576,-0.05379442495828357,0.015357434749603271,-0.1928829550743103,-0.07642179352765766,-0.003712773323059082,-0.3664447069168091,-0.09713358057265964,-0.019895434379577637,-0.40513649582862854,-0.09287735445028034,-0.032381653785705566,-0.40846356749534607,-0.08831625802045551,0.0643923282623291,-0.18818122148513794,-0.07338013125186649,0.08352154493331909,-0.3434181213378906,-0.1006913967204639,0.08859860897064209,-0.4423760771751404,-0.12053845448022571,0.08253896236419678,-0.5165044963359833,-0.13542124999290195,0.007198227460091411,0.03612339073593174,-0.1823458158905389,-0.10493149574993277,-0.08234966522313014,-0.08826004001782324,-0.1612924218123676,-0.05449954310548885,-0.19461107795957863,-0.16550914946205508,-0.166769552258058,-0.06325284016069377,0.10679502407286202,0.2686062458233979,0.17512988374904334,0.16461613101316977,0.2770687676758099,0.4347995817241178,c_major
0.0,0.0,0.0,-0.04380077123641968,-0.18190151453018188,-0.07753984051925045,-0.05837434530258179,-0.33099091053009033,-0.08576475250703197,-0.07522362470626831,-0.34338676929473877,-0.06743048298341137,-0.08014583587646484,-0.32187506556510925,-0.05368324536067348,0.016387462615966797,-0.19434040784835815,-0.07721245455724102,-0.0036422014236450195,-0.3678547441959381,-0.09800375419837337,-0.020557701587677002,-0.4054962396621704,-0.0937179120181213,-0.03337883949279785,-0.4080386161804199,-0.08913626688701015,0.06507211923599243,-0.18930453062057495,-0.07415434885007244,0.08378154039382935,-0.34506016969680786,-0.10152056980115276,0.08890223503112793,-0.44429054856300354,-0.12151285427790981,0.08318084478378296,-0.5189290642738342,-0.1366159187553535,-0.15187565781126985,-0.05313984583478876,0.09945211634733175,-0.11281053775090433,-0.13115452131358102,0.09202423236972235,0.10838960539638093,-0.09455432958640629,-0.038525863249458864,0.17877041579608766,0.10843081769843471,0.01781246075583401,0.10425078484469082,0.26904221107287496,0.5072597111386644,0.1677413747963021,0.5684945144811836,0.653120135957411,c_major
0.0,0.0,0.0,-0.04427832365036011,-0.18239474296569824,-0.0773921541385647,-0.05798518657684326,-0.33179211616516113,-0.08660826156663859,-0.07526141405105591,-0.3448507487773895,-0.06892786244678462,-0.0812079906463623,-0.3223966956138611,-0.055247389476775766,0.015931129455566406,-0.19442206621170044,-0.07733576814460719,-0.0027979016304016113,-0.36811643838882446,-0.09862218121814692,-0.019623100757598877,-0.406679630279541,-0.09451573411750758,-0.032557785511016846,-0.40937474370002747,-0.08987415651607478,0.06483304500579834,-0.1893777847290039,-0.07463438878583872,0.08408218622207642,-0.34560418128967285,-0.10219603101539576,0.08920204639434814,-0.44487935304641724,-0.12211106042194331,0.08359867334365845,-0.5191996693611145,-0.1370218254141804,0.0064968514073079076,-0.009988139858533168,0.13150759672876072,0.08425862007636742,0.04420898143928964,0.14490146612512267,0.09654263492461368,0.18728374909988638,0.00973942308656875,0.17641737151503434,0.04430445421315868,0.05037367609938742,0.10550372649430233,0.26940620880774524,0.4604306353911448,0.16666355304218905,0.5188110305559717,0.6010568043063487,c_major
0.0,0.0,0.0,-0.04449862241744995,-0.18260759115219116,-0.07658200120683034,-0.05844080448150635,-0.33100318908691406,-0.08592813616748174,-0.0750887393951416,-0.34294822812080383,-0.06888017213101705,-0.08028751611709595,-0.32037022709846497,-0.055727293399527866,0.01553034782409668,-0.19505852460861206,-0.0764762700175794,-0.003123342990875244,-0.36805009841918945,-0.0977743879532369,-0.01922762393951416,-0.40620848536491394,-0.09417489325757344,-0.03164452314376831,-0.4089798033237457,-0.08991503870244344,0.06440317630767822,-0.19018584489822388,-0.07376810317988713,0.08378404378890991,-0.3456079959869385,-0.10132837450261434,0.08909815549850464,-0.4442702531814575,-0.12148755198474248,0.08343517780303955,-0.5183530747890472,-0.13651591694112142,-0.003975092078227993,0.032382274981931136,0.014573971909260297,-0.09910199693142925,-0.1451968920432385,-0.11734372629121137,-0.1444238726529723,0.179343765523916,0.028615696015062475,-0.07818380409110831,-0.17993836050731815,0.02771810830383173,0.1067080113821079,0.2693123283065296,0.16336667292932483,0.16546145150350083,0.2616552015021415,0.4094118088172899,c_major
0.0,0.0,0.0,-0.0445331335067749,-0.18187105655670166,-0.07649980760777453,-0.0588340163230896,-0.32979440689086914,-0.08553482122385958,-0.07562077045440674,-0.34101271629333496,-0.06823109365666369,-0.08081471920013428,-0.3175419270992279,-0.05498602516615847,0.015553653240203857,-0.1944865882396698,-0.0762971592661188,-0.002952277660369873,-0.36684542894363403,-0.09727964825594881,-0.0186731219291687,-0.40448886156082153,-0.09363655276263216,-0.030810177326202393,-0.406931072473526,-0.08950976557696322,0.0644526481628418,-0.1896798014640808,-0.07346984274352053,0.08365827798843384,-0.3449086844921112,-0.10089646555150011,0.08876770734786987,-0.4431859701871872,-0.12104881830180148,0.08284169435501099,-0.5169254839420319,-0.13621369279587725,-0.046408186092378984,-0.01301267837504394,0.14632033878689782,0.03948164947938185,0.053267065207956044,-0.1179904649936947,-0.032886768710320924,-0.013160921215085691,0.15848707588759486,-0.12795766920492957,-0.1746432032064313,-0.11982390440077798,0.10808682699904665,0.2704351279430696,0.16384887429881065,0.16491444845317704,0.2536025165482467,0.4023209621017485,c_major
0.0,0.0,0.0,-0.0439872145652771,-0.18401449918746948,-0.07739025171748892,-0.05905789136886597,-0.33349668979644775,-0.08613788153878943,-0.07617509365081787,-0.3454899787902832,-0.06791032668105856,-0.0813567042350769,-0.32142311334609985,-0.05390032943240897,0.01582634449005127,-0.1962147355079651,-0.07690925713531271,-0.0030774474143981934,-0.3698878586292267,-0.09789275940410391,-0.01903223991394043,-0.4073939323425293,-0.09344968017093436,-0.031322360038757324,-0.4086260497570038,-0.08861432041875617,0.06433349847793579,-0.19093972444534302,-0.07384741123668448,0.0834575891494751,-0.3459125757217407,-0.101393831930082,0.08880972862243652,-0.44457559287548065,-0.12138590779058234,0.0831986665725708,-0.517663836479187,-0.1363575067733933,0.01566600718584349,-0.1409685255547236,0.08176296716195075,-0.1680349924783074,-0.15221057315313066,-0.102405825713943,-0.15506839882984794,0.11380053060514561,0.16289020125495707,-0.1839009230239435,-0.06894097440413366,-0.09056135375322537,0.10636187704267036,0.26905032535286394,0.2749665034071982,0.16517783238884826,0.37238415546168857,0.5242057662243905,c_major
0.0,0.0,0.0,-0.04372686147689819,-0.18362778425216675,-0.07735706891786265,-0.05837970972061157,-0.3332635462284088,-0.08621054168712305,-0.07571631669998169,-0.34464308619499207,-0.0681481513000648,-0.08073735237121582,-0.3205702304840088,-0.05438648935329127,0.015969455242156982,-0.19588303565979004,-0.07679773893129038,-0.0028968453407287598,-0.3692108988761902,-0.09806715723048853,-0.019028306007385254,-0.4059591591358185,-0.09382443901073145,-0.03127586841583252,-0.4068809449672699,-0.08912500020038294,0.06439262628555298,-0.19068467617034912,-0.0737120362735908,0.08402937650680542,-0.3448738157749176,-0.10140239473354029,0.08975684642791748,-0.44298064708709717,-0.12139102842580485,0.08464646339416504,-0.5162478387355804,-0.13637086775075602,-0.09092692652005004,0.07642731846859785,0.008057711605061468,0.0781621500098677,-0.1720935202071212,0.1470714921616148,0.028491921763951267,-0.04318394198790507,0.01565081711942104,-0.1868016979183299,-0.009019078132845582,0.017117499664174807,0.10536954951765318,0.26900366389585045,0.33678863753559923,0.16622658170516377,0.4401929321341764,0.5954190111125287,c_major
0.0,0.0,0.0,-0.04378730058670044,-0.18296003341674805,-0.07740793697797699,-0.05855131149291992,-0.33271682262420654,-0.08626532130205078,-0.07622349262237549,-0.34534144401550293,-0.0682543175693695,-0.08137142658233643,-0.3229409158229828,-0.054576146828765104,0.016020357608795166,-0.19534078240394592,-0.07683611981832428,-0.0030374526977539062,-0.3688262403011322,-0.09810750507080002,-0.0194738507270813,-0.4057482182979584,-0.09377613239252014,-0.0316622257232666,-0.40703946352005005,-0.08901387773715896,0.06434321403503418,-0.19051796197891235,-0.07373310946189804,0.08422499895095825,-0.3450564742088318,-0.10150618426763458,0.08993053436279297,-0.4429275691509247,-0.12137703173124237,0.08498567342758179,-0.5162181854248047,-0.13625684701167984,0.03892760599360062,0.06254064823105082,-0.16737809575552856,0.12227891765932941,0.07293405940873943,0.08849000055166611,0.03906483088435836,-0.047671457745935925,0.06961625557168111,0.19554144174265514,0.0779097721755116,0.05431887783567391,0.10358343344822178,0.26777327060559364,0.4992195279729241,0.16660919494114235,0.5543839342294977,0.6336637237613919,c_major
0.0,0.0,0.0,-0.04358839988708496,-0.18417567014694214,-0.07588170192015298,-0.05816185474395752,-0.33321070671081543,-0.08483893892538674,-0.07583492994308472,-0.34525346755981445,-0.06759088209641106,-0.08083003759384155,-0.3234380781650543,-0.054513153646112755,0.01600337028503418,-0.19635245203971863,-0.07571001074087746,-0.0026547908782958984,-0.3692246079444885,-0.09682080617916711,-0.01919955015182495,-0.4052736759185791,-0.09293041846525796,-0.031294167041778564,-0.4059907793998718,-0.08846780380976327,0.06416237354278564,-0.19117838144302368,-0.07304777673256524,0.08437669277191162,-0.3454936146736145,-0.10057601800930627,0.0900731086730957,-0.44367049634456635,-0.12085359266770013,0.0852358341217041,-0.5173866152763367,-0.13606044373285897,-0.06335697417788194,-0.12290072306783727,-0.14464812058674004,0.1962642516348218,-0.04934944965233204,-0.08125934416102298,0.1376750214051976,0.01155837617284794,-0.1922228932300444,-0.034801082756291735,0.1693616859136406,0.15643027293077894,0.10208657708166961,0.2680370670574174,0.5380217480506295,0.16808727731933493,0.6253141816650105,0.7560310244529012,c_major
0.0,0.0,0.0,-0.04415351152420044,-0.18387091159820557,-0.07708265838100203,-0.059009552001953125,-0.3336978554725647,-0.086244808704393,-0.0771600604057312,-0.3451246917247772,-0.0687274729914833,-0.08262145519256592,-0.32169246673583984,-0.05539011415912398,0.015749335289001465,-0.19604307413101196,-0.07673636284543761,-0.003381192684173584,-0.36944276094436646,-0.09851259198858031,-0.02025538682937622,-0.40547630190849304,-0.09469665047599563,-0.032743752002716064,-0.4058334529399872,-0.09017039296104201,0.0641704797744751,-0.1907314658164978,-0.07385762241555938,0.08417105674743652,-0.3452894687652588,-0.10175287184192428,0.08991116285324097,-0.442877396941185,-0.12181513217164763,0.08501750230789185,-0.5159868001937866,-0.13680196759177932,0.012707199977409017,0.16788216435415232,-0.05779243735783829,-0.14169405263010645,0.14630785599270307,-0.005822683047576799,0.04361043511624846,0.14915378173488614,0.1012071620568879,-0.0866410833746874,-0.11710363601943836,-0.034387279282907274,0.10381309468675144,0.269222952151276,0.20570334498365483,0.1678570126046744,0.29896753214959887,0.44616501104601075,c_major
0.0,0.0,0.0,-0.04298216104507446,-0.18306052684783936,-0.07827033806294992,-0.05725950002670288,-0.3314623534679413,-0.08708273578137948,-0.07427394390106201,-0.3436375558376312,-0.06882184702605798,-0.07930314540863037,-0.32062724232673645,-0.05486059147567346,0.017006397247314453,-0.19507291913032532,-0.07765241671056344,-0.0013892054557800293,-0.36742788553237915,-0.0985827367350538,-0.017297744750976562,-0.40487414598464966,-0.09401751268357827,-0.029215633869171143,-0.4067229628562927,-0.08923677313775613,0.06555801630020142,-0.1896786093711853,-0.07439381587953164,0.08549821376800537,-0.34323301911354065,-0.10179801243991449,0.09105080366134644,-0.44167572259902954,-0.12146225530356958,0.08595311641693115,-0.5151630938053131,-0.13632167834491327,0.10206361872265018,-0.08615929192295507,0.16031557484041398,0.04924653786706129,-0.17697241448403186,-0.1312375660337523,0.03720244757402047,0.07723721293797503,0.19498054893483213,0.10682035069957391,0.08023577043791291,-0.16026863736603533,0.10537055457471707,0.2679360712128384,0.4543610535077988,0.16504572500089254,0.5105684310303858,0.5962455080376617,c_major
0.0,0.0,0.0,-0.04511380195617676,-0.18166077136993408,-0.07563581415195131,-0.05989730358123779,-0.3315773606300354,-0.08505661883134508,-0.07480216026306152,-0.34310922026634216,-0.06846236535091066,-0.07862627506256104,-0.32086074352264404,-0.05569112770933771,0.014541268348693848,-0.19410204887390137,-0.07543566175479555,-0.003729522228240967,-0.36636239290237427,-0.09580225595016145,-0.018862247467041016,-0.40375590324401855,-0.0922964821078267,-0.030897676944732666,-0.40722882747650146,-0.08855331041593217,0.06339830160140991,-0.18968349695205688,-0.07286772974509859,0.08320814371109009,-0.34517353773117065,-0.09959839381951952,0.0886915922164917,-0.4420603960752487,-0.11926417150277757,0.08257472515106201,-0.5153447687625885,-0.1343078250505414,-0.08156836828263243,-0.01771566113850631,-0.08204951881753396,-0.18450691001574968,-0.13766369563814695,0.07281264297181805,0.11413086107014236,0.12216338915187291,0.15360932333357485,-0.050678368245725386,0.00043173481870667496,0.1566770034844689,0.10400667313396449,0.26455695727809214,0.38614785417106706,0.16327436543136525,0.47614736863168705,0.6070040848164928,c_major
0.0,0.0,0.0,-0.043805599212646484,-0.1829577088356018,-0.07612848450608567,-0.05735582113265991,-0.32961729168891907,-0.08505594899125413,-0.07308709621429443,-0.33714622259140015,-0.06813897361226395,-0.07648700475692749,-0.3116934895515442,-0.05533807148404435,0.016259431838989258,-0.19464147090911865,-0.0760974006838353,-0.0018472075462341309,-0.36639076471328735,-0.09681427647538499,-0.01714545488357544,-0.4029453992843628,-0.09358021785683945,-0.028958141803741455,-0.40419697761535645,-0.08989866246648148,0.06498563289642334,-0.1891688108444214,-0.07350642402835206,0.08442568778991699,-0.3433471918106079,-0.10042808373637513,0.08980882167816162,-0.44186802208423615,-0.12085525860257462,0.08431154489517212,-0.5155703723430634,-0.13641698827214555,0.02173358847496304,-0.08513765909398466,-0.02573644059021568,-0.13311386043431797,0.04024460041593175,-0.026779228434875846,-0.1547796748623251,-0.022723189869631233,0.026484403918376864,0.05083370042712321,-0.17241440632371738,-0.13860229964547705,0.10959161722800659,0.2720215940960155,0.20625750091734113,0.16552344128190896,0.24992387384086015,0.3447920513450039,c_major
0.0,0.0,0.0,-0.042888760566711426,-0.18133807182312012,-0.07661995358459706,-0.05812615156173706,-0.3305743634700775,-0.08538963712446446,-0.07567429542541504,-0.3434610962867737,-0.06777397609941715,-0.08141708374023438,-0.32075363397598267,-0.05432188577644581,0.016297519207000732,-0.19383740425109863,-0.07588311351530308,-0.0021561384201049805,-0.3667129874229431,-0.09637104041568989,-0.01839470863342285,-0.40533447265625,-0.09242362595789189,-0.031420111656188965,-0.40822187066078186,-0.08828437395088429,0.0646405816078186,-0.18906545639038086,-0.07273085482113117,0.08507663011550903,-0.3442566394805908,-0.0997325635670876,0.09056556224822998,-0.4413424879312515,-0.11932201750271076,0.0843086838722229,-0.5135414600372314,-0.13423381067507023,-0.021460104975923933,-0.11563354804638633,0.047141868947829846,-0.13280653888261756,-0.14380590763438025,-0.1734706388286126,-0.11961268801329741,-0.06564140892362805,-0.12615537566320817,0.0703451265634204,-0.12654158924918624,-0.16568051664566474,0.10631951960632507,0.26649219813939,0.27046410383317204,0.1630850108261053,0.3093381766773063,0.3885264163980114,c_major
0.0,0.0,0.0,-0.04394042491912842,-0.17970091104507446,-0.07511529707868192,-0.059443652629852295,-0.3271756172180176,-0.08395445728261564,-0.07496881484985352,-0.34025225043296814,-0.0674164482351074,-0.07925504446029663,-0.3192228078842163,-0.054812569260192845,0.015407681465148926,-0.1928800344467163,-0.07424516612250898,-0.002503037452697754,-0.3629895746707916,-0.09379753851850126,-0.017135202884674072,-0.4020078182220459,-0.09061509007175061,-0.02906864881515503,-0.4066236913204193,-0.08743104720075223,0.06381380558013916,-0.18915611505508423,-0.07106323176581952,0.08340954780578613,-0.3427618741989136,-0.09716876977641675,0.08890581130981445,-0.4392392337322235,-0.11691411220986936,0.08233553171157837,-0.5113757252693176,-0.13220422351319883,-0.09653456772881529,0.1764042156861682,-0.1738144093965854,0.0006277397306233001,0.16336372004953392,0.04441067127947118,-0.01656981012551445,-0.05279756409166439,0.08587990828748987,-0.0201889138911219,-0.12698722026284676,0.010500092812186612,0.10593183580226576,0.2627236687380506,0.21144520036058725,0.1593377462259636,0.29642185112114716,0.42264678707538567,c_major
0.0,0.0,0.0,-0.0448184609413147,-0.18046903610229492,-0.07438498299305252,-0.05917537212371826,-0.3297420144081116,-0.0832300291556578,-0.07568985223770142,-0.3395214378833771,-0.06685088138763717,-0.08039432764053345,-0.3164171278476715,-0.05440173234526924,0.01474618911743164,-0.19298580288887024,-0.07423483889286331,-0.00352323055267334,-0.3653024435043335,-0.09388366650526336,-0.01903897523880005,-0.4020555019378662,-0.09053527872745804,-0.031272828578948975,-0.40450385212898254,-0.0868519277471762,0.06330186128616333,-0.18876689672470093,-0.07173488598053268,0.0813283920288086,-0.34227046370506287,-0.09773446928446106,0.08622300624847412,-0.4412118196487427,-0.11822147231285385,0.0800214409828186,-0.5158902108669281,-0.13395958702747635,0.13712968166067357,-0.1653825018960928,-0.07702609321346716,-0.05334472044164193,-0.17419720126465524,0.17765867731118762,-0.027378286214048003,0.08328031314577322,-0.17839742675876674,0.15994507729941904,0.021227326052001866,-0.01797007120831609,0.1059490813848374,0.2680525730409302,0.4160457579994019,0.1643546984818339,0.4717584485349654,0.5552806532627348,c_major
0.0,0.0,0.0,-0.0447312593460083,-0.18175286054611206,-0.07741686118329483,-0.0579797625541687,-0.32792967557907104,-0.08608526898110824,-0.07478779554367065,-0.33761686086654663,-0.06839174938882309,-0.0797000527381897,-0.31360799074172974,-0.055077733225473935,0.015385687351226807,-0.19372433423995972,-0.07726828170503097,-0.002744317054748535,-0.36544549465179443,-0.09811733824695068,-0.018235862255096436,-0.40246981382369995,-0.09437365246499496,-0.029984354972839355,-0.4045376777648926,-0.09025894267047363,0.06416124105453491,-0.18840688467025757,-0.0743925364085527,0.08272349834442139,-0.3429929316043854,-0.101508849985251,0.08773094415664673,-0.44112372398376465,-0.12158344102586227,0.08222407102584839,-0.5149161219596863,-0.1368707658120485,-0.19472598039660194,0.08082751915717051,-0.19060183101561515,0.0597796480606434,0.15970911074209937,0.14650363470987648,0.002228795234284542,0.15601512799907108,0.12296511923849224,0.01679486070612629,0.08940859606934137,0.1134651652693936,0.1094421129384797,0.27098798078683484,0.44737047980228073,0.164154786298017,0.5363531752587635,0.6573868151813959,c_major
0.0,0.0,0.0,-0.04331928491592407,-0.18095576763153076,-0.07733990580467776,-0.0584406852722168,-0.3295748233795166,-0.0857962998810251,-0.07539588212966919,-0.34261995553970337,-0.06793898672489718,-0.08037447929382324,-0.3216184973716736,-0.054495103216453344,0.015928983688354492,-0.1934470534324646,-0.0764831113877733,-0.0034685134887695312,-0.3666291832923889,-0.0969127002420862,-0.019071757793426514,-0.40464305877685547,-0.09275760085014895,-0.030923068523406982,-0.4073524475097656,-0.08839885473875597,0.06419754028320312,-0.18910282850265503,-0.07307964891819552,0.08266234397888184,-0.343524694442749,-0.09974193901447848,0.08757847547531128,-0.44088131189346313,-0.11927371800570086,0.08172637224197388,-0.5134426951408386,-0.13417578071980074,-0.04662166526493222,-0.12585517490293197,-0.057248983173195794,0.11395870149689585,-0.12769451889999078,-0.03270665620495819,-0.04157526407380224,-0.11234220915803271,0.028162815272650382,-0.09829483522438452,0.18645918792969174,-0.02297708665137005,0.1046193892199306,0.263480965699245,0.5093696681449221,0.16137088987623974,0.6011915011636256,0.7311876849522593,c_major
0.0,0.0,0.0,-0.0436055064201355,-0.1802140474319458,-0.07574709574021199,-0.05820441246032715,-0.33005163073539734,-0.08406972209252217,-0.0762028694152832,-0.34234046936035156,-0.06637758830822804,-0.08129942417144775,-0.3197079598903656,-0.052986853516472365,0.015662789344787598,-0.1926385462284088,-0.07503859767950871,-0.0030567049980163574,-0.3661537170410156,-0.09521889010704854,-0.01985877752304077,-0.4029623568058014,-0.09104263851679661,-0.03212738037109375,-0.4040956497192383,-0.08640630612410405,0.0639805793762207,-0.1883823275566101,-0.071922213530911,0.08160537481307983,-0.34248384833335876,-0.09822841057814458,0.08575785160064697,-0.4412490129470825,-0.11809858748949864,0.07957345247268677,-0.5150558650493622,-0.13322396645583012,-0.10236245263126552,0.19587133274183155,-0.04399758156563363,0.047111182254485906,-0.10128549870596215,-0.17545864910892314,-0.03492387604916561,0.05103501574167335,-0.18005209840887845,-0.014491426866411972,-0.18106093840389131,0.07840427661628968,0.10322805771083603,0.2654785881810631,0.20236090074059498,0.1642593643085183,0.2778813370681227,0.40643243696312537,c_major
0.0,0.0,0.0,-0.044191956520080566,-0.18081730604171753,-0.07461946644463069,-0.057817816734313965,-0.329897940158844,-0.08285538293995387,-0.07561719417572021,-0.3418624997138977,-0.06555091031469829,-0.0803576111793518,-0.3193677067756653,-0.05250313692368991,0.015363633632659912,-0.19312292337417603,-0.0740403253642512,-0.002377808094024658,-0.3658316135406494,-0.09402264096416957,-0.019171059131622314,-0.40213221311569214,-0.09024913050808436,-0.03152000904083252,-0.402917742729187,-0.08590882458366877,0.06360143423080444,-0.18897098302841187,-0.07109657861866481,0.08143413066864014,-0.341299831867218,-0.09707221575655467,0.0854346752166748,-0.4406905472278595,-0.11723762192406184,0.07915425300598145,-0.5152713060379028,-0.1326386649218989,-0.03869809804851551,-0.16002050817624844,0.10742548936538687,0.14058278369797844,-0.10519487112177105,0.16650699787392903,-0.13345257993820225,-0.09258984234884832,0.12522307951612954,-0.15112494502071738,-0.18105447410586983,-0.038953047948613484,0.10237997782042708,0.26503576714724997,0.15595566928398835,0.16448645368482154,0.2563854434915831,0.4165409879209602,c_major
0.0,0.0,0.0,-0.04427415132522583,-0.18193542957305908,-0.0756983734045491,-0.05783891677856445,-0.33213698863983154,-0.08336633214096878,-0.07615745067596436,-0.34203124046325684,-0.0651421896491513,-0.08126795291900635,-0.31834012269973755,-0.05153988072018478,0.01501232385635376,-0.1939483880996704,-0.0753314546618924,-0.00331878662109375,-0.3664279580116272,-0.09490984448532913,-0.02051389217376709,-0.4019317328929901,-0.09061795243363235,-0.03266870975494385,-0.40284597873687744,-0.08598428734879349,0.06320172548294067,-0.18928313255310059,-0.0724223531160817,0.08036947250366211,-0.34199923276901245,-0.09806541868786667,0.08417487144470215,-0.4419812560081482,-0.11810862788300369,0.0781213641166687,-0.5173529088497162,-0.13356742033104751,0.17282539335522418,0.06228974717718033,0.026105869145776117,-0.09473310269875608,0.02676913174333087,0.15513222068017096,0.1544378925725005,0.1336635672476581,0.16784013847113272,0.049380193038668224,-0.12263530356961755,-0.009512451634796415,0.10339024755114204,0.2678424176468091,0.2390305818686349,0.1662841906398524,0.3018244300662155,0.41475013935045096,c_major
0.0,0.0,0.0,-0.045393168926239014,-0.17876726388931274,-0.07437991728302507,-0.05791431665420532,-0.32802724838256836,-0.08216390391108064,-0.07527726888656616,-0.33628013730049133,-0.06480862577673463,-0.07901406288146973,-0.3125109374523163,-0.05200152849074868,0.014648735523223877,-0.19119298458099365,-0.07424045731541185,-0.0035704374313354492,-0.36272692680358887,-0.09435318042751817,-0.020905256271362305,-0.3981541097164154,-0.09113096823212175,-0.03311598300933838,-0.39941272139549255,-0.08707193662640123,0.06297808885574341,-0.18698149919509888,-0.07151101907011537,0.07804340124130249,-0.33777374029159546,-0.09725022693392305,0.08102315664291382,-0.439141184091568,-0.11821891744848756,0.0745505690574646,-0.516253799200058,-0.13425159086700944,-0.15072624700802761,0.17939375144288222,0.18565504477601613,0.11346328211165335,0.0758661065117835,0.19614503257441573,0.12440462469963126,-0.18646583812613549,0.0900194937213436,0.14238830234120065,-0.09221645961974607,-0.14394445122843127,0.10434791476237693,0.2680640271588087,0.32557973728606787,0.16574028982341454,0.358337522934111,0.42953879330906786,c_major
0.0,0.0,0.0,-0.04607284069061279,-0.17687255144119263,-0.077016715281502,-0.05845993757247925,-0.3280469477176666,-0.08442611651946663,-0.07603895664215088,-0.33709296584129333,-0.06540257143308281,-0.08055460453033447,-0.31220680475234985,-0.051157102309957736,0.013908565044403076,-0.18916422128677368,-0.07627893643905281,-0.004235565662384033,-0.36178499460220337,-0.09632534193326592,-0.02198690176010132,-0.39945316314697266,-0.09240205990602135,-0.034944236278533936,-0.40175196528434753,-0.08774449335862755,0.0624849796295166,-0.18527573347091675,-0.07274414258529305,0.07436519861221313,-0.33470797538757324,-0.097665507667557,0.07588422298431396,-0.4371667504310608,-0.11785776572753548,0.06761610507965088,-0.5141329765319824,-0.13338456707526802,-0.09933532339943625,0.17040663181553006,0.01141662496597301,0.15984054277488363,0.19989822251471323,-0.002682292653751306,0.06015065955862087,0.030448343616857304,0.08372537805640146,-0.06370996955545613,0.055645434354451184,0.16034943312195132,0.10694521331277232,0.2636097380553963,0.4246575397584899,0.15884310383963418,0.5211434015353594,0.6543497828097717,c_major
0.0,0.0,0.0,-0.046650469303131104,-0.17896056175231934,-0.07551953774198239,-0.059465885162353516,-0.32652729749679565,-0.08163289558395093,-0.07629817724227905,-0.3336639702320099,-0.06254862826570218,-0.08024406433105469,-0.3097435534000397,-0.0486739670883054,0.012983322143554688,-0.1905922293663025,-0.07509751450523083,-0.005523502826690674,-0.3605303168296814,-0.09320921283467953,-0.02211838960647583,-0.397120863199234,-0.08919256013139432,-0.03404456377029419,-0.39955902099609375,-0.08499719035133069,0.06172370910644531,-0.1861025094985962,-0.07172678988679593,0.07050049304962158,-0.3388734757900238,-0.09493131768211072,0.07059675455093384,-0.4391905963420868,-0.11458524894221966,0.0606541633605957,-0.5145083665847778,-0.13027958404525464,-0.1685514456433142,0.0747318370728342,-0.18455360505921378,0.024386092728917064,0.0031144775316295503,0.05708225730216848,-0.012890155360645084,-0.19009283045580916,-0.16996528015078885,-0.1849138879894123,0.19014419883967232,0.03255747139169357,0.10733400495545263,0.2616111924290572,0.5171480285387088,0.15566533380984024,0.6199439805115621,0.7637766770637049,c_major
0.0,0.0,0.0,-0.046438395977020264,-0.18069982528686523,-0.07722589665084456,-0.059414684772491455,-0.32657164335250854,-0.08318743401198958,-0.07514011859893799,-0.32859909534454346,-0.0637886329832611,-0.07921922206878662,-0.30297836661338806,-0.04981596314340209,0.012518703937530518,-0.1920706033706665,-0.07623815082936858,-0.005980074405670166,-0.36065781116485596,-0.09386075579553221,-0.02197927236557007,-0.3969423770904541,-0.08998959803014372,-0.033509016036987305,-0.4013238549232483,-0.08609523170619582,0.06138122081756592,-0.18719708919525146,-0.07222313725381468,0.06794983148574829,-0.34003132581710815,-0.09449325048356627,0.06774568557739258,-0.4401116371154785,-0.1133520781341133,0.05749547481536865,-0.5158892869949341,-0.1286765068116722,-0.10421328113412094,0.08158735380589005,-0.0017867029028000858,-0.07349175912261097,-0.18327696348479955,-0.16555505999718867,-0.021276369959481428,-0.008284780152012339,-0.10613542770241331,0.044493947015639884,-0.03424277131479442,0.12109633600475178,0.11435664971406652,0.26503009962926594,0.3416647221846432,0.15238182493551142,0.42867392026885237,0.5427143620732219,c_major
0.0,0.0,0.0,-0.04711306095123291,-0.180334210395813,-0.07639234096158987,-0.05980706214904785,-0.3257775604724884,-0.08264293849815374,-0.07461053133010864,-0.3233862519264221,-0.06374892920602804,-0.07850170135498047,-0.29681047797203064,-0.050167668167247825,0.012187778949737549,-0.19144976139068604,-0.07602351487030035,-0.006738603115081787,-0.3590804636478424,-0.09324662715543752,-0.02191948890686035,-0.39311784505844116,-0.08973770916809087,-0.032737016677856445,-0.39777010679244995,-0.08618149489511495,0.061485886573791504,-0.18653064966201782,-0.07261376411069875,0.06648725271224976,-0.3386615514755249,-0.0944942566787148,0.06597107648849487,-0.438371479511261,-0.11367684185852056,0.05499488115310669,-0.5153941512107849,-0.12935126155961996,0.11840934975290679,-0.10636375318878862,0.15859473319176937,-0.03299174589455417,0.1602095085009117,-0.16948907070324526,-0.14697144784979327,-0.1332890923924416,-0.0746907619841691,-0.07264100566550255,-0.037245219386928985,0.12822978066759444,0.11655148532188797,0.26808618243097415,0.31501447739603256,0.15295728317480276,0.42135818238681194,0.5579115646078017,c_major
0.0,0.0,0.0,-0.04623425006866455,-0.18352758884429932,-0.0765934980721994,-0.05878680944442749,-0.3292699158191681,-0.08298245289044814,-0.07411444187164307,-0.3253636658191681,-0.06424813934283691,-0.07816475629806519,-0.297152042388916,-0.050670629671387246,0.012796342372894287,-0.19386526942253113,-0.07609412290769058,-0.006013810634613037,-0.3619356155395508,-0.0931611380787416,-0.02132248878479004,-0.39589840173721313,-0.08948863514380889,-0.03193575143814087,-0.40031081438064575,-0.08585649945455032,0.061833083629608154,-0.1881996989250183,-0.07255114831643539,0.06728339195251465,-0.3406807482242584,-0.09406095959859329,0.06683087348937988,-0.44061708450317383,-0.11299702741818862,0.05612838268280029,-0.5173945128917694,-0.12853907265382247,-0.12041323443076363,0.056207485092351794,-0.011652682316075247,0.16335180793236453,-0.1279650688161187,0.10458418765150618,0.08481412801017457,-0.00596320867337069,-0.1695221157668871,0.1531522534621475,-0.016509466610199836,-0.08629576229901198,0.11839298358255146,0.26945294098050415,0.36542709863781947,0.15259648171051007,0.4261000317533742,0.5119413622273848,c_major
0.0,0.0,0.0,-0.04679453372955322,-0.18177378177642822,-0.07594168030502146,-0.059589505195617676,-0.32576489448547363,-0.08197239630700892,-0.07491278648376465,-0.32527461647987366,-0.06286500983716792,-0.07947951555252075,-0.29880857467651367,-0.0489698632884199,0.012514710426330566,-0.19255954027175903,-0.07560126327754801,-0.005690276622772217,-0.35871732234954834,-0.09244347208024806,-0.02102041244506836,-0.3923996686935425,-0.08861347132207698,-0.03167766332626343,-0.3953382968902588,-0.08479100310088938,0.06154435873031616,-0.18707144260406494,-0.07218628966094798,0.06682288646697998,-0.33876338601112366,-0.09426466964961833,0.0662277340888977,-0.4392971098423004,-0.11408755027534312,0.055770039558410645,-0.5161622166633606,-0.13013609343053645,-0.1792656958671641,0.027869136048986803,-0.061003877431445946,0.10369055376822456,-0.0544409060232387,-0.13724668207727242,-0.15044236517578843,-0.18395397180601558,0.025878269075585075,0.1886698468885068,0.13543376567322007,-0.1265889507828446,0.11351721633474028,0.2685572653236816,0.5162317439613828,0.1558900174679156,0.5762109649131655,0.6650204998393007,c_major
0.0,0.0,0.0,-0.04799443483352661,-0.1810075044631958,-0.07575145588590715,-0.06042450666427612,-0.324265718460083,-0.0811808057255945,-0.07323205471038818,-0.32383161783218384,-0.061653966469307875,-0.07644844055175781,-0.2988702058792114,-0.04770092518403146,0.012105107307434082,-0.1924210786819458,-0.07573143617584321,-0.00670015811920166,-0.3575524389743805,-0.09187071250154588,-0.020443499088287354,-0.3910468816757202,-0.08782360927536104,-0.030305087566375732,-0.39483925700187683,-0.08416311667635057,0.061487674713134766,-0.18722796440124512,-0.0725331775970659,0.06626313924789429,-0.3385954201221466,-0.09432118610813234,0.06603580713272095,-0.43852555751800537,-0.11407482103778932,0.05557483434677124,-0.5154748558998108,-0.13029630706979844,0.08518665121846708,0.09176465706654835,-0.15522351061788703,-0.030522739338190663,0.01855351559604515,0.18110812008105703,-0.03396173191060187,-0.001081598336697992,0.0093369712580266,-0.05737285256452193,-0.014501948342588833,0.054728359167120044,0.11255558274266489,0.26677652939180124,0.3028546553120205,0.15510183740094616,0.40580780465900695,0.5458618517546647,c_major
0.0,0.0,0.0,-0.04744303226470947,-0.1846942901611328,-0.07559270231061532,-0.060890913009643555,-0.32882845401763916,-0.08076724974446847,-0.07519197463989258,-0.3266139030456543,-0.06105895532303407,-0.07865297794342041,-0.3003300130367279,-0.047022724580102704,0.01211237907409668,-0.19560271501541138,-0.07539441255860879,-0.007376492023468018,-0.3613283634185791,-0.09153566328816964,-0.02195429801940918,-0.393841028213501,-0.08728249190383508,-0.03190410137176514,-0.3963207006454468,-0.08339761016898706,0.061162352561950684,-0.18977957963943481,-0.07206617860131814,0.06599360704421997,-0.34124332666397095,-0.09377936838203027,0.06540030241012573,-0.44139188528060913,-0.11353436676793649,0.054755568504333496,-0.5181409418582916,-0.12970392970376565,-0.026410309283528333,-0.12739684425616993,-0.13788699824499406,-0.025732778760464342,-0.04818745550878009,0.03768227197488794,-0.15130711708591812,-0.04909368706933784,-0.13072453671976372,0.1352151035989137,-0.09933319328802313,-0.18078002562117607,0.11279539826566924,0.2684690348254637,0.32253727448697167,0.15650669244810944,0.3544202915123657,0.4295141844273571,c_major
0.0,0.0,0.0,-0.04776275157928467,-0.18557053804397583,-0.07366754986530566,-0.061416447162628174,-0.329939067363739,-0.07930868990904116,-0.07433295249938965,-0.3272857069969177,-0.060880140738547084,-0.07694166898727417,-0.3012129068374634,-0.04778450109249377,0.011767685413360596,-0.19671109318733215,-0.07376644142156863,-0.00777822732925415,-0.3612619638442993,-0.08951015152221942,-0.021464109420776367,-0.3942626118659973,-0.08603371806627536,-0.03128957748413086,-0.39802056550979614,-0.08302954711204791,0.060752809047698975,-0.19085949659347534,-0.07089655228143954,0.06653529405593872,-0.34159502387046814,-0.09224725641495013,0.0666433572769165,-0.4408206045627594,-0.11223422117716098,0.056345462799072266,-0.5174212157726288,-0.12877840675598407,-0.08966204442485055,0.14109549114985848,0.11523570342491257,-0.12228860712730763,-0.10591158516707103,0.1036512028137197,-0.10752823539679848,0.06439758179044142,-0.17662197360331244,-0.026038931262991227,0.042160723522474575,0.13050688467876964,0.11268562244204335,0.2665923950660656,0.3902362835188803,0.15501410815582717,0.48926980716349694,0.6222121804695303,c_major
0.0,0.0,0.0,-0.047707200050354004,-0.1842881441116333,-0.07318507962710896,-0.06105923652648926,-0.3270161747932434,-0.07864598267562428,-0.07342177629470825,-0.32759740948677063,-0.060416784964871795,-0.07576721906661987,-0.30355533957481384,-0.04754285224564114,0.011789083480834961,-0.19546622037887573,-0.07355334692485371,-0.007747769355773926,-0.358401358127594,-0.08889177524335423,-0.021284818649291992,-0.3925645053386688,-0.08540592425353566,-0.03110349178314209,-0.3965664207935333,-0.0826226555634264,0.060801148414611816,-0.1896265149116516,-0.07089160465486088,0.06661450862884521,-0.33966708183288574,-0.09232101672179738,0.06680244207382202,-0.4393332898616791,-0.11262729101665059,0.05661255121231079,-0.5157185196876526,-0.12947194360978642,0.09144944922157427,-0.11272322998962303,-0.17078581862814357,-0.12343035367055465,0.04015353170705099,0.05560178458489495,0.13947221540139448,-0.1930399719519521,0.0446050348536724,-0.015194516833828858,-0.04371456135939003,-0.16209037584518252,0.10897936669453813,0.2631539370529154,0.2903573960521187,0.15519723792679085,0.36203956794368447,0.4785477550051053,c_major
0.0,0.0,0.0,-0.04822206497192383,-0.18555361032485962,-0.07178102411840825,-0.06200206279754639,-0.327764093875885,-0.07744643070314794,-0.07406240701675415,-0.32700496912002563,-0.05992267258976369,-0.07589322328567505,-0.3029075860977173,-0.04761205219243436,0.01101607084274292,-0.19635093212127686,-0.07247033693407445,-0.008767306804656982,-0.35948169231414795,-0.08755548276518255,-0.02240777015686035,-0.39266693592071533,-0.08432467259977727,-0.03198724985122681,-0.396578311920166,-0.08170040675018697,0.06007063388824463,-0.1900792121887207,-0.07026080765341192,0.06580573320388794,-0.34082263708114624,-0.09144787468527227,0.06569749116897583,-0.4403057098388672,-0.11167006917808919,0.05569940805435181,-0.5172677934169769,-0.1284818796119538,0.036294163055403894,-0.005426229475462396,-0.007938460754769006,0.11954769842900287,0.10154082349798171,0.025916048161442745,0.12357871715511631,0.13542145865210797,0.14443298458433051,-0.0064947797853772415,0.1521839892410608,-0.03457054787912753,0.10892178522125816,0.2642098561594761,0.46053725879601615,0.15634387458974933,0.551372063857999,0.6788616534559166,c_major
