lm_0_x,lm_0_y,lm_0_z,lm_5_x,lm_5_y,lm_5_z,lm_6_x,lm_6_y,lm_6_z,lm_7_x,lm_7_y,lm_7_z,lm_8_x,lm_8_y,lm_8_z,lm_9_x,lm_9_y,lm_9_z,lm_10_x,lm_10_y,lm_10_z,lm_11_x,lm_11_y,lm_11_z,lm_12_x,lm_12_y,lm_12_z,lm_13_x,lm_13_y,lm_13_z,lm_14_x,lm_14_y,lm_14_z,lm_15_x,lm_15_y,lm_15_z,lm_16_x,lm_16_y,lm_16_z,lm_17_x,lm_17_y,lm_17_z,lm_18_x,lm_18_y,lm_18_z,lm_19_x,lm_19_y,lm_19_z,lm_20_x,lm_20_y,lm_20_z,dist_8_12,dist_8_16,dist_8_20,dist_12_16,dist_12_20,dist_16_20,label
0.0,0.0,0.0,-0.032733380794525146,-0.22289523482322693,-0.052504241841234034,-0.011447668075561523,-0.34447917342185974,-0.06334212087313063,-0.015490353107452393,-0.32524484395980835,-0.04950248860041029,-0.018006861209869385,-0.28204768896102905,-0.035420496391452616,0.014504313468933105,-0.21416503190994263,-0.05752172358552343,0.028628945350646973,-0.36801230907440186,-0.08038418404976255,0.028799593448638916,-0.4564952403306961,-0.08179536871830351,0.03182476758956909,-0.5156457722187042,-0.08186744563499815,0.057037532329559326,-0.18988627195358276,-0.05747005008379347,0.08174663782119751,-0.3086186945438385,-0.0755605813137663,0.07276284694671631,-0.3053847551345825,-0.062170897053874796,0.05450558662414551,-0.2755872905254364,-0.04813575409571058,-0.16360666497760704,-0.1692850063223053,-0.19974362251323532,-0.1796482975524387,0.05237516968050593,0.03854605930876226,-0.06540232940057972,0.06874377436380852,-0.16217055103653935,-0.14959274207352619,0.14317153070645106,0.13299054079578554,0.24332812172968676,0.07390175652386775,0.4759080859407271,0.24347550431010068,0.7163215100630623,0.499821781075839,d_minor
0.0,0.0,0.0,-0.03201401233673096,-0.2228783667087555,-0.05246802259350147,-0.01050180196762085,-0.34452176094055176,-0.06411212895179119,-0.014245212078094482,-0.32695505023002625,-0.05090181741977062,-0.016412556171417236,-0.28410598635673523,-0.03715992931390133,0.015312135219573975,-0.2145877182483673,-0.05743139822149601,0.029629230499267578,-0.36764460802078247,-0.08107885185742703,0.029570281505584717,-0.45551303029060364,-0.08307906452679958,0.032919466495513916,-0.5129232406616211,-0.08348371300959911,0.057714998722076416,-0.19072318077087402,-0.05751345146560993,0.08251351118087769,-0.3104059100151062,-0.07634522233271923,0.07318001985549927,-0.3053881525993347,-0.06318876359725323,0.05556607246398926,-0.2734050154685974,-0.04916434947514858,-0.08863446375789469,-0.07012804518801499,-0.07273090900232795,-0.02006134218786132,-0.08779285720196098,-0.10903249482393705,-0.05850735348372668,-0.10844022706053869,-0.14633720910872305,0.06028090915971407,0.14990867175704442,0.04687815295246098,0.23861449508343624,0.07375323627875792,0.44867918422089337,0.24302194895712026,0.6760835811956698,0.4340977651983402,d_minor
0.0,0.0,0.0,-0.032107532024383545,-0.22267258167266846,-0.052150097756680225,-0.011148512363433838,-0.34475964307785034,-0.0641852180352771,-0.014143109321594238,-0.3269050121307373,-0.05167863619237778,-0.015555322170257568,-0.2845325171947479,-0.03848595273404953,0.01549530029296875,-0.21457365155220032,-0.056749940930899356,0.029461026191711426,-0.36767375469207764,-0.08029104125409958,0.029631197452545166,-0.4560139775276184,-0.0827028686991298,0.0329209566116333,-0.5146189630031586,-0.08354624462037918,0.057823777198791504,-0.19073247909545898,-0.05670471963196633,0.08236706256866455,-0.3106832504272461,-0.0757639790764415,0.07298243045806885,-0.3064575791358948,-0.06309667330890534,0.05501675605773926,-0.27570345997810364,-0.04945526000767586,0.01922769063883764,-0.1449268436417011,0.14633487947901025,-0.0903640614839718,-0.19434773511859493,-0.17168914087170584,-0.08647218985438765,0.19435535982319746,0.005427215600486479,-0.1167575165909458,0.15409539918117104,-0.1779900850155355,0.2394162735784005,0.07196315848277168,0.4712724648262969,0.24234487238384297,0.6917385217843776,0.4803692968106933,d_minor
0.0,0.0,0.0,-0.03241211175918579,-0.22280284762382507,-0.052067962871745976,-0.011219918727874756,-0.3458330035209656,-0.06306617839808837,-0.014494776725769043,-0.3282286524772644,-0.049400949315980824,-0.016547799110412598,-0.2861751616001129,-0.0354292890297927,0.015099525451660156,-0.214563250541687,-0.05719246103043929,0.029063940048217773,-0.3683416247367859,-0.08062961085315123,0.02945488691329956,-0.4567343443632126,-0.08249960227485076,0.032549500465393066,-0.516004204750061,-0.08281586452002898,0.05762368440628052,-0.1908026933670044,-0.05715162812347785,0.081673264503479,-0.3093823194503784,-0.07499600334639922,0.07291460037231445,-0.3061506450176239,-0.06111869348760024,0.055009424686431885,-0.27670973539352417,-0.0467958798872985,0.031426863104067115,-0.09022851889792904,-0.16164043904781417,-0.08327809262950324,-0.11370219514050249,-0.15605121318032197,0.16131051692949944,-0.1096209628263293,0.11186165045072105,0.1978144855245435,0.1993753352789926,0.14593397515168682,0.239744491985841,0.07307003461410154,0.5608949167963865,0.24303030789097788,0.7690298373461314,0.5330995000387642,d_minor
0.0,0.0,0.0,-0.03185474872589111,-0.22293925285339355,-0.05287079162860664,-0.010219991207122803,-0.3460165858268738,-0.06357754789257797,-0.013375699520111084,-0.3276728391647339,-0.04946370072627815,-0.015719592571258545,-0.2855863869190216,-0.03529460750485214,0.015529513359069824,-0.21491342782974243,-0.058309588804490886,0.029874980449676514,-0.3688353896141052,-0.0812643545117453,0.030666232109069824,-0.4569503515958786,-0.08277313433552536,0.0337638258934021,-0.5161446928977966,-0.08303008250857147,0.057862818241119385,-0.19112670421600342,-0.058477439209468685,0.0819597840309143,-0.30899208784103394,-0.07597295217181,0.07355380058288574,-0.3049253225326538,-0.06215132795239242,0.05555009841918945,-0.27506446838378906,-0.04814681433106216,0.015087379999744938,-0.061918962485277396,0.03273767220596918,-0.08360352551963582,0.15656076168429978,-0.1518878776284016,-0.10933736157124573,0.07199849559294819,-0.12127679975254702,0.19995828799481874,0.061860817737823426,-0.03590416641351418,0.24059180520662352,0.07317963407833968,0.40894605970884934,0.24456319985033767,0.6032676201538762,0.3667727580841772,d_minor
0.0,0.0,0.0,-0.0323714017868042,-0.2233993113040924,-0.05094140769702449,-0.009584426879882812,-0.3456764221191406,-0.06334710495335116,-0.012289285659790039,-0.32682231068611145,-0.05131465570789828,-0.014464735984802246,-0.2834627330303192,-0.038190905021252775,0.015009164810180664,-0.21508559584617615,-0.05595897512299075,0.030840277671813965,-0.36888742446899414,-0.07919027285439029,0.03131306171417236,-0.45683227479457855,-0.08149276302916064,0.034379422664642334,-0.5151575803756714,-0.08223588393789782,0.05764949321746826,-0.19132059812545776,-0.0564071722493793,0.08229589462280273,-0.3111962080001831,-0.07479888574940219,0.07313966751098633,-0.3050566017627716,-0.0616646781728889,0.05559587478637695,-0.2727797031402588,-0.04775638507467761,0.08770553736551456,-0.0340001256098276,0.07177561741796301,-0.16016732814114662,0.06533312833827287,0.16167809530380056,-0.1697360734770626,-0.014022289768216123,-0.1846984267848069,0.11155571625219424,0.09011069991539983,-0.15655781357525766,0.24084894495996004,0.0715130387965374,0.41164182152145196,0.24573564872772816,0.6146784693182635,0.38296044094729237,d_minor
0.0,0.0,0.0,-0.03235578536987305,-0.22269544005393982,-0.05194865120523673,-0.00964444875717163,-0.34373897314071655,-0.0641671488987754,-0.011707723140716553,-0.3254395127296448,-0.05144522665017348,-0.01339799165725708,-0.2817448079586029,-0.0378125454294036,0.015057027339935303,-0.21521830558776855,-0.05690487055056792,0.031111717224121094,-0.36788398027420044,-0.08025266183489066,0.03154069185256958,-0.45611725747585297,-0.08252017898433905,0.03462493419647217,-0.5132530331611633,-0.0832132468926261,0.05771028995513916,-0.19207853078842163,-0.05712109385007125,0.08243745565414429,-0.3103860020637512,-0.07535589439743262,0.07319033145904541,-0.30512768030166626,-0.06258089048736792,0.055581510066986084,-0.2724524438381195,-0.04896916029923659,-0.012446492376016277,0.0485142140804308,-0.0415719850540647,0.14331704958403607,0.15382443154717318,-0.13695870081716968,-0.0776182150766756,0.07885023315915174,0.17795173757408456,-0.17590392196810503,-0.03804180578209024,-0.17956678172579812,0.24075606625243084,0.07049106145055763,0.3254129594284984,0.24412447512930238,0.5286133876283664,0.35438621756578376,d_minor
0.0,0.0,0.0,-0.03279399871826172,-0.22227612137794495,-0.05203367644733703,-0.01045370101928711,-0.3440147638320923,-0.06509121754950797,-0.01139765977859497,-0.32691115140914917,-0.05349396044201171,-0.012477278709411621,-0.2849305272102356,-0.0406390676814965,0.014362692832946777,-0.21403175592422485,-0.0570589775759629,0.02933192253112793,-0.3671443462371826,-0.08052535602635658,0.03060460090637207,-0.4558952748775482,-0.08318747082537925,0.03360116481781006,-0.5143446326255798,-0.08411025503463065,0.05695474147796631,-0.1904761791229248,-0.05752316364831245,0.0813555121421814,-0.30892089009284973,-0.0761774952132157,0.07346093654632568,-0.3061671257019043,-0.06426768997496879,0.05578792095184326,-0.2766462564468384,-0.05123745525068557,-0.14133333216394967,-0.10059265337463402,0.17525979729259245,-0.1391198433663522,0.05049523545872564,-0.10434599278327879,-0.18739290795835606,-0.12461574171906267,-0.015999057640012998,-0.14510015852481348,-0.11188655591272588,-0.02256197684871547,0.23799957741833352,0.0695779594838697,0.21876888596397912,0.2409842134900062,0.44462889809757655,0.2613887190708349,d_minor
0.0,0.0,0.0,-0.03322654962539673,-0.22024640440940857,-0.05337326994572322,-0.01101619005203247,-0.3428593575954437,-0.06497674828801792,-0.011929512023925781,-0.32728785276412964,-0.051575634837490725,-0.012820422649383545,-0.28593283891677856,-0.037693336814982104,0.014173269271850586,-0.2122076451778412,-0.059378542214972185,0.02883070707321167,-0.36711329221725464,-0.08367641663585346,0.030156970024108887,-0.45666302740573883,-0.08599895632301013,0.033476948738098145,-0.5143815279006958,-0.08638870364461582,0.057181477546691895,-0.18897706270217896,-0.05985514467988651,0.08206003904342651,-0.3069080114364624,-0.07776409035955112,0.07502096891403198,-0.3038891851902008,-0.06384397691522281,0.05786412954330444,-0.27359461784362793,-0.049390357196671175,0.19563550171569105,-0.16241309198866014,0.06080678711356391,-0.06801129162541017,0.11723392157898554,-0.11715485955662892,-0.008736571233318668,-0.08948445483979528,-0.11610063419442757,0.12335138111731692,-0.10893448662306189,0.13478448952741984,0.23812494377224228,0.07270046701184539,0.28216976704737023,0.24483044802952605,0.47051280349655605,0.2555815194769263,d_minor
0.0,0.0,0.0,-0.033255547285079956,-0.2205844521522522,-0.05397803306735227,-0.01110076904296875,-0.34319013357162476,-0.0657109875992603,-0.013477742671966553,-0.327511727809906,-0.05273294791734884,-0.013913869857788086,-0.28476855158805847,-0.03919382363713453,0.014270782470703125,-0.2123558223247528,-0.05950415849841306,0.029428720474243164,-0.3676365613937378,-0.08380178705013464,0.030129194259643555,-0.45703159272670746,-0.08594014838493536,0.03480648994445801,-0.5143283307552338,-0.08630080863989065,0.057591378688812256,-0.18936091661453247,-0.05959940299547384,0.08354181051254272,-0.3102169632911682,-0.07748180970705221,0.0732806921005249,-0.306363582611084,-0.06266164377487371,0.05505472421646118,-0.2742796838283539,-0.04759323194778631,-0.06548345686880319,0.11844854347245382,-0.033213513399345806,-0.10159271130298456,0.004483234008347742,-0.12120175517072661,0.1371086232676746,0.02781537320145744,-0.10990691710869505,0.16987728303180127,-0.004296030033947018,-0.10534741137066087,0.23935420135563215,0.07026544937185122,0.34178987755260287,0.24399102519546678,0.5279581801619109,0.2990166192202199,d_minor
0.0,0.0,0.0,-0.03302013874053955,-0.2213762104511261,-0.052828480613158035,-0.010220527648925781,-0.34420451521873474,-0.06606808037750511,-0.012265503406524658,-0.3276081681251526,-0.05476311327211647,-0.013484537601470947,-0.2846384346485138,-0.04210601852528839,0.014739632606506348,-0.2124497890472412,-0.05786753178827553,0.029833972454071045,-0.3672638237476349,-0.08144039393656044,0.03025907278060913,-0.45600299537181854,-0.08388539136640816,0.03365790843963623,-0.5138425529003143,-0.08471594483845024,0.05767923593521118,-0.1885419487953186,-0.05830424384467392,0.08333545923233032,-0.3106445074081421,-0.07712004811756401,0.07388049364089966,-0.30593687295913696,-0.06418173493139534,0.05587935447692871,-0.27430710196495056,-0.05041048408739357,0.04086378541014324,0.049959689125415624,-0.10399921720043888,0.18357179619665426,0.025921821501187686,-0.11221829393376824,-0.0865955991420222,-0.12792642372908336,-0.18911690842914242,-0.12033300327636019,-0.10468891896911262,-0.01959081718051192,0.2378498346914228,0.07061904918330837,0.21048837759345493,0.24299771512534568,0.44199680915442635,0.24651769692262215,d_minor
0.0,0.0,0.0,-0.033439844846725464,-0.22368112206459045,-0.05229629835355354,-0.011833012104034424,-0.3458857238292694,-0.06488340607154441,-0.01417309045791626,-0.33082079887390137,-0.05298308169710708,-0.015013515949249268,-0.28923168778419495,-0.04013470446932388,0.01399928331375122,-0.21470797061920166,-0.05725087484586311,0.027471721172332764,-0.3692958652973175,-0.08068681767451835,0.027397453784942627,-0.45780880749225616,-0.08277688434588981,0.03062570095062256,-0.5151624083518982,-0.08318976572024894,0.056668639183044434,-0.19053667783737183,-0.05768257266151977,0.08156359195709229,-0.3137633800506592,-0.07720886430013252,0.07228434085845947,-0.3102260231971741,-0.06474133095014167,0.0544162392616272,-0.2793244421482086,-0.051027576236606365,0.08646852795005933,-0.0005645534596516177,0.16505791224243538,0.015900753649978394,-0.038181099625211434,-0.0076155697928884936,-0.08143919456004278,0.0459342071614203,-0.16804242002117986,0.11749692272006818,0.11753666496511228,-0.17123295687195547,0.23448105875485137,0.07097393239825772,0.44744414281309336,0.23920690301201958,0.6446753679613453,0.41943681824380175,d_minor
0.0,0.0,0.0,-0.03241091966629028,-0.22213700413703918,-0.05142599071034226,-0.010693073272705078,-0.3446319103240967,-0.06316025654443536,-0.01372528076171875,-0.32610023021698,-0.05051160330542359,-0.015181303024291992,-0.282077819108963,-0.037318409482324455,0.015215277671813965,-0.21375134587287903,-0.05650897050865922,0.028455674648284912,-0.36788055300712585,-0.07893525163301263,0.028618037700653076,-0.4559486657381058,-0.08067598293193612,0.03188067674636841,-0.5140020549297333,-0.08136011759408746,0.05755060911178589,-0.18993282318115234,-0.057087526718461845,0.08215415477752686,-0.31111955642700195,-0.07561765710481438,0.07343673706054688,-0.3059057593345642,-0.0631398047006968,0.0557403564453125,-0.27419519424438477,-0.0500099855161551,-0.15265673012061512,-0.19801283204828024,-0.06255049391436038,0.10754292674997928,-0.08425880114123202,0.039722906046737894,0.12588299650640117,-0.019098055026520733,-0.015535835815662535,0.15782600481623482,0.006520164968749187,0.08849085353080066,0.24071425623419987,0.07247822886150511,0.35923292672004875,0.24302149190637884,0.5618317892952819,0.3292492595560105,d_minor
0.0,0.0,0.0,-0.03305506706237793,-0.22207796573638916,-0.051751222543501285,-0.011513710021972656,-0.3459157347679138,-0.0627733507082695,-0.015471160411834717,-0.32887592911720276,-0.04915693410494271,-0.017373085021972656,-0.2854020595550537,-0.03517331563689652,0.014754235744476318,-0.2139672338962555,-0.05704586588599625,0.028070449829101562,-0.3695334792137146,-0.08022034548976364,0.027862250804901123,-0.4583652913570404,-0.08159365885713044,0.031332314014434814,-0.5168311595916748,-0.08150616668918076,0.05767136812210083,-0.19046497344970703,-0.057361468754791645,0.0814521312713623,-0.31193214654922485,-0.0756195821688408,0.07206368446350098,-0.30607300996780396,-0.061259348027491,0.05426067113876343,-0.2734367251396179,-0.046390984289431,0.05400380099896385,-0.18364939134860753,-0.17739998055509273,0.13824511376257165,0.0779748328989609,-0.05196536996123738,0.027993755576530915,0.1148224046552041,0.09437692219773086,0.1692271506002999,-0.0829963530831889,-0.16720316080563724,0.24099455870556333,0.07348741619738078,0.3053188463916762,0.24698104445002467,0.4632187389299939,0.25314108458200535,d_minor
0.0,0.0,0.0,-0.03209918737411499,-0.22191008925437927,-0.05155286741029386,-0.01099848747253418,-0.34542834758758545,-0.06241084438335065,-0.01511770486831665,-0.3280184864997864,-0.04838298436771993,-0.017149388790130615,-0.2839973568916321,-0.0342458988405383,0.015581071376800537,-0.21446913480758667,-0.057117869970909396,0.02871417999267578,-0.3694847822189331,-0.08048661973845128,0.02841353416442871,-0.45841318368911743,-0.08190793719660405,0.031567931175231934,-0.5160903334617615,-0.08190096345316533,0.05804210901260376,-0.1910848617553711,-0.057675300059429446,0.0811280608177185,-0.31209251284599304,-0.07591855701576833,0.07246172428131104,-0.30564001202583313,-0.06148050156008367,0.055197060108184814,-0.27223172783851624,-0.046654971209875384,0.023762093387200756,0.08386320262643376,0.1262629537422994,-0.15106948385431915,-0.1172953081813978,-0.1652884801211728,-0.15807845458945802,0.041611397293284336,0.07268311895698482,0.12830403265164836,0.08770707357363855,-0.09050827740578252,0.2418915712070675,0.07433992044843427,0.4030959397940518,0.24752299941592826,0.611558065865382,0.369896854083407,d_minor
0.0,0.0,0.0,-0.03336504101753235,-0.22240430116653442,-0.04919901210986666,-0.012569785118103027,-0.3457118272781372,-0.06033485103570513,-0.01662534475326538,-0.3273048996925354,-0.04729887936436228,-0.018479228019714355,-0.2828018367290497,-0.0337596768530517,0.014387369155883789,-0.21539703011512756,-0.054869932124248066,0.027332603931427002,-0.3711521625518799,-0.0778800966235309,0.027378976345062256,-0.4600450396537781,-0.07947323192082933,0.030724525451660156,-0.5192459523677826,-0.0794338258000522,0.05712777376174927,-0.19221138954162598,-0.05584372300826601,0.07967674732208252,-0.3121037185192108,-0.07411754597150377,0.0717092752456665,-0.3047569990158081,-0.059993670323720494,0.05502516031265259,-0.2719104290008545,-0.04517619032584719,0.034077588899085715,-0.12422518610182509,-0.086496004439904,-0.18917658698292772,-0.049319207491077016,0.0794803369292203,-0.11886013725420469,0.022876112188810416,-0.19017434522347132,0.07871456035927121,0.13355434088181223,0.002325143011205677,0.2457904738957291,0.07517881780323306,0.42907017300066724,0.25087639897392305,0.6596482360305916,0.4089244966486728,d_minor
0.0,0.0,0.0,-0.032439202070236206,-0.22256043553352356,-0.046204892843206835,-0.012661397457122803,-0.34455904364585876,-0.05807941585703702,-0.016704916954040527,-0.33012500405311584,-0.04678122877999158,-0.017653465270996094,-0.2884989082813263,-0.034449255018671465,0.01540827751159668,-0.2163102924823761,-0.05189489006920667,0.027689635753631592,-0.3699069023132324,-0.07559767544194074,0.027399897575378418,-0.45912720263004303,-0.07855574220343442,0.03160059452056885,-0.5173363387584686,-0.07935422092600675,0.058084845542907715,-0.19399583339691162,-0.053039280622442675,0.08006983995437622,-0.3136427402496338,-0.07161322414799542,0.07107198238372803,-0.30685240030288696,-0.058117547928532076,0.054532647132873535,-0.2734217941761017,-0.04353279799147458,-0.048465593285201,-0.1351744484629318,-0.18298664189029712,0.0683651046582815,0.03549061706006587,-0.07587167736821968,-0.05433977161465858,-0.16556264680194144,0.01652927911941937,0.033676267538453736,0.19431473773842384,0.12998826803418528,0.23834636132416823,0.0743011772898978,0.5126240896026375,0.247595150269329,0.7418057972149524,0.49932155192009875,d_minor
0.0,0.0,0.0,-0.03134474158287048,-0.22061052918434143,-0.047967011186671016,-0.011234402656555176,-0.3434703052043915,-0.05981564715821719,-0.017034471035003662,-0.3269936442375183,-0.04868029252011752,-0.020306944847106934,-0.2857503592967987,-0.03659899354298091,0.01626640558242798,-0.21360915899276733,-0.052999528202605006,0.02870810031890869,-0.36775219440460205,-0.07549308434445834,0.029016613960266113,-0.4562145471572876,-0.07806647762973284,0.03270643949508667,-0.5168037414550781,-0.07899659321029162,0.05846512317657471,-0.1907554268836975,-0.053707828822922465,0.08032995462417603,-0.3077974319458008,-0.07178531781156039,0.07179582118988037,-0.3034849762916565,-0.05953403011281466,0.05454784631729126,-0.274673730134964,-0.0463069957526443,0.19328819824325594,-0.02549618080774524,-0.08834846256224448,0.08186448745306546,0.1793891784339307,0.08404729404638034,-0.06639318898648688,0.0730824264384961,0.15790322395122464,0.18953813851520945,0.04557461158623494,-0.17957853749846817,0.24081868860979747,0.07629008310886351,0.4174378340923349,0.24530103794275854,0.5924376096297297,0.3722132227664219,d_minor
0.0,0.0,0.0,-0.03104931116104126,-0.22086596488952637,-0.0461377423414433,-0.00923687219619751,-0.3441471457481384,-0.05966957995383382,-0.014300644397735596,-0.325874000787735,-0.05031301418034673,-0.017318129539489746,-0.2831141948699951,-0.03900636324374318,0.016413569450378418,-0.21322426199913025,-0.051284011096640825,0.03007131814956665,-0.3679754436016083,-0.07440227234451413,0.030512690544128418,-0.45577843487262726,-0.07726308667747617,0.03457379341125488,-0.5168194472789764,-0.07817995512573361,0.05863988399505615,-0.18985265493392944,-0.05271755495755315,0.08214950561523438,-0.31025561690330505,-0.071563012541219,0.07271665334701538,-0.30078524351119995,-0.058134793878480195,0.05549746751785278,-0.26882296800613403,-0.04363119939057469,0.08700482301273127,0.07884395277353573,0.09820435732835786,0.038809747676590345,-0.013247076794397378,-0.07824221951480821,-0.17562432821396312,-0.09134497782976991,-0.10773467920385733,0.0007194707055248606,0.03593161984632992,-0.1266997191096843,0.24258088748293513,0.07434876898427205,0.33136944876320923,0.2512641446619317,0.5559082881834799,0.32058753363195625,d_minor
0.0,0.0,0.0,-0.030612289905548096,-0.22153550386428833,-0.045960056726229936,-0.010360181331634521,-0.3435729444026947,-0.05967390457202271,-0.014817655086517334,-0.3245624601840973,-0.05084080541540459,-0.017038941383361816,-0.28196874260902405,-0.04008790398050621,0.01686471700668335,-0.21419093012809753,-0.05117365637828186,0.030589401721954346,-0.3684654235839844,-0.07370024094392136,0.03121805191040039,-0.45499975979328156,-0.07650826046277359,0.035617053508758545,-0.5160818696022034,-0.07778850862790421,0.05891895294189453,-0.19108694791793823,-0.05281128654290512,0.08192980289459229,-0.3128868043422699,-0.07137653151561096,0.07180190086364746,-0.30053120851516724,-0.05780207285691574,0.05438971519470215,-0.2666991949081421,-0.04353784317184761,-0.19019200603861552,-0.15199678403414044,0.1895100565726206,-0.040867293331329574,0.02594650821987382,-0.04990846178964978,-0.019832649427048876,0.07701607334152055,-0.15697964321705885,-0.08938871025946576,0.14240115630441486,0.009506014244407002,0.24290521941568674,0.07312396425222352,0.43334034763119783,0.25242273936498194,0.6759043350252443,0.4368626601094595,d_minor
0.0,0.0,0.0,-0.03075307607650757,-0.22347590327262878,-0.04414897679296814,-0.010561347007751465,-0.3460882306098938,-0.05789429961649262,-0.014522671699523926,-0.3278088867664337,-0.049411388923800814,-0.016260385513305664,-0.2855222821235657,-0.038844383200085986,0.01688140630722046,-0.2166064977645874,-0.04949251084534012,0.030227959156036377,-0.3704567551612854,-0.07206848530975662,0.030943095684051514,-0.45703454315662384,-0.07522636919227921,0.03536587953567505,-0.5184321701526642,-0.07668657123056732,0.058953166007995605,-0.19364029169082642,-0.05136876075474106,0.0817267894744873,-0.31578508019447327,-0.06963119178024613,0.0716625452041626,-0.3013398349285126,-0.05549239261952721,0.054482460021972656,-0.26629623770713806,-0.0408224192163118,0.17757958579744826,0.10085416037295752,-0.1856272188197362,0.07705084850224575,-0.1539781439411963,-0.12491559336171756,0.04466379179350036,-0.07001441071042902,-0.044386713545541634,-0.17303746839902662,-0.043210907040641844,0.1271715804509213,0.24154568590552206,0.07333555484764659,0.3329491799054417,0.25539030811556973,0.5575171300966196,0.36021433412826714,d_minor
0.0,0.0,0.0,-0.02842998504638672,-0.225163996219635,-0.044711734553928295,-0.008659720420837402,-0.3479231894016266,-0.05742129628931991,-0.01477724313735962,-0.32591184973716736,-0.047765407165641705,-0.017241716384887695,-0.2803160846233368,-0.036755974790210644,0.018840432167053223,-0.217738538980484,-0.05037086402451507,0.03213292360305786,-0.3699786961078644,-0.0722497100142192,0.0330623984336853,-0.4565854072570801,-0.07502337490593902,0.0378299355506897,-0.5175102055072784,-0.07681097780739776,0.06051290035247803,-0.19396710395812988,-0.05240350907122604,0.08372724056243896,-0.3145640790462494,-0.06984279995238296,0.07381576299667358,-0.30384543538093567,-0.05585196932231895,0.05597543716430664,-0.27090567350387573,-0.042074798992032925,-0.1508524942295163,0.004141918888425827,0.04809022488168052,0.12050480194603969,0.026140743286292956,-0.1510995907936347,0.05777363121885787,-0.12694390150546933,0.09156344393291732,0.04395500228864116,0.14763831407353573,0.04620946334826473,0.2467758924520914,0.07401079179534203,0.4401968533121493,0.24969913206120692,0.676457018948896,0.42792250626576184,d_minor
0.0,0.0,0.0,-0.02693760395050049,-0.22771519422531128,-0.042325610767250055,-0.009716808795928955,-0.34867024421691895,-0.055311011622791284,-0.016675829887390137,-0.3264845311641693,-0.04678944731796264,-0.01871412992477417,-0.28161466121673584,-0.036849229137544626,0.02052474021911621,-0.22056332230567932,-0.04761144379818916,0.03305625915527344,-0.36971795558929443,-0.06992179761374473,0.034480154514312744,-0.4569235146045685,-0.07443381706917762,0.04030144214630127,-0.51939457654953,-0.0775798321768093,0.06169182062149048,-0.1963740587234497,-0.04959212849581718,0.08445656299591064,-0.3134540319442749,-0.06768289814436912,0.07357454299926758,-0.30048424005508423,-0.05473457510316848,0.05541270971298218,-0.2671245336532593,-0.04153968999827384,-0.06401048796420192,0.03980286195511429,0.17912420477809599,-0.01674214732406179,0.15470018597120078,-0.011979825401345151,-0.041083789168682744,-0.03617300326112019,0.12345130845479535,0.09083796158141055,-0.031191934986514097,0.0853127575227009,0.24835681570371534,0.07567531020467311,0.2993939771450556,0.2552790958903748,0.5171361085872217,0.27020489082480853,d_minor
0.0,0.0,0.0,-0.02552342414855957,-0.2268388867378235,-0.04268850765973298,-0.009522438049316406,-0.34810376167297363,-0.054114610029756705,-0.016919255256652832,-0.32614585757255554,-0.043843891544639746,-0.018901586532592773,-0.2815518081188202,-0.03294385231882302,0.02216625213623047,-0.2198668122291565,-0.04775577790886132,0.034096479415893555,-0.3680388331413269,-0.06994192309528557,0.035342395305633545,-0.45549388229846954,-0.07437809564024178,0.04101079702377319,-0.5180217027664185,-0.07752618200927941,0.06323802471160889,-0.19561272859573364,-0.04912275083214013,0.08580124378204346,-0.3116632103919983,-0.06670018292814461,0.07431620359420776,-0.29966768622398376,-0.05373855687528817,0.055217623710632324,-0.26694169640541077,-0.04075286917239396,-0.14003472332411016,0.105131091783766,-0.07656418882283185,0.063407643756198,-0.05168862110218328,0.08091019439885294,0.1690779925779753,-0.04888599044489039,-0.04268542907188849,-0.09949829674019468,-0.1495134258288267,-0.01799596616010604,0.24798203341911665,0.07594796531558343,0.15541365253625755,0.25415601518703734,0.3988546128615457,0.19556147730640802,d_minor
0.0,0.0,0.0,-0.025641679763793945,-0.22657045722007751,-0.040624478328780356,-0.009231507778167725,-0.3457558751106262,-0.05348062278683585,-0.015883922576904297,-0.32641470432281494,-0.04537667842562598,-0.017534613609313965,-0.283865749835968,-0.035614048559025946,0.021855056285858154,-0.2197970449924469,-0.04569123076255721,0.03439676761627197,-0.36765891313552856,-0.06772800670917434,0.03579837083816528,-0.45487575232982635,-0.07259741561468047,0.04133200645446777,-0.5167277157306671,-0.07570435987766189,0.06279826164245605,-0.19589689373970032,-0.04756966369207305,0.08605778217315674,-0.311085045337677,-0.06602766500766677,0.07508069276809692,-0.29835933446884155,-0.05397457392867011,0.05659985542297363,-0.26552313566207886,-0.040963077414588156,-0.009667371012115122,-0.038927683812428976,-0.02445977315024303,0.029883928502315582,0.13360572075677862,-0.011636811337916997,0.17302488963655338,-0.07462841325181097,-0.181843092666136,-0.1834708369806736,0.037059175400980415,-0.07163197137680788,0.243510178801016,0.07655705782701556,0.363077028506622,0.25405472829046094,0.5976895712273067,0.38746686745616643,d_minor
0.0,0.0,0.0,-0.024082481861114502,-0.2267560362815857,-0.03905143623948959,-0.0075463056564331055,-0.34624379873275757,-0.053075339996823345,-0.014258265495300293,-0.3269490599632263,-0.046441208922871624,-0.015943467617034912,-0.2839486300945282,-0.03729315882326034,0.02348196506500244,-0.22048422694206238,-0.04409187322259811,0.03591245412826538,-0.3688476085662842,-0.06601651793123153,0.037293195724487305,-0.4545787572860718,-0.07077762519718078,0.04340052604675293,-0.5160366892814636,-0.07363949006200698,0.06444013118743896,-0.197031170129776,-0.04634109174610046,0.08724409341812134,-0.31289875507354736,-0.06493678724170593,0.07495838403701782,-0.29822689294815063,-0.05261904036403564,0.056118547916412354,-0.26401689648628235,-0.03917483275533584,-0.08602868859729451,0.14137278678617954,-0.13401080578174698,-0.025068182608888906,-0.025320958424838474,0.04118235135073581,-0.09596866140064297,0.029493268616784224,0.14349448724121178,0.12134272962759751,-0.16282820883902616,0.12901138568524645,0.24229657982654815,0.07479136838004453,0.24733551690605274,0.25468320840618747,0.41460655469568053,0.20683314159247046,d_minor
0.0,0.0,0.0,-0.023891150951385498,-0.22658231854438782,-0.04180139811865047,-0.008029460906982422,-0.3437235951423645,-0.0538567318224068,-0.01502150297164917,-0.32251793146133423,-0.04442650215855792,-0.016877174377441406,-0.2786513864994049,-0.03344859318963245,0.023182451725006104,-0.2201845645904541,-0.0456957048379536,0.03475254774093628,-0.36817431449890137,-0.06705681743255809,0.034943222999572754,-0.45253677666187286,-0.06995709749094203,0.04032093286514282,-0.5126260221004486,-0.07145248117080882,0.06432682275772095,-0.19714289903640747,-0.04662393914691165,0.0867573618888855,-0.31490644812583923,-0.06468605013719753,0.07398343086242676,-0.302778959274292,-0.05179476129046634,0.05530613660812378,-0.26879823207855225,-0.037984745075618775,-0.06795534093433883,0.15130846608097903,-0.015241925962114378,0.020806579005818227,-0.1724306305567636,0.11284486157589757,-0.15281003265999082,0.018274963100212205,-0.019430765668836447,-0.077241021742251,-0.02198622143519971,-0.0642290690611739,0.24384431319688626,0.07299377857607264,0.2654585442606741,0.24656974039309432,0.5045794336380068,0.28137818381323115,d_minor
0.0,0.0,0.0,-0.023890018463134766,-0.22611546516418457,-0.04063214115450364,-0.00844663381576538,-0.34227555990219116,-0.05274031065056306,-0.014539718627929688,-0.32206302881240845,-0.04360269136378747,-0.015620827674865723,-0.2791081666946411,-0.03276464096853715,0.023250102996826172,-0.22003516554832458,-0.04456601045677644,0.0349733829498291,-0.3674401640892029,-0.06620924673626405,0.0355226993560791,-0.4518604725599289,-0.06943058721373063,0.041358888149261475,-0.5119852423667908,-0.07096304498264772,0.06445205211639404,-0.19717556238174438,-0.04551765076467973,0.08738046884536743,-0.31452372670173645,-0.0636793275887726,0.07447564601898193,-0.3027762174606323,-0.050917041819786846,0.05559360980987549,-0.26918429136276245,-0.037026868533587276,-0.06170320962145551,-0.19201911710292985,0.12269332745534428,0.1568580149680377,-0.0268039269427712,-0.017650341814335307,0.020362292416858135,0.0345525659665408,-0.017214783283552026,0.15620381885173135,-0.018246503943837006,-0.10935207411146464,0.24277054693318056,0.07202878585459467,0.3216180205811339,0.24557400754395298,0.5083709447686781,0.2798626854013125,d_minor
0.0,0.0,0.0,-0.023446261882781982,-0.22684189677238464,-0.04051815069730935,-0.007081866264343262,-0.3415803909301758,-0.05285469538982568,-0.013306856155395508,-0.3189939260482788,-0.04410383201654611,-0.014937818050384521,-0.2749088704586029,-0.03370212487395463,0.02349531650543213,-0.22077065706253052,-0.04460232428725419,0.03556281328201294,-0.36659669876098633,-0.06598525218184648,0.03679227828979492,-0.45013315975666046,-0.06950680635388551,0.04257380962371826,-0.5101420879364014,-0.071523156980831,0.06406164169311523,-0.19731858372688293,-0.045959257553178645,0.0870283842086792,-0.31293389201164246,-0.06414198599274812,0.07549411058425903,-0.29971808195114136,-0.05174200705702958,0.05702120065689087,-0.2657439410686493,-0.038429410229284144,0.19683219055127904,-0.042810259015966245,0.19984162469144912,0.18908852245151014,-0.06327317278937811,0.02986764032464642,0.19861729821678575,-0.08039453092893707,-0.05914177448358937,-0.11821930048158791,0.10593466685180425,0.08498189588905969,0.2450972957670305,0.072694178108481,0.4120615989251681,0.2470513658616609,0.6556667016262998,0.4290507793988807,d_minor
0.0,0.0,0.0,-0.022889912128448486,-0.22639822959899902,-0.040794772433386584,-0.007435142993927002,-0.3398960828781128,-0.053281930612669726,-0.013955175876617432,-0.31702789664268494,-0.04486304275904729,-0.015400946140289307,-0.2730633318424225,-0.034845994191513796,0.024006307125091553,-0.2207549810409546,-0.0448954676858051,0.03626668453216553,-0.36468929052352905,-0.06666663788472249,0.037292659282684326,-0.4475143998861313,-0.07065080605660512,0.04347044229507446,-0.5071961581707001,-0.07317755870734288,0.0644298791885376,-0.19737479090690613,-0.04614628605757787,0.08753085136413574,-0.31269192695617676,-0.06398744635497167,0.07487642765045166,-0.29846665263175964,-0.05063526831780507,0.0562666654586792,-0.2638176381587982,-0.036886529403076906,-0.12143482685469063,0.08077322970025236,0.04422309536007099,-0.1435107073095391,0.06613287358837067,-0.009467440438129998,0.13380239458204318,0.11421979677332855,0.12292918171887063,-0.01980363375297195,-0.16715549777753347,-0.18850062210915325,0.24444494181513768,0.07229033952017132,0.1866697555980592,0.24640187933211788,0.3645965830513676,0.1952359928709975,d_minor
0.0,0.0,0.0,-0.021753787994384766,-0.22696998715400696,-0.0400466038133942,-0.0077797770500183105,-0.34186869859695435,-0.05277172981165279,-0.015174806118011475,-0.31671142578125,-0.04485542459748615,-0.016114354133605957,-0.2707975208759308,-0.035244384243711124,0.02522951364517212,-0.22079071402549744,-0.044320938571914326,0.036873698234558105,-0.366091787815094,-0.06650550796054233,0.038066864013671875,-0.44876614212989807,-0.07102054490111698,0.045390784740448,-0.5088623464107513,-0.0739731950905167,0.06525623798370361,-0.19661831855773926,-0.0457352189566933,0.0879983901977539,-0.31392526626586914,-0.06378606839440693,0.07512116432189941,-0.29675865173339844,-0.049663597181066166,0.05699795484542847,-0.2604692280292511,-0.03529352082274784,-0.1974827436118358,0.0866101408354853,0.17691236041064579,-0.06485292484628974,0.009815463062294416,0.15236249701359317,0.17515419610333421,0.04276042072288963,-0.12462424317098574,-0.053702576406758296,0.011248489452349242,0.1214388858748977,0.24891296481792358,0.07383824057882184,0.3248268362232669,0.251654495009711,0.5643763435801482,0.33264120749264264,d_minor
0.0,0.0,0.0,-0.0213964581489563,-0.22837892174720764,-0.042006548202209615,-0.006981849670410156,-0.3422279357910156,-0.05278938234465613,-0.014986395835876465,-0.3153822422027588,-0.04273437679427161,-0.016897857189178467,-0.26872238516807556,-0.031893603211813115,0.02535778284072876,-0.22193282842636108,-0.04557740286605849,0.037317752838134766,-0.3657093644142151,-0.06675054476278319,0.0380403995513916,-0.4474954605102539,-0.07005461648719802,0.04452395439147949,-0.5069131255149841,-0.07241254643219008,0.06535571813583374,-0.19746237993240356,-0.04586394101994529,0.08846026659011841,-0.3128548860549927,-0.06258368835466399,0.07562142610549927,-0.2978527843952179,-0.04794882208722129,0.057206690311431885,-0.2624132037162781,-0.03372088790553107,0.19410260834134968,-0.10106266402363828,0.022046502151314984,0.19835772020456144,0.09805799645541718,0.13756571511913662,-0.19827827307715218,0.03068995294844129,-0.17515325426139827,-0.14284306201885572,0.059581005106642215,-0.05964093349613431,0.2492975180072084,0.07439508518856483,0.3527254244073855,0.24786711760443783,0.5968124604632945,0.3799631859619123,d_minor
0.0,0.0,0.0,-0.021230995655059814,-0.2295505404472351,-0.042821177621135575,-0.006499826908111572,-0.3420215845108032,-0.05296244599367128,-0.014690756797790527,-0.31417736411094666,-0.041888700206527574,-0.017060816287994385,-0.26675745844841003,-0.03024640061403261,0.025648295879364014,-0.2236519157886505,-0.04588433109665857,0.0372316837310791,-0.36642298102378845,-0.0662123648121451,0.03782296180725098,-0.4476747512817383,-0.0682788429453467,0.04372018575668335,-0.5062361061573029,-0.06981195636535631,0.06576710939407349,-0.1994091272354126,-0.04574084409023271,0.08822762966156006,-0.3128497898578644,-0.062234037895450456,0.0760718584060669,-0.29943251609802246,-0.0478574907078837,0.05795168876647949,-0.2641057074069977,-0.03391271956706987,-0.19379850814903668,0.16230350293864237,0.1527806135703616,-0.17025011965393252,0.10397197741728492,-0.10693180528262435,0.18679715829671634,-0.08570987808200883,-0.017395456836443335,-0.0558766886461346,-0.18754242918546057,-0.003394363781843518,0.2502194759005506,0.0751488495773455,0.09221022009566299,0.24519058073180353,0.3404357409809275,0.14053542299452715,d_minor
0.0,0.0,0.0,-0.02031606435775757,-0.22991302609443665,-0.04397848608098798,-0.005373120307922363,-0.3414543569087982,-0.05302974941335492,-0.014088749885559082,-0.31409531831741333,-0.04096510993443303,-0.016834259033203125,-0.2675641179084778,-0.028936285396440553,0.025949835777282715,-0.22391840815544128,-0.04677626477680974,0.03708678483963013,-0.3659740686416626,-0.06625934304796033,0.037828028202056885,-0.44603845477104187,-0.06737236293159299,0.04388725757598877,-0.5041070580482483,-0.06843710305295758,0.06559205055236816,-0.1996251344680786,-0.04626778127752118,0.08787918090820312,-0.31294795870780945,-0.062241375317199754,0.07600033283233643,-0.30070847272872925,-0.04773569839201741,0.05812478065490723,-0.2664217948913574,-0.03399835886560254,-0.19813490186354535,-0.14751658507847254,-0.005864272480710531,0.13493013177109908,0.06720195380200689,-0.017718161551620565,-0.0004716187476904443,-0.18545533607300912,0.049317601892223895,-0.18886066251753456,-0.18658575466243815,-0.09012972371725332,0.2473862965178565,0.07513845300940351,0.1997378674745594,0.24058889934197977,0.3942866244281815,0.26556794343186496,d_minor
0.0,0.0,0.0,-0.020357787609100342,-0.22974160313606262,-0.04186697248987059,-0.005842864513397217,-0.3407687842845917,-0.0517204994397531,-0.014256954193115234,-0.3135697841644287,-0.04093695749214987,-0.01663452386856079,-0.26697590947151184,-0.029583783267653985,0.025893747806549072,-0.22432607412338257,-0.044656924350775284,0.03682678937911987,-0.365291565656662,-0.06393141989282469,0.037435710430145264,-0.44505293667316437,-0.0653635555940042,0.04351431131362915,-0.5027740895748138,-0.06656489466003279,0.06562578678131104,-0.20033448934555054,-0.04457415212563376,0.08762234449386597,-0.3131371736526489,-0.060667532874859376,0.07572484016418457,-0.30071496963500977,-0.046426459594286484,0.05809372663497925,-0.26587438583374023,-0.03264858890942435,-0.1876116820766731,-0.1641418471204065,-0.08914140271237221,-0.09686451397545165,-0.16930151531421345,0.16488397647553998,0.10294104931863207,-0.09360827932587489,-0.13148655959375283,-0.07424405005788492,-0.047368478771876055,-0.14921356068387964,0.2461427770900845,0.07479918322592988,0.2566272876584044,0.23975893055210606,0.4775898910354179,0.2807944287298414,d_minor
0.0,0.0,0.0,-0.020201027393341064,-0.22989583015441895,-0.04089848358329107,-0.005339145660400391,-0.34048372507095337,-0.05024916712339689,-0.013905465602874756,-0.31287145614624023,-0.039143048563559546,-0.016445696353912354,-0.26595431566238403,-0.027594734320004477,0.02589935064315796,-0.22407805919647217,-0.044183485546668066,0.037423133850097656,-0.36501747369766235,-0.06343039531405736,0.038102805614471436,-0.4449335187673569,-0.06486881185468008,0.04386252164840698,-0.5029413104057312,-0.06602013517316152,0.06551492214202881,-0.1999640166759491,-0.04443880576785375,0.08744531869888306,-0.3132360875606537,-0.060418647119362845,0.07578563690185547,-0.3005256652832031,-0.04622006077464391,0.05816996097564697,-0.26567861437797546,-0.032475736328919425,0.0722791066993409,0.0401869143440709,-0.19314388830921986,-0.0893493575697745,0.04267189025883017,0.1732778686861669,-0.12494113810258996,0.03649695081070861,0.03260386939017432,-0.1789566719518959,0.13690151203915263,-0.08031773155278668,0.24754076081894943,0.07477564115760878,0.4375869622601964,0.2400489875843751,0.677681084089824,0.4696686648442549,d_minor
0.0,0.0,0.0,-0.02070629596710205,-0.22983288764953613,-0.040045516293446326,-0.005659282207489014,-0.3398396968841553,-0.049212103437582755,-0.014239251613616943,-0.3128947615623474,-0.038404350828329825,-0.01680856943130493,-0.2666683793067932,-0.02711464996258428,0.02534264326095581,-0.2245008945465088,-0.043202055346171164,0.036311209201812744,-0.36531341075897217,-0.062134338270823264,0.0369756817817688,-0.444779172539711,-0.06349999244133642,0.0427512526512146,-0.5016269683837891,-0.06450212533394506,0.06497228145599365,-0.20075348019599915,-0.04337166408816984,0.08706718683242798,-0.3134322762489319,-0.0591241546980541,0.07492947578430176,-0.30330991744995117,-0.04555345113197973,0.05663245916366577,-0.2702634930610657,-0.032219240169922614,0.12533180681790917,0.14735704635903007,-0.05231667314142616,0.14712195710758852,0.13770936118971405,0.1618484038111484,0.10372276745486342,-0.022401254433428136,-0.13368142154280926,-0.1970071983046188,0.10858905538709618,-0.0784105984274388,0.24525646638202647,0.07370594524988007,0.41942932952974327,0.23401694443386617,0.6557752329078026,0.4582531733484993,d_minor
0.0,0.0,0.0,-0.019042253494262695,-0.228308767080307,-0.04034768297610469,-0.004464626312255859,-0.3391912579536438,-0.04960688456235118,-0.012756168842315674,-0.311901718378067,-0.038634697639324145,-0.015223324298858643,-0.2656763195991516,-0.02714820831356235,0.02621781826019287,-0.22314178943634033,-0.043940155499555544,0.036956071853637695,-0.36422210931777954,-0.06259309380588718,0.0376778244972229,-0.44345347583293915,-0.0635722714596767,0.04299360513687134,-0.49995559453964233,-0.0643376249009151,0.0654335618019104,-0.19970861077308655,-0.04435074582038112,0.08746963739395142,-0.3114471733570099,-0.05948780729708858,0.07611352205276489,-0.302640825510025,-0.04570986955700107,0.057833313941955566,-0.27099162340164185,-0.03243552773533054,0.03956767898859331,-0.031334875330636114,0.11705034064918346,0.05740840002276071,-0.06726430416628035,-0.0983208589654827,-0.10724949680604974,0.1114623356190636,-0.012303974451960908,0.102445899103837,0.06116857768336498,0.08757112013261487,0.24425200561238894,0.07344031993550798,0.3658335104046022,0.23165159364931037,0.5843553531273173,0.3559807262650035,d_minor
0.0,0.0,0.0,-0.019788265228271484,-0.23000308871269226,-0.03909338647835625,-0.005275249481201172,-0.33948615193367004,-0.04780283579938782,-0.013269126415252686,-0.3118395209312439,-0.036642842091254124,-0.0155714750289917,-0.2650734484195709,-0.025048827848962674,0.025295794010162354,-0.22422027587890625,-0.042950630284479985,0.03623741865158081,-0.3643677830696106,-0.06143874684684647,0.036978960037231445,-0.44392600655555725,-0.06235767165534867,0.04251366853713989,-0.5003219544887543,-0.06310545662753952,0.06457376480102539,-0.20020079612731934,-0.0434202180277623,0.08709311485290527,-0.31221362948417664,-0.05768109495156182,0.07568931579589844,-0.3026629686355591,-0.0428016410242833,0.05752718448638916,-0.27021509408950806,-0.028875390164188275,-0.1605415029367004,0.12392271066280358,-0.10312680879618769,0.06704374096409177,-0.027433166070708864,-0.04665303732227444,0.18954186759056957,-0.0881623061497618,-0.019974298650253214,-0.06231069751380433,-0.15755380940479574,-0.04267318834780337,0.24528361238548146,0.07337910548850449,0.11855650878524332,0.23312286527503473,0.35902037071639137,0.16505775432804684,d_minor
0.0,0.0,0.0,-0.019792139530181885,-0.2270074486732483,-0.03925604793576554,-0.004936277866363525,-0.33588090538978577,-0.047874264897387775,-0.013309836387634277,-0.308517724275589,-0.036760610075276645,-0.015900015830993652,-0.26192566752433777,-0.02522575158027962,0.025127947330474854,-0.22160592675209045,-0.04290194484738663,0.0365830659866333,-0.3620759844779968,-0.06134708273557976,0.03721112012863159,-0.4404991865158081,-0.062107805640977176,0.042769014835357666,-0.4962187111377716,-0.06263677451161698,0.06440865993499756,-0.19821661710739136,-0.043103326590340885,0.08671915531158447,-0.3108643889427185,-0.05747403624800995,0.07529616355895996,-0.30110645294189453,-0.04268699187187508,0.057933032512664795,-0.26894354820251465,-0.028740780906360897,-0.08038823432677673,-0.17586498249852942,-0.06396075576264018,0.15836391094517327,-0.0447306452551158,-0.058783360242116,-0.09719124341493496,-0.12578646165280705,-0.03763312786466519,0.02394917407737998,-0.044908287010889975,0.05423685752605145,0.24440718091280528,0.07424907479621107,0.2345182458301652,0.23028870033471646,0.46657767970340985,0.24131305263323224,d_minor
0.0,0.0,0.0,-0.020642995834350586,-0.22775906324386597,-0.03964842656961309,-0.006329655647277832,-0.33735033869743347,-0.04868368978014814,-0.014397084712982178,-0.309950590133667,-0.03747230941763746,-0.01658928394317627,-0.263070285320282,-0.025772224984677905,0.02415412664413452,-0.2219446301460266,-0.04362163121214735,0.035273075103759766,-0.36239269375801086,-0.06237392673602926,0.03572428226470947,-0.44085292518138885,-0.06320999736300337,0.041040241718292236,-0.49566975235939026,-0.06372977221718656,0.0632677674293518,-0.19819235801696777,-0.04427709604016172,0.08544903993606567,-0.3112713694572449,-0.05948010633102285,0.07465201616287231,-0.3011145293712616,-0.045130712784441585,0.057740747928619385,-0.268411248922348,-0.031280940271528834,-0.11417377551032547,-0.12807148580709204,-0.07751055585539045,-0.06823658800441779,-0.017324004812294902,0.0011545495175881992,-0.15664550966816357,-0.0634039256855119,0.008089005260441345,-0.09049624013534552,-0.1286100261774971,-0.016412885072564276,0.24261996967840713,0.07472499899212001,0.15371856330946687,0.23017006970230264,0.3927767514151209,0.20430282811706488,d_minor
0.0,0.0,0.0,-0.020716071128845215,-0.22817492485046387,-0.03825731315279768,-0.005908071994781494,-0.3379281759262085,-0.04721057899857328,-0.013405025005340576,-0.31095266342163086,-0.03607890494728849,-0.015657901763916016,-0.2636753022670746,-0.024281948065407732,0.024124860763549805,-0.2223222255706787,-0.0425432931687908,0.03598487377166748,-0.3626694083213806,-0.06083621942067907,0.03658837080001831,-0.44185905158519745,-0.06161818020606802,0.04127609729766846,-0.49720945954322815,-0.062015258898981074,0.06351757049560547,-0.19884634017944336,-0.043545340379722575,0.08537006378173828,-0.31144556403160095,-0.05825366937185095,0.07477861642837524,-0.30069535970687866,-0.04413072504664228,0.05772197246551514,-0.26773083209991455,-0.030425886815436343,-0.11758849689298018,-0.05572422925761619,-0.15788669270730749,0.18991004697523506,0.01121844526398924,-0.14971611917440844,-0.14864406161300422,0.015013685313428532,-0.03150852474986379,0.03554481188862532,-0.08084114641038923,-0.09427470498166875,0.24331766399152116,0.07374822877545123,0.2023586727915304,0.23222574295701187,0.41765547006484616,0.19873664143687075,d_minor
0.0,0.0,0.0,-0.021473586559295654,-0.22740617394447327,-0.038098213797056246,-0.006854832172393799,-0.33650970458984375,-0.04687346292062955,-0.014257252216339111,-0.31014877557754517,-0.03560962302013593,-0.0166093111038208,-0.26297497749328613,-0.023661106427752543,0.023189067840576172,-0.22194603085517883,-0.042459690546237994,0.03486913442611694,-0.36278966069221497,-0.060326324378692675,0.035369157791137695,-0.442019522190094,-0.06057474163695531,0.039718031883239746,-0.49696269631385803,-0.06045211253091054,0.06275272369384766,-0.19897475838661194,-0.04357201380058484,0.08420860767364502,-0.3117246627807617,-0.05816861761137204,0.07383322715759277,-0.3010715842247009,-0.04423168448134618,0.057112693786621094,-0.2678028643131256,-0.03055198450907426,-0.1979293940270154,-0.16485983405231114,0.01690276677294214,0.07455920255907744,0.0774028580057946,0.12593763611677872,0.18941886732323243,-0.0851652470475087,-0.04932534509606845,0.040864820940472335,-0.07788517702133567,0.1666860816754902,0.24346786288321418,0.0742005842089074,0.271649704788727,0.23175595034660718,0.4766749852560556,0.27429104263630877,d_minor
0.0,0.0,0.0,-0.021537184715270996,-0.2263021469116211,-0.03767590513884045,-0.006502091884613037,-0.33581236004829407,-0.04553069090901829,-0.013802289962768555,-0.30976855754852295,-0.03347643753944851,-0.01600170135498047,-0.2626595199108124,-0.02107259547769047,0.022745072841644287,-0.22091048955917358,-0.042342848241915476,0.03484302759170532,-0.3622557520866394,-0.05988429775892712,0.035358309745788574,-0.4419663995504379,-0.0596624827986858,0.03994625806808472,-0.4968504011631012,-0.05926604113041378,0.062071263790130615,-0.19806700944900513,-0.04335870510398365,0.0844109058380127,-0.31116053462028503,-0.05659206128179051,0.07434314489364624,-0.3018788695335388,-0.041577226579775584,0.0576244592666626,-0.2694643437862396,-0.02745883642195679,0.11130222859137445,0.13994501727424713,0.1727017648536041,-0.11952759894474313,0.0932625870941221,-0.11600042491889972,0.02131163588215093,0.026704363976080975,-0.03647377487926881,0.03423032356854852,0.07578643391242734,-0.039989769912240014,0.24379147301773316,0.07421523582969869,0.34267591026482697,0.23027947402748788,0.5729896957403314,0.34626927293759985,d_minor
0.0,0.0,0.0,-0.021394670009613037,-0.2256172001361847,-0.03817080650676985,-0.005913674831390381,-0.3354061543941498,-0.046209606716530516,-0.013118863105773926,-0.3091772794723511,-0.03418514449347754,-0.015003323554992676,-0.26164206862449646,-0.02185847927083273,0.022943317890167236,-0.22014117240905762,-0.043044067362444594,0.035140812397003174,-0.3621380925178528,-0.060752398708956434,0.03548610210418701,-0.441777303814888,-0.06052818093647261,0.04010665416717529,-0.4965859055519104,-0.06017836500157614,0.06216543912887573,-0.19739559292793274,-0.04436625857104559,0.08481502532958984,-0.3115274906158447,-0.05830772537936468,0.07446980476379395,-0.3006657660007477,-0.04359232206095953,0.05765032768249512,-0.26680228114128113,-0.029608025590079023,-0.17753986598228783,0.1639680680783278,-0.04937785679337364,0.18050953686673782,0.058177853425179726,-0.11443508686060695,-0.10403733458070633,0.0644162463947503,0.01943861649942119,0.14860657356990398,0.012263820206707271,-0.15563568272737605,0.24434428537850103,0.0732477733416589,0.3459609436602409,0.2324711598874824,0.5289729439417703,0.31942745334584594,d_minor
0.0,0.0,0.0,-0.02170705795288086,-0.22446119785308838,-0.03818320866977842,-0.006470084190368652,-0.33348944783210754,-0.04610235628044279,-0.013223588466644287,-0.3076839745044708,-0.03422933083331259,-0.015338897705078125,-0.26095050573349,-0.021959990377780514,0.022857606410980225,-0.21954113245010376,-0.04238341015135916,0.03513026237487793,-0.3606126010417938,-0.05959995102440985,0.03592020273208618,-0.43905551731586456,-0.05922468018090399,0.04063987731933594,-0.4931299090385437,-0.05870704736864241,0.06232285499572754,-0.19699978828430176,-0.04304846760189207,0.083945631980896,-0.3093279004096985,-0.05632856499707373,0.07385849952697754,-0.29921525716781616,-0.04175795626198919,0.057462990283966064,-0.26647716760635376,-0.02790736977314623,-0.08177004866668997,0.028085760572043705,-0.11921470680880186,0.09331744247841944,-0.1695782332193848,0.04797162686069195,0.19131431359805878,-0.025398060750986107,-0.008757973754552673,0.047352231929710525,-0.1695664313106899,-0.005230936420857507,0.24164280409276498,0.07325319247581448,0.11207625992729853,0.22935366242668628,0.3280214539719293,0.10004068609044342,d_minor
0.0,0.0,0.0,-0.021101176738739014,-0.22551044821739197,-0.036348011829758775,-0.005995035171508789,-0.3346897065639496,-0.04421517301430811,-0.012939155101776123,-0.30863529443740845,-0.0323227760576259,-0.015103697776794434,-0.26097404956817627,-0.019996649139429223,0.02318894863128662,-0.22026345133781433,-0.04108803022732843,0.03558468818664551,-0.36110571026802063,-0.05783841062417139,0.03615593910217285,-0.43966224789619446,-0.05734632212748636,0.04077863693237305,-0.49353814125061035,-0.056865267940665376,0.06247740983963013,-0.1974157691001892,-0.0425035362326156,0.08437788486480713,-0.3108786642551422,-0.05608687225809206,0.07450640201568604,-0.30015408992767334,-0.041874818988944185,0.05826765298843384,-0.2665317952632904,-0.028272232525850427,-0.15000715038209328,0.03976243154166595,0.03541419228028059,0.01574412759403382,-0.00277164294101509,0.1276259997911096,0.01643193907049595,0.04966068160298662,0.1569062467035549,0.11215063371388928,0.17816554075620372,-0.14349357324654602,0.24200865092994897,0.07404545178950112,0.4735913163660458,0.22946744534978555,0.6810170788065897,0.4625311380136145,d_minor
0.0,0.0,0.0,-0.02149665355682373,-0.22426143288612366,-0.038205305878179274,-0.006173312664031982,-0.33340924978256226,-0.04574071506048938,-0.012666642665863037,-0.3077682554721832,-0.03327438125397464,-0.014719069004058838,-0.26193302869796753,-0.020755666140573226,0.022974014282226562,-0.21957826614379883,-0.04255374038602611,0.035104334354400635,-0.3602403998374939,-0.05991764629270335,0.035944461822509766,-0.4382621943950653,-0.05959334114577075,0.040303945541381836,-0.4923034906387329,-0.05914582202221652,0.0622631311416626,-0.19715583324432373,-0.043277884665982924,0.08394527435302734,-0.3098382353782654,-0.05707811826850673,0.07442706823348999,-0.3001905083656311,-0.04289306590344211,0.058076560497283936,-0.2681669294834137,-0.029310635123508177,-0.0814799824469711,0.1933434847469861,0.02186868953361265,-0.04792693923212349,-0.16438251523893951,-0.15023212520472973,0.18680244875472396,-0.02078891189071594,-0.10383444213830334,0.07553382561082717,0.16755686930409397,0.19970985309536704,0.23994142187852074,0.07356121728056525,0.4911335894073624,0.22681093947643655,0.7096922569777442,0.4925549400412841,d_minor
0.0,0.0,0.0,-0.02060931921005249,-0.22538956999778748,-0.0360719674094554,-0.004992425441741943,-0.3345279097557068,-0.043658666388594725,-0.012002110481262207,-0.30889904499053955,-0.031218739302360632,-0.014132320880889893,-0.2616382837295532,-0.018502935843073942,0.023581981658935547,-0.22030267119407654,-0.041180756018960096,0.036333322525024414,-0.36044466495513916,-0.058595787809693434,0.03679603338241577,-0.4388921707868576,-0.05822052069147787,0.041520655155181885,-0.49264469742774963,-0.05766157440980635,0.06286555528640747,-0.19767433404922485,-0.04269618176063261,0.08519423007965088,-0.31013163924217224,-0.056182716117703535,0.0747220516204834,-0.29921841621398926,-0.04141674570878706,0.05803239345550537,-0.265432208776474,-0.027401827351653196,0.025714197512603093,0.05991096597964335,0.007095459613328081,-0.07712523346629103,0.011315760172759454,-0.014002019616914912,-0.0695816911312678,-0.17433815662905705,-0.11860775588428552,0.03162690296223403,-0.16820628190213954,0.02739667748771185,0.2408207131576805,0.07281023370788374,0.1137111253841004,0.22981254272303728,0.3355489204528686,0.11468655944527062,d_minor
0.0,0.0,0.0,-0.022045493125915527,-0.22491106390953064,-0.037803810099632074,-0.006889462471008301,-0.3337005376815796,-0.04609086738017254,-0.013707578182220459,-0.30772531032562256,-0.034470561901599694,-0.016186416149139404,-0.26158326864242554,-0.022403432066113282,0.02262115478515625,-0.22032570838928223,-0.04156603665140324,0.035015225410461426,-0.35986196994781494,-0.059053096930057336,0.03595709800720215,-0.43737323582172394,-0.05929582567003422,0.04026329517364502,-0.4909703731536865,-0.059273138652116586,0.06185811758041382,-0.19775143265724182,-0.042100898931295205,0.08382773399353027,-0.3105993866920471,-0.056658364842206765,0.074515700340271,-0.30230802297592163,-0.04350595922258549,0.058002591133117676,-0.2709892988204956,-0.03044869565454178,0.028389234677395375,-0.11775271016157568,0.02548734482461551,-0.03019729107782282,0.07094531475466065,0.05409833271779113,-0.18417095624306834,0.12258744665771387,-0.1076672793887557,-0.02762496976712442,0.06005585114136813,0.014837111238768325,0.2390907545017662,0.07521441664631091,0.32398984852894364,0.22256954913025068,0.560116992704579,0.34492575259753466,d_minor
0.0,0.0,0.0,-0.02163219451904297,-0.22476357221603394,-0.03601063049934794,-0.005841076374053955,-0.33372730016708374,-0.04361704371474673,-0.012074649333953857,-0.3091357350349426,-0.031202597614154115,-0.014180183410644531,-0.2624795436859131,-0.018420400168523088,0.022569239139556885,-0.21977850794792175,-0.04108867428801943,0.03522896766662598,-0.3601939082145691,-0.05836768827937533,0.03590714931488037,-0.43898235261440277,-0.05809807039402415,0.04007500410079956,-0.4925121068954468,-0.05747754878900935,0.062027812004089355,-0.19728955626487732,-0.04251480482123782,0.08408671617507935,-0.30939316749572754,-0.055889014225229516,0.07441931962966919,-0.30065494775772095,-0.041702218424305215,0.05762827396392822,-0.2685299515724182,-0.0279952586402743,-0.11688479614137406,0.1035657575820606,-0.0023438701134210205,-0.16661055898844684,-0.19572944103268114,0.08160889785961739,0.14536005928766532,-0.1540324775381112,-0.1693684795355036,-0.1743267315768863,-0.015039687953858738,-0.024336331266246347,0.2395497158566731,0.07269621655122763,0.2948023021195989,0.2265950763332057,0.5244486203723171,0.3436187219788446,d_minor
0.0,0.0,0.0,-0.021719515323638916,-0.2254723608493805,-0.035459579563791976,-0.005260646343231201,-0.33444827795028687,-0.04280987534588121,-0.011402904987335205,-0.31023654341697693,-0.030359932816679702,-0.01355290412902832,-0.2639051079750061,-0.017641069031412826,0.022186577320098877,-0.22033733129501343,-0.04082395661538385,0.03557854890823364,-0.360878586769104,-0.05788879994219087,0.03649020195007324,-0.4395430237054825,-0.057559081948454605,0.04078507423400879,-0.49290788173675537,-0.05695060420697473,0.06159079074859619,-0.1980336606502533,-0.04246291298335336,0.08508932590484619,-0.3099164068698883,-0.05557736907070421,0.07544732093811035,-0.3020675480365753,-0.041556255555804,0.05835831165313721,-0.27065953612327576,-0.028081569484527336,-0.15566023993075195,0.014304377715595062,-0.017009902403535893,-0.02165219496815074,-0.15364382252008865,-0.14908767647165755,-0.1635138287104456,-0.08637254695600434,0.19383270400463498,0.05617166279892,-0.15249833803629925,0.12387095451931945,0.2386213021481434,0.07297841670378163,0.19312854897940104,0.2248033962535344,0.3857613778623066,0.19250044082469261,d_minor
0.0,0.0,0.0,-0.021757662296295166,-0.22499629855155945,-0.036518593300613134,-0.005651414394378662,-0.3348413109779358,-0.04439695270779964,-0.011934936046600342,-0.31108585000038147,-0.0322621995401704,-0.01416468620300293,-0.26547664403915405,-0.019708991963895528,0.022252678871154785,-0.22004500031471252,-0.04171027334454891,0.035479962825775146,-0.36087197065353394,-0.05944103838923809,0.03620481491088867,-0.43941980600357056,-0.05958335937980053,0.04039478302001953,-0.4928218722343445,-0.05924032719853756,0.06151998043060303,-0.1975843906402588,-0.043163527716430394,0.08476120233535767,-0.31002920866012573,-0.0569986300361478,0.07495075464248657,-0.30241772532463074,-0.04347395243171093,0.057907700538635254,-0.2713015675544739,-0.030217780713471143,0.0451956409095072,-0.1797548728591143,0.04696325336271673,-0.06599315615551005,-0.17619622817499844,-0.04550077790789672,-0.015612172974753591,0.1249670273920731,0.016638290488820262,-0.11498550306176095,0.06202888256247957,0.02918615009359296,0.23711877810594165,0.07306704664606882,0.3461436724591431,0.22409876365110626,0.5829422229413108,0.38017111387072705,d_minor
0.0,0.0,0.0,-0.02188730239868164,-0.22553738951683044,-0.035358387795355384,-0.005997359752655029,-0.3353498578071594,-0.04254867490854508,-0.012354373931884766,-0.3110266625881195,-0.030099108633663718,-0.014429867267608643,-0.26494109630584717,-0.01742675323512799,0.022320330142974854,-0.2203691005706787,-0.04046136495199448,0.03546696901321411,-0.360905259847641,-0.05701993760195023,0.036077022552490234,-0.439320370554924,-0.05646667983856446,0.04030650854110718,-0.4928629398345947,-0.05583674069967515,0.061563968658447266,-0.1979793906211853,-0.041900772419836585,0.08463752269744873,-0.31066232919692993,-0.054640065697100226,0.07455390691757202,-0.3027620315551758,-0.04047011938419587,0.05744403600692749,-0.27154916524887085,-0.027001948845651214,0.04182041451496343,0.15270587625881388,-0.03629001931655926,-0.17140399584332397,-0.06713473669979295,-0.019891985307397997,0.1514197217470598,-0.13100807698952116,-0.0028136462632128156,0.15277908529461948,0.11867243384951826,0.16506892260743333,0.23752845036172512,0.07280940130266773,0.4565335103105271,0.22384129844666115,0.6598673395991773,0.44525597995573046,d_minor
0.0,0.0,0.0,-0.02186882495880127,-0.22530439496040344,-0.03504770776540056,-0.005874216556549072,-0.33462148904800415,-0.042195396184027345,-0.012109041213989258,-0.3097650408744812,-0.02979929341286436,-0.014245688915252686,-0.2634730339050293,-0.017195421888530404,0.022300899028778076,-0.22011783719062805,-0.04029415702730432,0.03555190563201904,-0.3608189821243286,-0.05687812125593439,0.03630471229553223,-0.4391755312681198,-0.05645728638678804,0.04048198461532593,-0.4928165376186371,-0.05591191878825441,0.061544954776763916,-0.19770824909210205,-0.04188865205556169,0.08471757173538208,-0.3099657893180847,-0.05471947571545854,0.07499849796295166,-0.30155229568481445,-0.04078555261999384,0.05797123908996582,-0.27003610134124756,-0.027486046462357194,-0.0053831274045480215,-0.14135953551226496,0.013168763012256945,-0.1253165748288429,-0.17210708571896763,0.14663594153852266,-0.1464274316267231,0.0684103444252247,0.01778442610982292,0.12558658009635226,0.1948964903179829,0.13121154637638072,0.23894042788504744,0.07324107794675547,0.5016774984219909,0.225266568819057,0.7177793478367595,0.49590228382130735,d_minor
0.0,0.0,0.0,-0.021863579750061035,-0.22502738237380981,-0.03611872391964255,-0.006054282188415527,-0.3342190980911255,-0.04324786039258299,-0.012948691844940186,-0.3086111843585968,-0.030764276629341225,-0.015666425228118896,-0.26178932189941406,-0.018156201114905457,0.02227950096130371,-0.21996769309043884,-0.04107465641762076,0.03557664155960083,-0.36021697521209717,-0.05740002589489279,0.03637075424194336,-0.43862128257751465,-0.05691742571259795,0.04055839776992798,-0.49250131845474243,-0.05657511996294318,0.06149172782897949,-0.19743838906288147,-0.04242408694888411,0.08455824851989746,-0.3090158998966217,-0.055102799555314164,0.07514625787734985,-0.3006214499473572,-0.04143529432083426,0.05817520618438721,-0.2689916789531708,-0.028566021939766983,0.12867287061544042,0.16727735603325594,-0.10129857120186214,0.1165455587802185,0.043776047018055764,-0.125953317457162,0.12129742549045042,-0.16364156694817195,-0.013138362103492757,0.11159236247349008,-0.10022843221956737,-0.13481850264032358,0.24055200976329352,0.07491878834041517,0.2364462152766129,0.22594561394483004,0.4062583763438983,0.20645584440529577,d_minor
0.0,0.0,0.0,-0.021202266216278076,-0.225276917219162,-0.03637194714863767,-0.005891978740692139,-0.33446162939071655,-0.044378329882221124,-0.012978196144104004,-0.30812522768974304,-0.03287757641990652,-0.01591944694519043,-0.2607915997505188,-0.02080709009786119,0.022767305374145508,-0.2198832929134369,-0.040946130523281,0.03591442108154297,-0.3602607846260071,-0.05719121254404058,0.036804378032684326,-0.43848952651023865,-0.05694489262421598,0.04089987277984619,-0.49255818128585815,-0.05675563297589292,0.06175607442855835,-0.19717183709144592,-0.04231586388667097,0.08498245477676392,-0.30855533480644226,-0.05567225895245542,0.07563906908035278,-0.3005431592464447,-0.04293333447893133,0.05852025747299194,-0.26930567622184753,-0.03054939105530252,-0.13714410659763826,-0.10150258826355625,0.020948947826892578,0.07544365348013071,0.04927377819505438,0.12410141235293481,-0.07242080904522755,0.08191481782810428,-0.13886206180448718,-0.029785615113951863,-0.15553587418708534,0.06826888058559683,0.241322359398475,0.0755557510714529,0.13858415110238784,0.2254748901534072,0.36634901756692473,0.1746612315268191,d_minor
0.0,0.0,0.0,-0.020732462406158447,-0.2245526909828186,-0.03729706715198233,-0.005662381649017334,-0.33421480655670166,-0.045108300553280856,-0.012577593326568604,-0.30853021144866943,-0.03324206631036475,-0.014979541301727295,-0.26159363985061646,-0.020985654474813487,0.023324131965637207,-0.21896356344223022,-0.04169400121422484,0.03605043888092041,-0.35980933904647827,-0.058309429244715716,0.03660672903060913,-0.4380682408809662,-0.05784313465805724,0.04077857732772827,-0.49189409613609314,-0.05743813972325995,0.062306880950927734,-0.19629856944084167,-0.04277212257834151,0.08530819416046143,-0.3094581365585327,-0.056294714020211245,0.07544291019439697,-0.3005569279193878,-0.04283979247661307,0.058396220207214355,-0.2682236135005951,-0.029887904332596804,0.11614459022163853,0.12906458727897813,-0.06523819265953282,0.10800562206782477,0.10836312986079893,0.021878441198668053,-0.19837035850721985,0.0642921349814301,-0.15297844577306274,-0.1539671113961185,-0.08121739952381608,0.03958371965450316,0.23974163518084088,0.07421057188936693,0.23563060454362053,0.2260484054646409,0.46475205606217185,0.29136886452570904,d_minor
0.0,0.0,0.0,-0.021197021007537842,-0.22427460551261902,-0.03748492904671963,-0.0061490535736083984,-0.33320799469947815,-0.04555451878079708,-0.012843310832977295,-0.3074844181537628,-0.0337710493124419,-0.01560366153717041,-0.2609039545059204,-0.02147227906355198,0.022936999797821045,-0.2188568413257599,-0.04171296217212017,0.03580605983734131,-0.35958918929100037,-0.05891192712554272,0.03670769929885864,-0.4376711845397949,-0.05867894747027691,0.040731728076934814,-0.4915843605995178,-0.0582638271964484,0.061996519565582275,-0.19615954160690308,-0.04262354605564411,0.08553516864776611,-0.30920177698135376,-0.056793116114228326,0.07636457681655884,-0.2999374270439148,-0.043646898201792794,0.05955326557159424,-0.267791748046875,-0.03068314128288563,0.011026217422164614,-0.13210739859113835,-0.15187704705113214,-0.07107451527337982,-0.08047908883353508,0.15879427972056032,-0.028062338577430124,0.10895320979384676,0.059003565976269656,-0.004486264160850739,-0.028509612997178635,-0.017019662287346332,0.24029303754477632,0.07603187078533927,0.23270271224431496,0.22626992275214747,0.46710166969090977,0.248080011650587,d_minor
0.0,0.0,0.0,-0.020846188068389893,-0.22479882836341858,-0.03784772820436899,-0.006313502788543701,-0.3348516523838043,-0.04600692234599535,-0.013310492038726807,-0.30852147936820984,-0.03420978851282541,-0.01612454652786255,-0.2617570757865906,-0.02191007204019968,0.02348804473876953,-0.21970480680465698,-0.04171847991311495,0.03569132089614868,-0.36046546697616577,-0.05898365072572176,0.03651994466781616,-0.4383782148361206,-0.0590758255835766,0.04076200723648071,-0.4922802150249481,-0.0590307793732876,0.062444448471069336,-0.19697794318199158,-0.04235142908656542,0.08576494455337524,-0.31012147665023804,-0.05690306864345018,0.07629293203353882,-0.30083340406417847,-0.04448871753776018,0.05958288908004761,-0.2685869336128235,-0.03210887752139513,0.15628421843259088,-0.027381693554851344,0.0535523512588838,0.028090270472770712,-0.122245927537596,-0.03599634358236567,0.19812155536910153,0.11525378982562845,0.17024877399140054,-0.19436719844969344,-0.08807726075275896,0.17395485649781556,0.24032258453253924,0.07669601291785434,0.31669889697552583,0.22609223458937378,0.5224443301742674,0.373546049946122,d_minor
0.0,0.0,0.0,-0.021641790866851807,-0.22468751668930054,-0.03750084796155306,-0.006784379482269287,-0.3350885510444641,-0.04591939308846804,-0.013349533081054688,-0.30929335951805115,-0.0342760653158507,-0.016340136528015137,-0.2629024386405945,-0.021959374557980027,0.022870242595672607,-0.21979057788848877,-0.04149714940393778,0.03579157590866089,-0.3604118824005127,-0.059270945276864495,0.03678607940673828,-0.43865731358528137,-0.059827116217263665,0.04063636064529419,-0.4920421242713928,-0.05989453652108523,0.062125325202941895,-0.19726935029029846,-0.04219869979823443,0.08509325981140137,-0.31032124161720276,-0.056943760152705636,0.07603096961975098,-0.30183887481689453,-0.04476840504611346,0.05929970741271973,-0.26996564865112305,-0.032349740054257836,0.08231825557214639,-0.04204872700221682,0.07481726609135309,0.061188903208434176,-0.02865990513408495,-0.01386341505856073,0.1428860203126247,-0.041255885017654925,-0.17710589759792952,0.005136226628676743,-0.07005541225038159,-0.08988342640374158,0.23914513014963995,0.07667616723713958,0.20558425664707716,0.22455510982580734,0.42453784066193173,0.2149602529152878,d_minor
0.0,0.0,0.0,-0.021240711212158203,-0.22506728768348694,-0.036908785066060545,-0.006094694137573242,-0.3350534439086914,-0.04516772385542822,-0.012791156768798828,-0.3099312484264374,-0.03360850941245985,-0.015522301197052002,-0.26357924938201904,-0.021428622490219595,0.02296900749206543,-0.21995824575424194,-0.04141624104087782,0.03579312562942505,-0.36070525646209717,-0.0590113682658,0.03646892309188843,-0.4391516447067261,-0.059408789685420516,0.04050946235656738,-0.49292099475860596,-0.05941160973017645,0.06216132640838623,-0.19738614559173584,-0.04251500423853827,0.08550864458084106,-0.30986353754997253,-0.05661534722750616,0.07564598321914673,-0.30069324374198914,-0.04353915732210112,0.05856037139892578,-0.2683136463165283,-0.030671090072445395,-0.13929771140102407,0.016101576002406803,-0.13255620915520938,0.1283561658006423,0.04171774214916085,0.12900153571637113,-0.09914017408073078,-0.18495364290669103,0.08169073386059766,0.011184022488439943,-0.005471380315698937,-0.10485107112336474,0.23912319423046074,0.07480695221906065,0.2725659640063312,0.227157024460246,0.49044046804449254,0.27718810367916874,d_minor
0.0,0.0,0.0,-0.020606398582458496,-0.22438639402389526,-0.035869159355712554,-0.005587160587310791,-0.3358249068260193,-0.04461579452450337,-0.011902987957000732,-0.3138355016708374,-0.03376952986414494,-0.014185011386871338,-0.2702367603778839,-0.022119461178732536,0.02352321147918701,-0.21916130185127258,-0.04070794264967503,0.03641533851623535,-0.360376238822937,-0.05815296302731099,0.037010133266448975,-0.43849655985832214,-0.058617853179526946,0.040904998779296875,-0.4923083782196045,-0.05855831931526723,0.062440574169158936,-0.19665595889091492,-0.042486049786162994,0.08595502376556396,-0.3096984624862671,-0.057588421359611175,0.07552558183670044,-0.3005179762840271,-0.04546014647181096,0.057977139949798584,-0.2685282230377197,-0.03291398341949048,0.03617467693163823,-0.1452534579128864,-0.007354480009993392,-0.06787515937292216,-0.15987451710647865,-0.03798170361852646,0.10138775831169133,0.18511818926567108,0.0482862905597195,-0.042234117317098224,-0.14827704792913055,0.04046271361352213,0.23168621679599805,0.07298504569968704,0.13991944970516432,0.2258907873750264,0.36752528322417144,0.17287793631774784,d_minor
0.0,0.0,0.0,-0.022219538688659668,-0.22425788640975952,-0.035150546423381,-0.006597757339477539,-0.33566904067993164,-0.04452738522667232,-0.010614931583404541,-0.3185999393463135,-0.03434583901542965,-0.011980831623077393,-0.2795290946960449,-0.022961446858232648,0.022644340991973877,-0.21989712119102478,-0.03968698888201061,0.0357966423034668,-0.35956722497940063,-0.057502917788212926,0.03698533773422241,-0.4375374913215637,-0.058320667437499196,0.04079914093017578,-0.49036017060279846,-0.05818427338380161,0.0620044469833374,-0.19775134325027466,-0.04139609619159046,0.08584511280059814,-0.3097676932811737,-0.05750401674885097,0.07578659057617188,-0.3006947338581085,-0.04624373077530208,0.05845606327056885,-0.26844412088394165,-0.033782966277783544,0.08776539389402821,-0.03792783526508692,0.19174274335428698,-0.050258511657635646,-0.10505080910563072,0.17985787577776535,-0.09510985880354737,0.04681685658092519,-0.01287857723116606,-0.06661727905596809,-0.16510378902539916,0.04868237889639135,0.22017292199353614,0.07212030289191318,0.14564041243647546,0.22395071738630132,0.3588181745801599,0.18199752279649467,d_minor
0.0,0.0,0.0,-0.023125886917114258,-0.22508975863456726,-0.03558726014006197,-0.007157683372497559,-0.33601388335227966,-0.04520432801353991,-0.011168718338012695,-0.31478026509284973,-0.03502741233813822,-0.012539863586425781,-0.2729964554309845,-0.02347176299798548,0.02194046974182129,-0.2206132411956787,-0.040350587679029104,0.03481656312942505,-0.36105799674987793,-0.05878095479118883,0.036161184310913086,-0.4394049346446991,-0.05993599594938814,0.04040127992630005,-0.4937713146209717,-0.0599436029921776,0.06149560213088989,-0.19814521074295044,-0.04205924050319254,0.0849042534828186,-0.3095003664493561,-0.057675415290475485,0.07525664567947388,-0.29848575592041016,-0.04535939694750368,0.058206140995025635,-0.2656732499599457,-0.032226493222594854,-0.08393672136198696,-0.023088159744273223,-0.04307291691761925,-0.17051200403883243,-0.007508245544351533,0.03283100355803614,-0.12803204518216915,0.029565772126121048,-0.03656920613170386,-0.10851463568227433,0.1212221904775434,-0.04614323642599513,0.22994455470690245,0.07166081079582819,0.4063662059869156,0.230464700884455,0.6329165911494645,0.42151817866918884,d_minor
0.0,0.0,0.0,-0.021565258502960205,-0.2246934473514557,-0.03673451856066379,-0.00668257474899292,-0.3362928628921509,-0.044989530894056884,-0.011364340782165527,-0.31660574674606323,-0.033455819788471786,-0.012902140617370605,-0.2755451798439026,-0.021340942907229987,0.02315545082092285,-0.2203417420387268,-0.041294042917982665,0.035848259925842285,-0.3601956367492676,-0.05875362545539531,0.03666043281555176,-0.4383770376443863,-0.059369214776054946,0.04043859243392944,-0.49190446734428406,-0.05934561878730449,0.06227672100067139,-0.1978895366191864,-0.042632405611769286,0.08568251132965088,-0.3089958727359772,-0.05796023547937068,0.07577598094940186,-0.30084431171417236,-0.046722517314449874,0.05842018127441406,-0.2692102789878845,-0.03470180645872745,-0.17005074743882123,0.16756856731148206,-0.12891897159026225,-0.031044018141518054,-0.005708709332128997,0.13893877672335098,0.10291158151014418,0.11955962822216254,0.01602785691974251,0.1346137361681256,-0.10803516759496921,-0.18441589657544985,0.22605514919787226,0.07283898162201788,0.27643078450368647,0.22477401217896592,0.41456865700796736,0.23280288468860896,d_minor
0.0,0.0,0.0,-0.022872984409332275,-0.22412389516830444,-0.03727231862032454,-0.007717430591583252,-0.3352625370025635,-0.0470985987969641,-0.01142120361328125,-0.3154482841491699,-0.03693062381827872,-0.012532413005828857,-0.27530375123023987,-0.02544711845004599,0.022162556648254395,-0.2198718786239624,-0.04139292182409804,0.03433871269226074,-0.3604080080986023,-0.05993455963218253,0.035617828369140625,-0.4379604160785675,-0.061177912522197175,0.03973764181137085,-0.49115797877311707,-0.06133395748221915,0.06165963411331177,-0.1976720094680786,-0.042528818715453554,0.08488601446151733,-0.30956602096557617,-0.05897063331687491,0.07518315315246582,-0.2997662425041199,-0.04756278114402335,0.05791902542114258,-0.2670794129371643,-0.03488459007823508,0.0816175659480039,0.17498827619362828,-0.1648643830728084,0.12824987084046752,-0.12973684736381025,0.1630614736685037,-0.17786817447607262,0.071426251654649,-0.05683252442934003,0.09062613226133831,-0.07089815323457033,0.09806743874394253,0.22497349042597525,0.07155494942714424,0.26015222426962353,0.2263654907735144,0.45234584616288454,0.23923436932072645,d_minor
0.0,0.0,0.0,-0.022363483905792236,-0.22318866848945618,-0.037792241470370413,-0.0069817304611206055,-0.3343665301799774,-0.04647296880320084,-0.011126518249511719,-0.3141555190086365,-0.03504407619074357,-0.012922883033752441,-0.27424460649490356,-0.022918546841893317,0.022357463836669922,-0.21919983625411987,-0.04197625284031403,0.03472888469696045,-0.3604013919830322,-0.06017050360277665,0.03574872016906738,-0.43779322504997253,-0.061067218230519416,0.039290666580200195,-0.4907621741294861,-0.06105536435678971,0.06169992685317993,-0.19684281945228577,-0.0429126939637996,0.08444732427597046,-0.30919110774993896,-0.05950704057649148,0.07489967346191406,-0.300214946269989,-0.04888610009983552,0.05753171443939209,-0.2682398557662964,-0.03683864538506043,0.12435843288335818,0.11635314600657615,-0.05465663998168818,0.11812476947168926,0.10820192150234959,-0.12852149772827692,-0.11003894720460101,-0.0374239259046269,-0.07601587259268322,0.10855776619338803,-0.06280690906532269,0.1798010734904148,0.22596576888513273,0.07206716644816151,0.3171099060241507,0.2245781990187066,0.49593897168644235,0.30288466673354647,d_minor
0.0,0.0,0.0,-0.02203744649887085,-0.22393563389778137,-0.036913756119488994,-0.00689244270324707,-0.33421820402145386,-0.045697249310492793,-0.01152646541595459,-0.31295955181121826,-0.034656733112811366,-0.013731777667999268,-0.27254655957221985,-0.022817000585078517,0.022464752197265625,-0.21978485584259033,-0.04077218456792764,0.035122573375701904,-0.3603288233280182,-0.05854959397244386,0.03579658269882202,-0.43699581921100616,-0.059454668151616374,0.03901416063308716,-0.49011319875717163,-0.05960196613001756,0.061618149280548096,-0.1972716748714447,-0.04161274044442109,0.0844733715057373,-0.3104727566242218,-0.05800303800630502,0.07478588819503784,-0.30109554529190063,-0.04737935944127969,0.05752980709075928,-0.2693609893321991,-0.03546136974024705,0.161860760577625,0.14138694530534124,-0.06056333191094951,0.17051281961760018,0.021740176440511044,-0.01995500729977495,0.1392089829470708,0.09506774357304892,-0.12499835431931001,-0.10012903160973444,-0.15399310347163128,0.18898875344192717,0.2268711312257233,0.07244474716234443,0.25764526947144845,0.22283881063182473,0.4406074128513736,0.2975632979801415,d_minor
0.0,0.0,0.0,-0.021893680095672607,-0.22458785772323608,-0.03710777559521716,-0.006472945213317871,-0.33441075682640076,-0.045870600875645096,-0.01061546802520752,-0.3128332495689392,-0.035052916642456466,-0.012418568134307861,-0.27270179986953735,-0.023514561962514335,0.02247542142868042,-0.220382422208786,-0.040843723949222976,0.035060763359069824,-0.36016619205474854,-0.058500497278004104,0.03590327501296997,-0.4363557696342468,-0.059492217984228546,0.039267539978027344,-0.4897000193595886,-0.05988363051059764,0.061605751514434814,-0.19768887758255005,-0.04162797206285518,0.08447074890136719,-0.3110116422176361,-0.057840953257112915,0.07483309507369995,-0.3008665442466736,-0.04682644331100505,0.0576244592666626,-0.26891136169433594,-0.03484669202211421,-0.07056772274768833,0.14175660788446792,-0.050266185078906706,0.09815117773562859,-0.14328031647779277,0.12596657194942357,0.06991633217885995,-0.1409970811430093,-0.0230608933731134,-0.12864612421168647,-0.17219060600066746,0.04354212101915883,0.22601413712577284,0.07105498068918752,0.16765423829170067,0.2229606604947826,0.3737701329328457,0.22404562227666616,d_minor
0.0,0.0,0.0,-0.0222470760345459,-0.22383621335029602,-0.03749509981489041,-0.006998181343078613,-0.33487439155578613,-0.04611684835171559,-0.011140823364257812,-0.313924640417099,-0.034929063977955366,-0.013109922409057617,-0.2737503945827484,-0.02310691109514096,0.022208452224731445,-0.2197403907775879,-0.04157561516976216,0.035217225551605225,-0.35954999923706055,-0.05960334545588353,0.0361475944519043,-0.4363192021846771,-0.06066583922719815,0.03944903612136841,-0.48967260122299194,-0.06106121546244481,0.06137889623641968,-0.19725960493087769,-0.04238462528800824,0.08417630195617676,-0.3101944327354431,-0.05788526764726498,0.07473099231719971,-0.3008330464363098,-0.04610626480197766,0.05781513452529907,-0.2692573368549347,-0.03375300845718243,0.16117864793924952,-0.00450360069427197,0.1708121465275409,-0.16458412269986555,-0.05171313127022878,0.1205715529872105,0.04170851517930166,0.06657206586227282,0.0771202052555916,0.1302313054830701,0.1891948932814238,0.06392003774812888,0.22544483285762176,0.0718602160999344,0.49238068300272836,0.22285856615096872,0.6962203740047034,0.47430219595550116,d_minor
0.0,0.0,0.0,-0.022736549377441406,-0.2225276231765747,-0.03676989558381649,-0.007074534893035889,-0.3334667682647705,-0.045800159454771006,-0.01045215129852295,-0.3149210810661316,-0.03470780584258648,-0.011821746826171875,-0.27608150243759155,-0.022796186387964212,0.021574795246124268,-0.21871507167816162,-0.041650811911054575,0.03454536199569702,-0.35901007056236267,-0.06117578479690167,0.035537123680114746,-0.43713274598121643,-0.06296346220416638,0.038838982582092285,-0.4905026853084564,-0.06327066454333874,0.060858845710754395,-0.1965775191783905,-0.04303310322804066,0.0842706561088562,-0.3080141842365265,-0.059500931531616175,0.07514536380767822,-0.30124935507774353,-0.04824881884498211,0.057898104190826416,-0.2713165283203125,-0.03573189559621426,-0.1948909843585109,-0.08125865090219286,0.07158076423531601,0.17183797734255452,-0.10308969250164464,-0.042052239895934956,0.025366371142868743,0.1951972409669378,0.03322975584246418,0.11879890001988491,0.18982118308371437,0.003013369572887864,0.2240114652196805,0.07106965018129174,0.48455463978517793,0.22173002802248254,0.6882061664061631,0.46675270902757515,d_minor
0.0,0.0,0.0,-0.022661209106445312,-0.2221657931804657,-0.038480728582797497,-0.006969928741455078,-0.33316946029663086,-0.04719931976622149,-0.010220825672149658,-0.3138282001018524,-0.0352320519251208,-0.011413812637329102,-0.2742844223976135,-0.02274871775632903,0.021821141242980957,-0.21841934323310852,-0.043170071856437175,0.03462618589401245,-0.3590635061264038,-0.06276926370090052,0.035589516162872314,-0.43749819695949554,-0.06416179956620738,0.03879439830780029,-0.4910050630569458,-0.06423861505216166,0.06109696626663208,-0.19641348719596863,-0.04417796777313754,0.08444881439208984,-0.30775073170661926,-0.060695782021937816,0.07527393102645874,-0.300744891166687,-0.04928071396177813,0.05777013301849365,-0.2703755497932434,-0.03671115608638331,-0.07767178134612558,-0.003290800317367115,-0.04637202001365934,-0.056886866171691475,-0.022510535105372653,0.04876074421050558,-0.1829354332983306,0.17966675735136278,-0.12756925418950027,0.1396552931966621,-0.06387555320298596,0.1331642597627991,0.22629651369767226,0.07068696701419294,0.30232866806196806,0.22314842958869655,0.48122804707443756,0.27965172082272854,d_minor
0.0,0.0,0.0,-0.022327899932861328,-0.22382253408432007,-0.03799026787415016,-0.0070746541023254395,-0.3357810974121094,-0.04659044325485695,-0.010955750942230225,-0.3165607154369354,-0.034267216475157625,-0.012327015399932861,-0.27603980898857117,-0.021470341385750658,0.02232062816619873,-0.2197880744934082,-0.04324330344930161,0.035030901432037354,-0.35993120074272156,-0.06328748494520653,0.03579813241958618,-0.43903200328350067,-0.06477292209997643,0.039343059062957764,-0.49258938431739807,-0.06490035683050621,0.06152915954589844,-0.19758892059326172,-0.04454069912567604,0.08547955751419067,-0.30836692452430725,-0.060169104041008836,0.07585674524307251,-0.3011667728424072,-0.047355912180094606,0.058162033557891846,-0.27025097608566284,-0.03401661247148979,-0.052945875022368805,-0.0753681332818995,-0.0045969173215099635,-0.08552046625929598,0.11232387085500894,0.11508532196723531,-0.009785174656661066,0.05801811364277154,0.1309398293658846,0.0499926815708763,0.019377822726589333,-0.019036502262773036,0.22682522216814346,0.07183053339293295,0.30192920582746585,0.22526057631484434,0.5141277357853711,0.29013097579400426,d_minor
0.0,0.0,0.0,-0.022166848182678223,-0.22377192974090576,-0.03817645296362571,-0.006932854652404785,-0.3354978561401367,-0.046691658197914876,-0.010838329792022705,-0.3156290650367737,-0.03451334148553542,-0.012270808219909668,-0.27469003200531006,-0.021837955563341893,0.022582948207855225,-0.21949493885040283,-0.04274972736743621,0.035060226917266846,-0.3600296378135681,-0.061894448696648396,0.036194682121276855,-0.4383506029844284,-0.06292613431719474,0.03997600078582764,-0.49137604236602783,-0.06283385142592124,0.06187140941619873,-0.1972351372241974,-0.043662766217266835,0.08484542369842529,-0.30876821279525757,-0.0596155545106285,0.07526636123657227,-0.30068498849868774,-0.047671275435959615,0.05788809061050415,-0.2689140737056732,-0.03482687309292487,-0.081240139138239,0.18029604739213506,-0.08161902835591178,-0.07178855976049495,0.003976218877071114,-0.07581601007736168,0.06898675669468624,0.1788671911337148,0.11860769260980225,0.12344070191466239,0.04943397236277308,0.004634777838342707,0.2266345507968777,0.07158452876121832,0.35238443467946184,0.22493234826825778,0.5513563677879219,0.3274138744442771,d_minor
0.0,0.0,0.0,-0.023074090480804443,-0.22411587834358215,-0.03778992434176587,-0.008186876773834229,-0.33598875999450684,-0.04618367766174458,-0.011997103691101074,-0.3154899477958679,-0.0342340676966586,-0.013409316539764404,-0.2748047709465027,-0.021733368087140548,0.021856188774108887,-0.21988123655319214,-0.041867779839364516,0.03413277864456177,-0.3604448437690735,-0.05996608202489995,0.03532052040100098,-0.4381391704082489,-0.06054276813897275,0.03888988494873047,-0.49129530787467957,-0.06028135706814908,0.06129002571105957,-0.1977522373199463,-0.04260688488515996,0.08374065160751343,-0.30993959307670593,-0.058347443390218245,0.07425528764724731,-0.30106526613235474,-0.04672876213821553,0.05700862407684326,-0.26899442076683044,-0.0341858661654868,-0.1890687048190051,-0.1439786862960343,-0.11369186380435355,0.1154465432026428,-0.03152366520516417,-0.0035065769269985447,-0.011101031859203303,0.06727246000733794,-0.15912950477700538,-0.06336245775802518,0.040245792056941176,-0.10094131762363907,0.22602943726484934,0.07174615835210774,0.3286732006661556,0.22455945262219584,0.5428118595774333,0.3384892861949546,d_minor
0.0,0.0,0.0,-0.02279210090637207,-0.2235441505908966,-0.03797178621283592,-0.007729589939117432,-0.33506637811660767,-0.04692804346672119,-0.011235833168029785,-0.3162957429885864,-0.03543618599763931,-0.012569725513458252,-0.2767079770565033,-0.0232433574169022,0.02188098430633545,-0.21935176849365234,-0.042305472296391144,0.034268736839294434,-0.359586238861084,-0.0610850257693869,0.03524512052536011,-0.43790552020072937,-0.062391947013054505,0.03832447528839111,-0.4911261200904846,-0.06257566715470375,0.061055660247802734,-0.19729647040367126,-0.04330529923430504,0.08467644453048706,-0.3087924122810364,-0.05992669517985405,0.07521557807922363,-0.302390456199646,-0.049573886197720185,0.057383060455322266,-0.2722969055175781,-0.03777066896549286,0.15963081611556107,0.054523089446495976,-0.09770738438284039,0.09848992465362949,-0.12067435551243594,-0.029625931235828518,0.10227635759142095,0.12460844561425016,-0.16789801744929345,0.12092195816399487,0.058284636641671494,-0.04251269764667348,0.22385796909359781,0.07158137046568296,0.3611251698736415,0.22105371011210617,0.5559469817670263,0.33666576062087755,d_minor
0.0,0.0,0.0,-0.022319674491882324,-0.22379764914512634,-0.03772403015811676,-0.008170366287231445,-0.33560818433761597,-0.047156472644402925,-0.012118041515350342,-0.314127117395401,-0.03631947278101677,-0.012896955013275146,-0.272329717874527,-0.024543142831518594,0.02241337299346924,-0.21948862075805664,-0.042069581291272584,0.033999502658843994,-0.35997211933135986,-0.060403064778640214,0.035001516342163086,-0.4376726746559143,-0.06136961369831795,0.038929522037506104,-0.49128586053848267,-0.061490454665019456,0.06156080961227417,-0.197281152009964,-0.04336014478523964,0.08443069458007812,-0.30938583612442017,-0.0596924805553698,0.07458162307739258,-0.2999926507472992,-0.04848687811811203,0.05716443061828613,-0.26781797409057617,-0.03622527881582016,0.02296909842643116,-0.15709218688436552,-0.0573526523050954,0.11273187753054681,-0.17412184121023166,0.07885279353723357,-0.007719309124756657,0.07493399436321674,0.036448080795723925,-0.03141694268455253,-0.044175878942345564,0.06810503806295032,0.228019472820844,0.07117180544107388,0.24694300878115638,0.2256296462682482,0.4707982078100927,0.2621969897587151,d_minor
0.0,0.0,0.0,-0.02268010377883911,-0.22425711154937744,-0.03801324930896044,-0.0076923370361328125,-0.335784912109375,-0.04705836591233492,-0.011943221092224121,-0.3137015104293823,-0.03588496488441706,-0.013399899005889893,-0.2717875838279724,-0.023879548208014967,0.022257089614868164,-0.21951398253440857,-0.04245144096125841,0.03486621379852295,-0.3603096604347229,-0.06062321332206011,0.035851240158081055,-0.43753238022327423,-0.06117778983821154,0.039774954319000244,-0.49104204773902893,-0.06097593498338938,0.06157952547073364,-0.19709500670433044,-0.04365893048156977,0.08478027582168579,-0.30945366621017456,-0.05916815963496447,0.07477599382400513,-0.2988552153110504,-0.04671204429973841,0.05763787031173706,-0.26618364453315735,-0.03369787302722216,-0.061497058937349885,-0.04770899284815272,-0.16941632084328653,-0.001996740545456538,0.0563208709870594,0.1977224384281961,-0.021577135414697107,0.05584479630799899,-0.043792251159984585,-0.04375577066759276,-0.07107322116875997,0.15277233993125877,0.22863995032110318,0.07193169195493607,0.26909779617307555,0.2272102064700052,0.47858073753190533,0.28830519949744376,d_minor
0.0,0.0,0.0,-0.0224151611328125,-0.22401687502861023,-0.038937663855023175,-0.007966339588165283,-0.3358665704727173,-0.04870147836393812,-0.01288682222366333,-0.31319501996040344,-0.03826193344778517,-0.014579534530639648,-0.27075111865997314,-0.02662492563015917,0.022289633750915527,-0.21933439373970032,-0.042887097420162945,0.03445404767990112,-0.36082011461257935,-0.061017060847945004,0.0352400541305542,-0.4378108084201813,-0.061501959534354,0.0394444465637207,-0.4911913573741913,-0.06134303492493132,0.06145167350769043,-0.1969808042049408,-0.04382639211601713,0.08467406034469604,-0.31018275022506714,-0.05953030494040945,0.0741531252861023,-0.2986656427383423,-0.047010509492821484,0.05716794729232788,-0.2652111351490021,-0.033964118184513836,0.09482201656467282,-0.04733317474881424,-0.12406671046436087,0.01462397203939711,0.010855944515826138,0.019912668639760517,-0.01127382328189444,0.1762282036359225,-0.11168217797733969,-0.02745196373976136,0.08503354737030355,-0.03976391800494658,0.22960365086528792,0.07233433702322005,0.35625982251250854,0.2283216774572698,0.5804962780641582,0.36036856779425835,d_minor
0.0,0.0,0.0,-0.022209525108337402,-0.22360143065452576,-0.03925629588694335,-0.008239984512329102,-0.33567193150520325,-0.04916544514627219,-0.012967348098754883,-0.312442809343338,-0.038719693896482,-0.01459568738937378,-0.26968052983283997,-0.027063558575818547,0.022259294986724854,-0.21894145011901855,-0.04279844346375228,0.03363615274429321,-0.36044952273368835,-0.060797891345927724,0.034439027309417725,-0.4370459020137787,-0.06131161260337592,0.03834754228591919,-0.4902022182941437,-0.06124903517694236,0.06131166219711304,-0.19656577706336975,-0.04348705219955207,0.08390653133392334,-0.30965763330459595,-0.05957323196263076,0.07403230667114258,-0.2989172041416168,-0.0477938342365718,0.057156920433044434,-0.2660163938999176,-0.035229119238564977,-0.0962184147569185,0.1409882055647334,-0.14496032028405606,-0.07722818474379795,0.016514351205937444,0.07346638201057748,-0.13611214027806418,-0.08382408134858516,0.1674595162493912,0.10844358257281528,0.17402046430162843,0.15637848657581332,0.2293500544162157,0.07230863712164458,0.49564121910728665,0.22647320501781343,0.7024720387053652,0.4826761159361883,d_minor
0.0,0.0,0.0,-0.022629201412200928,-0.2235303521156311,-0.03938909178054928,-0.008701026439666748,-0.33523064851760864,-0.049095656028157464,-0.013791859149932861,-0.3115081191062927,-0.03838431020653843,-0.015558242797851562,-0.26848745346069336,-0.026572496866947404,0.021932363510131836,-0.2189147174358368,-0.04280155827677845,0.033096492290496826,-0.3601480722427368,-0.06096509774602055,0.03380852937698364,-0.4364530146121979,-0.06141597708142399,0.037843406200408936,-0.48932257294654846,-0.0613132559267342,0.06102043390274048,-0.19635584950447083,-0.04327497561848759,0.08360123634338379,-0.3100593686103821,-0.05955336173451542,0.07357686758041382,-0.299297571182251,-0.04766664957082867,0.05670243501663208,-0.26626479625701904,-0.035002826949721566,-0.031048039495328916,-0.09845323485692506,0.14747443506030478,-0.02878316200031153,-0.09939790578269028,0.14196950572066275,0.17666893199814854,-0.17842261524751432,0.07198732396917074,0.17252791930886024,0.03855376565353627,-0.007981449776824467,0.22984082851859777,0.07278472524203262,0.36055005428246967,0.22539448392212605,0.5473916591183168,0.32720032597946513,d_minor
0.0,0.0,0.0,-0.02249884605407715,-0.22275856137275696,-0.038952507895189115,-0.0086250901222229,-0.33373865485191345,-0.048069828075128385,-0.013612508773803711,-0.31145501136779785,-0.03704348288174231,-0.015199661254882812,-0.26993322372436523,-0.0251972255080517,0.022021174430847168,-0.21826991438865662,-0.04247116751666624,0.03320443630218506,-0.3589358329772949,-0.0606161438643511,0.03382158279418945,-0.4354493170976639,-0.06117180443997938,0.03786027431488037,-0.4882793426513672,-0.06109830073710043,0.060959458351135254,-0.1959078311920166,-0.04288647032971937,0.08356618881225586,-0.3085964322090149,-0.0589645699381407,0.07354646921157837,-0.2990874648094177,-0.04721039987798292,0.05659216642379761,-0.2670358419418335,-0.03465872339602072,-0.035173484399313976,0.14340143692686974,-0.1869771411358906,0.08725941683761995,-0.14934015376305748,-0.06259009954049138,0.02934007340302841,-0.06445616521277894,0.13349630814264213,0.14885537001140625,0.14910514447084106,0.03860978928783773,0.22755059133246328,0.07247055460615114,0.45450912250542036,0.22360371561797557,0.6546148477609889,0.4324975078074636,d_minor
0.0,0.0,0.0,-0.023315370082855225,-0.2221730649471283,-0.038580127160386724,-0.0087776780128479,-0.33219969272613525,-0.047815296898917836,-0.013682007789611816,-0.31154823303222656,-0.03683671737773864,-0.015354514122009277,-0.2714587450027466,-0.02490697438581435,0.02115851640701294,-0.21794143319129944,-0.04214937994940726,0.03244239091873169,-0.3582128882408142,-0.06088376427753417,0.032952189445495605,-0.4350629597902298,-0.06153599182827918,0.036947011947631836,-0.4878213405609131,-0.061203431438045186,0.06040322780609131,-0.19585391879081726,-0.04255305985672919,0.08339393138885498,-0.307971328496933,-0.05900207916958777,0.07306957244873047,-0.2987619638442993,-0.04698404679758994,0.05577033758163452,-0.26687437295913696,-0.03391367579563109,-0.022021376086065303,0.02836634106489916,-0.10471972647822603,0.14729981703075912,0.17837807086848234,-0.0786453843724842,-0.028347935286315462,0.09117162503275644,-0.10575536351339179,-0.03488153136172492,-0.11960799983414785,-0.06829426516221498,0.22553415524133927,0.07183927663322583,0.15913016750903897,0.22342025611695704,0.3752208467636265,0.17631554361855392,d_minor
0.0,0.0,0.0,-0.02226853370666504,-0.2211611270904541,-0.038542392042998586,-0.007542252540588379,-0.3308316469192505,-0.046958925513152394,-0.012272953987121582,-0.31172579526901245,-0.03507419892919472,-0.0140036940574646,-0.2730281352996826,-0.02270717018616608,0.022093355655670166,-0.21706470847129822,-0.04247397401702813,0.03357291221618652,-0.3576221466064453,-0.06135681116354874,0.03413897752761841,-0.43489477038383484,-0.061939081487778935,0.038270771503448486,-0.4877552390098572,-0.06148135134351662,0.061133623123168945,-0.19489210844039917,-0.04298237555993012,0.08427703380584717,-0.306801974773407,-0.05955537253392151,0.07406699657440186,-0.2978556156158447,-0.047732020107631,0.05696052312850952,-0.2662985622882843,-0.034788126436595235,-0.008303949480828965,-0.06883040560641268,0.0015551458232421767,-0.1151776207113358,0.19625836416609393,0.11344725091327701,-0.16627921503566642,0.02539962828702519,0.08185591561559352,-0.19660569212468984,0.028857963467549874,0.15815501430807483,0.22437420961835652,0.0722990786777994,0.39647173431036803,0.22384122662347344,0.6085197509178006,0.4343273601495809,d_minor
0.0,0.0,0.0,-0.022949934005737305,-0.22178524732589722,-0.03828064281162824,-0.008315324783325195,-0.3291909098625183,-0.04687805402693357,-0.013595163822174072,-0.3104931116104126,-0.03579153049406614,-0.01591503620147705,-0.2726285755634308,-0.0241408098828515,0.021536409854888916,-0.2175029218196869,-0.041352349553676504,0.033037781715393066,-0.35684698820114136,-0.05916326421913709,0.03318750858306885,-0.43362635374069214,-0.05974069539126958,0.0368160605430603,-0.4866965711116791,-0.05962085280236806,0.06073659658432007,-0.19518914818763733,-0.041457339410158056,0.08329451084136963,-0.30739182233810425,-0.057939137552352804,0.07304251194000244,-0.29856961965560913,-0.04678705636081304,0.0558505654335022,-0.26718541979789734,-0.03447781432089414,0.13755629213495002,0.012615917770066293,-0.053879377096646586,0.018192241846723883,0.07446893667468907,0.19036133726166055,-0.1903582269439873,0.03704515525825722,-0.1426247943544633,-0.18517168774756465,-0.1295917850386889,-0.0940617063156095,0.22330362452834782,0.07271026876219418,0.23237097343294208,0.22176480855087696,0.42188690548309093,0.28385555312511795,d_minor
0.0,0.0,0.0,-0.022935211658477783,-0.22075480222702026,-0.03815316878309716,-0.008332252502441406,-0.3292483687400818,-0.04727350644817818,-0.012762606143951416,-0.31318575143814087,-0.0366194332396077,-0.014536142349243164,-0.27691832184791565,-0.025146651119499097,0.02158278226852417,-0.21696341037750244,-0.041658581272272954,0.03344094753265381,-0.3559718430042267,-0.05990379028072823,0.0335996150970459,-0.4336022585630417,-0.061155729964880834,0.03671294450759888,-0.4864206910133362,-0.06133826546421517,0.060903310775756836,-0.19502043724060059,-0.042192881033329854,0.08339440822601318,-0.3061768710613251,-0.05914592094769944,0.07357454299926758,-0.300177663564682,-0.04923155255666245,0.056244730949401855,-0.2707122564315796,-0.03765017263641823,0.14780505512836467,0.18953955674280232,0.1429030374668745,0.1261381844991757,-0.14631204639597328,0.11555268251579798,-0.12247468184055821,0.02366151438734604,0.1961330975375411,0.15170898582066356,0.010252039371589083,0.07159162312688105,0.21869509491175365,0.0721441981256618,0.345633552635356,0.21788241134414335,0.5268569501359301,0.3162089964183279,d_minor
0.0,0.0,0.0,-0.023131191730499268,-0.22138383984565735,-0.038092596221730446,-0.009063959121704102,-0.3291853070259094,-0.04730741842465136,-0.013912558555603027,-0.3092484474182129,-0.03652044175939295,-0.015454113483428955,-0.27001485228538513,-0.024876944486067032,0.0217740535736084,-0.21760058403015137,-0.04170046536998484,0.032729506492614746,-0.35668355226516724,-0.060491142559811806,0.03297734260559082,-0.4348040223121643,-0.06172030581907961,0.036712825298309326,-0.48865148425102234,-0.06185487820582125,0.06109732389450073,-0.19530406594276428,-0.04223697422818873,0.08296114206314087,-0.30622464418411255,-0.05870314105229113,0.0732833743095398,-0.2971368432044983,-0.047042267162368034,0.05649465322494507,-0.26578566431999207,-0.0343310551233742,0.09835380546734579,-0.007453901908866412,-0.1908402913731509,-0.08851763855834466,0.17304077977786192,-0.11530474760036413,-0.0315099683384871,0.05921826052195278,0.19397620876221017,-0.017733904419789004,0.04486147673975677,0.1362860436994774,0.22779537730453983,0.07269037948480597,0.35373126634205926,0.22542860343515256,0.5717170199107474,0.3621073313664607,d_minor
0.0,0.0,0.0,-0.021939635276794434,-0.22223740816116333,-0.03835925581849153,-0.008191466331481934,-0.32927629351615906,-0.04751723381674822,-0.014201581478118896,-0.30580365657806396,-0.036866770414476946,-0.016389787197113037,-0.26323556900024414,-0.025349580971365526,0.022538840770721436,-0.21791326999664307,-0.04165358963406618,0.03321915864944458,-0.35658299922943115,-0.06024206179178293,0.03359520435333252,-0.43430985510349274,-0.06163986149228151,0.037723004817962646,-0.48771438002586365,-0.06216786551273401,0.06143277883529663,-0.19508853554725647,-0.041935091195469454,0.08366191387176514,-0.30616217851638794,-0.05831910046732958,0.07398533821105957,-0.29766425490379333,-0.04709983739054735,0.05710834264755249,-0.26623669266700745,-0.034927212921743944,-0.17988961092543532,0.16161206306172,0.12742017602057348,-0.09485056263636063,-0.1039325227605926,0.1306699493833181,-0.03529097863123881,0.050097114225195416,0.14261004239998626,0.16846116394457544,-0.01948391671345609,0.02955714866152931,0.23382582606656563,0.07418027276643993,0.3108045866609853,0.22398707657848832,0.49471780971664664,0.27828872801533405,d_minor
0.0,0.0,0.0,-0.021423697471618652,-0.2231881022453308,-0.03829253449822545,-0.008920848369598389,-0.32939091324806213,-0.04687967508817792,-0.015631556510925293,-0.304765909910202,-0.03584442645097852,-0.017862319946289062,-0.2614816427230835,-0.024227067677031755,0.023128747940063477,-0.21889501810073853,-0.041369978187333345,0.033312439918518066,-0.35720473527908325,-0.05963505789424062,0.033535540103912354,-0.43477874994277954,-0.06078495070124745,0.03803610801696777,-0.48856931924819946,-0.061228081432830095,0.061841487884521484,-0.19591274857521057,-0.041471123544226884,0.08333301544189453,-0.307033509016037,-0.057596962747823,0.0732184648513794,-0.2973497211933136,-0.04597502186680913,0.05655562877655029,-0.2650965452194214,-0.03362763285423398,0.11640785949252147,-0.12681973016241624,-0.1906544596294004,-0.16373703014241953,0.09870584036498081,0.12151533546418569,0.02951966545477122,-0.06385558549815548,-0.19108239746684436,-0.037779322667199994,0.09173030341948779,0.13518556939308202,0.23677525651405362,0.07509639963289855,0.388030610587432,0.22593104731979988,0.6173118772782923,0.4058600500498453,d_minor
0.0,0.0,0.0,-0.02128070592880249,-0.2230747938156128,-0.03750017911596615,-0.008510828018188477,-0.3291492164134979,-0.04620404795213062,-0.0158994197845459,-0.3054313063621521,-0.03566853210730869,-0.01870971918106079,-0.2628062963485718,-0.02446401186688263,0.02289140224456787,-0.2188015878200531,-0.04038837433262188,0.033319950103759766,-0.3563788831233978,-0.05816256881161053,0.03344547748565674,-0.4333997368812561,-0.05944574878020603,0.03767937421798706,-0.487280011177063,-0.060180916194156,0.06152981519699097,-0.1960841417312622,-0.04051504910393078,0.08256363868713379,-0.3069436550140381,-0.05643272281093914,0.07237553596496582,-0.29829245805740356,-0.045521395955518074,0.0553397536277771,-0.26697081327438354,-0.03385497138305027,0.04487255073641333,0.14678635839761267,0.013912558223049792,0.12343231159124624,-0.13560689750561888,-0.16327627553636212,-0.025366900725323716,-0.01270921036956002,-0.14866341561612098,0.13504554587970563,-0.06454244931861841,-0.06526488610269676,0.23418769343838913,0.07475866334496956,0.2541927337895991,0.22257827174191352,0.4338352963281255,0.21981091555018548,d_minor
0.0,0.0,0.0,-0.022106647491455078,-0.22270482778549194,-0.03683214078621688,-0.008538305759429932,-0.3297964036464691,-0.045191941810415415,-0.015491306781768799,-0.3069055676460266,-0.03426512892322364,-0.01820617914199829,-0.26474305987358093,-0.02277199740485969,0.022296905517578125,-0.2187451422214508,-0.04024771789984527,0.03303563594818115,-0.3563385009765625,-0.058071328354643015,0.033294737339019775,-0.4340997338294983,-0.05929964597301307,0.03739112615585327,-0.48821237683296204,-0.05995143766479316,0.0610925555229187,-0.19618037343025208,-0.04060176948981109,0.08199769258499146,-0.30645811557769775,-0.0554497558899385,0.07213103771209717,-0.2992090582847595,-0.04355534727649513,0.05486655235290527,-0.2691667377948761,-0.031430980218217996,-0.03022090094248925,0.06545209910845329,-0.09227975754533002,-0.09624170374950776,-0.06501027745469765,0.10678050981062287,-0.15181173332501963,0.06278021297489916,-0.1125177839338099,0.03073788458914467,0.06754088412556547,0.02730745906531787,0.23326359929641147,0.07371682981409103,0.33958223271321847,0.2215847445004596,0.5626011622347916,0.3426432831923582,d_minor
0.0,0.0,0.0,-0.022420108318328857,-0.22284647822380066,-0.03775280956995175,-0.009300947189331055,-0.33073103427886963,-0.046246471450444915,-0.014998555183410645,-0.30854812264442444,-0.03505687286030934,-0.01659703254699707,-0.2675597071647644,-0.023341237202998855,0.022270798683166504,-0.21884045004844666,-0.0411428125656812,0.03211796283721924,-0.3569168448448181,-0.05972948168289349,0.032216012477874756,-0.43450911343097687,-0.060960354850408294,0.03644108772277832,-0.48827141523361206,-0.06135982145440266,0.061053335666656494,-0.19616389274597168,-0.04134252165329144,0.08188742399215698,-0.30720746517181396,-0.05677156765830205,0.07212287187576294,-0.2977883219718933,-0.044021959052201964,0.05558115243911743,-0.2660445272922516,-0.03094119449031041,-0.051023313564109746,-0.1360557151272644,-0.04492888716948834,0.028079636825347004,-0.03350837404616386,0.18385301975753188,0.18821322245557753,-0.1289528528410016,-0.10333258723935318,0.011147558813025205,-0.012308075238178423,-0.03164298592129802,0.23015671406435328,0.07259301280911816,0.2568892309589908,0.2251142480338111,0.47756041914968084,0.257598571142641,d_minor
0.0,0.0,0.0,-0.022873103618621826,-0.22249555587768555,-0.03765611449958328,-0.009008407592773438,-0.3300011157989502,-0.046522216002955474,-0.014399528503417969,-0.30938947200775146,-0.03571822966219429,-0.016177713871002197,-0.2695605456829071,-0.024094124387517013,0.021999716758728027,-0.21851184964179993,-0.0410410995292807,0.03289306163787842,-0.35685327649116516,-0.05946930224777702,0.03311169147491455,-0.43479448556900024,-0.060581543545737304,0.03705495595932007,-0.488475501537323,-0.060748131077303924,0.06104457378387451,-0.19611388444900513,-0.04136674950601105,0.08247792720794678,-0.3063342273235321,-0.05720060045601372,0.07257628440856934,-0.2975882291793823,-0.04514905164720062,0.0558239221572876,-0.26616281270980835,-0.03229862923504356,0.05841147103019517,0.02711249977887925,0.0003716845659508805,-0.09385319521387579,0.1009094667614936,-0.05788481199214998,0.17632258861982392,0.09092175615473874,-0.04072217736256206,0.012521270297782439,0.027646273630035745,-0.1343615600666518,0.22825641555150186,0.07254718519625615,0.31829928135276797,0.22491015953249552,0.5219219534198716,0.3140314327003861,d_minor
0.0,0.0,0.0,-0.02264612913131714,-0.22196775674819946,-0.0379974062205406,-0.008350908756256104,-0.32917940616607666,-0.04670988047729452,-0.0140000581741333,-0.3076249361038208,-0.035637818521365716,-0.016197681427001953,-0.2669258117675781,-0.023880506178841188,0.02188652753829956,-0.21815308928489685,-0.04136351147900541,0.03326326608657837,-0.3566541373729706,-0.059796601778373315,0.03361159563064575,-0.4342411011457443,-0.060930498188838556,0.03771519660949707,-0.48772966861724854,-0.061191968864307,0.0608830451965332,-0.19573423266410828,-0.041660510248050286,0.0825875997543335,-0.30612489581108093,-0.05774769211421926,0.07278960943222046,-0.29676035046577454,-0.046150036400661065,0.05611133575439453,-0.2647886276245117,-0.033669945097074105,-0.19727121167293216,0.1213688948348296,0.1937370799377165,-0.1215203274046933,0.1518761424691798,-0.03225440581679456,0.06761813769178632,-0.03290499960690632,0.07286899411221237,-0.05696880499617932,-0.10632220165940237,-0.15843513601380854,0.23033255711166206,0.0729999632611872,0.21344964864552282,0.2253854198625273,0.40483694195136166,0.2312251700287282,d_minor
0.0,0.0,0.0,-0.02218848466873169,-0.22233450412750244,-0.037810793643714646,-0.008703649044036865,-0.3289353847503662,-0.04619093475294278,-0.014642775058746338,-0.30656737089157104,-0.03492284802150891,-0.016833961009979248,-0.26521041989326477,-0.023124883448602418,0.022282302379608154,-0.21849501132965088,-0.04094836351823972,0.03314083814620972,-0.35635805130004883,-0.059047421937705735,0.03322875499725342,-0.43364280462265015,-0.06013197687816785,0.03724396228790283,-0.48663780093193054,-0.06052911145043538,0.06112033128738403,-0.19593271613121033,-0.04101522502851651,0.08273077011108398,-0.3067321181297302,-0.05690748107981847,0.07272094488143921,-0.2980586886405945,-0.04550147665095494,0.05591338872909546,-0.2662275433540344,-0.03331143272471593,0.10430740384701803,0.06082737539228966,-0.026630491392394318,-0.08847993038966809,0.07715147307186193,0.19165971746487015,0.12852972872058865,-0.11801842635245806,-0.004610085047430351,-0.13834356009606355,-0.13946140482499075,0.0756313189031112,0.230983945620182,0.0734641219939937,0.2008237659333042,0.22286774366070586,0.4121918131462653,0.25626927083961426,d_minor
0.0,0.0,0.0,-0.02232217788696289,-0.22218778729438782,-0.03720790719982858,-0.008628606796264648,-0.32890915870666504,-0.04544847658273454,-0.015097737312316895,-0.3073453903198242,-0.03431995040175195,-0.01753365993499756,-0.26659446954727173,-0.02266282787915941,0.022120177745819092,-0.21848899126052856,-0.0404085723161387,0.03314816951751709,-0.35592347383499146,-0.058434909343688446,0.03324568271636963,-0.43350955843925476,-0.05966701185700174,0.0372624397277832,-0.4871257245540619,-0.06013562357422586,0.06096518039703369,-0.19606152176856995,-0.04050731858608003,0.08210718631744385,-0.30562567710876465,-0.05597850880023714,0.07204139232635498,-0.29823237657546997,-0.044534327596394974,0.05491304397583008,-0.2677212953567505,-0.03240627995130296,-0.15033906321049068,-0.11560720643423927,-0.024710465718065983,-0.04356175406040039,0.05509717722678187,-0.1503955458929422,-0.15390183003356897,-0.17942094982606807,0.1096982554705423,-0.03991872140436992,-0.1592476662006404,0.05859253946967313,0.23030600815073737,0.07310765693297928,0.13648026190157184,0.2218530231470316,0.35715168973854194,0.17041237362185296,d_minor
0.0,0.0,0.0,-0.02269214391708374,-0.22196897864341736,-0.03658286514523468,-0.008800864219665527,-0.3287525773048401,-0.04449560525658569,-0.014268934726715088,-0.3089345097541809,-0.03314727949741325,-0.01614677906036377,-0.27005359530448914,-0.021394830521373365,0.02192819118499756,-0.21822425723075867,-0.0400739203656002,0.0327683687210083,-0.35582372546195984,-0.05802908199670753,0.032938361167907715,-0.4334005117416382,-0.059117850240497205,0.03674393892288208,-0.4868707060813904,-0.05935338171961746,0.06096619367599487,-0.19591152667999268,-0.040372815307406995,0.08234286308288574,-0.30586564540863037,-0.05596900018694839,0.07238537073135376,-0.29917827248573303,-0.0446314665937706,0.05515396595001221,-0.269490510225296,-0.032426111724404905,-0.06664297680215997,0.10591433440598491,-0.1922833608380947,-0.07165865005805516,-0.05855214563249028,-0.13937883188304354,0.11216992263143238,-0.19197063104867151,-0.15599026360135482,0.1312802011759311,0.14558724371323734,-0.18709178620911762,0.22638007682544864,0.0721512471744004,0.47111304660892034,0.21981391337895034,0.652117522476374,0.44945101665046955,d_minor
0.0,0.0,0.0,-0.022092461585998535,-0.22147777676582336,-0.03701837024181032,-0.008206367492675781,-0.3294820785522461,-0.04492324626534128,-0.013833999633789062,-0.3105257749557495,-0.0334384035178914,-0.015590369701385498,-0.271908164024353,-0.021620324240018363,0.022361040115356445,-0.2177460789680481,-0.0406785759934678,0.033075809478759766,-0.355754554271698,-0.05866830459325456,0.03310513496398926,-0.43349960446357727,-0.059650309742380614,0.03699779510498047,-0.4871719181537628,-0.05983903667419099,0.06125473976135254,-0.19552510976791382,-0.04109539499967241,0.08193081617355347,-0.3061556816101074,-0.05650236493437433,0.07213705778121948,-0.29891446232795715,-0.044729847819496626,0.055440306663513184,-0.26873254776000977,-0.03230471199839258,0.06312648569189411,-0.12487213719140439,0.10436423248602583,-0.1497092652761486,0.1702895813975307,0.11367399878513823,0.11791926132669095,-0.15803956011061146,-0.19375222577448686,-0.03510753803236227,0.17345708964084627,0.15160001812947088,0.22486589092104314,0.07189991422306868,0.4782639606352647,0.22093895945703676,0.6973781892938743,0.4873925905952728,d_minor
0.0,0.0,0.0,-0.022234439849853516,-0.22200962901115417,-0.03654247371797226,-0.00892186164855957,-0.3292098939418793,-0.044650251402899244,-0.014404594898223877,-0.3091009855270386,-0.0333830661917176,-0.016023457050323486,-0.26997148990631104,-0.02161522617880962,0.022468388080596924,-0.21820273995399475,-0.0400138631308522,0.03284180164337158,-0.3556477725505829,-0.05826318113450668,0.03298288583755493,-0.43337200582027435,-0.059479831143661954,0.03699076175689697,-0.48647013306617737,-0.05972666515354774,0.061357200145721436,-0.1957329511642456,-0.04030964372996948,0.08163672685623169,-0.30588725209236145,-0.05580217613224647,0.07178515195846558,-0.2985476851463318,-0.043930905296846845,0.05502694845199585,-0.2679012417793274,-0.03128005413655899,-0.005771353848917027,-0.18317992144300024,-0.07052588094882375,-0.10528311846632757,-0.05537758097079118,-0.19797640747485667,-0.05714770898261051,0.036942540842708926,0.18955021750436057,-0.17803440734759435,0.046643094032753435,-0.09265288670872521,0.22612972309390947,0.07173461471844804,0.3626826326041753,0.22114898586069792,0.5757861341871232,0.396260469056071,d_minor
0.0,0.0,0.0,-0.022755801677703857,-0.22202152013778687,-0.03631420398511409,-0.008990228176116943,-0.32902851700782776,-0.04437766934194087,-0.014342129230499268,-0.3094675540924072,-0.033210843451399796,-0.016049861907958984,-0.2708475589752197,-0.021552158169527047,0.022018253803253174,-0.2181810736656189,-0.039897203095335954,0.032691121101379395,-0.35560816526412964,-0.05807217548050403,0.03287583589553833,-0.43322665989398956,-0.059318899758238786,0.036827027797698975,-0.4862433671951294,-0.059581137843508714,0.06097066402435303,-0.19566693902015686,-0.040297634549517625,0.0814284086227417,-0.30570703744888306,-0.055802598245520585,0.07172650098800659,-0.2984383702278137,-0.04400076682128429,0.05505424737930298,-0.2679385840892792,-0.03138929570474147,-0.033491466035259876,-0.05796421158195106,-0.1633920552884155,0.1497082822423556,0.19422707688934338,-0.06450381288589477,0.1447605502403448,-0.12330894156989727,0.07882846405172383,0.1290341031104108,-0.09457399485137948,-0.015409855153230456,0.22502782707633412,0.07184027956034589,0.22838444386760928,0.2208709800398085,0.4047939527517372,0.18916564798070631,d_minor
0.0,0.0,0.0,-0.022312819957733154,-0.22194206714630127,-0.03692893223656313,-0.008942902088165283,-0.3295143246650696,-0.04539853991759912,-0.014689326286315918,-0.3087051510810852,-0.03434341685665743,-0.016661524772644043,-0.2688204050064087,-0.022585508467685145,0.02229750156402588,-0.21816137433052063,-0.04034246044052736,0.032852351665496826,-0.3559378385543823,-0.05880430998099939,0.03295254707336426,-0.4337848424911499,-0.06010106490744249,0.0368618369102478,-0.4870328903198242,-0.060316572951208514,0.061226487159729004,-0.19571462273597717,-0.040575790273081225,0.08161354064941406,-0.3054693341255188,-0.05615618364704744,0.07182842493057251,-0.29789987206459045,-0.04419700713647501,0.054982900619506836,-0.26704734563827515,-0.03138718293799059,0.14625191299786,0.060355654612141874,-0.02607142900380638,0.053449060960469086,-0.11553652060404605,-0.006097923678400757,0.1380969528335289,-0.02910864597138718,0.11693301613803786,-0.008879185447911275,-0.03841361213120634,-0.1422340202424072,0.22782684701227604,0.07220482603521475,0.25973760100976423,0.22261833353371802,0.45832517502266057,0.26199002170818547,d_minor
0.0,0.0,0.0,-0.022179484367370605,-0.22217825055122375,-0.03668625579919649,-0.008650243282318115,-0.3290088176727295,-0.04492515252675844,-0.014285504817962646,-0.3083600699901581,-0.03378208281245065,-0.016065478324890137,-0.26872164011001587,-0.022127482311390168,0.022293508052825928,-0.2184509038925171,-0.04014525489654375,0.0325663685798645,-0.3561314344406128,-0.058533339963815934,0.03254520893096924,-0.4337075650691986,-0.05983637945499254,0.03655940294265747,-0.4872314929962158,-0.06021276788558794,0.061238884925842285,-0.19613346457481384,-0.04047118054475618,0.08178579807281494,-0.3066158890724182,-0.0561850287183745,0.07180947065353394,-0.2979211211204529,-0.04422498048987222,0.05505341291427612,-0.26633507013320923,-0.0315306961699946,0.1728244268903839,-0.13586965628184577,-0.0034604342322697157,0.03863068142778098,0.021056415227177994,-0.12029832121680224,-0.14546557058638393,-0.010028689329025287,0.030588604015325233,-0.07527094955608167,-0.07324672689259445,-0.023327231106539947,0.2279614504999484,0.07177752321035608,0.204247812517631,0.2235171565594037,0.4304067345306539,0.23309835818331706,d_minor
0.0,0.0,0.0,-0.022119998931884766,-0.22210437059402466,-0.036815671074663214,-0.008463859558105469,-0.3291020691394806,-0.04485042189386945,-0.014263570308685303,-0.308458149433136,-0.033548278558527045,-0.01618248224258423,-0.26869598031044006,-0.021778236899052672,0.022343218326568604,-0.21820148825645447,-0.040161533105646186,0.03262275457382202,-0.35587841272354126,-0.05841883068111997,0.03259587287902832,-0.4333810806274414,-0.059586604881559424,0.03665882349014282,-0.4866832196712494,-0.059859858650241904,0.06120532751083374,-0.19568347930908203,-0.040310935873066,0.08126664161682129,-0.30629223585128784,-0.05577579309371572,0.0713965892791748,-0.2979643940925598,-0.04362530802515607,0.05492645502090454,-0.26659467816352844,-0.030819305974517874,-0.027473939286225185,-0.010765261142022586,0.1893207437308398,-0.10725752835412981,-0.0816111130915993,-0.0021413248093568316,0.11320812933862073,-0.13777415668228654,0.04043264011484743,0.01704535064967877,0.054281664778755845,-0.07764964666855204,0.2275101097333632,0.07171218417732603,0.32945449235927876,0.2227465514086604,0.5416125654770276,0.32648075952177863,d_minor
0.0,0.0,0.0,-0.02226996421813965,-0.22219151258468628,-0.037474560260491785,-0.008603453636169434,-0.32957887649536133,-0.04571686562867683,-0.014244794845581055,-0.30892032384872437,-0.03424990054936927,-0.01622110605239868,-0.26922205090522766,-0.022252362861948427,0.022176384925842285,-0.21805846691131592,-0.04084831353993934,0.03246152400970459,-0.356103777885437,-0.05944372218819183,0.03247720003128052,-0.4338444620370865,-0.060572444170432505,0.0363842248916626,-0.4872496426105499,-0.06067585822911781,0.06105351448059082,-0.19551360607147217,-0.0409566710588507,0.08149105310440063,-0.305865615606308,-0.0565615731176905,0.07169389724731445,-0.29823824763298035,-0.04437279951544326,0.05485224723815918,-0.2673117518424988,-0.03142713260622543,-0.03242517092289915,0.14812360824719323,-0.10602678410144897,-0.04339898327642114,0.0564410774476537,-0.055968176022753696,-0.04652737768941742,0.15659138509712617,0.05095750768057755,0.010446119294084732,0.028915392975597504,0.07977168298996756,0.22755156906685528,0.07168854295027913,0.31623722469605975,0.22264148668981965,0.5355601190511917,0.3195115054517803,d_minor
0.0,0.0,0.0,-0.02242887020111084,-0.2216070294380188,-0.03749267112961263,-0.00811004638671875,-0.32896679639816284,-0.04609594967713804,-0.01389920711517334,-0.3084034025669098,-0.035059661683945365,-0.015952110290527344,-0.268490195274353,-0.023419161406664557,0.02199852466583252,-0.2176358997821808,-0.04117260974398107,0.03279399871826172,-0.35567182302474976,-0.06009793382635564,0.032691240310668945,-0.4331820160150528,-0.06150534105053396,0.03658163547515869,-0.4868682622909546,-0.06189439174285383,0.06091576814651489,-0.19528508186340332,-0.041506958273558325,0.08134466409683228,-0.3064560294151306,-0.0569997849737689,0.0715559720993042,-0.29801425337791443,-0.04435482349744291,0.055078208446502686,-0.2670523524284363,-0.03127966177216024,-0.19327938318030788,0.18757763391425492,-0.05680225513871684,0.060099342978894965,-0.09013564218915363,-0.1685515213704704,0.037181497473800784,0.17836691898396456,-0.12545480423600963,-0.176401906176435,-0.18702082431118008,-0.1178043563247683,0.22787961283867383,0.07147839560265459,0.20319931206746975,0.2227070253304765,0.3720166652410101,0.25975875678416244,d_minor
0.0,0.0,0.0,-0.02217036485671997,-0.22178509831428528,-0.037866124608640916,-0.008689463138580322,-0.3304142951965332,-0.045858805724506624,-0.013833284378051758,-0.308459997177124,-0.03391399020803476,-0.01537930965423584,-0.26785340905189514,-0.021655861013655908,0.022397518157958984,-0.21775999665260315,-0.04155215034735704,0.03216242790222168,-0.356116384267807,-0.05980969006670023,0.03227788209915161,-0.4338268041610718,-0.060613980242138155,0.03599059581756592,-0.4876444637775421,-0.06067595417154337,0.06119722127914429,-0.19524094462394714,-0.04183145771277452,0.0809362530708313,-0.30643999576568604,-0.05682831416380907,0.07180333137512207,-0.2976779043674469,-0.043965523787861116,0.05529904365539551,-0.26616427302360535,-0.030827508964662798,0.13513489585970734,0.03795411043949906,0.026242914213652435,0.19432055073939897,-0.024275996120298515,0.13953013444830437,0.04512377133121648,0.10387809794295749,0.19370737500125357,-0.14121496646667256,0.08198530934526083,-0.05867568763282058,0.22906231160023774,0.0712909667014016,0.3736204076038874,0.2243150033670832,0.5965600479403855,0.4007510560597512,d_minor
0.0,0.0,0.0,-0.022183239459991455,-0.22135144472122192,-0.037737097795783825,-0.008240938186645508,-0.3287702798843384,-0.04635847380357916,-0.013677358627319336,-0.3087378144264221,-0.03522693758803541,-0.015397310256958008,-0.26965487003326416,-0.023535814340888805,0.02216815948486328,-0.21728789806365967,-0.04142453169423277,0.032744526863098145,-0.3551531136035919,-0.060310054775058575,0.03280031681060791,-0.43241237103939056,-0.061576027627765484,0.036874353885650635,-0.48583778738975525,-0.06185667237240011,0.06098383665084839,-0.1949663758277893,-0.04182745909291441,0.08152163028717041,-0.306082159280777,-0.0575069787164324,0.07140326499938965,-0.2976965606212616,-0.04486005773740942,0.05457419157028198,-0.26661646366119385,-0.03169823085862333,-0.16353251614433295,-0.19067889951511716,0.12401097511063208,-0.025394327388364724,-0.07568554754276376,-0.16354722988981713,-0.07599192966898359,0.03978075885570034,0.19407644033272214,0.1950153488759684,-0.13416984729791528,-0.13029387577438625,0.22568976226065812,0.07051147441835458,0.2720789631522906,0.22199280309484112,0.3916153280892494,0.21676467896730142,d_minor
0.0,0.0,0.0,-0.021943211555480957,-0.22147223353385925,-0.038694733849126806,-0.008196234703063965,-0.3290972411632538,-0.04671967970426749,-0.01407623291015625,-0.3081597089767456,-0.03488313229973983,-0.015956103801727295,-0.2687205374240875,-0.022839861085969915,0.022388875484466553,-0.21730658411979675,-0.04213017793591689,0.03246122598648071,-0.3550407886505127,-0.0607504715233631,0.032605767250061035,-0.4324026554822922,-0.061764543971378316,0.036692142486572266,-0.48631808161735535,-0.06196985217030715,0.061125993728637695,-0.19484013319015503,-0.04211768703754615,0.08142518997192383,-0.30497443675994873,-0.05735266776974868,0.07138091325759888,-0.2981305718421936,-0.044746684005815496,0.053979575634002686,-0.268440842628479,-0.031842256060201635,0.19189337094961667,-0.1349017692268597,0.004921370586160684,0.08335567366199514,-0.08514708339702973,0.11363152413625771,0.015246343919413263,-0.014822739609666069,0.035619745335916775,0.06865736046886523,0.18914073984238267,-0.1617550136756188,0.22727007123340043,0.07051326543699382,0.485894851974128,0.22062868957054624,0.6835374701543983,0.4758924947668734,d_minor
0.0,0.0,0.0,-0.02231806516647339,-0.22230514883995056,-0.03764983264912303,-0.008699417114257812,-0.33012479543685913,-0.04573032630790408,-0.014262616634368896,-0.30845776200294495,-0.03406834600676234,-0.01595371961593628,-0.2679993808269501,-0.022116631252657726,0.02219414710998535,-0.21835973858833313,-0.0411155856977814,0.03194689750671387,-0.3558349013328552,-0.05955593286265071,0.03204631805419922,-0.4329969137907028,-0.06072980908859904,0.03608900308609009,-0.48663705587387085,-0.06113990767110522,0.06088864803314209,-0.1957491934299469,-0.04126292092908557,0.08093202114105225,-0.30629590153694153,-0.05647836996425326,0.07122719287872314,-0.2977851927280426,-0.043892696483027294,0.05435734987258911,-0.2669244706630707,-0.031062522886287525,0.16986259242118962,-0.042637400797325586,-0.059467149620395315,-0.08714504553310656,0.13878840158428757,-0.12616930106634863,0.023567180123909404,0.026892503583621774,-0.09916248974648441,0.15658860232181215,0.10370131613569883,0.07407276870578317,0.22810895212286933,0.07088604165561302,0.42093308452360156,0.22251292472532666,0.6174965706268172,0.3985826543587835,d_minor
0.0,0.0,0.0,-0.02252495288848877,-0.2217414677143097,-0.03799978183802466,-0.008620262145996094,-0.3294448256492615,-0.046641140302980943,-0.01397019624710083,-0.3087582588195801,-0.03544357331689696,-0.01568061113357544,-0.26909318566322327,-0.023652969917620226,0.021799087524414062,-0.21755701303482056,-0.041456661245192095,0.03209894895553589,-0.3555455207824707,-0.060271910449827715,0.03211420774459839,-0.43287403881549835,-0.06154775532182555,0.03594845533370972,-0.48634931445121765,-0.061843904724682375,0.06060385704040527,-0.19513550400733948,-0.041690579673613115,0.0812121033668518,-0.30599385499954224,-0.057536083331669374,0.07168805599212646,-0.2977691888809204,-0.045292771479452654,0.05507194995880127,-0.2667747735977173,-0.03237600537237029,0.06731176208709788,0.016885930909150526,0.09583891768507014,-0.14216974911345429,0.1474396497775008,-0.1124347692018934,0.15992331388057496,0.19819886789264946,-0.16394443514329488,-0.1633459407552723,-0.10314214476667423,0.1204045442482683,0.2265487442067738,0.07132595097985592,0.264759069598357,0.2223669132985827,0.46880751739190013,0.3127681386339205,d_minor
0.0,0.0,0.0,-0.02256840467453003,-0.22113463282585144,-0.038145144562065525,-0.008887410163879395,-0.32819443941116333,-0.04611342502647631,-0.013759016990661621,-0.30766770243644714,-0.03421511975938074,-0.015040993690490723,-0.26850426197052,-0.022083786408245487,0.022037148475646973,-0.21745288372039795,-0.04140038145595781,0.03183853626251221,-0.3547988533973694,-0.0598218898277878,0.03168541193008423,-0.4322633147239685,-0.06087629971915476,0.0353541374206543,-0.48537489771842957,-0.0610692325037121,0.06093239784240723,-0.19518372416496277,-0.041398950944483204,0.08065277338027954,-0.30562838912010193,-0.057166629562914295,0.0711323618888855,-0.29689955711364746,-0.04503195090109102,0.0544971227645874,-0.26476407051086426,-0.03217544136458628,-0.09443504742434344,-0.16580440785853742,0.10713542374118418,-0.15239895108361767,0.07091669510657173,-0.19612637021280613,0.10549452668606812,0.02116999832718025,0.19835518397579904,0.1115954416680584,-0.12344738389423987,-0.08236931338179168,0.22603629552944476,0.07036604416927761,0.20177370839639877,0.2233169096496629,0.3704834074310441,0.16046821718328927,d_minor
0.0,0.0,0.0,-0.021928250789642334,-0.22073596715927124,-0.038483496592562005,-0.008477747440338135,-0.3280552625656128,-0.046221833513300226,-0.01405787467956543,-0.3082908093929291,-0.03398465721420507,-0.015850424766540527,-0.26953211426734924,-0.02163797786943178,0.022716879844665527,-0.21727439761161804,-0.04143122194818716,0.03198134899139404,-0.3541414737701416,-0.059934668080131814,0.0317615270614624,-0.4315875321626663,-0.06089735759906034,0.03538799285888672,-0.484701544046402,-0.060967054055254266,0.06161916255950928,-0.19502675533294678,-0.041065189824621484,0.08086299896240234,-0.3048820197582245,-0.05699189363531332,0.07124322652816772,-0.2982480525970459,-0.04530464469007711,0.05424368381500244,-0.2678808867931366,-0.032758857892076776,0.05511404731516256,0.02915162731231019,-0.14710064355006988,-0.14152283803651247,0.17271370311323903,-0.1922529808751212,0.06148364386351396,-0.10270753491637152,-0.12588549687634845,0.14478215516038467,-0.07388180217638274,-0.1559417602285439,0.22465536981303302,0.07099003157127623,0.28656478553938963,0.21945941953798845,0.4356146667279448,0.24699572274380102,d_minor
0.0,0.0,0.0,-0.02175438404083252,-0.2205677330493927,-0.037957865892764175,-0.008193731307983398,-0.3279765248298645,-0.04635624974858388,-0.01423943042755127,-0.30954694747924805,-0.03490175321590527,-0.016026198863983154,-0.27190959453582764,-0.023035401626344765,0.022621333599090576,-0.2172088325023651,-0.041263111083623016,0.03222203254699707,-0.35465288162231445,-0.06069535776865109,0.03204375505447388,-0.4332717955112457,-0.06219479828965291,0.0362202525138855,-0.4881540536880493,-0.062427584229823196,0.06138521432876587,-0.1951640546321869,-0.04124420523535832,0.08138757944107056,-0.3050844371318817,-0.057182442544814194,0.07082182168960571,-0.29824620485305786,-0.04472777262222394,0.053209662437438965,-0.26848384737968445,-0.03153638183962926,0.1930485971347185,-0.13356692740447484,0.18891601624350435,-0.03415610386784204,0.14778875096702204,0.08953965622608279,0.05234919434318008,0.06061565777771538,0.09083733736139177,-0.08468926153168321,0.18026497248383294,-0.12044599258956885,0.2259272047494118,0.06983986611036878,0.4676165934460951,0.22248124859012736,0.6817398630298079,0.4778038671300674,d_minor
0.0,0.0,0.0,-0.021710216999053955,-0.22036296129226685,-0.03779179122415144,-0.007960677146911621,-0.32829001545906067,-0.04599024620023329,-0.013908803462982178,-0.30973419547080994,-0.034342995696931666,-0.01568305492401123,-0.2718774080276489,-0.022317516469627208,0.022560834884643555,-0.21692055463790894,-0.041207707339196986,0.03223907947540283,-0.3544522523880005,-0.060345425122648066,0.03223264217376709,-0.4329497367143631,-0.06159169491496641,0.03633439540863037,-0.48740074038505554,-0.06164696332183439,0.06126362085342407,-0.1948089301586151,-0.04128922414150793,0.08138090372085571,-0.3049592673778534,-0.0570627663668688,0.07121467590332031,-0.29956305027008057,-0.04477648329105932,0.05359697341918945,-0.2707102596759796,-0.03173405196633894,0.1347036832948853,-0.08856951827038917,0.04575506232798757,0.11793793805263036,0.074922312908558,-0.015153572465640364,0.06499521410373704,-0.15388090807519228,0.039968456895556365,0.0747070540075303,-0.10138327019609471,0.19156668052122022,0.2251731052307326,0.0699267881664125,0.28807129768514006,0.2194254846075605,0.46324841893665464,0.28103466333932503,d_minor
0.0,0.0,0.0,-0.021691203117370605,-0.22042304277420044,-0.03775033246566295,-0.007675588130950928,-0.32816100120544434,-0.04628866802741527,-0.013357758522033691,-0.31031376123428345,-0.034932697972550386,-0.015053987503051758,-0.27325916290283203,-0.023082752561464304,0.022518932819366455,-0.2167252004146576,-0.04135114591409206,0.032604753971099854,-0.35420697927474976,-0.060614622047438615,0.03266090154647827,-0.43259382247924805,-0.06190529357482433,0.03670811653137207,-0.48686644434928894,-0.061906072160496706,0.061232686042785645,-0.1944931149482727,-0.04169194292117595,0.08174186944961548,-0.3045724630355835,-0.0578082491068983,0.07133114337921143,-0.2994464337825775,-0.04574642967273235,0.05348670482635498,-0.2708076536655426,-0.03272415216852664,-0.09902929531326979,0.06996991955123394,-0.1337377988941614,0.09461587712374447,-0.005851008847638978,-0.13318225893939922,0.018446601835968524,0.15082267022586265,0.10289516632401091,0.1545878545405806,-0.07014165348759219,0.09930197292206838,0.22319192692771167,0.06925888382668301,0.29157005716411694,0.21866528419324635,0.4621073660429867,0.26061309216421363,d_minor
0.0,0.0,0.0,-0.022232770919799805,-0.22018811106681824,-0.03824609139644508,-0.00789332389831543,-0.3282819390296936,-0.04737568640791778,-0.013241767883300781,-0.3109263777732849,-0.03629040712201004,-0.01478564739227295,-0.27405619621276855,-0.024453850404256627,0.02210599184036255,-0.21626034379005432,-0.0420093982824028,0.03279733657836914,-0.354070782661438,-0.061381291539305494,0.03290480375289917,-0.4323720186948776,-0.0624811238952816,0.03717523813247681,-0.4867062568664551,-0.06231189885818367,0.06108355522155762,-0.19428089261054993,-0.04249281057798271,0.08185386657714844,-0.3056420385837555,-0.05855399364315872,0.0709068775177002,-0.29884010553359985,-0.045788794697159574,0.05305135250091553,-0.2687447667121887,-0.032234676123493955,0.1622500822392134,0.10414449460451375,-0.14835735610857337,0.03226088982635983,0.12160057750590064,-0.19577879773982396,0.12581762751247633,0.19236466993887086,-0.1135654794756718,0.19454872784535698,0.10451002353427191,-0.09618103708145256,0.2221558321387773,0.06848803608456902,0.43849521399705,0.2205989608432919,0.6127399317812313,0.40426449603082953,d_minor
0.0,0.0,0.0,-0.0219610333442688,-0.2210937738418579,-0.03745518110521573,-0.008612394332885742,-0.32976117730140686,-0.04597442082889813,-0.013745546340942383,-0.30979183316230774,-0.03440707035191792,-0.014719069004058838,-0.2707979381084442,-0.02236971303649682,0.022709369659423828,-0.2174328863620758,-0.04143121324308652,0.03265184164047241,-0.35539567470550537,-0.06040997288950223,0.032631099224090576,-0.43286125361919403,-0.06132803343065518,0.03689420223236084,-0.48641929030418396,-0.061138621045429886,0.06171393394470215,-0.19546735286712646,-0.0421074800921275,0.08145326375961304,-0.30671945214271545,-0.057762941790898026,0.07045572996139526,-0.2974286377429962,-0.04435261197217244,0.052979111671447754,-0.26568982005119324,-0.030498343033869446,0.07802443077308974,-0.04630369095941145,0.14578781875555202,-0.07900858149459725,-0.15798894749874332,-0.02047988270051465,0.08983519238102339,0.08279336329130221,-0.01669049530468905,-0.03328748662513331,-0.13267171808812173,0.027393183179411057,0.22507671029817497,0.06837551581154276,0.14798643393854852,0.22342571469384462,0.371349827869832,0.1687814274107928,d_minor
0.0,0.0,0.0,-0.022182762622833252,-0.22213122248649597,-0.037088191390424186,-0.008428692817687988,-0.3313305079936981,-0.0455618670884661,-0.014226555824279785,-0.3091016113758087,-0.03419417727032226,-0.01569342613220215,-0.2681189179420471,-0.022236231968193465,0.022233247756958008,-0.21851715445518494,-0.04083702552357238,0.03250831365585327,-0.356475830078125,-0.05909639436045211,0.032664954662323,-0.43292681872844696,-0.059668297201781684,0.03691679239273071,-0.48626288771629333,-0.05948016259112876,0.06099510192871094,-0.1963692307472229,-0.04143420445957702,0.08138245344161987,-0.3074048161506653,-0.056647489101081305,0.07085829973220825,-0.2991936206817627,-0.04357573229113143,0.05336463451385498,-0.26855671405792236,-0.03021901498773616,0.12023148473519052,0.010303294381183242,0.06514004808496854,0.17995703702846044,-0.08987187957302943,-0.09930609329554696,-0.19225428983856194,-0.013177930566745377,0.16176991554582454,-0.07162335597694486,0.10534296079987865,-0.0235702908044218,0.2274681010831067,0.06951929394326929,0.3776290661997104,0.2202787423209006,0.6025512116811222,0.39429325401148235,d_minor
0.0,0.0,0.0,-0.021398186683654785,-0.22267213463783264,-0.03789852673460814,-0.007078647613525391,-0.33117541670799255,-0.046557565427320924,-0.013756096363067627,-0.3095117211341858,-0.03519430497934195,-0.01581740379333496,-0.2690459191799164,-0.0233536076014218,0.02217024564743042,-0.2183915078639984,-0.042356648690002885,0.0328943133354187,-0.3570469617843628,-0.06181183943797919,0.03322887420654297,-0.4337846636772156,-0.06276645625283095,0.038111329078674316,-0.48773202300071716,-0.06276711935450408,0.06058859825134277,-0.1957148313522339,-0.04321362192084166,0.0816875696182251,-0.3075888752937317,-0.05848912636091086,0.07141399383544922,-0.2981906235218048,-0.04420449698616835,0.05478459596633911,-0.26734280586242676,-0.030085922426479783,-0.10544148428343642,-0.18349557113538575,0.1491797254404162,-0.1362583490444046,0.08884442943851273,-0.009236306975285657,-0.05392233081565673,0.13551265286393793,-0.17553798496021808,-0.06933878678520689,-0.0366221965133216,-0.01623186733180751,0.2286598896663185,0.0709427024290795,0.23861275003659937,0.22342216875722992,0.46605915143194593,0.2623557671686967,d_minor
0.0,0.0,0.0,-0.023504555225372314,-0.223352313041687,-0.03696755241232097,-0.009585022926330566,-0.3326336443424225,-0.04562728028373897,-0.014629244804382324,-0.3086991608142853,-0.03404242466764629,-0.015820622444152832,-0.2658560276031494,-0.021806578297187684,0.020884811878204346,-0.21940943598747253,-0.041567365784217714,0.03151345252990723,-0.3589409589767456,-0.06038910816984355,0.03217726945877075,-0.436138853430748,-0.06114144917206943,0.03606998920440674,-0.48961174488067627,-0.06087006177382648,0.06019383668899536,-0.19725888967514038,-0.042680892307330964,0.07972002029418945,-0.3091474771499634,-0.05783935185151279,0.07064574956893921,-0.3002755045890808,-0.044348239112665055,0.05389636754989624,-0.2690460681915283,-0.030589341331292985,0.1048921795154904,-0.09003328217147795,0.03862128444378468,-0.1460792550131922,0.19203914080374962,0.19279715829994987,0.1961020082218497,0.06368277776133746,0.15661893495146462,0.19762495613870595,-0.004931017318467512,0.13799626105226903,0.2329918718173915,0.07034040076157577,0.37306544127375424,0.22334708309887807,0.5482364721228855,0.34472564831535135,d_minor
0.0,0.0,0.0,-0.02278423309326172,-0.22300222516059875,-0.037344023927445846,-0.009029984474182129,-0.3329373300075531,-0.04560331289410158,-0.014796316623687744,-0.30868715047836304,-0.03341233764528795,-0.016506552696228027,-0.2646328806877136,-0.020875862210388618,0.020925283432006836,-0.21899259090423584,-0.04220185463070436,0.03156161308288574,-0.3592689037322998,-0.0614375177466826,0.031786978244781494,-0.4368109405040741,-0.06220701743602319,0.035435616970062256,-0.49032315611839294,-0.06200395931243463,0.059695661067962646,-0.19680652022361755,-0.04336363111376329,0.07955396175384521,-0.31001198291778564,-0.058887962594027954,0.07113277912139893,-0.3001595735549927,-0.04541073401212259,0.05548751354217529,-0.2681480348110199,-0.03169095550417467,0.07791724567283664,-0.14571634613054962,0.19632148667928673,-0.0841691716569125,0.14036662443841497,0.16973116874234523,-0.05231332812405856,0.19019212094983884,0.17426148922225837,-0.1910231078897322,0.1622914636129441,-0.10788529575869754,0.23521396596472094,0.0728866800245662,0.46935175009746316,0.22512827739749672,0.6923109799694765,0.5018478113622106,d_minor
0.0,0.0,0.0,-0.02235996723175049,-0.22304818034172058,-0.03756657272418806,-0.009164094924926758,-0.3334031105041504,-0.04576721444567511,-0.01574230194091797,-0.30971041321754456,-0.0333669263108618,-0.017322838306427002,-0.2652686834335327,-0.020685209257806036,0.02135288715362549,-0.2191324234008789,-0.0424660037442095,0.03180849552154541,-0.3592783212661743,-0.06182694464763472,0.031751036643981934,-0.43681734800338745,-0.06235937803825209,0.03612196445465088,-0.4901125133037567,-0.062033307103718016,0.060346901416778564,-0.1972520351409912,-0.043558501003587935,0.08020216226577759,-0.31068354845046997,-0.05852525338372061,0.07012814283370972,-0.29987633228302,-0.0439347292467005,0.05389547348022461,-0.26661595702171326,-0.029598860366547797,-0.007197749581960233,0.09856053459551894,0.10277860583944132,-0.05479277412923553,-0.12113650711980806,-0.1123180203809464,0.04177628989861279,-0.05434714910366867,-0.12745603585130738,-0.14683684020174953,0.05223218743772284,0.014369865915616675,0.234778107941,0.07178660220368771,0.344687594767148,0.2265360934336096,0.5774505550011068,0.37932947403572503,d_minor
0.0,0.0,0.0,-0.02291703224182129,-0.2223241627216339,-0.037886344054484766,-0.009986162185668945,-0.33427131175994873,-0.046678852448010844,-0.0160863995552063,-0.31063321232795715,-0.03474404306128065,-0.01745283603668213,-0.2664850354194641,-0.022173674935245913,0.02125871181488037,-0.2184736728668213,-0.04257867873623411,0.03172355890274048,-0.3591054081916809,-0.062214840361619395,0.03177380561828613,-0.4363061934709549,-0.06284390033199827,0.03607398271560669,-0.4897254705429077,-0.06247013823106329,0.060423076152801514,-0.19694101810455322,-0.04354676247551481,0.08000385761260986,-0.31116926670074463,-0.05863250062778036,0.07001948356628418,-0.30014505982398987,-0.04372445137217085,0.05416429042816162,-0.26699385046958923,-0.0290376173050646,-0.1585295793154068,-0.04685364601546921,-0.1679538372887217,-0.13343281377140032,-0.146790199106966,-0.1689640463225199,0.03243228667387199,-0.17787012145411177,-0.12416363362394232,0.08682062647175798,-0.062155077433269174,-0.16517314465742539,0.23307770625693905,0.07194710140577484,0.2703193205358503,0.22595213490712443,0.442650618937168,0.2481093328158429,d_minor
0.0,0.0,0.0,-0.024051368236541748,-0.22248798608779907,-0.03754835461421635,-0.010629773139953613,-0.3346787095069885,-0.04539326091452267,-0.016155660152435303,-0.31268250942230225,-0.032558741766649746,-0.01711142063140869,-0.2699038088321686,-0.019565331536966823,0.01998615264892578,-0.2189408540725708,-0.042633271563488506,0.030821502208709717,-0.35940876603126526,-0.06176303957744267,0.030904114246368408,-0.4364979714155197,-0.06186259796066906,0.03538084030151367,-0.48967328667640686,-0.06117493544860508,0.05924546718597412,-0.1975862681865692,-0.043786654967505,0.07938098907470703,-0.31100696325302124,-0.05829786022349026,0.06925112009048462,-0.3002576231956482,-0.04300670956416752,0.05332082509994507,-0.26699548959732056,-0.028187203008371853,-0.0902298212283005,-0.1297605922404498,0.011838031652731396,-0.008236515040778325,-0.04818010090208191,0.13521560597209875,0.12753201727698243,-0.08194485684895661,0.08735750239572937,-0.10500515929211263,-0.043021934907441134,0.023849598726360333,0.22975077799098434,0.07101757688912665,0.24715491130285397,0.2258216881925009,0.4758516894270902,0.27917574978660725,d_minor
0.0,0.0,0.0,-0.02325528860092163,-0.2226996123790741,-0.036986769782373585,-0.009229600429534912,-0.33468568325042725,-0.044614834384987034,-0.014307498931884766,-0.31375086307525635,-0.03172290851361481,-0.01530534029006958,-0.2719482183456421,-0.01872777533716885,0.020735085010528564,-0.21898475289344788,-0.042113871918985524,0.032224833965301514,-0.3594723343849182,-0.060638935910532155,0.032362937927246094,-0.4360968619585037,-0.06048694406635491,0.036512017250061035,-0.48892807960510254,-0.05958961849100319,0.05981570482254028,-0.19717919826507568,-0.04348731939680306,0.08036881685256958,-0.3109167814254761,-0.05860741590149132,0.07044041156768799,-0.30053454637527466,-0.044547671126196065,0.05432236194610596,-0.26778003573417664,-0.030424069287249722,0.18177655954192784,-0.10796277621035255,-0.14894083297032654,0.17923709529355863,0.06570990956542222,0.09150842296630113,0.11728741743296317,-0.08442241057613296,0.10889030695083635,-0.0635101782837427,-0.14322945734193923,-0.0039034131040022735,0.22679283269218406,0.07072619003692159,0.13824611226340067,0.22377286463395302,0.3641605834030572,0.17349553112184127,d_minor
0.0,0.0,0.0,-0.024545371532440186,-0.22314512729644775,-0.03620370552938823,-0.01036381721496582,-0.33486270904541016,-0.0439283520082796,-0.014848589897155762,-0.3156348466873169,-0.031385843465741914,-0.015454649925231934,-0.27522012591362,-0.018577079112347405,0.019650638103485107,-0.2194676697254181,-0.04144500644009952,0.031456947326660156,-0.35921257734298706,-0.059953612099107545,0.03166908025741577,-0.43594130873680115,-0.06001916975777988,0.035741329193115234,-0.48852717876434326,-0.05919511691730861,0.058904051780700684,-0.19784021377563477,-0.042978376905139726,0.07982611656188965,-0.31110623478889465,-0.058124833563979905,0.07004302740097046,-0.30170437693595886,-0.044404544691261094,0.054103732109069824,-0.26952749490737915,-0.030397920692976754,0.13522898771608544,-0.14326659160169372,0.017500573234962985,-0.007402259962898977,0.019553179788977054,-0.003086783644111829,-0.08334230468268472,0.05145644779558978,0.05968879369686031,0.1739027128704082,-0.03516294600013009,0.07635940586040979,0.22309359486294703,0.07078493381135158,0.3201508966907947,0.22164683142486102,0.49295306483985146,0.2840346182224629,d_minor
0.0,0.0,0.0,-0.022587597370147705,-0.2217189371585846,-0.03710321448279785,-0.007705748081207275,-0.3337376117706299,-0.044273604820503465,-0.012921512126922607,-0.3128332495689392,-0.030986755336655847,-0.01400214433670044,-0.27054983377456665,-0.01772562525702881,0.02121281623840332,-0.21778514981269836,-0.042526935408844224,0.03305584192276001,-0.35838404297828674,-0.06111118681265282,0.033403217792510986,-0.4355696737766266,-0.06095829717351364,0.03761774301528931,-0.4885435402393341,-0.06006759516431259,0.06029832363128662,-0.1959875226020813,-0.04390554241372513,0.08122241497039795,-0.30937880277633667,-0.058458515624536744,0.07171863317489624,-0.29954180121421814,-0.04407435021830963,0.05559819936752319,-0.267238974571228,-0.029908512900604478,-0.04444575280602922,-0.16204828670532143,-0.1542669791523752,0.061021297400341346,-0.11248607345206448,-0.039235767935120514,-0.0333661325929025,-0.0737331544237955,0.10219964831275757,0.15662782931462965,-0.062750468691643,-0.041032240689815286,0.22798840155610686,0.07073607554668539,0.2698858320847013,0.224072706591349,0.4425217340865456,0.2283555834308476,d_minor
0.0,0.0,0.0,-0.024908840656280518,-0.22315353155136108,-0.03570549304912163,-0.010244309902191162,-0.3345159590244293,-0.04305267076323105,-0.014569103717803955,-0.3164020776748657,-0.02998738664517475,-0.015136361122131348,-0.27665093541145325,-0.016801654578543435,0.019371330738067627,-0.21947404742240906,-0.04120134304592682,0.031145453453063965,-0.35888487100601196,-0.060174157129026185,0.031559884548187256,-0.4362337738275528,-0.06025903041789604,0.035744428634643555,-0.4889509975910187,-0.05918973054120613,0.0588344931602478,-0.19805878400802612,-0.0427849117977388,0.07964032888412476,-0.3102627396583557,-0.05793957527110649,0.07007807493209839,-0.30091792345046997,-0.04389213885495735,0.05418819189071655,-0.26855266094207764,-0.029451652647352944,0.05942828399364947,0.09467897273822973,0.08830041367475733,-0.04534601812525549,0.05785717582244215,-0.07644987613514789,-0.08551618633553676,0.1559278051130069,0.03742288895616813,0.1520350464314308,-0.12547840276615824,-0.05903682953721137,0.22238911877953232,0.07093305400836329,0.2293103227803346,0.22315902956745196,0.3816226648863935,0.17583950917727662,d_minor
0.0,0.0,0.0,-0.023141920566558838,-0.22223371267318726,-0.03725891624867472,-0.008219599723815918,-0.33329033851623535,-0.044783525814409586,-0.012638986110687256,-0.3129490911960602,-0.03164161061226878,-0.013214826583862305,-0.27144932746887207,-0.018423122068043085,0.02074223756790161,-0.2185838520526886,-0.042679873009319635,0.03255045413970947,-0.3585842251777649,-0.0625105804699615,0.032958149909973145,-0.43602775037288666,-0.0631817213195518,0.03721100091934204,-0.4885883927345276,-0.06255316053807292,0.06009495258331299,-0.19699513912200928,-0.043862477590437265,0.08101600408554077,-0.30931994318962097,-0.059097026188965174,0.07141202688217163,-0.30126336216926575,-0.04515157332002673,0.05506765842437744,-0.26989299058914185,-0.030994689737553927,-0.17292691791420195,0.04330138167426481,0.05881023042863187,0.07043267841535428,0.02197587638967527,0.09467649942993733,0.025918077961762848,0.0918796930486675,-0.16734744122887882,-0.17763711002306298,0.1550814684151255,0.10725674316734324,0.22724347744036977,0.06944756480289849,0.4740871603981509,0.2216810235812965,0.6995041131575828,0.5038534099958081,d_minor
0.0,0.0,0.0,-0.024517536163330078,-0.2227109968662262,-0.03551066388480706,-0.00991678237915039,-0.33399850130081177,-0.04325391818873925,-0.014256119728088379,-0.3159843683242798,-0.03073187266581101,-0.014561951160430908,-0.2762102782726288,-0.017863948839831778,0.019747257232666016,-0.2190825641155243,-0.04117717688076539,0.03170102834701538,-0.35882747173309326,-0.06062794198386712,0.032061874866485596,-0.43616296350955963,-0.06104076747887177,0.03641211986541748,-0.48881325125694275,-0.060071510273147055,0.05929124355316162,-0.19774135947227478,-0.04286230449669404,0.07998347282409668,-0.3104873597621918,-0.05811643694632096,0.0700453519821167,-0.3009607493877411,-0.04381252919428391,0.054085493087768555,-0.2685072720050812,-0.029117985638904997,0.09929029235754172,0.1780929413722216,-0.1786448150932993,0.1871538323090618,-0.006916476602912003,-0.028084337635545603,0.08963495330492105,-0.18495543714179893,-0.12249172130273484,-0.08041579498419581,0.12598984438364685,0.15131112176670897,0.2226653504271921,0.06998900807728614,0.4412730129135658,0.2231707716132666,0.6605408581045216,0.454173132330861,d_minor
0.0,0.0,0.0,-0.02317148447036743,-0.22225546836853027,-0.03673870634126786,-0.00829935073852539,-0.3329260051250458,-0.0441015749781144,-0.012157917022705078,-0.31328943371772766,-0.031003703883172307,-0.012479126453399658,-0.27277278900146484,-0.017958016654731068,0.020904719829559326,-0.21875590085983276,-0.042116971275092396,0.03247553110122681,-0.3587785065174103,-0.061585200539113316,0.03299075365066528,-0.43553726375102997,-0.062103906234980855,0.037041664123535156,-0.4880378246307373,-0.061393139472485814,0.06014734506607056,-0.19706383347511292,-0.04347555856990937,0.08108025789260864,-0.3099149167537689,-0.059360498151065144,0.0716400146484375,-0.2997432351112366,-0.04587408672857407,0.05539810657501221,-0.26749536395072937,-0.031871741226197514,0.10053930276847839,-0.04248062131842603,-0.10299617102002255,0.17882900299864674,-0.06208329137430352,0.07184673144135051,0.13049078273171316,-0.14524078135258836,-0.03882363307738004,0.12066936973011572,0.1374678753566705,-0.1316131381218083,0.22511764515033028,0.06948929205431643,0.446030729170796,0.22326542252817203,0.6349660007213526,0.42214204865056143,d_minor
0.0,0.0,0.0,-0.025176286697387695,-0.22399365901947021,-0.03652284355148083,-0.010474562644958496,-0.3354513347148895,-0.044483565401876035,-0.013675093650817871,-0.31699976325035095,-0.03194031925185925,-0.013910770416259766,-0.27793943881988525,-0.019063676383936468,0.019331932067871094,-0.22049692273139954,-0.04179323152884251,0.031302571296691895,-0.3599689304828644,-0.061367657643401685,0.03160768747329712,-0.43652403354644775,-0.0619910588978172,0.03535926342010498,-0.48895224928855896,-0.06120023192151791,0.05884218215942383,-0.1989261507987976,-0.04310350553377873,0.07973295450210571,-0.3119007647037506,-0.058747266095721784,0.07014971971511841,-0.30255261063575745,-0.04487587944849736,0.0542256236076355,-0.27034518122673035,-0.03040601373895413,-0.046952329744946036,-0.09347025006295002,-0.1800251510976775,-0.13658312057026706,-0.12499393383044972,-0.04596202247874323,0.15589816733361006,-0.17969464013504144,-0.16035001473423427,-0.047974565547061865,-0.11353316699683039,0.17295694272234424,0.22074743878173678,0.06949021194129235,0.25507191635973725,0.2215700196930757,0.4502372672672586,0.2763899030912204,d_minor
0.0,0.0,0.0,-0.023941397666931152,-0.22230073809623718,-0.035978706851352626,-0.008630633354187012,-0.3333171308040619,-0.04353426612888711,-0.01198035478591919,-0.3156253695487976,-0.03103368572865861,-0.011914253234863281,-0.27683117985725403,-0.01836552873228925,0.020206034183502197,-0.21910029649734497,-0.04146256886397737,0.031973421573638916,-0.3592953085899353,-0.060371214821685726,0.032787978649139404,-0.43586917221546173,-0.06083739764963525,0.03720390796661377,-0.4881533682346344,-0.060122641101230556,0.05958855152130127,-0.19762831926345825,-0.043035103305925304,0.08075600862503052,-0.3100220561027527,-0.058542197867978985,0.07123464345932007,-0.30048057436943054,-0.045401541813959057,0.05496788024902344,-0.26853811740875244,-0.031667495444168026,0.13709684735602956,0.1027268268797274,-0.19301852121686777,0.1510220693239298,0.10921383377804367,0.014915618383197493,0.005983280327171714,0.03929076848967697,0.0010842173725162108,0.14490524743850397,-0.12019655617062802,0.10667208617347995,0.2209373610184835,0.06869451930492795,0.2544821531467749,0.2221623559942816,0.41810557890919237,0.22188237570768335,d_minor
0.0,0.0,0.0,-0.024310648441314697,-0.22334596514701843,-0.03568729576376484,-0.009197533130645752,-0.3339592218399048,-0.04348090481666134,-0.012603819370269775,-0.31572890281677246,-0.031054686798725584,-0.012769699096679688,-0.27644485235214233,-0.018334206237469175,0.020005762577056885,-0.219804048538208,-0.04119517099765346,0.031942546367645264,-0.35901758074760437,-0.06016480368283794,0.032422542572021484,-0.4356568902730942,-0.06062489193585918,0.036563754081726074,-0.487956166267395,-0.059876481114898183,0.059384942054748535,-0.19805487990379333,-0.04287512046006725,0.08036237955093384,-0.3102450966835022,-0.058292230634961584,0.07080495357513428,-0.3001003563404083,-0.04471261244920299,0.05487799644470215,-0.267478883266449,-0.03062049676385925,-0.0910826066740948,0.028252463523549654,0.18109057549517943,-0.09155220156978149,-0.16747006932706957,0.08868725744353956,0.01592990589302118,-0.09440202541553644,-0.0869730866530658,-0.00030411867478924437,-0.09492259109344361,0.01793102163334201,0.22112572468768618,0.06933651454034853,0.1855286737414132,0.22316262324403097,0.40235387252955096,0.18755796367051483,d_minor
0.0,0.0,0.0,-0.024150490760803223,-0.22193622589111328,-0.03629822106235281,-0.008820056915283203,-0.33321452140808105,-0.04376472727530256,-0.011970758438110352,-0.3160386383533478,-0.03057546922140375,-0.01224672794342041,-0.27709388732910156,-0.017264582301905307,0.020222127437591553,-0.21873429417610168,-0.04184864283674017,0.032256245613098145,-0.3586493730545044,-0.06141135663860098,0.03266865015029907,-0.4355400949716568,-0.06178831876390234,0.036526501178741455,-0.48746928572654724,-0.060745960186650905,0.05987447500228882,-0.19745007157325745,-0.043280849318435344,0.08094978332519531,-0.3097124993801117,-0.058821005831887874,0.07150864601135254,-0.3000112771987915,-0.04495900691621557,0.05542236566543579,-0.2674717307090759,-0.030501680533816966,-0.07913001392930737,0.01803554232238752,0.03802318942224944,-0.18415382065696817,0.03358031614532542,-0.12631306630544548,0.06445576406682674,-0.07503406976649121,-0.1977711945915441,0.10273242532972604,0.11531626081663027,0.19494229659852413,0.22028905182201616,0.06961977375333624,0.46069261933291966,0.22286923152396712,0.6581110272377183,0.44675482652901505,d_minor
0.0,0.0,0.0,-0.024756669998168945,-0.22225740551948547,-0.03583992654833423,-0.009933948516845703,-0.33332785964012146,-0.0436600224152528,-0.012564241886138916,-0.31647443771362305,-0.03103174278888332,-0.012886583805084229,-0.2781943380832672,-0.018008917667003743,0.01986449956893921,-0.21942898631095886,-0.040906153716179006,0.03167444467544556,-0.35893508791923523,-0.060702856726976506,0.03219759464263916,-0.43605828285217285,-0.06169755766543972,0.03575712442398071,-0.4877382516860962,-0.06096849600228893,0.05963563919067383,-0.19833526015281677,-0.041979380048843495,0.08058935403823853,-0.30978477001190186,-0.058052066810461156,0.07153356075286865,-0.3013421297073364,-0.04530757302794086,0.05551755428314209,-0.2694365680217743,-0.03138858834657299,0.014902198274938716,-0.06844655778647366,0.1686986085681802,-0.13619753033560258,0.006857194298333036,0.018470626567148013,-0.10283971112277929,-0.040228303581910124,-0.006682088360246918,0.09822653220145694,-0.0013326621349042667,0.18281848163406156,0.21936359645349035,0.07024841800024283,0.35962502202662283,0.22118108105309817,0.5476540102288832,0.3458156011175772,d_minor
0.0,0.0,0.0,-0.02428215742111206,-0.2218800187110901,-0.035136931533344296,-0.009514331817626953,-0.33272358775138855,-0.04281880050373843,-0.0116349458694458,-0.3173311650753021,-0.030188887337573078,-0.01156395673751831,-0.2800539433956146,-0.017321742097266224,0.020291149616241455,-0.21938779950141907,-0.04073255598021319,0.03175699710845947,-0.35878604650497437,-0.0608123736031132,0.03213346004486084,-0.43642111122608185,-0.062214431310422924,0.03565573692321777,-0.48770612478256226,-0.06181743829918673,0.059975504875183105,-0.19833159446716309,-0.04226839258743098,0.08107995986938477,-0.3099769651889801,-0.05840666681004336,0.07197064161300659,-0.30155831575393677,-0.04569460540486148,0.055925846099853516,-0.26945656538009644,-0.03188008903933337,-0.07610759207045846,-0.12377077006207578,0.1524100229044566,-0.03441458738959846,0.05887427498184311,-0.04442026243810204,-0.15505541852506616,-0.09922161323209627,-0.19369416470179954,0.10287988743085225,-0.05727316350281261,-0.12752568845672674,0.2175522808077754,0.0698507220686852,0.27363036956975045,0.22122385130475788,0.44057825037817444,0.23743327213649426,d_minor
0.0,0.0,0.0,-0.024866461753845215,-0.22137421369552612,-0.03583640658588649,-0.009879708290100098,-0.33201614022254944,-0.043943856445267215,-0.011924445629119873,-0.3164643347263336,-0.03159461596341373,-0.012228071689605713,-0.2795182764530182,-0.01878609747917892,0.019626915454864502,-0.21879872679710388,-0.04126742163033725,0.031379103660583496,-0.35813915729522705,-0.06144376897545101,0.03209954500198364,-0.43563978374004364,-0.06296197750897647,0.03552120923995972,-0.48712900280952454,-0.06260148116679431,0.05938267707824707,-0.19779524207115173,-0.042687330928757206,0.08061182498931885,-0.30896711349487305,-0.05889898591966869,0.07191765308380127,-0.3011711537837982,-0.04635804572434665,0.05576801300048828,-0.2700077295303345,-0.032624740687325016,0.03491658489317656,0.08599001507963044,-0.0947556247301785,0.031772213474918265,-0.09272062862695979,-0.13437236500929295,-0.15129759978138796,0.06696274146082948,0.06890551267132494,-0.08587041494694025,-0.1999238550195563,0.17155486820463545,0.21749021903354568,0.07003874700330791,0.21906197721468146,0.2201140280460733,0.38993835319284265,0.25819083334838855,d_minor
0.0,0.0,0.0,-0.023570120334625244,-0.22237619757652283,-0.036191696560578634,-0.008818507194519043,-0.333235502243042,-0.043511459863381674,-0.012784481048583984,-0.3142496645450592,-0.030522540471153548,-0.013455629348754883,-0.27435576915740967,-0.017468579372959425,0.02083498239517212,-0.2192230522632599,-0.041480465120272925,0.032111287117004395,-0.3586851954460144,-0.06072696883101969,0.032552897930145264,-0.43644382059574127,-0.061675304806428244,0.036448538303375244,-0.48918965458869934,-0.061356710529523184,0.06020629405975342,-0.19770634174346924,-0.04277747709174662,0.08166158199310303,-0.307892382144928,-0.05821842912455111,0.07247370481491089,-0.2991321384906769,-0.04531911972780733,0.05591022968292236,-0.2674187123775482,-0.031840762382941534,0.03238003634510078,0.08779773028654458,0.16677969803346604,-0.07579624407192896,-0.08034624207810293,-0.13340214779968063,0.07455603703286884,0.1647670884253553,-0.1113130184734553,0.0169356968254942,-0.10803985789560443,-0.10268876701133922,0.22487817220657977,0.07117797974403292,0.1893332919129516,0.22457136824530005,0.3838805248964116,0.17871785928456288,d_minor
0.0,0.0,0.0,-0.023447513580322266,-0.22250691056251526,-0.03620806025386969,-0.009509623050689697,-0.3334420323371887,-0.044169456381808914,-0.012136995792388916,-0.3152563273906708,-0.032286946345578826,-0.01259303092956543,-0.2773880958557129,-0.020018565152298606,0.021245062351226807,-0.2195037603378296,-0.04070190029264609,0.03204190731048584,-0.3589954376220703,-0.05921940194488684,0.03275817632675171,-0.43584880232810974,-0.06027441905857245,0.036414921283721924,-0.4881237745285034,-0.06025411250115553,0.06057882308959961,-0.19787728786468506,-0.04172489108563582,0.08173227310180664,-0.3097432255744934,-0.05755789266945044,0.07230103015899658,-0.3004875183105469,-0.045558997113715805,0.055783212184906006,-0.26859351992607117,-0.03267904805065314,-0.17505683516145326,0.16664085833786763,-0.05832474460970119,0.009565903945004173,-0.003885866497444518,-0.08615256284442863,0.16797282571390332,0.11609967791814929,-0.16499973730419004,-0.08863935995063642,0.16306501558462655,0.17842754951952278,0.2200686368301571,0.07009238914069818,0.48904278745667923,0.22210143528957885,0.7047370782135685,0.5017499039951502,d_minor
0.0,0.0,0.0,-0.02399808168411255,-0.2230057716369629,-0.03579775370981508,-0.009770512580871582,-0.33385318517684937,-0.044267346489689885,-0.012769222259521484,-0.3152223527431488,-0.03292366616751963,-0.013640046119689941,-0.27684906125068665,-0.020966331812999783,0.020759165287017822,-0.21989956498146057,-0.04008682944204622,0.031443893909454346,-0.3593451678752899,-0.0580556777897101,0.03232228755950928,-0.43565793335437775,-0.058882580477259694,0.03585630655288696,-0.487826943397522,-0.05871409677293116,0.0599902868270874,-0.19824004173278809,-0.0413606328549605,0.08135461807250977,-0.3098316490650177,-0.05779184900548273,0.07263302803039551,-0.30026179552078247,-0.04684366785313898,0.0563279390335083,-0.26839298009872437,-0.034528893757126866,0.12670157035240515,0.024181480925963672,0.11354061170048574,0.1499740217869513,0.16633716083945183,-0.11417096894812634,-0.07989725628444636,-0.1894636941672924,0.09590737533402838,0.12075759947659698,0.06155473911390863,0.09284057760956582,0.21996920112261686,0.07177023994201932,0.3814863980214,0.22170989159339588,0.5761920530052395,0.3594991805201522,d_minor
0.0,0.0,0.0,-0.022156119346618652,-0.22396507859230042,-0.03615344794036446,-0.009084165096282959,-0.33510300517082214,-0.044409503355041124,-0.013803243637084961,-0.3132500648498535,-0.03310259909869728,-0.014751076698303223,-0.272266149520874,-0.021383158057346918,0.02269566059112549,-0.22050070762634277,-0.04032115371467171,0.03296244144439697,-0.359916090965271,-0.05810246349813042,0.032952308654785156,-0.4364086240530014,-0.0589347231531292,0.0368572473526001,-0.4893706440925598,-0.05898257450701294,0.061430513858795166,-0.1983325183391571,-0.041540292217746355,0.08251345157623291,-0.3100414276123047,-0.0573761361980587,0.07227218151092529,-0.2999493479728699,-0.045569342687144854,0.055457353591918945,-0.26754260063171387,-0.03298458190204201,-0.1012147020813825,-0.03994202351070664,0.14347533652376881,-0.07789196776193626,-0.15605265946126054,0.12790257086019213,0.022369523914392564,0.07053553315444255,0.07557904639770319,-0.12181049752949434,0.010169959851642763,0.13337945880058194,0.22629957311476662,0.07131709916387186,0.33938671606724446,0.22411947804077412,0.5583183859708906,0.369086915685628,d_minor
0.0,0.0,0.0,-0.023793160915374756,-0.22360166907310486,-0.03629177303807296,-0.010489404201507568,-0.3358798921108246,-0.04545922817484893,-0.015010654926300049,-0.31246259808540344,-0.03477768840090789,-0.016438841819763184,-0.2697385549545288,-0.0231063911487297,0.021465778350830078,-0.2198505699634552,-0.04003768654362716,0.032048046588897705,-0.3606550693511963,-0.05797388272182502,0.03269350528717041,-0.4367845058441162,-0.05885572226540603,0.03711199760437012,-0.49038079380989075,-0.05887788029210128,0.060820817947387695,-0.19787314534187317,-0.040976746546192544,0.08233535289764404,-0.3103719651699066,-0.056480615006847756,0.07228922843933105,-0.30001363158226013,-0.04421542452470817,0.055712103843688965,-0.26843902468681335,-0.031317836212082284,0.1248572629568856,-0.08105092513206387,-0.10885536656214292,0.14893888581273085,0.05556197338979202,0.1672260982094554,-0.16198365152492014,-0.06035152621704057,0.10754617555868501,0.16715288909386905,-0.1546099726912014,-0.15134344205963912,0.22984840527110525,0.07262833860880745,0.25180400183506707,0.22441851274635952,0.37175604620111946,0.19945487648706298,d_minor
0.0,0.0,0.0,-0.022782981395721436,-0.22327464818954468,-0.038369955797250554,-0.008805334568023682,-0.3355357348918915,-0.04679380946284084,-0.013509869575500488,-0.3115640878677368,-0.035106556792314336,-0.015183746814727783,-0.2685275971889496,-0.022977680270130918,0.02239304780960083,-0.21945926547050476,-0.04206479184752254,0.03303074836730957,-0.36068660020828247,-0.05982712127691059,0.03364485502243042,-0.43726328015327454,-0.06046429865484981,0.03754425048828125,-0.49107787013053894,-0.06056195714002399,0.061589837074279785,-0.19732239842414856,-0.042740626562888906,0.08228683471679688,-0.3094159960746765,-0.05855424918657093,0.07340902090072632,-0.2970908582210541,-0.04658026837235241,0.057586669921875,-0.2634570896625519,-0.034039119560773656,-0.052007880335631695,-0.056814648024484216,-0.06901402401925086,0.11657783356663154,0.13138199561927277,0.1034743884754965,-0.029199286894129456,-0.10887390744469516,0.13870245418728172,0.1472374384540895,-0.05086931432861727,-0.02768790862853593,0.23177886778952653,0.07378074977780226,0.27162097815342656,0.23003560418088098,0.4548591772767165,0.2308054600743967,d_minor
0.0,0.0,0.0,-0.02320265769958496,-0.22251668572425842,-0.036926464118650415,-0.009859800338745117,-0.3347301185131073,-0.045632329710414865,-0.014632105827331543,-0.3123131990432739,-0.03463564155309484,-0.01627790927886963,-0.27059605717658997,-0.022924943768074968,0.02210843563079834,-0.2190224826335907,-0.04051827726571844,0.032888710498809814,-0.35985738039016724,-0.05778061313240812,0.033636629581451416,-0.4361393600702286,-0.058297247566869714,0.03784126043319702,-0.4899219870567322,-0.05828543094604299,0.061449646949768066,-0.1970278024673462,-0.04138846782653616,0.0817674994468689,-0.3090910017490387,-0.057182752468278863,0.0725785493850708,-0.2974729537963867,-0.04546524298994825,0.056765615940093994,-0.26475048065185547,-0.033013266452243784,-0.04606062950650869,-0.151604805344559,0.1890860402868475,-0.16942959935154903,-0.11668522209800405,-0.16503249711780682,-0.005805273488013574,0.07678642224203347,0.0846767391051203,-0.11194567927013277,-0.07375327391277575,-0.16499754320246218,0.22865500672754963,0.07396824721392158,0.2609291609770552,0.22737418680710988,0.4549945054699147,0.28699004063368,d_minor
0.0,0.0,0.0,-0.022369086742401123,-0.22278377413749695,-0.037099020833124996,-0.008624792098999023,-0.33499833941459656,-0.045410918349375606,-0.01322317123413086,-0.3147508502006531,-0.03414998790060508,-0.014248192310333252,-0.2751447856426239,-0.022326818013539196,0.022780001163482666,-0.2189878523349762,-0.040819863134970547,0.033403754234313965,-0.3596906065940857,-0.057990463728060604,0.0342257022857666,-0.43588757514953613,-0.05814530914460647,0.03883272409439087,-0.4891335666179657,-0.05779690882002342,0.061957597732543945,-0.19685497879981995,-0.04169531380568969,0.08328622579574585,-0.3090115189552307,-0.05747698088919151,0.07343560457229614,-0.2973107099533081,-0.04544982528125274,0.05723762512207031,-0.26429975032806396,-0.03269990375076759,-0.024117296818117223,0.05684295682626889,-0.09339225983968023,-0.16323952579024137,-0.04165762307230278,0.06770391898887906,0.1788758062234055,0.1450000015301407,0.04280817441203366,-0.028783316367636147,0.05836678345273616,0.02723851735165428,0.22330899984438235,0.07304408116106928,0.33748771684562745,0.22697763104051952,0.5581752287225782,0.339272617110699,d_minor
0.0,0.0,0.0,-0.023041129112243652,-0.22225290536880493,-0.035950517417376204,-0.009015560150146484,-0.3339243531227112,-0.044745853306238814,-0.012862682342529297,-0.31726938486099243,-0.034548865766709014,-0.013708770275115967,-0.2803034782409668,-0.023447532342260047,0.022193491458892822,-0.21852844953536987,-0.03953855312008159,0.033308982849121094,-0.3586270213127136,-0.05620298734444873,0.03439980745315552,-0.4348903149366379,-0.05657704746860759,0.0389629602432251,-0.48776283860206604,-0.05637516281146304,0.061824142932891846,-0.196958988904953,-0.04061306467789905,0.08330225944519043,-0.30880206823349,-0.05647950819272296,0.07308799028396606,-0.29897361993789673,-0.04550339853901164,0.05650848150253296,-0.26703280210494995,-0.033384056897347136,0.17331006372583374,-0.12256199138197968,-0.07131592216793567,0.02290097486945547,0.16901985183188112,-0.041994997652583355,-0.15739795785481375,0.16219564052921726,0.04474368117505073,0.033308417592827905,0.08411413399996143,-0.10778380196238127,0.21655929036998056,0.07214781918080848,0.37699259732762236,0.22261667790045095,0.5742108443981135,0.35969116720740196,d_minor
0.0,0.0,0.0,-0.022419214248657227,-0.22230780124664307,-0.03738116855842577,-0.008159399032592773,-0.3341391980648041,-0.04658622305018412,-0.012768268585205078,-0.3163425028324127,-0.03639569888932215,-0.014264464378356934,-0.27863118052482605,-0.02528833794517027,0.022872328758239746,-0.21833482384681702,-0.04088016237241732,0.034495651721954346,-0.35793977975845337,-0.05830368782503115,0.03542512655258179,-0.43515148758888245,-0.05935710306388842,0.03947114944458008,-0.4889233708381653,-0.05966509888989435,0.06209748983383179,-0.19610550999641418,-0.041668005391187535,0.08438539505004883,-0.3069693446159363,-0.05783276270253168,0.07479071617126465,-0.299069881439209,-0.047424707665271626,0.05778592824935913,-0.26884421706199646,-0.03580950955969797,-0.1482742621770092,0.10758458515036273,-0.03431580378591037,-0.1786947843840075,-0.07140854903817218,-0.02908364721213963,-0.10659889434623851,-0.03212288711981737,-0.04076769410195688,-0.029119578260122347,-0.12151833553621483,-0.01130672474893174,0.2197545976601177,0.07346930504484948,0.15843170761064476,0.22212463661600784,0.376868253162621,0.17279429646982242,d_minor
0.0,0.0,0.0,-0.02292400598526001,-0.22204595804214478,-0.03598313191129421,-0.009058892726898193,-0.3351745009422302,-0.04543374636365627,-0.014003098011016846,-0.3152121901512146,-0.03566866898133014,-0.015029311180114746,-0.27518895268440247,-0.0249068473388121,0.02257716655731201,-0.2183859646320343,-0.03959474125100826,0.033531367778778076,-0.358887642621994,-0.057160956497924076,0.03484296798706055,-0.43608543276786804,-0.05851800524784778,0.040122807025909424,-0.4905187785625458,-0.05905989715053295,0.061689019203186035,-0.1960858702659607,-0.040722956593768345,0.08315187692642212,-0.30796918272972107,-0.05666668498112415,0.07348829507827759,-0.29737192392349243,-0.0453958936889336,0.056974053382873535,-0.26557546854019165,-0.03322923713518833,0.04243402673962987,-0.1689742478764684,-0.1161852624949602,0.08398472438504956,-0.09431184934568448,-0.05727645787923685,0.1282516159571469,0.12158141596106425,-0.17446095423057184,-0.1182949447772304,-0.09415277803125673,-0.008085064592364383,0.22488913016587675,0.07311747915310275,0.20909533708341446,0.22704774877638478,0.42988443100194307,0.24644916301385952,d_minor
0.0,0.0,0.0,-0.016107499599456787,-0.24382537603378296,-0.07004115991708204,0.015928447246551514,-0.37467533349990845,-0.09657281898375913,0.02519357204437256,-0.4269588589668274,-0.09907525293942854,0.033653974533081055,-0.4518682658672333,-0.09487109892484114,0.0367012619972229,-0.223197340965271,-0.07727616541501448,0.07303047180175781,-0.400851309299469,-0.1167598094832556,0.08728516101837158,-0.5120269358158112,-0.124530139197077,0.10768473148345947,-0.5822300612926483,-0.12481518350955412,0.08642047643661499,-0.19169771671295166,-0.07799126469012663,0.1355571150779724,-0.3304821848869324,-0.10327040665265486,0.11637479066848755,-0.3321983814239502,-0.0808049988042967,0.09604555368423462,-0.2983953058719635,-0.05533260740753576,-0.07906487540487239,-0.17393315363790932,0.1268399704992466,-0.14916624158470612,0.16932130944631463,0.13594020161060155,-0.15454441097402422,-0.16420592475243367,0.15601985113371042,0.029940071469571145,-0.12680442117337978,0.09917748219496847,0.15287707114803126,0.17032307803157024,0.3785962863496236,0.29244737514010055,0.5134485954096463,0.24018062844336494,d_minor
0.0,0.0,0.0,-0.016730785369873047,-0.2429763674736023,-0.06822862467959112,0.014973104000091553,-0.3756708800792694,-0.09547683588459677,0.022515177726745605,-0.4240109920501709,-0.09815338990881628,0.02834451198577881,-0.4434719681739807,-0.09352877727940268,0.03567296266555786,-0.22321036458015442,-0.07560104123547262,0.0714869499206543,-0.4021679162979126,-0.11400620631172842,0.08537501096725464,-0.5102835297584534,-0.12090865514471716,0.10488474369049072,-0.579772025346756,-0.12050312749340719,0.08521902561187744,-0.19185790419578552,-0.07715068749382681,0.13272738456726074,-0.329262912273407,-0.10356548420384115,0.11404275894165039,-0.3293026089668274,-0.08313449464037603,0.09355485439300537,-0.29675018787384033,-0.05901674545600599,0.16308345836132987,0.18335118897650365,-0.08872719836585148,0.07583730030144958,-0.18986992275017683,-0.1263863802364923,-0.027816926660702457,-0.15201152648618896,0.18515796684902613,-0.032745440449607616,0.18617547295243736,-0.13938455622430812,0.1586307921690507,0.16422773794913434,0.6342638527208121,0.28984530711068623,0.7784434122581745,0.505596621200654,d_minor
0.0,0.0,0.0,-0.016827106475830078,-0.24313953518867493,-0.07050425648139935,0.01604825258255005,-0.37683165073394775,-0.09752251296686154,0.02339625358581543,-0.42608776688575745,-0.09870039015459042,0.0298730731010437,-0.44587837159633636,-0.09291313677476865,0.035343170166015625,-0.22292399406433105,-0.07850511460947018,0.07148855924606323,-0.4028119146823883,-0.12017694949554425,0.08575636148452759,-0.51231250166893,-0.1274334946219824,0.10602229833602905,-0.5814492702484131,-0.12658460527109128,0.08510911464691162,-0.19170719385147095,-0.07984776883768063,0.13462507724761963,-0.33064743876457214,-0.10749875842975598,0.11669361591339111,-0.33203011751174927,-0.08525508731054288,0.09713786840438843,-0.2993168830871582,-0.05926502212332707,0.18411136558170266,-0.10267984395172235,-0.08248875407566292,-0.160658910657782,-0.19746641540994947,-0.03769812070727291,-0.13717492451179897,0.0931269656947068,-0.06594843805930797,0.15659451497803029,-0.13816465341131523,0.19537062329675675,0.15909726853695205,0.1647331728002086,0.4402880676461831,0.29018880622054877,0.5501944836352627,0.307155409963395,d_minor
0.0,0.0,0.0,-0.016856610774993896,-0.2417985200881958,-0.07312365809673338,0.01676732301712036,-0.37671738862991333,-0.099609466290417,0.023949503898620605,-0.4243999719619751,-0.09974070081705122,0.029257357120513916,-0.44281283020973206,-0.09323885480159788,0.0357898473739624,-0.22062945365905762,-0.08039972374433546,0.07259583473205566,-0.401203453540802,-0.1209703181147006,0.08686661720275879,-0.5103993117809296,-0.1271903682708171,0.10651832818984985,-0.5800719857215881,-0.1259115208148387,0.0854341983795166,-0.18890666961669922,-0.08126120457643538,0.1351223587989807,-0.32777339220046997,-0.10908021221155195,0.11729443073272705,-0.3308566212654114,-0.08754451761240034,0.0973590612411499,-0.30026179552078247,-0.06227424929136305,0.19702004124192318,-0.16642710813349418,0.05480124601571379,-0.16679285115826945,0.16260506104920686,-0.09218303050176907,0.1486260102499205,-0.18596125909526307,0.05625165743881422,0.12224750922848954,0.09162490317150285,0.017212628761433868,0.16086278788712272,0.16098896356405684,0.553597678347743,0.2871016144820526,0.6869560683746341,0.40064046630081784,d_minor
0.0,0.0,0.0,-0.017293572425842285,-0.2414555847644806,-0.07296473111836121,0.017174184322357178,-0.37738341093063354,-0.09947771157948182,0.024568796157836914,-0.4247831702232361,-0.09960148807493852,0.029821813106536865,-0.44265997409820557,-0.09302976306406663,0.035897135734558105,-0.22036555409431458,-0.08028579082218812,0.0726327896118164,-0.4015638828277588,-0.12019997414080308,0.08654701709747314,-0.5099300444126129,-0.1257538753363292,0.10584235191345215,-0.5789284110069275,-0.12401404555765794,0.08566957712173462,-0.1884482502937317,-0.0814576032373111,0.13492673635482788,-0.329189658164978,-0.10926460053650544,0.11671644449234009,-0.32903364300727844,-0.08711122300354646,0.09665495157241821,-0.2962426543235779,-0.06136713500944779,-0.14033314370153538,0.11147125654638129,-0.05638460869655057,0.05384305417633689,0.05960790860537152,-0.196811395837155,0.18533004417252674,-0.19780255542501696,0.15537306686136543,-0.10987056814751486,0.17913876681273766,0.03802450804049312,0.15908562153658862,0.1640342096713682,0.6506326594581685,0.2896899735197955,0.8046455137642177,0.5277489787440032,d_minor
0.0,0.0,0.0,-0.016187191009521484,-0.2405504584312439,-0.07284531404729933,0.017576992511749268,-0.3757448196411133,-0.09942116995807737,0.025378406047821045,-0.42310649156570435,-0.10001820733305067,0.0308912992477417,-0.4420289695262909,-0.09395607223268598,0.03641277551651001,-0.2188704013824463,-0.08036643674131483,0.07324188947677612,-0.4004514217376709,-0.11974668165203184,0.08769983053207397,-0.5092192888259888,-0.12541632016655058,0.1067667007446289,-0.5791999101638794,-0.12396476080175489,0.08570772409439087,-0.1865517497062683,-0.08196182956453413,0.13583099842071533,-0.3275964856147766,-0.10988316347356886,0.11940550804138184,-0.329883873462677,-0.08894547482486814,0.10000628232955933,-0.30015766620635986,-0.06429095973726362,-0.02085032082173885,-0.13526381660163167,0.041497742169654434,0.1760178333417105,0.1451378738922558,0.13099385287730292,0.09649084217528886,-0.19392752688061898,0.05106558615319878,-0.03996229864217446,0.1984193004037112,-0.00997290085853969,0.15960408797192516,0.1605751116812997,0.6498056569962576,0.2854316725653955,0.799509337055002,0.5206924685586428,d_minor
0.0,0.0,0.0,-0.016083836555480957,-0.24042123556137085,-0.07423188238726652,0.018167555332183838,-0.3778066039085388,-0.1005763530670265,0.025881946086883545,-0.4239581227302551,-0.10075748413191832,0.031125187873840332,-0.44096170365810394,-0.0944282680688957,0.036558687686920166,-0.21885356307029724,-0.08099453597651518,0.0726175308227539,-0.4012247920036316,-0.11971271484480894,0.08707714080810547,-0.5096952617168427,-0.12491323500262297,0.10614871978759766,-0.5798434019088745,-0.12335129528628386,0.08554267883300781,-0.1866016387939453,-0.08202793895588911,0.13492226600646973,-0.32867586612701416,-0.10984173863516844,0.11858296394348145,-0.32909488677978516,-0.08883931934224165,0.09917181730270386,-0.29794785380363464,-0.06425853520022429,-0.1190716480191941,0.1160976165121958,0.15074048799547823,0.04728531637120842,-0.11449659415772251,0.10001602620660227,0.030706973520036568,-0.1396955578779914,0.017429285838150232,-0.16554713134339824,0.01971410638967036,-0.008155134913217232,0.16047802950326387,0.16122505328947098,0.5082767519904465,0.28810715281718696,0.6682499507247669,0.4172922647856232,d_minor
0.0,0.0,0.0,-0.017289459705352783,-0.24020686745643616,-0.07408480431246289,0.016691267490386963,-0.3785134553909302,-0.09971144135403165,0.02417093515396118,-0.4234275817871094,-0.09922324206041822,0.028775513172149658,-0.44024093449115753,-0.09269038672852048,0.03527957201004028,-0.21920600533485413,-0.08083544011520871,0.07141345739364624,-0.40073099732398987,-0.11879974688696393,0.08532428741455078,-0.5090165734291077,-0.12413031692909726,0.10350871086120605,-0.5802326798439026,-0.12309539403128156,0.08384531736373901,-0.18688523769378662,-0.08191552843260297,0.13249820470809937,-0.32575106620788574,-0.1095830136101199,0.11620128154754639,-0.3266240060329437,-0.08953766609835156,0.09635341167449951,-0.2971287965774536,-0.06604006971525678,-0.011844941087028271,0.03178671188108467,0.026647807064458906,-0.1690665032543347,-0.04597763647345493,0.19869767617794948,0.009894410134997728,0.18646233397024164,-0.1640673498361534,0.15139420778842894,0.04620303340105547,-0.15972141349872523,0.1615772387213631,0.16049328889748743,0.5061187970407626,0.2888846085546982,0.6293299523673698,0.3601144663663533,d_minor
0.0,0.0,0.0,-0.01940131187438965,-0.2417413294315338,-0.07341534523430937,0.01601994037628174,-0.37926971912384033,-0.10029014079037779,0.02282238006591797,-0.4208263158798218,-0.10078936694327467,0.026794135570526123,-0.43323975801467896,-0.09451654432479017,0.03310549259185791,-0.22032040357589722,-0.08029498038951033,0.0702587366104126,-0.4016649127006531,-0.1197135734385597,0.08376646041870117,-0.5097312331199646,-0.12601444749299162,0.10246223211288452,-0.5814120471477509,-0.12538684038582915,0.08204776048660278,-0.18815329670906067,-0.08128216741744154,0.1314992904663086,-0.32637032866477966,-0.10889678327504271,0.11392486095428467,-0.32743850350379944,-0.08819883940878981,0.09372198581695557,-0.29794633388519287,-0.06401903061333769,0.049351613380446885,-0.19836035259935964,-0.16093443671430638,-0.18952956863441722,0.04706091950152985,0.14157426844930532,-0.17526082958053346,-0.1759800752162918,-0.12675438577258008,-0.162223991015917,-0.1678139045540048,0.046658188115688504,0.16921484355745664,0.15399268194907745,0.35511834779861295,0.2901641097328147,0.5203092466055879,0.3077210408245798,d_minor
0.0,0.0,0.0,-0.021015048027038574,-0.24154117703437805,-0.07078943956486228,0.012376904487609863,-0.37137019634246826,-0.09676992703072074,0.021597743034362793,-0.41680288314819336,-0.09861720163218024,0.02855372428894043,-0.43711207807064056,-0.0941753070413256,0.031636595726013184,-0.22117844223976135,-0.07805119264713767,0.06802856922149658,-0.39924728870391846,-0.11439762819401267,0.08165806531906128,-0.5074235796928406,-0.12074721414438727,0.10028254985809326,-0.57949498295784,-0.12109526056639197,0.0807906985282898,-0.18932455778121948,-0.07992146719089988,0.13041865825653076,-0.3269693851470947,-0.10659991014591697,0.11385411024093628,-0.32630783319473267,-0.08774298239342215,0.0941781997680664,-0.29477250576019287,-0.06552939671865943,-0.06584289915471839,0.05838491760209663,-0.041792758641805344,-0.06289863381674496,0.08955498306238563,0.007987326402424305,-0.08292009073623895,-0.19554352081767226,0.04051658320443133,0.17129289683710697,-0.16162074744520905,0.003027082181067897,0.16168673390058616,0.1593352246229496,0.3251434285050949,0.29015809024862815,0.4416646941430383,0.16845194580517767,d_minor
0.0,0.0,0.0,-0.021149277687072754,-0.23872986435890198,-0.07030983213331865,0.012538254261016846,-0.3657522201538086,-0.09801150802519487,0.020498335361480713,-0.40613579750061035,-0.10102780107405351,0.026554465293884277,-0.42094284296035767,-0.09678181204941438,0.030901968479156494,-0.21696767210960388,-0.07786747757342027,0.06677985191345215,-0.3969387412071228,-0.11535864267494844,0.07973235845565796,-0.5059102773666382,-0.12182448748495744,0.09872454404830933,-0.5794937610626221,-0.12183006796982454,0.07987409830093384,-0.18462246656417847,-0.08041714075949358,0.13004159927368164,-0.324351042509079,-0.10872499588873552,0.11312675476074219,-0.32327717542648315,-0.08993714991953539,0.09423857927322388,-0.2916994094848633,-0.06709030959751772,0.18947810262556714,0.03391532055683691,0.18756567167038507,0.19528384399924098,0.13386291226757724,0.0031304761359192967,0.18922076078201705,0.03451147325495901,0.14737912456710056,0.18332251577957365,0.0570225605683522,-0.04941471428640537,0.17599525284264128,0.14888448441511212,0.5052432983958685,0.29298831687745586,0.6461840511593925,0.36035452933307954,d_minor
0.0,0.0,0.0,-0.02076089382171631,-0.24000707268714905,-0.0715525507022221,0.012836754322052002,-0.368233323097229,-0.0981978013206799,0.018838167190551758,-0.3997199833393097,-0.0995432271648724,0.02365291118621826,-0.4048336446285248,-0.09412789186728787,0.03058689832687378,-0.2183746099472046,-0.07918780138982129,0.06462162733078003,-0.39914411306381226,-0.11615942260516476,0.07659393548965454,-0.5097760558128357,-0.12246889462960553,0.09444314241409302,-0.5830360352993011,-0.12279140046132397,0.07887953519821167,-0.1860620379447937,-0.08188389083636594,0.1307077407836914,-0.3267108201980591,-0.11018122574580502,0.11409997940063477,-0.32597577571868896,-0.09194052061332059,0.09411555528640747,-0.29318392276763916,-0.06987420311463666,-0.002476607290038485,0.08130699490494969,0.1624379145162067,0.1914532093362447,-0.020506891951628303,0.004562469648915851,0.1521057279465714,-0.08688408876857207,0.15448538872048828,-0.12540405317534842,0.09882154949133992,0.013994555141255166,0.19387868785144066,0.1342344442507717,0.536262059757838,0.2946431472602438,0.7293647599076741,0.4570460779741722,d_minor
0.0,0.0,0.0,-0.021500110626220703,-0.24201932549476624,-0.07004659454082685,0.012433052062988281,-0.37154871225357056,-0.09635322372173505,0.017499446868896484,-0.3896893560886383,-0.0973059294626637,0.022969186305999756,-0.37992119789123535,-0.09129461477255063,0.031432926654815674,-0.21948173642158508,-0.07724880258297162,0.06345325708389282,-0.40201717615127563,-0.11332882771944242,0.07384634017944336,-0.5121335089206696,-0.11969488690351682,0.0917128324508667,-0.5849720239639282,-0.1205411983535214,0.08023226261138916,-0.1860836148262024,-0.0794492719576283,0.12832534313201904,-0.3286269009113312,-0.10620412061666684,0.11189085245132446,-0.32333892583847046,-0.08657573739742475,0.09357059001922607,-0.2868715226650238,-0.06405271420931058,-0.04746426696759881,-0.06257389580464695,-0.09982319685656656,0.16018971194355403,0.08613877060195957,-0.10756731299719427,0.14251922582858823,-0.16045866285184154,-0.07495589801338581,-0.1259994645108063,0.13179171423396324,-0.12932050579466003,0.21823586508533177,0.11993715609551059,0.5343105199692928,0.30341112204194437,0.7491501697809921,0.47723138978433444,d_minor
0.0,0.0,0.0,-0.019097745418548584,-0.24479436874389648,-0.07714751218048832,0.016939222812652588,-0.3891943395137787,-0.10409497324911854,0.012120306491851807,-0.3741423487663269,-0.10160876665798924,0.010709643363952637,-0.33064213395118713,-0.0912374616095235,0.034918785095214844,-0.21914076805114746,-0.08246069256750843,0.06303566694259644,-0.40809956192970276,-0.11872226600138447,0.07106852531433105,-0.5167168974876404,-0.1230881274172475,0.08784091472625732,-0.5913773477077484,-0.12299178395954868,0.08249419927597046,-0.18428057432174683,-0.08245075349299213,0.12737858295440674,-0.3318985402584076,-0.10805297498194477,0.10899513959884644,-0.3234778344631195,-0.08547881845919392,0.08855599164962769,-0.284076988697052,-0.061540401024501534,-0.029275476433262837,-0.12552093134630393,0.10472097120430951,0.13185487963022047,-0.17847961397631554,-0.1232976596402497,-0.0052788605918110965,-0.15825628550335413,-0.02354346765791776,-0.09493497911619958,0.0011512067077511234,0.08745369639154743,0.2737524825504866,0.09544779778152973,0.3913797862848257,0.3133852173407978,0.6548163218550942,0.3704366354334967,d_minor
0.0,0.0,0.0,-0.01771491765975952,-0.24915912747383118,-0.07111782389438304,0.014872491359710693,-0.3931331932544708,-0.0977721269682661,0.008360445499420166,-0.3754790425300598,-0.09652853565967234,0.007449686527252197,-0.3296995759010315,-0.08728831815278681,0.0361519455909729,-0.22596144676208496,-0.07658553677356394,0.061370015144348145,-0.4137398302555084,-0.11194467353379878,0.06881088018417358,-0.5216849148273468,-0.1172738130644575,0.08607906103134155,-0.5958769023418427,-0.11810231762683543,0.08312726020812988,-0.1920161247253418,-0.07714254962957057,0.12408965826034546,-0.3383287191390991,-0.10228358017957362,0.10474264621734619,-0.3276759684085846,-0.0801465194181219,0.08446025848388672,-0.2873942255973816,-0.05654450314796122,0.05047584694717289,0.08658778778850829,0.024218021567766534,-0.09878791153959306,-0.04722272553721513,-0.07373760583136951,-0.1632865917390045,-0.04756632318334905,-0.13518631388865732,-0.1567031271401966,-0.0425100497447371,-0.03959157157958876,0.2792533799431426,0.09308895218259497,0.3342139281994168,0.31456882696244837,0.6093619627868827,0.3441154457990242,d_minor
0.0,0.0,0.0,-0.0179826021194458,-0.25259071588516235,-0.0695443176871322,0.014227569103240967,-0.3970668911933899,-0.09490184720812067,0.006615757942199707,-0.3798563480377197,-0.09182777490673288,0.005479693412780762,-0.3335259258747101,-0.08115213599262461,0.03612297773361206,-0.23004963994026184,-0.07508243110237345,0.06116628646850586,-0.4174034893512726,-0.11247631397304758,0.0674428939819336,-0.5254402458667755,-0.11767310138998255,0.08472448587417603,-0.598980188369751,-0.11754423614797815,0.08378726243972778,-0.19666427373886108,-0.07492515679655298,0.12412196397781372,-0.34180817008018494,-0.09947104986963495,0.10270428657531738,-0.33239617943763733,-0.07477371629533991,0.082050621509552,-0.2928727865219116,-0.04891801115331873,-0.18869270590120904,-0.14446540316281867,0.05796230868526109,0.1110523207549019,-0.10620186678455226,-0.10123079535716317,0.15356044135465635,-0.08578859196023757,0.10750517532040177,-0.18956424416497156,-0.14696052588498343,0.13729702839937052,0.2794102495663911,0.09249228926237538,0.3472302168341945,0.31371714931398414,0.5869413538126473,0.3601958689590678,d_minor
0.0,0.0,0.0,-0.01748424768447876,-0.2530333995819092,-0.06879280031597546,0.013456761837005615,-0.39675650000572205,-0.09592667491114071,0.006369650363922119,-0.3832661807537079,-0.09575999052202633,0.0052408576011657715,-0.3407883644104004,-0.08723417193567684,0.03632199764251709,-0.23102879524230957,-0.07346919448053768,0.061618804931640625,-0.4174327254295349,-0.11000331760322979,0.06763654947280884,-0.5250885784626007,-0.11647200108444622,0.08436983823776245,-0.5997681021690369,-0.11770360440885952,0.08349275588989258,-0.197809636592865,-0.07334401727592876,0.12440186738967896,-0.34176361560821533,-0.0990566861716502,0.10158497095108032,-0.33282145857810974,-0.07728323609507015,0.07957810163497925,-0.29491207003593445,-0.05342948333299091,-0.16887154374369093,0.03952090990203144,0.12058237830899776,-0.06043642778541444,0.1045837325237629,-0.19131396624988734,0.07166735909960825,-0.1573659277215513,-0.01789429354031488,0.16694978931475118,0.029892091150810707,0.16204570340310714,0.2725074062504666,0.09366652127414553,0.4750728733362237,0.31159480693311475,0.6939388176148817,0.3994510120542856,d_minor
0.0,0.0,0.0,-0.018427670001983643,-0.2500390410423279,-0.06705621251950333,0.01057523488998413,-0.390749454498291,-0.09395261475930283,0.004639089107513428,-0.3886905908584595,-0.09470360348115037,0.004464328289031982,-0.35493040084838867,-0.08714191237578461,0.03563565015792847,-0.22943878173828125,-0.07115012774357865,0.05959230661392212,-0.41548359394073486,-0.10682721803078721,0.06466400623321533,-0.5231004953384399,-0.11317358533034394,0.08077865839004517,-0.5955418646335602,-0.11403322586903641,0.08345192670822144,-0.1981481909751892,-0.07094433525691102,0.12223219871520996,-0.3428953289985657,-0.09792621055731843,0.09912693500518799,-0.33328765630722046,-0.07823668787369797,0.078235924243927,-0.2939305901527405,-0.055219504927492835,-0.05509042392938143,0.047655303236513735,-0.12439872791734118,0.15429302733389777,0.18960588687683888,-0.19126064711851348,-0.0034543746788230634,0.17257377785314737,-0.15967892759938868,-0.10741669687110851,0.005730371844033966,0.1439384504304967,0.2538521148720287,0.10090721169436778,0.44270948806713184,0.3073025873009727,0.6808048030628389,0.40487958586978695,d_minor
0.0,0.0,0.0,-0.020525574684143066,-0.24953842163085938,-0.06452077507168497,0.007480025291442871,-0.3866133987903595,-0.09014006584078516,0.004465997219085693,-0.3938027620315552,-0.0901489022293731,0.00645679235458374,-0.36853596568107605,-0.08244325100571359,0.03320497274398804,-0.22965264320373535,-0.0702325764218017,0.05760502815246582,-0.4170321524143219,-0.10590675353199686,0.06334429979324341,-0.5258727371692657,-0.11155580609232629,0.08044064044952393,-0.5980864763259888,-0.1112484398403808,0.08198738098144531,-0.1988224983215332,-0.07124218224674905,0.12201946973800659,-0.3442404270172119,-0.09792781501204217,0.10051685571670532,-0.3346773386001587,-0.07737013577610696,0.08175963163375854,-0.2947668135166168,-0.05321910484821046,-0.18058004299001584,-0.1637244369401905,-0.19021087434628536,0.1547549775348071,0.1270238420310636,-0.1503637477414552,0.021863567870374162,-0.16059706037189483,-0.024461927102927605,-0.029263815048885533,-0.07683718419629547,0.026771695409794072,0.24289253924333742,0.1093912982517507,0.313515622311745,0.3088235115792978,0.5502594386617874,0.2573286948144387,d_minor
0.0,0.0,0.0,-0.018674075603485107,-0.24637094140052795,-0.06733393596215365,0.010301291942596436,-0.3867071568965912,-0.0942888029078972,0.006429016590118408,-0.39215564727783203,-0.09417129980130312,0.006495952606201172,-0.3642386198043823,-0.08567637132210848,0.03533053398132324,-0.22679895162582397,-0.07230716125769732,0.06027728319168091,-0.4152889847755432,-0.10921719597382662,0.06550049781799316,-0.5251460075378418,-0.1148501627306473,0.08074790239334106,-0.5975287556648254,-0.11418957190318224,0.08411198854446411,-0.19640326499938965,-0.07255226300759432,0.12409770488739014,-0.3420109748840332,-0.0995109670023453,0.10356849431991577,-0.33671897649765015,-0.07880135552687761,0.08450406789779663,-0.29980671405792236,-0.05439844654603121,0.1469229169174176,0.12401190424740077,-0.13661580640935772,-0.17338295489623384,0.14224282528908766,-0.08797989940782061,0.1168174075571104,-0.004964235365570696,0.024422726389837557,0.046312717987735924,-0.09080139156230622,0.1061364458745821,0.2464764535292418,0.10590111004028946,0.336370999693922,0.30368981133609657,0.5536261893779437,0.2662954294086684,d_minor
0.0,0.0,0.0,-0.018682360649108887,-0.2470407485961914,-0.07036511891968189,0.010089099407196045,-0.3878785967826843,-0.09788989567644535,0.003452122211456299,-0.384206622838974,-0.09789216810352741,0.0016264915466308594,-0.3505714535713196,-0.08952364617474018,0.03558015823364258,-0.226906418800354,-0.0746581285584682,0.059939801692962646,-0.41457033157348633,-0.11181113415844379,0.0648927092552185,-0.5224705338478088,-0.11823740893490253,0.08046215772628784,-0.5964193046092987,-0.11888839596397816,0.0841289758682251,-0.1959642767906189,-0.07428584539778171,0.12367326021194458,-0.34196656942367554,-0.10160670721418796,0.101753830909729,-0.3303802013397217,-0.08079273545629917,0.08151853084564209,-0.29101359844207764,-0.0569528668511623,-0.1674149956404617,-0.029537943631423952,-0.03297251716119315,0.006409097074121017,-0.13047828628915598,-0.07122662579431602,-0.1018826216015441,0.009483358184323804,0.10697506907231452,0.1539073712662044,-0.08952686177544344,-0.16199093904974357,0.25984325400550085,0.1048366906988948,0.3107816818454304,0.3116244070193327,0.5139960867695953,0.2384744134728034,d_minor
0.0,0.0,0.0,-0.018528342247009277,-0.24732276797294617,-0.07203297334018544,0.010188698768615723,-0.38809117674827576,-0.10009967552724675,0.002910017967224121,-0.38516515493392944,-0.09946382807794407,0.00015312433242797852,-0.35034939646720886,-0.09015255438390568,0.035381853580474854,-0.22664418816566467,-0.07673718052211598,0.06031477451324463,-0.41561007499694824,-0.11545797454419926,0.06529128551483154,-0.5247255563735962,-0.12151274847093418,0.08020907640457153,-0.5973112285137177,-0.12107619660201863,0.08444154262542725,-0.19570106267929077,-0.07631777243915394,0.12492269277572632,-0.34066832065582275,-0.1038340704351981,0.1041904091835022,-0.33432537317276,-0.08224648254218891,0.08399450778961182,-0.2977486252784729,-0.05734307708445385,-0.049429888752389683,-0.02799278097079222,0.19524278493035724,0.1913341658756062,0.036971258979908356,-0.10490517507027049,-0.06417962081440068,0.14372895814433229,0.1581863932306387,-0.001774946037962133,0.06338439235726578,0.09993131519975307,0.26144860603563985,0.10427214637825166,0.45531444403434596,0.30629070059550895,0.7014872797469406,0.40312366601942595,d_minor
0.0,0.0,0.0,-0.018526434898376465,-0.24402600526809692,-0.07129013104352566,0.009480059146881104,-0.3826111853122711,-0.09946193857106778,0.004792332649230957,-0.38628077507019043,-0.10019258720788571,0.003824949264526367,-0.35920247435569763,-0.09263336224469754,0.03592032194137573,-0.22475123405456543,-0.07610979242238614,0.060858964920043945,-0.41290345788002014,-0.11390340639266583,0.06680220365524292,-0.5214780271053314,-0.1203124107233009,0.08261698484420776,-0.5954172015190125,-0.12069717360648724,0.08495986461639404,-0.19444715976715088,-0.07624341113481137,0.12583911418914795,-0.3396477699279785,-0.10408278865727993,0.10444825887680054,-0.33015531301498413,-0.08316155834111782,0.08361625671386719,-0.2934669852256775,-0.05910102589044186,-0.15054547924089687,0.09628939406848491,0.06245184327777181,-0.1451889683360665,-0.053834348171373725,0.14226659459329377,0.10712901959270738,-0.17628026638352018,-0.14415713699465096,0.07640245763609266,0.058319232691760314,-0.008392961355457473,0.25058563348240687,0.10868405981105585,0.43207443307748256,0.30817043511232245,0.6633416780606815,0.3554952739807854,d_minor
0.0,0.0,0.0,-0.01751863956451416,-0.24404969811439514,-0.07207199671381659,0.010753035545349121,-0.3820400834083557,-0.10044341274613089,0.00563812255859375,-0.385324627161026,-0.10085280724877066,0.004330456256866455,-0.3579197824001312,-0.09295783677214331,0.037355661392211914,-0.22464901208877563,-0.07705633827561087,0.0627095103263855,-0.41255027055740356,-0.11546933391207403,0.06841933727264404,-0.5211422145366669,-0.12174743154162115,0.08419263362884521,-0.5951825082302094,-0.1218635786425466,0.086306631565094,-0.19364500045776367,-0.07715101280325598,0.12777799367904663,-0.3400455713272095,-0.10533528515213675,0.10579907894134521,-0.33077430725097656,-0.08360167333000845,0.08476400375366211,-0.29386797547340393,-0.05878952630871481,-0.1736254736640476,-0.04002866361394092,-0.14011759660532555,-0.08497785294945288,0.18991974240762216,-0.1908331316257626,0.07532490363724653,0.11041624107524761,0.06838075558659357,-0.17055764224236777,-0.12150364565963395,-0.02344031308956071,0.2520061712656867,0.10834972530386623,0.3021773035933337,0.30784591956380136,0.546769153395404,0.31007768701002225,d_minor
0.0,0.0,0.0,-0.017430126667022705,-0.24497470259666443,-0.07295466732520595,0.011643469333648682,-0.3831929564476013,-0.09997116547364726,0.004722297191619873,-0.38183361291885376,-0.09874266904134288,0.001232445240020752,-0.3507128059864044,-0.08984877687234416,0.037386298179626465,-0.22573208808898926,-0.07717998843926921,0.06283706426620483,-0.41204649209976196,-0.11443891894359126,0.06826525926589966,-0.5186530351638794,-0.11979492526788249,0.08327847719192505,-0.5915398895740509,-0.11970000487107768,0.086017906665802,-0.19428080320358276,-0.07629545551080241,0.12579762935638428,-0.33880504965782166,-0.1026214934541656,0.10384809970855713,-0.32907435297966003,-0.07970800768870845,0.08241051435470581,-0.2921808362007141,-0.054802571947760725,-0.1405824895351231,0.1616554942627404,0.10707675131758804,0.02302729011394114,0.10495593292266164,-0.04655572334563121,0.09639580043979334,0.03412285512279284,-0.07588022059772492,-0.09454447808618888,-0.15137936064133026,0.09990548761445034,0.25616465673745187,0.10603823306617968,0.2913995922541702,0.3063140104469652,0.5230572310789573,0.2739939936621997,d_minor
0.0,0.0,0.0,-0.018564343452453613,-0.24611154198646545,-0.07577788882886694,0.01235496997833252,-0.3870803117752075,-0.10117328220044897,0.004727065563201904,-0.3742821216583252,-0.09701556765472219,2.7060508728027344e-05,-0.33403241634368896,-0.08589755796825216,0.03701198101043701,-0.22599664330482483,-0.0794294258299999,0.06158626079559326,-0.41268599033355713,-0.1152812694851093,0.06690990924835205,-0.5186163783073425,-0.1196932574454479,0.08090847730636597,-0.591999888420105,-0.1194922407809429,0.0859801173210144,-0.19389128684997559,-0.07767171465789602,0.12541884183883667,-0.3379637598991394,-0.10263556295072362,0.10458123683929443,-0.32913738489151,-0.08021166973745153,0.08237218856811523,-0.2931516170501709,-0.05641898193394468,-0.15959573784406822,0.08174496470779752,-0.07781615325955418,-0.026437006029790266,0.13905050315298512,-0.0056744321793908425,-0.07098394204188918,0.1733588310954794,-0.13398197366614345,-0.13999673963277115,-0.02534327333042885,0.04848071311842089,0.2724291154520291,0.09654504809157347,0.3646274418643924,0.30543521036880467,0.6309625563672494,0.3635563164314461,d_minor
0.0,0.0,0.0,-0.018258213996887207,-0.24763602018356323,-0.07389646996270471,0.011268377304077148,-0.3880428075790405,-0.1000624247313624,0.0035193562507629395,-0.3756043314933777,-0.09728320170651727,-0.0005988478660583496,-0.3361968994140625,-0.08706039417992884,0.03736943006515503,-0.22761979699134827,-0.07771617401849085,0.060466229915618896,-0.4145028591156006,-0.1137681998730784,0.06579500436782837,-0.5197223722934723,-0.118680077087987,0.08004379272460938,-0.5932631194591522,-0.11869275052558237,0.08665597438812256,-0.19557827711105347,-0.07649696100961023,0.12504220008850098,-0.33960625529289246,-0.10245225806247049,0.10423421859741211,-0.3274844288825989,-0.08061453927766138,0.0823621153831482,-0.28927406668663025,-0.05681448657523447,0.17618995273204496,0.10883050106253223,0.1412668997358028,-0.19119192537632967,0.17667423841223656,-0.11047461979563007,0.09943961795743134,0.007649137211353185,-0.17987272617535846,0.12672992051660897,-0.1853447894121144,-0.00012251903690171928,0.2712690231812038,0.09999544280233222,0.215701572744084,0.31023158829331543,0.4273591678107003,0.12642695911288587,d_minor
0.0,0.0,0.0,-0.017113685607910156,-0.24965661764144897,-0.0759116581063779,0.012512624263763428,-0.3899916410446167,-0.10096013754420596,0.0038439035415649414,-0.37552618980407715,-0.09648139983229953,-0.0008236169815063477,-0.33503493666648865,-0.08525716721825916,0.038370609283447266,-0.22909218072891235,-0.07991835683398563,0.0615694522857666,-0.41589176654815674,-0.1163910573702367,0.06663644313812256,-0.5211700201034546,-0.12061663925462085,0.08092552423477173,-0.5948769748210907,-0.1201679727416547,0.08742231130599976,-0.19644391536712646,-0.0783695226889165,0.1264094114303589,-0.3406853675842285,-0.10376420825534183,0.10466814041137695,-0.3282129168510437,-0.08038836926036197,0.0820397138595581,-0.2893746495246887,-0.0557221008818658,0.17130315088774584,0.19061433248505993,0.07100550240896686,-0.1561987096904316,0.12653002443430578,-0.05864978908043966,0.028333148360835503,-0.09710453917517628,0.05641541935617583,-0.021842624502739966,0.06779153977376173,0.11857174666934422,0.2746262391400883,0.09911363964380725,0.45194822151994946,0.31222777355609627,0.7118198551984385,0.41077679133052286,d_minor
0.0,0.0,0.0,-0.016537964344024658,-0.2504686415195465,-0.07548225363956362,0.012564778327941895,-0.39069831371307373,-0.10148033192621142,0.004018723964691162,-0.3753387928009033,-0.09851845046745211,-0.00019097328186035156,-0.33466431498527527,-0.0884888439463225,0.0388527512550354,-0.23006200790405273,-0.07898107609020144,0.06200224161148071,-0.41551393270492554,-0.1152656196640578,0.0670328140258789,-0.5209798216819763,-0.12080778619514376,0.08129942417144775,-0.5947648286819458,-0.12166067650781542,0.08729195594787598,-0.19741976261138916,-0.07736573061214358,0.12574505805969238,-0.3401504158973694,-0.10319392821060092,0.10417819023132324,-0.3274432122707367,-0.08131254902349383,0.0816107988357544,-0.2883228063583374,-0.05779999187456042,0.01324189048684174,-0.11196054193580657,0.19078081242708278,0.0716388537932629,-0.06865664733799934,0.006548426948599723,-0.1584362578281825,-0.10061172911451224,-0.15947066194401796,-0.16275030371420507,-0.19303344820898216,-0.14040561709537014,0.2745784634268641,0.09889828605635806,0.22176606969648444,0.3130255533367724,0.4704250679283633,0.27498381685849943,d_minor
0.0,0.0,0.0,-0.016620516777038574,-0.24769848585128784,-0.07549654284946428,0.012582898139953613,-0.3875284194946289,-0.10196002165309892,0.004812121391296387,-0.3735247254371643,-0.09921051899425493,0.0009384751319885254,-0.3337138593196869,-0.08917962352268205,0.03888833522796631,-0.22833603620529175,-0.07846222410432802,0.06206643581390381,-0.4124648869037628,-0.11470898578397737,0.06717950105667114,-0.5176257789134979,-0.12020733545057283,0.0812300443649292,-0.5907412171363831,-0.12092604080669389,0.08740687370300293,-0.19643884897232056,-0.0766157020115088,0.1256619095802307,-0.33786430954933167,-0.10260518977872835,0.1044207215309143,-0.32582923769950867,-0.08114873210422502,0.08168697357177734,-0.2873731553554535,-0.05785859341256128,-0.09342618835667951,0.01666404576175831,0.11704979089890039,-0.10733843775444295,0.10601991216939427,0.12903254323624774,-0.04691733149015595,0.0576402573587973,0.0913310031662532,0.16583699925725898,-0.026596582608835906,-0.06281535291560991,0.2711413538479342,0.09822824324673829,0.34958206429624605,0.30985463142226816,0.5734059273582263,0.2740624329985965,d_minor
0.0,0.0,0.0,-0.017033815383911133,-0.24830803275108337,-0.07698930604405518,0.011072158813476562,-0.3892746567726135,-0.10280836923070069,0.003048837184906006,-0.37301939725875854,-0.09837750894971009,-0.0012007355690002441,-0.3314830958843231,-0.0869728903288376,0.0385204553604126,-0.228804349899292,-0.08007642431206818,0.06039911508560181,-0.41394728422164917,-0.11720288349337693,0.0655815601348877,-0.5188259482383728,-0.12214661194033738,0.07914024591445923,-0.5921176075935364,-0.12201072080083009,0.08739298582077026,-0.1969556212425232,-0.07796614421553727,0.12579166889190674,-0.33934304118156433,-0.1044175381774437,0.10579442977905273,-0.32840487360954285,-0.08269210709281083,0.08340978622436523,-0.2912672162055969,-0.05893002254910584,-0.041892100744157196,-0.050653580503196294,0.00200238792687063,-0.1217213720528164,0.015384424676575137,-0.06641756717079339,0.14834965162549651,-0.10520893045953304,0.15735408458647365,0.17363910077052785,-0.0651399527233561,0.026858045562092286,0.27497758374785697,0.09778885319805562,0.33832694283178416,0.30742212260125223,0.5556954128837142,0.25813651644757407,d_minor
0.0,0.0,0.0,-0.015034377574920654,-0.2484915852546692,-0.07695164808745858,0.013527154922485352,-0.38789862394332886,-0.10184844860549447,0.004377841949462891,-0.371605783700943,-0.09654407480473992,-0.0007996559143066406,-0.3300388753414154,-0.08477751442904946,0.04024791717529297,-0.22891560196876526,-0.08031903484578606,0.06375205516815186,-0.4127892851829529,-0.11755866834636208,0.0685606598854065,-0.5180442333221436,-0.12240635135884759,0.08194035291671753,-0.5916634202003479,-0.12225917258973595,0.08881330490112305,-0.19692522287368774,-0.07814476916308877,0.12746500968933105,-0.33816856145858765,-0.10381841936822411,0.10628587007522583,-0.32803547382354736,-0.08126811960454461,0.0831720232963562,-0.29108041524887085,-0.05716547274704453,0.06901460296728879,-0.1834188952723589,-0.10522221175579377,0.18129455428350127,-0.14524328366972147,0.1436586041886484,0.1759914415617096,0.01735784482420427,-0.18230276398510403,0.03901612506292432,0.1726405511208315,0.1806992034470586,0.27694437389569065,0.09659932384902925,0.5698682215543441,0.30755300297151084,0.8232780985335528,0.5230358325971342,d_minor
0.0,0.0,0.0,-0.015500009059906006,-0.24890568852424622,-0.07332989016370561,0.014367759227752686,-0.38805097341537476,-0.09972322175102022,0.005867123603820801,-0.37186145782470703,-0.0969548914750078,0.0006276369094848633,-0.3295445144176483,-0.08676549980239656,0.04028201103210449,-0.23012152314186096,-0.07682775894002702,0.06399059295654297,-0.4124184250831604,-0.11357192138032701,0.06863528490066528,-0.5174541771411896,-0.12006992289619234,0.08169549703598022,-0.590848296880722,-0.1214464623649576,0.0884476900100708,-0.1981915831565857,-0.07537486592130449,0.127125084400177,-0.33812373876571655,-0.10113123992280748,0.10624778270721436,-0.32672739028930664,-0.07998270729379442,0.083462655544281,-0.2894801199436188,-0.05696985313491609,-0.0626934949679113,0.0018164860997229026,-0.04844546431533375,-0.05048650045205169,-0.09843715310788217,-0.16392093094801657,0.1663620922005677,-0.020148500258007435,0.08433271685839888,0.17488915779492697,-0.19699459877061312,0.19563402507423072,0.2757796835143302,0.0967190600509073,0.3573318477968181,0.3081933387621967,0.5141457278197843,0.28411458291810954,d_minor
0.0,0.0,0.0,-0.015120506286621094,-0.24677759408950806,-0.07381021697901247,0.015421926975250244,-0.38515982031822205,-0.10043167789362428,0.007001042366027832,-0.37177473306655884,-0.09802894015692232,0.0017718672752380371,-0.3315262794494629,-0.08820172865770814,0.04083162546157837,-0.227798730134964,-0.07716963161610124,0.06468206644058228,-0.4092441499233246,-0.11447025556944368,0.06903672218322754,-0.5147696435451508,-0.1217345940031862,0.08210331201553345,-0.5881154537200928,-0.12372391392372606,0.08913254737854004,-0.19597643613815308,-0.07554512937448976,0.12805777788162231,-0.3357973098754883,-0.10193283577345369,0.10723453760147095,-0.32473984360694885,-0.08150059451244829,0.08470863103866577,-0.28709402680397034,-0.05892969761870859,0.07211583774444574,-0.07768809340320115,-0.10931375101018528,-0.05823653984356167,-0.03162511317238739,-0.1264807924695815,0.17732958265213433,0.051354367860842964,0.007292051843961284,0.1266158148206537,-0.15233018680472893,-0.11439190583186375,0.2712065099016248,0.09853721966775628,0.21996176085464547,0.3079269030409849,0.43815208334720646,0.1516362791806691,d_minor
0.0,0.0,0.0,-0.014815092086791992,-0.2442944347858429,-0.07500374637484697,0.01571732759475708,-0.38292396068573,-0.10108536057114748,0.007281363010406494,-0.3697175085544586,-0.0978037076437488,0.0018014907836914062,-0.32936573028564453,-0.08739085815787462,0.04105502367019653,-0.22540295124053955,-0.07770622841954378,0.0649070143699646,-0.40678107738494873,-0.11429450236201433,0.06996673345565796,-0.5115523636341095,-0.12069969944596437,0.08332538604736328,-0.58443683385849,-0.12208615563750413,0.08914077281951904,-0.1937735676765442,-0.07542447321057466,0.12795883417129517,-0.33264151215553284,-0.10131294600606111,0.10732817649841309,-0.3226167559623718,-0.0808753850305095,0.08437907695770264,-0.28626736998558044,-0.05845673330068735,-0.07618024444560954,-0.1534515292377651,0.01464608724221278,-0.19779637244172316,0.15483306819459797,0.049846169749299285,-0.08765799049660333,-0.1609524025412705,-0.08319148117789954,-0.1210705303720717,-0.09857002172324414,0.0169316470976614,0.2700206974363843,0.09753824880595147,0.28150910780384014,0.3048849665656046,0.5451331940551046,0.28831101885942095,d_minor
0.0,0.0,0.0,-0.017107486724853516,-0.2425527274608612,-0.0729499823926858,0.01224982738494873,-0.37891191244125366,-0.09938492547263422,0.00517040491104126,-0.36735886335372925,-0.09720405112494745,0.0011785030364990234,-0.3286348283290863,-0.08751998018016138,0.03920704126358032,-0.22452694177627563,-0.07552196751822748,0.06245607137680054,-0.40451037883758545,-0.11186373155106821,0.06758606433868408,-0.5085514187812805,-0.11854120265235224,0.08083158731460571,-0.5801149308681488,-0.1198792375205926,0.08762365579605103,-0.19370460510253906,-0.07348367493142405,0.12585586309432983,-0.33102792501449585,-0.09972952972640314,0.106198251247406,-0.32118964195251465,-0.07989663552035609,0.08427345752716064,-0.28514549136161804,-0.05757923718084612,-0.050936519292159366,-0.0879691987851527,0.16130622100867575,0.17640893363921567,0.055914644626554266,-0.13560131692168725,-0.004836263481785619,0.15436206946305292,-0.16280385471031159,0.07346581546206232,0.1844944393008841,0.18940191461499106,0.2657705351307718,0.09845070839270875,0.5875481568800281,0.3014964456767101,0.8248251782114698,0.5307336044967244,d_minor
0.0,0.0,0.0,-0.01663869619369507,-0.24337491393089294,-0.07434704881407583,0.013707160949707031,-0.3802873194217682,-0.10002842527129019,0.0056479573249816895,-0.3661401569843292,-0.09686153363682592,0.0006757974624633789,-0.32566842436790466,-0.08665078114964331,0.03900879621505737,-0.2242894470691681,-0.0771591214487728,0.06297767162322998,-0.40531694889068604,-0.11241056006647909,0.06786453723907471,-0.5079021453857422,-0.11770834755398596,0.0813826322555542,-0.5794125497341156,-0.11833421122528875,0.08693128824234009,-0.19281959533691406,-0.07527954112984503,0.1251881718635559,-0.33167722821235657,-0.10086534153916205,0.10439097881317139,-0.3206481337547302,-0.08030535262324179,0.08211278915405273,-0.28378501534461975,-0.05776993911959494,-0.04312996140640629,-0.08854982884313954,-0.12485207240194458,0.08917972347594627,-0.11323859084387307,0.16513577757231662,-0.10204573761046941,0.003121048185837416,-0.05142756664470288,0.03323814931542257,-0.12498076466955182,0.11923519832839119,0.26814830613214946,0.0960224276070564,0.28935251866715694,0.3017684597071097,0.5150391857618434,0.2427721959673432,d_minor
0.0,0.0,0.0,-0.016075611114501953,-0.2434418797492981,-0.07368746419498962,0.014741122722625732,-0.38022780418395996,-0.09960003961870711,0.007670879364013672,-0.36850059032440186,-0.09694306572029632,0.0037467479705810547,-0.3304048180580139,-0.08715943266699355,0.03916805982589722,-0.22431424260139465,-0.07668239642927688,0.06322091817855835,-0.40464937686920166,-0.11209572871277373,0.06830304861068726,-0.5077307820320129,-0.11780548860380691,0.08195030689239502,-0.5796050727367401,-0.11872954686234038,0.08688831329345703,-0.1928275227546692,-0.07503169794628661,0.1252601146697998,-0.3313623070716858,-0.10087270309279006,0.10449105501174927,-0.3200737237930298,-0.08057028074810546,0.08219164609909058,-0.2831270694732666,-0.05811598544070762,-0.08026420268354283,-0.09097670800851275,0.19132102407733198,0.0714141345416559,0.03956852932081767,0.03952312536940217,0.03918137643298655,0.16857345703218868,0.09221936697704097,0.13621216080553628,0.026713799556791373,-0.07055601641967368,0.2630840847909407,0.09608490714165711,0.38125643086474803,0.3026107540916597,0.6106452429395495,0.31476075756232463,d_minor
0.0,0.0,0.0,-0.017381489276885986,-0.24236851930618286,-0.07243678805963327,0.013511121273040771,-0.37811633944511414,-0.09849332360164453,0.006935834884643555,-0.3690052926540375,-0.09611777303354074,0.0030372142791748047,-0.33180341124534607,-0.08629275200502207,0.03798878192901611,-0.22365441918373108,-0.07535863009826471,0.06263148784637451,-0.40324240922927856,-0.11124011961356928,0.06765085458755493,-0.5070901811122894,-0.1172038325442486,0.08091694116592407,-0.5774820446968079,-0.11788729665414621,0.08596169948577881,-0.19292527437210083,-0.0735704609526806,0.1245577335357666,-0.32998472452163696,-0.09934762207404901,0.10492455959320068,-0.321144700050354,-0.07939663616554071,0.08364987373352051,-0.2846677303314209,-0.0568616100920849,-0.014985304494154084,-0.18197226951677795,0.1058415884986304,0.05075865997737444,-0.02998189681736335,0.02499953395929283,-0.031187083497813572,0.1406105289622107,-0.048809253720373036,-0.16429614317527022,0.1811859898468448,-0.05405514652543633,0.25965642307887915,0.09790998618027237,0.5405532733754919,0.2991184147424923,0.7998632300340508,0.5277355323858867,d_minor
0.0,0.0,0.0,-0.017121553421020508,-0.24139046669006348,-0.07259759431724433,0.012585222721099854,-0.37797558307647705,-0.09794259941224936,0.005529820919036865,-0.36849868297576904,-0.09539771204833869,0.001903533935546875,-0.3323216736316681,-0.08584275221471671,0.03790527582168579,-0.22296839952468872,-0.0753246185744274,0.061489641666412354,-0.4030225872993469,-0.11012424653415565,0.06623101234436035,-0.5054507553577423,-0.11535819744710807,0.07997173070907593,-0.5763950049877167,-0.11584908640031699,0.08551299571990967,-0.19230329990386963,-0.07343988245372657,0.12359297275543213,-0.3296912908554077,-0.09866657232885245,0.10230332612991333,-0.31959760189056396,-0.0783713025415409,0.08027827739715576,-0.2831926941871643,-0.05588345354442481,0.14863973429318683,-0.1681092654794817,-0.12010925128336353,-0.17343859440603235,0.0998297268461415,0.05835945256246505,0.1672510179967675,-0.031198630332207544,0.028726948576787953,0.039938952334311495,0.16679721384161528,0.1424299634314426,0.2580054544345291,0.09723073902191237,0.5501588766836445,0.29927172628476506,0.7878104880330453,0.493402867671966,d_minor
0.0,0.0,0.0,-0.016287565231323242,-0.24315929412841797,-0.07217560660001254,0.012424170970916748,-0.3805447816848755,-0.09781977485772586,0.004179239273071289,-0.36749982833862305,-0.09527198921796298,0.00022727251052856445,-0.3284207582473755,-0.08555357109662509,0.03821253776550293,-0.22416889667510986,-0.07559009592887378,0.06115901470184326,-0.40497153997421265,-0.11074449818488574,0.06609004735946655,-0.5077153146266937,-0.11599687438365436,0.08003932237625122,-0.5790522396564484,-0.11649079572316623,0.08551418781280518,-0.19289380311965942,-0.07433146189805484,0.12407416105270386,-0.33034127950668335,-0.09962756883260226,0.1033666729927063,-0.31928399205207825,-0.07898578744288898,0.08114129304885864,-0.28220292925834656,-0.05632165770884967,0.15506682955673434,-0.19797419672478003,-0.041902826105227886,-0.09272566493111262,-0.18532223898992345,-0.14100752312678433,0.0664873674613593,-0.08283594226383224,-0.10277214645146233,-0.022567225958574744,-0.016217749757208855,-0.07056431398961083,0.26484564305396474,0.09766100141021916,0.3133927017328087,0.3028878548119382,0.5739512248490691,0.28584335900436714,d_minor
0.0,0.0,0.0,-0.015906035900115967,-0.24463072419166565,-0.07032446203089648,0.01262897253036499,-0.38191431760787964,-0.09663287935114795,0.0043531060218811035,-0.3677131235599518,-0.09532226261950427,0.000744163990020752,-0.32801154255867004,-0.08646487084484988,0.038540661334991455,-0.22569435834884644,-0.07412972686148578,0.061346232891082764,-0.4056611955165863,-0.10916667816496783,0.06621450185775757,-0.5078087151050568,-0.11517328408814365,0.08037388324737549,-0.5789505243301392,-0.11636780587292606,0.08564043045043945,-0.19420766830444336,-0.0735059940562337,0.1243215799331665,-0.3312171995639801,-0.0990283900246709,0.10357344150543213,-0.31926196813583374,-0.07903504756546909,0.08173477649688721,-0.2817596197128296,-0.05686839309788638,-0.1550948130296099,-0.10163483818797428,0.18754351405214803,-0.07131459368105567,-0.16659045642119674,0.16561939474860804,0.13114015685391295,0.18442948992307767,0.0889952311627698,0.07324059321535031,-0.013623268039416103,0.006301159603580075,0.2649631111773867,0.09785024872835775,0.33571007701702377,0.30309151413107216,0.5785269791660144,0.2756077767895024,d_minor
0.0,0.0,0.0,-0.014833331108093262,-0.2423025369644165,-0.07224019207174592,0.01382511854171753,-0.3796754479408264,-0.098077747599433,0.005884349346160889,-0.36632782220840454,-0.0960044968884688,0.00209885835647583,-0.32773083448410034,-0.08683786876613908,0.04002946615219116,-0.2238495647907257,-0.07537430860216432,0.06282979249954224,-0.40303146839141846,-0.11051813103372865,0.06737285852432251,-0.505163311958313,-0.11659083105737977,0.08093458414077759,-0.5765862762928009,-0.11804511733467393,0.08716899156570435,-0.19276738166809082,-0.0739606056373816,0.125416100025177,-0.32913830876350403,-0.09934606738502794,0.10442477464675903,-0.3168240189552307,-0.07914173938448243,0.08229935169219971,-0.2793457508087158,-0.05702248551065736,-0.14931068932377892,0.19888677134303057,0.08765151256271153,-0.17375586186960001,-0.1908275067975577,0.17664853092292881,-0.07657121593183853,-0.026904732583323016,0.1280876343720857,0.013249384880971882,-0.12475039887620434,0.17800137066811822,0.26290301432459745,0.09829645228714366,0.3338640654899245,0.30344283510284753,0.5444083663744089,0.28966158483463167,d_minor
0.0,0.0,0.0,-0.01539921760559082,-0.24200567603111267,-0.07127821384776212,0.012895643711090088,-0.37865331768989563,-0.09705231278050519,0.00559687614440918,-0.3671730160713196,-0.09536348222601987,0.0018207430839538574,-0.32979097962379456,-0.08639857112277127,0.03958696126937866,-0.22380465269088745,-0.07430790304053403,0.06284189224243164,-0.402332603931427,-0.10893681584704495,0.0680166482925415,-0.5045513212680817,-0.11508195041525937,0.08155161142349243,-0.5759233236312866,-0.11651900349963284,0.08693838119506836,-0.19254988431930542,-0.07277344106543637,0.12420147657394409,-0.3285006284713745,-0.09751751213181592,0.1035534143447876,-0.31681859493255615,-0.07744011222231961,0.08160316944122314,-0.28043678402900696,-0.05550989075410939,0.08253045863790598,0.059824543204456126,0.06612481853543706,0.1253848153680226,-0.17703028369991808,-0.16808085089962588,-0.17926594312944727,-0.13125264836268827,-0.1662615704757171,-0.07293987414733194,-0.16679851633594503,0.15897553670472137,0.26047146212084027,0.0987683286948757,0.3039147014699713,0.3017190905169157,0.5168635881359213,0.28775198834776344,d_minor
0.0,0.0,0.0,-0.015610218048095703,-0.24165526032447815,-0.07309529620667377,0.012711405754089355,-0.3775777816772461,-0.09801288384457507,0.0052492618560791016,-0.36854034662246704,-0.09520892489214816,0.001014113426208496,-0.33312883973121643,-0.08576372701188006,0.039407312870025635,-0.2234933078289032,-0.07610954034586825,0.06299304962158203,-0.4015779495239258,-0.11062877315541186,0.06799381971359253,-0.504039853811264,-0.11647210705538669,0.08143883943557739,-0.5751680731773376,-0.11784168023129382,0.08682006597518921,-0.19252431392669678,-0.07427201110382953,0.1242256760597229,-0.32813864946365356,-0.09882988471051135,0.10314130783081055,-0.3175122141838074,-0.0788138775851337,0.08083337545394897,-0.2814410924911499,-0.057108201714953566,0.015413877727186998,0.19639780605621354,0.04367016605564103,-0.057630052499612144,-0.13270749347174232,0.09902990964918906,-0.12060495856141946,0.11832387234646263,0.1951611376033332,0.03606186701632205,0.05621262633045282,0.08767700423497005,0.2570605418254908,0.0993170525914301,0.4276643654575459,0.29994076278884124,0.6655363153139191,0.37010441454243725,d_minor
0.0,0.0,0.0,-0.015947997570037842,-0.24085751175880432,-0.07271584575423162,0.012843906879425049,-0.3764362335205078,-0.09771261071213644,0.0060127973556518555,-0.36663663387298584,-0.094828051378812,0.0021553635597229004,-0.330525279045105,-0.08519991194256704,0.0394553542137146,-0.22241413593292236,-0.07565631424435537,0.06304007768630981,-0.40028485655784607,-0.10987898414381903,0.06851732730865479,-0.5019596219062805,-0.11540545230158727,0.08202892541885376,-0.5726727247238159,-0.1164788201952831,0.08732372522354126,-0.19134068489074707,-0.07388389562615316,0.12375259399414062,-0.32740071415901184,-0.09839764689454,0.10332262516021729,-0.315236896276474,-0.0781688586378948,0.08150577545166016,-0.2783844470977783,-0.05626438637622755,-0.17501618539385222,0.03761130551384789,-0.0894255279503514,-0.00021431564968960037,-0.009771320280016621,-0.17078722572207927,-0.18788082185036897,0.13409037800659535,-0.046268886435773704,-0.16940046813577148,-0.06388529855207636,0.10931710955870805,0.2568920812992695,0.09925935151601457,0.3719746688146694,0.30038582202583625,0.6107906244100176,0.3692980633499691,d_minor
0.0,0.0,0.0,-0.014837503433227539,-0.24380284547805786,-0.07130819620647344,0.01288515329360962,-0.38048699498176575,-0.0960890358880988,0.004574835300445557,-0.36949190497398376,-0.09326335849323186,0.0004729628562927246,-0.3321487307548523,-0.08370208801784429,0.03968846797943115,-0.22464504837989807,-0.07463292839088354,0.06210815906524658,-0.4038897454738617,-0.10895786495962057,0.06720566749572754,-0.5051744878292084,-0.11430569054641637,0.08164900541305542,-0.575903594493866,-0.11517854096450719,0.08665049076080322,-0.19282251596450806,-0.07326683463611516,0.12366229295730591,-0.33059176802635193,-0.09800301553764257,0.10321396589279175,-0.31773024797439575,-0.07730119736947927,0.08215713500976562,-0.27979138493537903,-0.054883886744164556,0.10029149273048166,-0.1993742479025054,0.09416265904776144,-0.19558315339170818,0.1022014172427016,-0.016268273244150006,-0.1880652121011191,-0.19462344432119758,-0.16212869384834305,0.14086636015322168,-0.19660920474832455,0.09518138273498078,0.25883730521643505,0.10121306420768235,0.2647273412838658,0.30218892132711783,0.43774676091745074,0.18134396411644121,d_minor
0.0,0.0,0.0,-0.013740181922912598,-0.24242714047431946,-0.07214885663250925,0.014305651187896729,-0.3788263201713562,-0.09724078040579798,0.006280720233917236,-0.3678944706916809,-0.09478391420105936,0.0023238062858581543,-0.33138570189476013,-0.08555766653279306,0.04132288694381714,-0.22362342476844788,-0.07519086908558847,0.06402504444122314,-0.40158364176750183,-0.10924192231158258,0.06883031129837036,-0.5030712783336639,-0.11490571212033274,0.08249479532241821,-0.5737727880477905,-0.11630245011309626,0.08846843242645264,-0.19239747524261475,-0.07371655564764978,0.12523484230041504,-0.32915759086608887,-0.09858977507809641,0.10393869876861572,-0.31645670533180237,-0.07868909548977854,0.08199167251586914,-0.27881836891174316,-0.057039250545301456,-0.19914142911398539,0.09907914915468352,0.14310443630183584,0.08007800173686974,-0.0012858626964490083,0.18830279374826564,0.09696722640913719,0.16298015342498867,0.15086498529390768,-0.09415767025042193,0.18518019727624174,-0.1737536249975051,0.2571461233117398,0.09961723473890412,0.532848506228999,0.30084961247017394,0.7813554664944906,0.5098485123889952,d_minor
0.0,0.0,0.0,-0.01424098014831543,-0.24266216158866882,-0.07254869904747352,0.0134543776512146,-0.3792886435985565,-0.09800105210771903,0.004939913749694824,-0.37041205167770386,-0.09590144869318351,8.285045623779297e-06,-0.33521169424057007,-0.08687832620373115,0.04073023796081543,-0.2242024838924408,-0.07530244108667716,0.06362730264663696,-0.4019920229911804,-0.10999267962208137,0.06865787506103516,-0.5038640201091766,-0.11609876569738731,0.08228808641433716,-0.5751384794712067,-0.11767132994165763,0.08796733617782593,-0.19265854358673096,-0.07338957157364234,0.12456858158111572,-0.32912880182266235,-0.0982748385929142,0.103995680809021,-0.31685423851013184,-0.07810665335884437,0.08231097459793091,-0.27982544898986816,-0.05628499057522163,-0.09217224091951177,-0.0677797583363193,-0.03930492096182725,-0.14547073282085088,0.07640554066157867,-0.02621698290707783,-0.09563076368148377,-0.008226300754926946,-0.1369855140981261,0.13571273053110372,0.08269719748271098,0.06893033082021671,0.25550545407796466,0.10381387698854606,0.4661972500020875,0.3016257103709035,0.6858732756650545,0.3872380320350671,d_minor
0.0,0.0,0.0,-0.014152884483337402,-0.24184578657150269,-0.0715929214255766,0.01361006498336792,-0.3783726096153259,-0.09727022241520444,0.004980325698852539,-0.37042197585105896,-0.095621893216844,0.0003427863121032715,-0.3356229066848755,-0.0868832115428404,0.04100298881530762,-0.2230473756790161,-0.07466849129366437,0.06429600715637207,-0.4008908271789551,-0.10908117335009138,0.06922131776809692,-0.5029129683971405,-0.11493842493462125,0.08289706707000732,-0.5738704800605774,-0.11630308817791501,0.08841276168823242,-0.19173461198806763,-0.07317264567780057,0.1250208020210266,-0.32882168889045715,-0.09783353101181547,0.10391145944595337,-0.3167463541030884,-0.07718342732357542,0.08221757411956787,-0.2795634865760803,-0.05496446978020231,-0.18710062894443766,0.18106355910620847,0.07734292471690896,0.09050475847058459,0.13129836004992107,0.09022051711112017,0.09315171462272326,-0.13586346635262583,0.022939012608742704,-0.07807669387120622,-0.008283177139972231,-0.1528222246846822,0.25385555859994147,0.10423504946591486,0.34299980592541285,0.30063182504767144,0.5891818023901987,0.3299445390264763,d_minor
0.0,0.0,0.0,-0.014297723770141602,-0.24145039916038513,-0.07300584420954692,0.013855457305908203,-0.37851905822753906,-0.09886382177865016,0.005180776119232178,-0.37338048219680786,-0.09706941649710643,-0.0001925826072692871,-0.34007197618484497,-0.08814200416600215,0.04071831703186035,-0.2225518822669983,-0.07607357606684673,0.06455492973327637,-0.4007115364074707,-0.11085871264731395,0.06909346580505371,-0.5032726228237152,-0.11652797863280284,0.08223927021026611,-0.5734348595142365,-0.1175719614366244,0.08794724941253662,-0.19124412536621094,-0.07446792379414546,0.1257302165031433,-0.32888850569725037,-0.09958175972496974,0.10463011264801025,-0.3193250596523285,-0.07921190217530238,0.08286863565444946,-0.28304755687713623,-0.05697596475874889,-0.013226110605936287,-0.16928482841318182,0.10040225368231254,0.1640088163854675,0.0942198401607196,-0.15291355958813654,-0.011294654801311588,-0.1451421259956415,-0.15584199591341014,-0.11610201655062512,0.09670516157499937,0.1444396088951755,0.24923757353113846,0.1054621846390294,0.5082356458188373,0.2966429780849334,0.7463758951675645,0.47367676839912587,d_minor
0.0,0.0,0.0,-0.01371920108795166,-0.24114644527435303,-0.07151391898187853,0.014189183712005615,-0.3775404095649719,-0.09793676231893755,0.006280183792114258,-0.3746154010295868,-0.09744064305814959,0.0012505650520324707,-0.34421518445014954,-0.0896281058052466,0.04073268175125122,-0.22225278615951538,-0.07499891315492846,0.06471407413482666,-0.400083065032959,-0.10916320030483462,0.06972390413284302,-0.5021073520183563,-0.11540888790878512,0.08305740356445312,-0.5720009207725525,-0.11711682920250155,0.08783388137817383,-0.19102323055267334,-0.07414223049673296,0.12572646141052246,-0.32855522632598877,-0.09981214051040865,0.10476696491241455,-0.31897592544555664,-0.0810529196718619,0.08297264575958252,-0.28285983204841614,-0.05999395792278506,0.13522499538340704,-0.19212650705214426,0.019619634522815066,0.004361360905074635,-0.005073261186511413,0.12163666476691515,0.010695508370313078,-0.07672493496647728,0.01754431608354387,0.13207095106361255,0.0844877816695791,0.03565617740255847,0.24358639209394958,0.10640094202699436,0.46539913856276693,0.29472970463749226,0.6758101329661723,0.3827582282274148,d_minor
0.0,0.0,0.0,-0.013187587261199951,-0.24257391691207886,-0.07145176780215934,0.014468848705291748,-0.38036203384399414,-0.0975444014071627,0.006564974784851074,-0.37773653864860535,-0.09655290049306586,0.0017969012260437012,-0.3467094302177429,-0.0883319596647425,0.04100203514099121,-0.22281473875045776,-0.07489111971847251,0.06455272436141968,-0.401265949010849,-0.10936701250068381,0.06938117742538452,-0.5027486979961395,-0.11542178642741874,0.0829426646232605,-0.5723807215690613,-0.1168520892857714,0.08805054426193237,-0.19111818075180054,-0.07380393099776938,0.12610608339309692,-0.3298966586589813,-0.09951440942279532,0.10544490814208984,-0.32121285796165466,-0.08018533092729285,0.08434122800827026,-0.28567948937416077,-0.05859456163636878,-0.04398824717863353,-0.18002623879992471,-0.1794099421855429,0.19098125110980602,0.11349502561881525,0.18992885250239705,0.1683715971938584,-0.1963346524679365,-0.04737337633043706,-0.05413703349426885,-0.14747595186515278,-0.11682521429722162,0.24150686212008343,0.10687624808534434,0.20888860550379354,0.29256365469660967,0.446469380445501,0.20412558780828596,d_minor
0.0,0.0,0.0,-0.012222111225128174,-0.2439325451850891,-0.07047946844485864,0.014163732528686523,-0.3801169693470001,-0.09605335537580117,0.005959689617156982,-0.38187175989151,-0.09517952148107156,0.0010471343994140625,-0.35496005415916443,-0.08738855365899667,0.04206162691116333,-0.22467324137687683,-0.07351628784326181,0.06466704607009888,-0.4014274477958679,-0.107365139762436,0.06914079189300537,-0.5033679008483887,-0.11327476892856225,0.0827646255493164,-0.5727216303348541,-0.11465849075702295,0.08888959884643555,-0.1932869553565979,-0.07220342848685846,0.1257340908050537,-0.33007413148880005,-0.09794195834783181,0.10426527261734009,-0.3218996524810791,-0.0791313136020051,0.08302181959152222,-0.2862815856933594,-0.05783033464339837,0.008614876156185863,-0.025079328977298643,-0.11585465239116394,-0.007345458637535607,0.08695486584798895,-0.1488950399277007,0.12734675503570064,0.1913300235693079,-0.062012129628738005,-0.051282261431607135,-0.19831278765464877,-0.1399537691235141,0.23418262507642487,0.11095165323026013,0.17332003244924574,0.2920229522662069,0.39848513208656294,0.1803340070498424,d_minor
0.0,0.0,0.0,-0.013274848461151123,-0.24309653043746948,-0.06958862164609059,0.013827204704284668,-0.37911456823349,-0.0956065333782874,0.00708693265914917,-0.38301903009414673,-0.09542767474047764,0.0032424330711364746,-0.35822176933288574,-0.08803121516100987,0.04127693176269531,-0.2235497534275055,-0.07286925384394749,0.06435799598693848,-0.4012317657470703,-0.10668370643250569,0.06942552328109741,-0.5032038688659668,-0.11297161647669896,0.08324909210205078,-0.5726200342178345,-0.11453358599536045,0.0886889100074768,-0.1922343373298645,-0.07191718140236958,0.1250116229057312,-0.33017516136169434,-0.09778728851668461,0.10379678010940552,-0.3202296197414398,-0.07906027653805836,0.08284294605255127,-0.2835204601287842,-0.05766779699914082,0.0942855702557176,0.178295353776307,0.06617531316852343,-0.12238030906320595,0.04555101272490919,-0.0598426631377052,0.009950441611750016,-0.027220414752181288,0.006321009874438788,0.17480083742712815,0.10873820442087995,-0.15659554365083858,0.2303693927908112,0.11330694782838206,0.502180216988436,0.29463951983949194,0.6887669995831177,0.41486119697788915,d_minor
0.0,0.0,0.0,-0.01203387975692749,-0.24454179406166077,-0.07032961362691026,0.013044178485870361,-0.38115474581718445,-0.0951720323571692,0.007068455219268799,-0.3850057125091553,-0.09349194133372407,0.004935860633850098,-0.3600102365016937,-0.0852974202641974,0.042088210582733154,-0.2247462272644043,-0.07391741836161714,0.06318312883377075,-0.40411049127578735,-0.10847837442250352,0.06843125820159912,-0.5068194568157196,-0.11433386767001252,0.08290499448776245,-0.5765590071678162,-0.11533101612420182,0.08902007341384888,-0.1933838129043579,-0.07270782405228715,0.1250268816947937,-0.3322986960411072,-0.09881363028378587,0.1049153208732605,-0.3227335810661316,-0.07942488753886323,0.08503329753875732,-0.2860260605812073,-0.057363621533824016,-0.10545794644484588,0.165971004749784,-0.05548003462863091,-0.04414264025097875,0.07115614376910162,-0.08329999337063035,0.12983408632315002,0.14066853259637535,-0.14412059595736545,-0.05154416037612983,0.05049073324010572,-0.15547345811135124,0.23210896749419282,0.1125591168980909,0.4202686226928804,0.2962670105863472,0.6425568985217953,0.37619475616698583,d_minor
0.0,0.0,0.0,-0.01047283411026001,-0.24392572045326233,-0.07203426865279994,0.014936268329620361,-0.3808048963546753,-0.09646787402570567,0.008550763130187988,-0.3851126432418823,-0.09432676342666468,0.00637209415435791,-0.3607668876647949,-0.0860613128298553,0.043727219104766846,-0.22363436222076416,-0.07504478750169596,0.06514739990234375,-0.40245991945266724,-0.1095254412049087,0.07063406705856323,-0.5048258006572723,-0.11533635762870631,0.08530449867248535,-0.5742165446281433,-0.11655617413461528,0.09057903289794922,-0.1922752857208252,-0.07320465800702891,0.126329243183136,-0.3314038813114166,-0.0992160653823646,0.10548579692840576,-0.3210752010345459,-0.07972059307039103,0.08503997325897217,-0.2837878167629242,-0.05785886478960833,0.08711296665833451,0.16501577628396724,0.13913913050707005,-0.1469023678148199,0.18450450139659907,-0.05017946562454645,0.0470830223515018,-0.1356087142015449,0.14634958427885447,-0.1316682335195145,0.04697023234700848,-0.15362096385796883,0.2296105770794999,0.11362125960926624,0.43573959832320763,0.2963010125994296,0.6590326069633237,0.4068583458086296,d_minor
0.0,0.0,0.0,-0.012057721614837646,-0.24135306477546692,-0.07467921715124248,0.013978719711303711,-0.3789592385292053,-0.09918419908626674,0.00781315565109253,-0.3849497437477112,-0.09624805193288921,0.00607985258102417,-0.36048445105552673,-0.08711768578632473,0.04281258583068848,-0.22041714191436768,-0.07692327987297176,0.06434708833694458,-0.4009254574775696,-0.11228389184816479,0.07022327184677124,-0.504076212644577,-0.11711800735338329,0.08506345748901367,-0.5725235939025879,-0.1170024413977444,0.09025996923446655,-0.1893509030342102,-0.07419080179079174,0.12661492824554443,-0.3306085467338562,-0.10114826898916363,0.10648447275161743,-0.32184675335884094,-0.08068966757400631,0.08656775951385498,-0.2844659686088562,-0.05738873299105762,-0.07876351384722967,-0.061866570007990784,-0.18543694187204754,0.0753702303445542,0.014753605893053134,0.04959494968428341,-0.00629943455642068,-0.02593408578792164,-0.1717828282301008,-0.005109340751633162,-0.023989524491344616,0.18106309866182763,0.2282369526644011,0.11463386702988786,0.43043578707874214,0.2941653491566322,0.6307644766617817,0.36484509681755,d_minor
0.0,0.0,0.0,-0.012460470199584961,-0.2408408224582672,-0.07539879175894271,0.013728618621826172,-0.37822914123535156,-0.09927483293287764,0.008314430713653564,-0.3854990601539612,-0.09575619193785201,0.007144927978515625,-0.36256271600723267,-0.08655156585447799,0.04277348518371582,-0.22042173147201538,-0.07771058025829802,0.06511038541793823,-0.3998033106327057,-0.11279137822859298,0.07170408964157104,-0.503564864397049,-0.1179335156368495,0.08681774139404297,-0.5730539858341217,-0.11839184555284987,0.09024173021316528,-0.18930113315582275,-0.074797917334962,0.1267225742340088,-0.32821527123451233,-0.10095603409283171,0.10733789205551147,-0.32060831785202026,-0.08075225743525039,0.08720535039901733,-0.2845970690250397,-0.05816393363349448,0.12223517940691825,0.14728077199162604,-0.05642167260181305,-0.04783275285927213,0.007004817783217598,0.07333496840466563,0.012662094602410218,0.059383820179758184,-0.07467740296988223,0.08778308748576502,-0.08536707507282851,0.10222162944720775,0.22730625878350158,0.11530035130308551,0.3449278988225802,0.2946776959152288,0.5352660648430567,0.25576640341345347,d_minor
0.0,0.0,0.0,-0.009522557258605957,-0.24015405774116516,-0.07440993119058703,0.015785813331604004,-0.3760131895542145,-0.09890322316465472,0.01086348295211792,-0.38750648498535156,-0.09732004184303378,0.01019662618637085,-0.3691609501838684,-0.0897739224511156,0.045135319232940674,-0.21951377391815186,-0.07686324346838092,0.06841546297073364,-0.39705944061279297,-0.11087504703579043,0.07506310939788818,-0.5008141696453094,-0.1167584874111185,0.09044468402862549,-0.5701650381088257,-0.11823703277883624,0.09204328060150146,-0.18804103136062622,-0.07445353198824023,0.12904590368270874,-0.3264913558959961,-0.100292294509984,0.10833406448364258,-0.32057875394821167,-0.08129950542030429,0.0876191258430481,-0.2852950096130371,-0.05992688912925814,-0.19332833010462097,0.18304554105717663,0.004341109135631932,0.02303108523986963,-0.05794880404010572,-0.15795748183519592,-0.15675811264143316,-0.07334076323536523,0.0028533122216543583,-0.040271897112306915,-0.11375027252054921,-0.07931553283713458,0.21829462384476123,0.11797705217132044,0.26055913728308006,0.29079028485608993,0.47635716221117874,0.21484792314921017,d_minor
0.0,0.0,0.0,-0.010395288467407227,-0.23943975567817688,-0.07483329953336693,0.01510685682296753,-0.3729742467403412,-0.09901543290996528,0.011573433876037598,-0.3913729786872864,-0.097170520142555,0.011249065399169922,-0.38023102283477783,-0.08972540082120872,0.04409760236740112,-0.21915197372436523,-0.07710680694961525,0.06836074590682983,-0.3943355679512024,-0.11189156355047203,0.07623332738876343,-0.4978359639644623,-0.11775192202711082,0.09230071306228638,-0.5675362646579742,-0.11895832748794533,0.09110581874847412,-0.18790435791015625,-0.07431825579786278,0.1293303370475769,-0.3243168592453003,-0.10044887991332985,0.10907149314880371,-0.3194003701210022,-0.0810133996763227,0.08811157941818237,-0.28554198145866394,-0.0591611299076078,-0.17107376494659632,0.18280523232595824,-0.19108726392558198,0.028609874123567552,-0.14894675726315618,-0.17952917158152237,-0.1824641912918574,0.008763164258269146,-0.0029370751087274827,-0.16138165641416471,-0.18114875376473868,0.03549707246724351,0.20617271207619803,0.12573000944297383,0.29174609472681123,0.28829503886859187,0.48734641040308707,0.28653969357017395,d_minor
0.0,0.0,0.0,-0.01003962755203247,-0.23695439100265503,-0.07417778823244703,0.015912413597106934,-0.3706095516681671,-0.09833689931500089,0.012400925159454346,-0.3913077712059021,-0.09706019017565382,0.011684417724609375,-0.3826535642147064,-0.09007173929083478,0.04454970359802246,-0.21692800521850586,-0.07680586877930295,0.07047170400619507,-0.39189857244491577,-0.11099213514197004,0.0791277289390564,-0.4951915740966797,-0.11724084768164289,0.09578633308410645,-0.5646156966686249,-0.11884901825058591,0.09185916185379028,-0.185899555683136,-0.07428790036308897,0.13020265102386475,-0.32182997465133667,-0.0992877573119415,0.11033648252487183,-0.3162994086742401,-0.07984203997719419,0.0901024341583252,-0.28214889764785767,-0.058343508874060035,0.13164161244134093,0.1976905986301234,0.09308825436642776,0.06728695149667657,-0.05703693145240704,0.1392364276340906,0.05585174724652325,0.037722651485304126,-0.12308741624811748,0.16950249443019633,0.1702764362410581,-0.1934800770357301,0.202512917115528,0.13136686762076624,0.5842357529749652,0.2889302959555295,0.7423411038003603,0.4788057480546651,d_minor
0.0,0.0,0.0,-0.009953081607818604,-0.2351524829864502,-0.07401754720982012,0.014980614185333252,-0.36530351638793945,-0.09839839502151904,0.01212930679321289,-0.39232754707336426,-0.0979218111830562,0.012495219707489014,-0.39073312282562256,-0.09172681732948718,0.04473084211349487,-0.21579939126968384,-0.07682792856272158,0.07109367847442627,-0.38895195722579956,-0.11198198809202609,0.079642653465271,-0.4936654567718506,-0.11916072680529055,0.09694486856460571,-0.5636601150035858,-0.12122074528511462,0.09204721450805664,-0.18528461456298828,-0.07436185344036517,0.13015639781951904,-0.3207768499851227,-0.10003814115103182,0.10930502414703369,-0.31622081995010376,-0.08097007139500079,0.08924025297164917,-0.28158822655677795,-0.059392042596897454,0.11300825493282118,0.04345264181639927,0.0004136603868791222,0.023238815970392984,0.023177374840603532,0.09429807572431859,-0.17377468922544428,0.16431051990974677,-0.14216628472143272,-0.08229308423033932,0.026372542804430743,0.10696866888881607,0.19469303942889027,0.13728782236331533,0.4716374191130597,0.2888714243906649,0.6575220070409482,0.38979405788599636,d_minor
0.0,0.0,0.0,-0.009168505668640137,-0.23313111066818237,-0.07584387508950385,0.014949262142181396,-0.3669709265232086,-0.09914280174098167,0.010558664798736572,-0.3932340443134308,-0.09724209157548103,0.00934457778930664,-0.3904941976070404,-0.09021145550332221,0.04552328586578369,-0.21411824226379395,-0.07835551796279105,0.07142317295074463,-0.3888431787490845,-0.11223391143403205,0.08013594150543213,-0.4921201169490814,-0.11819759456238899,0.0975114107131958,-0.561577707529068,-0.11974802313170585,0.09252429008483887,-0.18385404348373413,-0.07532076982579383,0.12865447998046875,-0.31986376643180847,-0.09938863364777717,0.10740721225738525,-0.31267252564430237,-0.07947433439812812,0.08727151155471802,-0.27666422724723816,-0.058015235492803185,0.08668084232913509,-0.019339618921718038,-0.17518599168943388,-0.07575544847322187,0.05620864591153513,0.015586653594618471,-0.17397315151715637,-0.1814805223829216,-0.1758150917990792,-0.06140511264215434,0.06769686399463698,0.15311111386469628,0.1947186858581774,0.14165615320612804,0.5235937742101923,0.2917044460592781,0.7040547254327005,0.43042262386740077,d_minor
0.0,0.0,0.0,-0.00799405574798584,-0.23356235027313232,-0.0755986404677742,0.015643298625946045,-0.3655480742454529,-0.098909711565625,0.012046635150909424,-0.39215463399887085,-0.09726954820359879,0.011574268341064453,-0.3906465172767639,-0.09067061367238693,0.046179115772247314,-0.2143460512161255,-0.07839528295005493,0.07237821817398071,-0.38807928562164307,-0.11222622367347412,0.08123612403869629,-0.49158310890197754,-0.11854470344985657,0.09876668453216553,-0.5612022876739502,-0.12054581763948136,0.0927116870880127,-0.18358606100082397,-0.07571357312406235,0.1293690800666809,-0.31922978162765503,-0.09993889751638108,0.10793447494506836,-0.3119758665561676,-0.08042693706954651,0.08760768175125122,-0.27604687213897705,-0.05940343263353043,-0.03486232170051379,0.1890004118946098,0.1998689819043033,0.15695198646345077,0.18048779615364813,0.0037560377326684713,-0.1124529235653335,0.08184596463092314,0.15039389002595688,-0.0544102622579751,-0.11617014860642612,0.1829757122720463,0.19386674822953884,0.14103827576451605,0.39315842473450546,0.2918501766252739,0.5600375888731042,0.323229505202217,d_minor
0.0,0.0,0.0,-0.007760345935821533,-0.23141896724700928,-0.07618012652986295,0.015102207660675049,-0.3638506531715393,-0.09931316600435025,0.011989176273345947,-0.39345428347587585,-0.09760582820766217,0.011952877044677734,-0.39541202783584595,-0.09105439112775571,0.04622840881347656,-0.21291154623031616,-0.07864354924552686,0.07167959213256836,-0.38733863830566406,-0.11260997132652051,0.08064520359039307,-0.489981472492218,-0.1186253316818977,0.09857684373855591,-0.5590866506099701,-0.12029505149715192,0.09283530712127686,-0.18277418613433838,-0.07544131950729138,0.12854009866714478,-0.31878727674484253,-0.09944933281533963,0.1069251298904419,-0.3109453618526459,-0.07940141485326535,0.08683139085769653,-0.2748657464981079,-0.057979494345119065,0.10116598519980763,0.038922837627072215,0.1266833675718883,0.1486073221381088,0.1497288044603799,-0.1140949240308785,-0.15167876946591363,-0.154802077806729,0.12294887171351782,0.12321082411248441,0.1256393683061497,0.026744894037524558,0.18747829198302488,0.14571254775202308,0.5456643288622747,0.2912090428896553,0.7007690771949217,0.410981790515254,d_minor
0.0,0.0,0.0,-0.007473945617675781,-0.23041582107543945,-0.07486839935774015,0.01604306697845459,-0.3612196445465088,-0.09922480181450055,0.013291239738464355,-0.3934476971626282,-0.09909338847393201,0.013261675834655762,-0.3978997468948364,-0.09340795472854779,0.04611843824386597,-0.2117127776145935,-0.07795328245157407,0.07257121801376343,-0.3860701322555542,-0.11270047322506116,0.08170145750045776,-0.48886731266975403,-0.11944567010397122,0.09994637966156006,-0.5579433739185333,-0.1213826273440759,0.09282201528549194,-0.18148350715637207,-0.07529602543110059,0.12942713499069214,-0.31719231605529785,-0.0994177047967355,0.1080477237701416,-0.3089444637298584,-0.07916406885379956,0.08827537298202515,-0.27267420291900635,-0.057401321536246996,0.14529432468622144,0.13287981765779228,-0.13993897454700513,-0.06754890923713838,-0.08705283883359845,-0.12573730601988486,-0.019826048384487482,0.1668604017491801,-0.022540185511280703,-0.08586823326399853,0.018436180012658454,0.07205981616848856,0.18414880595975716,0.15034949038026268,0.4588484783863454,0.29258899468801974,0.6357361398557632,0.36308599094814326,d_minor
0.0,0.0,0.0,-0.008041739463806152,-0.22862601280212402,-0.07689914283957933,0.01729297637939453,-0.3620530366897583,-0.10092134950366471,0.014056503772735596,-0.3928300738334656,-0.09932706681695436,0.012972831726074219,-0.39410459995269775,-0.09232426611390565,0.046114206314086914,-0.20969635248184204,-0.07963016060796235,0.07375550270080566,-0.38506391644477844,-0.11487316516843293,0.08294624090194702,-0.4878850281238556,-0.12117067901101564,0.10068094730377197,-0.5564072132110596,-0.12260128734317277,0.09334373474121094,-0.17959880828857422,-0.07634423849788163,0.13000750541687012,-0.31535717844963074,-0.10039378879275773,0.10852581262588501,-0.3081172704696655,-0.07968726930823777,0.08845400810241699,-0.27219992876052856,-0.05752367702928041,0.1216408718008205,0.10548624332112716,-0.10195930411485468,0.1214897422044216,0.12864169021464195,0.05461960070332561,-0.1295445320479848,-0.0033311302386919706,0.14070968489514568,-0.09770324556280166,0.004392264443694949,-0.09594294406832105,0.18695333595098443,0.14754402002881847,0.4135964698204616,0.29181907741123697,0.595451937089239,0.3356096013428641,d_minor
0.0,0.0,0.0,-0.007896721363067627,-0.22851234674453735,-0.07547219325573451,0.017346620559692383,-0.3581693470478058,-0.10018768389494426,0.015089809894561768,-0.39205002784729004,-0.09959890921385295,0.014752864837646484,-0.3969852924346924,-0.0930876382139445,0.04600018262863159,-0.20953959226608276,-0.07853500027925975,0.0742117166519165,-0.3835570812225342,-0.11441674311430461,0.08376657962799072,-0.4873966574668884,-0.12107596029312617,0.10169249773025513,-0.5553981065750122,-0.12223521847994334,0.09336179494857788,-0.17949241399765015,-0.07560838241846568,0.13069671392440796,-0.31339916586875916,-0.09981609363825328,0.10996478796005249,-0.30887457728385925,-0.07912942995102412,0.09035366773605347,-0.2743212580680847,-0.056485644027304716,0.17028042144458222,0.017990305431828613,-0.10229565002360981,-0.19659179403263521,-0.03404223184180358,-0.012475918851205525,0.05447433204599661,-0.14293982825529217,-0.047562322499174,0.11477319524985485,-0.12887334100919962,-0.13720128577685708,0.18303743028877978,0.148666246015748,0.28954118687029307,0.28888712393065696,0.4269876619516147,0.16812621664632707,d_minor
0.0,0.0,0.0,-0.007036745548248291,-0.22733289003372192,-0.07682481130737528,0.017865896224975586,-0.3594173192977905,-0.10188113620657191,0.01445770263671875,-0.3946309983730316,-0.10111733248609767,0.013034284114837646,-0.3996237516403198,-0.09431408813375697,0.04643750190734863,-0.20852726697921753,-0.07967858484167323,0.07443904876708984,-0.3835284113883972,-0.11660422107357249,0.08373397588729858,-0.48727136850357056,-0.1232538940586494,0.10166442394256592,-0.5550659596920013,-0.12421101799387202,0.09368491172790527,-0.17897087335586548,-0.07605205943960414,0.13133710622787476,-0.31304702162742615,-0.09971473088640437,0.11019456386566162,-0.3088623285293579,-0.07753890475410685,0.09006154537200928,-0.2743919789791107,-0.053876121548597666,-0.17167892314101169,-0.14337011649012554,-0.012451066202469108,0.055161411733240295,0.038338700675892234,0.19293593310262852,0.038629182534804796,0.11084069936005708,-0.0010147292171093503,-0.15681953775898602,0.1309089458244978,-0.0454830142882893,0.1814150163159752,0.15248417951443943,0.5591956166292275,0.2895850615938444,0.7372744590874999,0.47464676666345973,d_minor
0.0,0.0,0.0,-0.006821751594543457,-0.22795164585113525,-0.07572412558621977,0.01739490032196045,-0.3575458824634552,-0.10135442086286162,0.01513981819152832,-0.39421677589416504,-0.10161269523925398,0.014930307865142822,-0.40152502059936523,-0.09561590173072432,0.04645180702209473,-0.2091311812400818,-0.07902952351398085,0.07413840293884277,-0.383005291223526,-0.11705267497129057,0.08384191989898682,-0.4871777296066284,-0.12462419339246367,0.10222798585891724,-0.5550369322299957,-0.1260141364557228,0.09368783235549927,-0.1795157790184021,-0.07576947727031325,0.13172638416290283,-0.3123607933521271,-0.09972572394437407,0.11125349998474121,-0.30944108963012695,-0.07755435325927351,0.09152424335479736,-0.2760254144668579,-0.05374579571909521,-0.11653144563698366,-0.1727071177524614,-0.16545024511095863,0.13391449369291614,-0.0012098811279722954,-0.08854571162908781,0.024428579520222954,0.1620832119796355,0.14771189246885824,0.15793916472881542,-0.020173394572112924,-0.0012901805403831845,0.17919498952256263,0.1528721291492759,0.41806451355402274,0.2884175969335255,0.5520315249568186,0.2694861581401077,d_minor
0.0,0.0,0.0,-0.005860567092895508,-0.22713464498519897,-0.07224780181400092,0.016827881336212158,-0.35492467880249023,-0.09858672926179679,0.015700697898864746,-0.3948496878147125,-0.10109361121408256,0.0167352557182312,-0.40697604417800903,-0.09673672774783881,0.046746134757995605,-0.20877784490585327,-0.07607157388679298,0.0746963620185852,-0.38195139169692993,-0.11266201594821723,0.08445471525192261,-0.4858855903148651,-0.1205600933169535,0.10317623615264893,-0.5545807182788849,-0.12238423386565955,0.09368675947189331,-0.17960166931152344,-0.0738565833305529,0.13242363929748535,-0.31367266178131104,-0.09773577610008033,0.11120069026947021,-0.30971407890319824,-0.07676728675119193,0.09148484468460083,-0.27580228447914124,-0.053779336157958824,-0.08624877292670217,-0.04504538625305657,0.013416607749860143,0.05753635474503216,-0.056411348226211716,-0.1953935987668682,-0.12783062704845782,-0.09700417700376081,0.12245476077658257,0.1988489312804757,0.04968835958550982,-0.0016418752505714396,0.17296524935649013,0.15696940394989023,0.5007502366079897,0.2873338402899688,0.6235969052361008,0.34668360401677095,d_minor
0.0,0.0,0.0,-0.005568742752075195,-0.22607284784317017,-0.07159900145327924,0.018136441707611084,-0.3545253276824951,-0.09826500193869947,0.016669273376464844,-0.39411264657974243,-0.1010086111882913,0.017480909824371338,-0.4047073721885681,-0.0966128729442346,0.04692345857620239,-0.20712095499038696,-0.07572864966189741,0.0755687952041626,-0.38101381063461304,-0.11308084653413175,0.08536040782928467,-0.4849812686443329,-0.12146249638593076,0.10434836149215698,-0.5535507798194885,-0.12343302594220518,0.09375745058059692,-0.1776728630065918,-0.07365624831712125,0.13317102193832397,-0.3117593228816986,-0.09744597451484083,0.11180752515792847,-0.3074445426464081,-0.07596921400821088,0.09225428104400635,-0.2735117971897125,-0.0525699503878343,0.1573778399242063,-0.1680790684931786,0.13769817656154199,0.06065955112832511,0.09573207709904352,0.19108172134577778,-0.13819884276711414,0.10701582100748969,-0.06773997596129702,0.057346835714445876,-0.013992726002451106,0.032938541487593925,0.1744122551923286,0.15729944364217807,0.41355869688921176,0.2891187888243011,0.5637234286107986,0.2754639363549161,d_minor
0.0,0.0,0.0,-0.006620526313781738,-0.2261928915977478,-0.07249102562425946,0.017886877059936523,-0.35475674271583557,-0.09798803746460294,0.017151236534118652,-0.3936968445777893,-0.09922335117815351,0.018660008907318115,-0.4037877023220062,-0.09395252734182691,0.046188294887542725,-0.20665371417999268,-0.07646009146927213,0.07535034418106079,-0.3802412152290344,-0.11365345686434125,0.08535027503967285,-0.48405566811561584,-0.12130466669557904,0.10452479124069214,-0.5521074831485748,-0.12274052768705701,0.09309059381484985,-0.1771928071975708,-0.07400454401729917,0.13269966840744019,-0.31129467487335205,-0.09732864618061399,0.11113482713699341,-0.308570921421051,-0.07531072020290708,0.09135246276855469,-0.2753109633922577,-0.05166406750439023,-0.1415655811558276,-0.03662421967592028,0.19066036167020933,0.15950333071128092,0.1945619124966066,-0.09247707204394158,0.07362465256810508,0.0263454155272643,0.1601260834409548,0.13443039850511468,-0.08635541486490222,0.11682020141349053,0.1737822407309677,0.15355383137458103,0.39823508561506443,0.2860798608407893,0.5246033524326342,0.2568012008137613,d_minor
0.0,0.0,0.0,-0.008581936359405518,-0.22762668132781982,-0.0705649368458694,0.01669365167617798,-0.3557978868484497,-0.0965605713420814,0.01615852117538452,-0.3941885232925415,-0.09812812134561,0.017359554767608643,-0.4030933976173401,-0.09270198270615992,0.04423379898071289,-0.20817339420318604,-0.07514445111092982,0.07460618019104004,-0.381710946559906,-0.11297493800458369,0.08459275960922241,-0.48554322123527527,-0.12088498845633922,0.10341882705688477,-0.5535333156585693,-0.12205958738860545,0.09166967868804932,-0.1785481572151184,-0.0733093284064239,0.13147670030593872,-0.31159090995788574,-0.09701789542970118,0.11006730794906616,-0.30865800380706787,-0.07498532906112132,0.0905037522315979,-0.2753865718841553,-0.050922933965296124,0.16029006313431876,-0.021575086164517643,0.018744295349094886,0.03121549423078468,0.11751246973338864,0.11958656182108335,-0.19375253392056885,-0.19806937163882013,-0.16675174427686368,-0.18283375648788353,-0.18573402382614637,-0.014006335128470049,0.17578463027210967,0.1529856067582456,0.30580298264407135,0.28738968960336825,0.47842697037529025,0.2900238064641338,d_minor
0.0,0.0,0.0,-0.007908284664154053,-0.22685962915420532,-0.07061747244316052,0.017303884029388428,-0.3551771640777588,-0.09647944352346371,0.01637023687362671,-0.3919306695461273,-0.09818912825303983,0.017502546310424805,-0.39988836646080017,-0.09317570707517575,0.04473757743835449,-0.20709556341171265,-0.07563008895832013,0.0748603343963623,-0.3825972080230713,-0.11292803815322827,0.08548742532730103,-0.48693281412124634,-0.12110998264270734,0.10523098707199097,-0.5559613108634949,-0.12289184114652585,0.09180676937103271,-0.17691516876220703,-0.0745029427738757,0.1322934627532959,-0.3118775486946106,-0.09900691888051938,0.11160004138946533,-0.3077033758163452,-0.07818826815801572,0.0926060676574707,-0.2741069197654724,-0.05519029280858945,-0.17690180313487613,0.1882720970255638,0.015280103631546027,0.06338468723426394,-0.19870933261977328,-0.09196081102562684,0.08674383418481812,-0.19327256465683496,0.18404371624639604,-0.0670988864257728,-0.027150740462678374,-0.15362501776788584,0.18148854486476193,0.15134200655634222,0.38696880936188754,0.2901461459658116,0.5570302799782358,0.31013291010851624,d_minor
0.0,0.0,0.0,-0.007919013500213623,-0.22847974300384521,-0.06967632314649563,0.016695916652679443,-0.355450838804245,-0.09533671876874905,0.016315042972564697,-0.3926151990890503,-0.09718518546310406,0.018148362636566162,-0.40167397260665894,-0.09231430134263974,0.04471045732498169,-0.20846199989318848,-0.07483477732625943,0.07478064298629761,-0.38313084840774536,-0.11227106145111065,0.08548784255981445,-0.48753616213798523,-0.12061835667577725,0.10527729988098145,-0.5569446384906769,-0.12240307620254498,0.09159618616104126,-0.17832982540130615,-0.07394440314260464,0.13250869512557983,-0.3131747245788574,-0.09918057015624981,0.11174708604812622,-0.3103148937225342,-0.07907537213054638,0.09268659353256226,-0.27776452898979187,-0.05632937169161778,0.17581340333077716,0.18841989222534256,0.14140643741356718,0.08050888219016578,0.04632376409470748,0.19101608101752182,0.16645653495357798,-0.06265898065694106,-0.02526364739880224,-0.18880295008475934,0.07040124499138856,-0.199786139210529,0.18057066694781204,0.14901145340052013,0.5265302012629718,0.2871685808981818,0.697161523165402,0.4701442475291784,d_minor
0.0,0.0,0.0,-0.008603215217590332,-0.22726356983184814,-0.06905701617844784,0.01585710048675537,-0.3543159067630768,-0.0954521359051057,0.015954136848449707,-0.39306530356407166,-0.09788292507775509,0.01837146282196045,-0.4032888412475586,-0.0931730331028291,0.04401111602783203,-0.20760869979858398,-0.07456910471566403,0.07421690225601196,-0.3837411403656006,-0.112585818871338,0.08514511585235596,-0.48828408122062683,-0.12070112536795818,0.10540920495986938,-0.5575599074363708,-0.12189447741158688,0.09131348133087158,-0.1777058243751526,-0.07405431429990017,0.1332758665084839,-0.313525915145874,-0.09971269081481182,0.11236327886581421,-0.30996131896972656,-0.0789326862538644,0.09335756301879883,-0.2772817611694336,-0.05525176088460171,0.030120497813297176,0.15894636826710346,0.18061892496049103,-0.09845702320387653,-0.04840487797787657,0.02755825276717644,-0.10038128579968802,-0.17178474797644042,-0.19698661968832024,-0.14552154213275037,-0.009205456942452755,0.024251006918130008,0.17944372873599984,0.15145534767446872,0.4426635698058904,0.2883441225591438,0.6204976597884272,0.36776190919438184,d_minor
0.0,0.0,0.0,-0.008787155151367188,-0.2295932173728943,-0.06937624613155435,0.01731199026107788,-0.3579437732696533,-0.09555768320669245,0.016524910926818848,-0.394098162651062,-0.09706571797241281,0.018168985843658447,-0.40064889192581177,-0.09154431620945047,0.04408496618270874,-0.20980507135391235,-0.07504390279163431,0.07496446371078491,-0.38565850257873535,-0.11426765570749353,0.08586663007736206,-0.4907504618167877,-0.12253248045553278,0.10600382089614868,-0.5599774420261383,-0.12357228348363947,0.09174400568008423,-0.1796920895576477,-0.07422728190530847,0.13336437940597534,-0.314321368932724,-0.09947086969722818,0.11255967617034912,-0.31164857745170593,-0.07738161186088632,0.09341979026794434,-0.27890321612358093,-0.05274509365071367,-0.18188853972161861,0.10711461570439551,-0.1999571876152688,-0.1145539945530873,-0.1580376315675777,0.040734579265972626,0.1557275238844344,-0.17464300696838528,0.031754687340837556,-0.1875755072958194,-0.11549654512250954,0.09906455384531004,0.18473314757640805,0.14829050142947933,0.3999679970800214,0.2901337090260329,0.5773380733935176,0.3587565559728038,d_minor
0.0,0.0,0.0,-0.007831096649169922,-0.2296978235244751,-0.06837625378437906,0.01802051067352295,-0.3588722348213196,-0.0948133351809588,0.01720726490020752,-0.3947078585624695,-0.09706256860562235,0.019062042236328125,-0.40100592374801636,-0.09210700863667398,0.0451207160949707,-0.20995348691940308,-0.0740391122705546,0.07594043016433716,-0.38616591691970825,-0.1124135064489451,0.08715593814849854,-0.4912988245487213,-0.12054662728377252,0.10756021738052368,-0.561055600643158,-0.12177253836460977,0.0922168493270874,-0.17997479438781738,-0.07372052544423013,0.13372951745986938,-0.316173791885376,-0.09922770732708841,0.11283367872238159,-0.3117518723011017,-0.0777176799780932,0.09355795383453369,-0.2780393660068512,-0.05362812006541162,-0.1607671534698973,0.03443153349297229,0.17421864927497482,0.10497316375382804,-0.17605254318392066,-0.04546644693024798,0.13278423768498654,0.04931287220243866,0.1739142540653662,0.09492951464584753,0.045313651811811045,0.10528280453862426,0.18527781770123206,0.1488322546803568,0.49388234959663496,0.29144109901909937,0.6476089357901688,0.3602939595247258,d_minor
0.0,0.0,0.0,-0.009490609169006348,-0.228634774684906,-0.06732371893090772,0.016322851181030273,-0.3576781749725342,-0.09358447488708066,0.01660817861557007,-0.3944898247718811,-0.0955670445815997,0.019027292728424072,-0.4012753963470459,-0.09034169908923673,0.04363226890563965,-0.2094239592552185,-0.07333957102460431,0.07465380430221558,-0.38651591539382935,-0.11156613078279065,0.08584332466125488,-0.4911514222621918,-0.11916769739551114,0.10600888729095459,-0.5601734519004822,-0.11977970298690366,0.09134626388549805,-0.17945224046707153,-0.07331034239692258,0.1334351897239685,-0.31516891717910767,-0.09844860878152417,0.1130446195602417,-0.31038397550582886,-0.07599179890317487,0.0941687822341919,-0.2772710621356964,-0.051097017492480745,-0.11286440190556966,-0.01865158914018411,0.04825000244859945,0.027233767881067017,-0.01261198779630815,-0.06484784271248004,-0.16516885693885808,0.06739187793265794,-0.08900079267955596,-0.1373386106140423,-0.16168817570923433,-0.0862141538811522,0.18352380206606012,0.15021139564619002,0.28612823812147886,0.2913610500892454,0.4681187522035495,0.26112887593332074,d_minor
0.0,0.0,0.0,-0.008213222026824951,-0.2336718738079071,-0.07046788941704563,0.01745814085006714,-0.3668271005153656,-0.09553444396340183,0.015928328037261963,-0.4014057517051697,-0.09484797726952365,0.01713860034942627,-0.404545396566391,-0.08795204024397663,0.045943498611450195,-0.2145533561706543,-0.07606352131449512,0.07626843452453613,-0.39212217926979065,-0.1155666486509972,0.08571285009384155,-0.497016042470932,-0.1229378358610802,0.10506051778793335,-0.5667987167835236,-0.12355154763542942,0.09412670135498047,-0.1844867467880249,-0.07462020974242023,0.13389825820922852,-0.3209853768348694,-0.09874387096249393,0.11178821325302124,-0.3177112936973572,-0.07426461588227085,0.0915604829788208,-0.2837101221084595,-0.04844388376557163,0.17848082756247663,0.14684635315872535,0.13509674806945532,-0.13941036385479136,0.07938788132462832,0.08593261521105655,-0.19253858303785615,-0.058958050132507156,-0.02286262610632256,-0.12153010357158878,-0.10075517406103668,0.09836278098557272,0.18794607847481445,0.14731148833593782,0.3824012569890242,0.29319373210718114,0.5637249884906034,0.316910567679255,d_minor
0.0,0.0,0.0,-0.007097065448760986,-0.23511815071105957,-0.07249846290906703,0.020865023136138916,-0.3709099590778351,-0.09643949549754893,0.018777072429656982,-0.3994266390800476,-0.09426996838411128,0.019034922122955322,-0.39604640007019043,-0.08702468108495509,0.04831737279891968,-0.2151552438735962,-0.07734630238374507,0.08063185214996338,-0.3901325464248657,-0.1142076028521899,0.08978211879730225,-0.4943154752254486,-0.12150585632880961,0.10741746425628662,-0.5634665489196777,-0.12373592686017787,0.09607857465744019,-0.1841229796409607,-0.07518549244960582,0.13728684186935425,-0.31788569688796997,-0.09689440559705531,0.11472022533416748,-0.3168076276779175,-0.07352031748851573,0.09113442897796631,-0.2841571569442749,-0.050362378173673505,0.11387311618269014,0.11031274273214131,-0.12416269383176531,0.018960765916326505,-0.01987686386794771,0.1586804323956682,0.16897517314516153,0.036480198509134476,0.19592612180856467,0.17260833986004348,0.19635298199217932,-0.08703955301736782,0.19284370760049024,0.1380639926656642,0.6119818810426515,0.289244794819881,0.7634934142940005,0.4887465671794188,d_minor
0.0,0.0,0.0,-0.0037741661071777344,-0.2401714324951172,-0.0740504483532618,0.02364194393157959,-0.3734776973724365,-0.09649416011092171,0.02154475450515747,-0.39824557304382324,-0.09208218705174431,0.022161543369293213,-0.3919169306755066,-0.08376456748959527,0.05158489942550659,-0.21990889310836792,-0.07801004451033577,0.08417987823486328,-0.39161863923072815,-0.11573279600855813,0.09392952919006348,-0.4963074028491974,-0.12381329339262948,0.11181718111038208,-0.5647571086883545,-0.12684959870097146,0.09803849458694458,-0.1869329810142517,-0.07494774412629113,0.14053571224212646,-0.31838297843933105,-0.09783747744080529,0.11816108226776123,-0.3203860819339752,-0.07560101848361,0.0932779312133789,-0.28933244943618774,-0.05330122586605057,0.0690822421793238,0.0552860770220342,-0.0017839666271533827,-0.10405905160843379,0.1823114010735739,0.08149887800500777,-0.10219648254331229,-0.1802821231577998,-0.17051714067730894,-0.19338419736541568,0.09040851728507399,-0.11762770033943029,0.19941960893743516,0.12848786555158961,0.529381257569301,0.2856778077792887,0.7228242679172249,0.4801211025209141,d_minor
0.0,0.0,0.0,-0.0031027793884277344,-0.24081963300704956,-0.07676339143918653,0.024804294109344482,-0.3789898157119751,-0.09701544040845533,0.019932568073272705,-0.3908954858779907,-0.08947977418111464,0.01856863498687744,-0.3706931471824646,-0.07877795392678877,0.052748680114746094,-0.21962690353393555,-0.07873050117896696,0.08393239974975586,-0.39291197061538696,-0.11238634580777784,0.0930246114730835,-0.49570411443710327,-0.11744152003930708,0.11019527912139893,-0.5634340643882751,-0.11947371060060163,0.098552405834198,-0.18693619966506958,-0.07426794612811705,0.1402912139892578,-0.32152611017227173,-0.09550729388402601,0.11759740114212036,-0.32318899035453796,-0.07383637124704023,0.09183216094970703,-0.29219672083854675,-0.05291643360661169,0.19892272112931253,0.04076974563131314,-0.12470886923393087,0.11116658174121324,-0.08174937306954916,-0.12718505654680437,0.08712603616258874,-0.19373133076451438,-0.17960932459497797,0.07684027489129103,0.03324293440708356,-0.09754409631750707,0.21725710044080387,0.11044478900583429,0.4085487854923773,0.2798870696651698,0.5980107901879633,0.3288272405580485,d_minor
0.0,0.0,0.0,-0.0015192031860351562,-0.23915639519691467,-0.07404284157451002,0.02476048469543457,-0.3776775002479553,-0.09412110575135557,0.018489956855773926,-0.38826900720596313,-0.08718279727395384,0.01667255163192749,-0.36561644077301025,-0.07663053252395002,0.054433345794677734,-0.2186739444732666,-0.07667729236777632,0.0844043493270874,-0.39353132247924805,-0.10789766140874235,0.09332835674285889,-0.4958764612674713,-0.11092206813987104,0.11091792583465576,-0.5633477866649628,-0.11159214355643599,0.0997437834739685,-0.18641763925552368,-0.07336263336833326,0.13991212844848633,-0.32305508852005005,-0.09317858495410292,0.11661553382873535,-0.3195173442363739,-0.06966447808440535,0.09184378385543823,-0.2852122187614441,-0.047579366496165676,-0.16439935896961783,0.1694906230352617,-0.021471184467779125,0.10178724401341394,-0.11906202881115951,-0.07885833771382958,0.08661963687873336,-0.12056793131503474,-0.06334873699793672,0.12093393564454119,-0.058893523354782124,-0.08843546391923485,0.22181566660820443,0.11383990213831041,0.32417393582924314,0.28604344539287047,0.5050848008366009,0.23180942499891977,d_minor
0.0,0.0,0.0,-0.001799464225769043,-0.23979708552360535,-0.07323526643747869,0.025329947471618652,-0.37807416915893555,-0.09258790366882863,0.01843726634979248,-0.3877776265144348,-0.0846485724353272,0.015578389167785645,-0.3639618754386902,-0.07322251849407735,0.054480910301208496,-0.22000661492347717,-0.07580626808638158,0.08546841144561768,-0.3958600163459778,-0.10779631190533223,0.09412199258804321,-0.49713101983070374,-0.1108084177278954,0.11145275831222534,-0.5633838772773743,-0.11084871046776357,0.10036218166351318,-0.18765270709991455,-0.07214412890905919,0.13949167728424072,-0.3242057263851166,-0.09196195059055867,0.11601406335830688,-0.319297194480896,-0.06755965255732121,0.09206348657608032,-0.28433671593666077,-0.04430830158824506,-0.10961454394038568,0.01892059386978634,0.1646616875412959,0.036576844718903295,0.13609815217726273,-0.07855249070856961,0.1895597551909336,0.1644847544580197,-0.00491671689868442,0.03696537444496428,0.09082963116692488,-0.10457531377412731,0.22444767719589592,0.11413223948804943,0.45637234293033596,0.28752545648102495,0.6584702274913146,0.3839501305082138,d_minor
0.0,0.0,0.0,-0.001789093017578125,-0.23929443955421448,-0.07665492631016946,0.02425330877304077,-0.378351628780365,-0.0947214815717814,0.01728421449661255,-0.3863762319087982,-0.08473104275284982,0.013819336891174316,-0.36307600140571594,-0.07228969819365716,0.05432140827178955,-0.22055429220199585,-0.07812696732102609,0.08325713872909546,-0.3966061472892761,-0.1091618690591929,0.09230577945709229,-0.4965124726295471,-0.111497432361233,0.10962682962417603,-0.5627753734588623,-0.11164721883355355,0.10033434629440308,-0.18833404779434204,-0.07342174686013436,0.13773125410079956,-0.3240664601325989,-0.09356934614001489,0.11511629819869995,-0.3187107443809509,-0.07066018916188455,0.09135711193084717,-0.28450122475624084,-0.04896046258031106,0.17366664870020293,0.02167874940481443,-0.056434232291601744,-0.16372488336675028,0.05569200618229658,-0.006656675401392725,-0.0558586283157311,0.018109778206005067,-0.028477758666905745,0.11233956740087919,0.15175419260162437,0.08831577216259329,0.22496206189738976,0.11282887625923085,0.5482248458339639,0.28583196782430764,0.7419872353948939,0.4578250945905281,d_minor
0.0,0.0,0.0,-0.0008116960525512695,-0.23868981003761292,-0.076622183699385,0.025331079959869385,-0.3772810101509094,-0.09572383322216638,0.017954707145690918,-0.3854787051677704,-0.08710889079071649,0.01447904109954834,-0.3624637722969055,-0.07558067448832162,0.055156052112579346,-0.21958518028259277,-0.07784422047831185,0.08339577913284302,-0.39566564559936523,-0.10926720805861123,0.09181016683578491,-0.49565038084983826,-0.11240287430979379,0.10913920402526855,-0.5621464550495148,-0.1131912127921737,0.10104566812515259,-0.18739783763885498,-0.07316914506651528,0.1391504406929016,-0.3232898712158203,-0.09441667355991967,0.11614513397216797,-0.3183289170265198,-0.07238692351080545,0.0922243595123291,-0.2839711606502533,-0.05102002554036744,-0.10638882308192006,-0.14213386806234155,-0.13812498777272833,-0.19392151373934446,-0.12173245311088943,0.0745099835747719,0.009569592745449385,0.17415930765284338,-0.09052048494045845,-0.12013575038677962,0.15060503231624955,-0.19602933304796522,0.22416126522641822,0.11317530691348478,0.5439380660543046,0.2855395995362322,0.7532886841246649,0.5049564169643295,d_minor
0.0,0.0,0.0,0.0005981922149658203,-0.24028125405311584,-0.0778055551512864,0.025521278381347656,-0.38032710552215576,-0.09574633716184167,0.015658140182495117,-0.38135242462158203,-0.08519410966474084,0.010760724544525146,-0.353193461894989,-0.07209734498101739,0.056874215602874756,-0.2203575074672699,-0.07763113705951241,0.08362281322479248,-0.395038366317749,-0.10770342378455666,0.09172618389129639,-0.49388521909713745,-0.10953864334661034,0.10899555683135986,-0.5606786012649536,-0.10969704269010094,0.10223400592803955,-0.18762028217315674,-0.07177706687289742,0.1387239694595337,-0.3220837712287903,-0.09245172022420434,0.11577922105789185,-0.3174888789653778,-0.07070430992681054,0.09170734882354736,-0.2834785580635071,-0.04971768959003953,0.015315507888423896,-0.0417236697535075,-0.10802481347668312,0.06156464571581355,-0.12960358954113993,-0.026665775698855476,0.1903669928648783,0.023989957554707342,0.08547259712965644,-0.18989727636522843,-0.0967405685331802,0.05962737305455157,0.23262395104892067,0.10914839794436237,0.35125933608132337,0.2841412833174846,0.5772747887432635,0.3551458635353774,d_minor
0.0,0.0,0.0,0.00025403499603271484,-0.238346666097641,-0.0769613775177902,0.024387240409851074,-0.37932953238487244,-0.09605361695727765,0.014170646667480469,-0.3821853995323181,-0.08737000252446592,0.009385228157043457,-0.35481518507003784,-0.07546559895715177,0.0563696026802063,-0.2182908058166504,-0.07650437380513608,0.08279335498809814,-0.3941265344619751,-0.10600401635608137,0.09079796075820923,-0.4936963617801666,-0.10822207655152738,0.10822319984436035,-0.5611153244972229,-0.10879954125127256,0.10153675079345703,-0.18597114086151123,-0.0709230172201103,0.13818418979644775,-0.320819616317749,-0.09196734602889478,0.1139305830001831,-0.3167605400085449,-0.071412505464167,0.08908426761627197,-0.28360715508461,-0.051175458238930105,-0.02662111330988265,0.15201382473791508,-0.1669389142231984,0.055540824137752964,0.16311456086320553,-0.13548167953673765,0.01266330286226175,-0.014883013479540436,-0.07156234002244793,0.11576094351320737,0.13486159422016047,0.1675954452617585,0.23117059476457344,0.10960169415314833,0.5569360934706461,0.28407326125593757,0.7488890956186365,0.47295713061557343,d_minor
0.0,0.0,0.0,0.0011327266693115234,-0.23915517330169678,-0.0773081068148258,0.02478104829788208,-0.37918877601623535,-0.09634714165827063,0.013297796249389648,-0.38452401757240295,-0.08764088491102484,0.007831573486328125,-0.3593103587627411,-0.07570734957357672,0.05657064914703369,-0.21958711743354797,-0.07683974096676138,0.08257550001144409,-0.39475929737091064,-0.10784853587051657,0.08972519636154175,-0.4950498640537262,-0.11069983581205634,0.1071850061416626,-0.5620431005954742,-0.11126856843134192,0.1016266942024231,-0.187200665473938,-0.07092822680374411,0.13860714435577393,-0.3208346962928772,-0.09285373577972678,0.11426103115081787,-0.31788185238838196,-0.07243241706987646,0.08965355157852173,-0.2843509018421173,-0.05179706925650862,-0.0053266042497784605,0.08385411584596902,0.11353459611764244,0.16422389617607913,0.06657396199942867,0.033372315535792174,-0.16239457650355282,-0.10983228354003526,-0.17924713418763438,-0.004290915442313248,-0.005594214625760985,0.12073106777549558,0.22855255298960367,0.1135141303344876,0.4047840376936401,0.28452973194672565,0.6130954860297346,0.34102318340458954,d_minor
0.0,0.0,0.0,0.0009116530418395996,-0.23957091569900513,-0.07801453947260484,0.024103879928588867,-0.3792046904563904,-0.0969752612633954,0.012156009674072266,-0.37992560863494873,-0.08819768010809526,0.006418347358703613,-0.35225868225097656,-0.07630657582714662,0.05654627084732056,-0.2200533151626587,-0.07659697710707292,0.08219754695892334,-0.39355921745300293,-0.10691415696575746,0.08925193548202515,-0.49330630898475647,-0.11005908428862199,0.10616475343704224,-0.5609046518802643,-0.11125387429430589,0.10126489400863647,-0.187594473361969,-0.07009320139124497,0.13769525289535522,-0.319442480802536,-0.09211759447291001,0.11357837915420532,-0.3148660361766815,-0.07288409947588548,0.08888250589370728,-0.28067052364349365,-0.05331023215487107,-0.07594241254325756,0.039840144422650686,-0.1906798729564012,-0.14766488236166364,-0.14508024441898743,0.18813778692347455,-0.11162370389789569,-0.1499246498971369,0.1288767149372267,-0.10561249362575734,0.10623888807194548,-0.04648517486430678,0.2338884345970172,0.11159764208077944,0.4729273171208181,0.28668328931619785,0.7029403173095973,0.43309788630179574,d_minor
0.0,0.0,0.0,-0.0004253387451171875,-0.23884418606758118,-0.07798236300985195,0.02346503734588623,-0.37702375650405884,-0.09715561261216976,0.011275172233581543,-0.37555941939353943,-0.08830482205192425,0.005155622959136963,-0.3462640047073364,-0.07618758519927837,0.0554736852645874,-0.21920642256736755,-0.07646783133785107,0.08130693435668945,-0.39221426844596863,-0.10713882436792233,0.0881584882736206,-0.4917509853839874,-0.11026584794561245,0.10505735874176025,-0.5594181716442108,-0.11132053723375179,0.10067188739776611,-0.1867573857307434,-0.06990804215709545,0.1373804807662964,-0.3189939856529236,-0.09208954563180782,0.11341673135757446,-0.3146599531173706,-0.0725607841257272,0.08883464336395264,-0.2807249128818512,-0.05267925625483372,-0.15351563214800593,-0.1509359546418425,-0.14891648044047112,-0.050241536309417745,0.19372420892904024,0.0666482933824995,0.1515687618338194,-0.1381038209097449,-0.012465215344476338,0.061763203414275325,-0.008838631217526288,-0.15649042761472076,0.23801130228119546,0.10885858966098705,0.3514382553731483,0.2852576183183568,0.5541232112256338,0.29228714018463664,d_minor
0.0,0.0,0.0,-0.003952085971832275,-0.23872482776641846,-0.07742339317289293,0.023515522480010986,-0.3764079809188843,-0.0975008824893564,0.010752618312835693,-0.36878472566604614,-0.08847812507835329,0.0036589503288269043,-0.333970844745636,-0.0754884997436136,0.05339956283569336,-0.2188158631324768,-0.0764725873300165,0.08069080114364624,-0.3917873501777649,-0.10829651300397813,0.08699166774749756,-0.49219679832458496,-0.11156424079624117,0.10272854566574097,-0.5605363845825195,-0.1122096175381273,0.09974020719528198,-0.18638014793395996,-0.07024450544801653,0.13741415739059448,-0.3169061541557312,-0.09209942017284334,0.1146426796913147,-0.31361350417137146,-0.07155082319465578,0.09010583162307739,-0.2803371548652649,-0.05066519175258577,0.05146905310203009,0.1597751255007664,-0.07185408569713672,0.19850760886930735,-0.11103855553711912,0.17162164947695568,0.18740924730751124,-0.11096379563478581,0.09037700215116423,0.09498815572938885,0.04140333355587181,0.060334472670600436,0.2499903379210423,0.10471787142271123,0.40950540573973204,0.28715615540889544,0.62622903236344,0.3403846419570228,d_minor
0.0,0.0,0.0,-0.006921291351318359,-0.23882320523262024,-0.07664877003506376,0.02163064479827881,-0.3763048052787781,-0.09687498784140303,0.010963678359985352,-0.3698309659957886,-0.08753103590086653,0.004657387733459473,-0.3353812098503113,-0.0742111635811682,0.05038726329803467,-0.2198130190372467,-0.07638937062100126,0.07813817262649536,-0.3923666477203369,-0.10896865105704023,0.08505600690841675,-0.49369725584983826,-0.1126802546389456,0.10000002384185791,-0.5619380176067352,-0.11347091025189115,0.09738361835479736,-0.18818974494934082,-0.07064356482104017,0.13548868894577026,-0.3179725706577301,-0.09248793697432234,0.1145668625831604,-0.31638869643211365,-0.07234547859505369,0.09024250507354736,-0.28442466259002686,-0.05181313878372862,-0.00928202532759892,0.04368283860004327,-0.19916433169238956,0.16939938457088904,0.06408220139166321,-0.04789878003867054,0.02072712048794681,-0.03822374148179969,-0.17619197531299635,0.15284100070257378,0.15794854017891463,-0.06097641476333049,0.24891671922458133,0.10209335695153202,0.5152744744238259,0.2844478021844495,0.7237295744770039,0.4468742416046674,d_minor
0.0,0.0,0.0,-0.007910192012786865,-0.24134251475334167,-0.07429728253683265,0.01826268434524536,-0.3792756199836731,-0.09466658129295524,0.009240508079528809,-0.3757222294807434,-0.08621244474252876,0.004674255847930908,-0.34372183680534363,-0.07377811117967781,0.04845261573791504,-0.22248226404190063,-0.07519345327219185,0.07461017370223999,-0.3952222466468811,-0.10686003758510765,0.08174377679824829,-0.49577775597572327,-0.11048697276910957,0.09729933738708496,-0.5634775459766388,-0.11133017732700523,0.095051109790802,-0.1905626654624939,-0.07094618274769005,0.1322961449623108,-0.32017505168914795,-0.09289140595993217,0.11109447479248047,-0.31755951046943665,-0.07296400113901313,0.08712583780288696,-0.2855348587036133,-0.052672017057744824,-0.11191668803097642,-0.02330404655676918,-0.0148822411379875,-0.15303328754861067,-0.10812818987055098,0.0177274850038025,0.019071877980439245,-0.15498505550497887,0.0104808605766121,0.16707831842468818,-0.012166359993805276,0.19970877721141184,0.24141693212251508,0.10309924828324393,0.45945532086047514,0.2842471059984864,0.6368346419792159,0.3805506543948705,d_minor
0.0,0.0,0.0,-0.009351074695587158,-0.23897305130958557,-0.07230479152229918,0.016545891761779785,-0.3736934959888458,-0.09450036169317855,0.009811818599700928,-0.38155397772789,-0.08922240765122069,0.006796598434448242,-0.3580284118652344,-0.07905039818314208,0.046606242656707764,-0.22128474712371826,-0.07435905070332183,0.07269346714019775,-0.39486145973205566,-0.10684414089945449,0.08001983165740967,-0.4964394271373749,-0.11120142669705047,0.09623324871063232,-0.5630163252353668,-0.11206434549120559,0.09397923946380615,-0.1903231143951416,-0.07127880187061919,0.13121789693832397,-0.32098087668418884,-0.0936079535010208,0.11065739393234253,-0.31926217675209045,-0.07335322232273711,0.08795779943466187,-0.28675585985183716,-0.052366128874098195,0.04368263186941612,0.1882193469339825,-0.16348209810585856,0.15564716212804047,-0.11494432839786098,-0.05511184317347048,0.0839478128703387,0.01513750235610925,-0.16310930599529444,-0.09417046712376141,0.01335823032957087,-0.05996177887483972,0.22607273112280699,0.11126080822489592,0.38533980032597903,0.2827582091857045,0.6092420543217916,0.35113653541596057,d_minor
0.0,0.0,0.0,-0.009576380252838135,-0.24193927645683289,-0.07368067619555063,0.017573833465576172,-0.3775706887245178,-0.09551376816980905,0.010867118835449219,-0.3805514872074127,-0.08850094643585749,0.007165372371673584,-0.3525448441505432,-0.07670567152254648,0.04635953903198242,-0.22276604175567627,-0.07576336679213114,0.07304781675338745,-0.3966984152793884,-0.10895801303141184,0.08002954721450806,-0.49863308668136597,-0.11274697599165506,0.09564846754074097,-0.5655782520771027,-0.11290242490522928,0.09370201826095581,-0.19068539142608643,-0.07242125240318842,0.13201361894607544,-0.322488397359848,-0.0945496779417283,0.11183005571365356,-0.3207869231700897,-0.07309693810694284,0.08880597352981567,-0.2880067229270935,-0.05114965108387537,0.11279834564616836,0.08123987531340321,-0.196611913836013,-0.14548656925398085,0.09571575096298329,-0.029986873783216156,-0.15955538223784804,-0.195785135769731,-0.14519321924146783,0.10031755459883435,-0.14518533528680716,0.15569185811710917,0.2335009549850897,0.10716093984832951,0.3250906131411774,0.2844401142483163,0.49889366976710825,0.25162248547128396,d_minor
0.0,0.0,0.0,-0.009485960006713867,-0.24285784363746643,-0.07558197477735007,0.018109798431396484,-0.37865501642227173,-0.09639680335200751,0.01106935739517212,-0.37468820810317993,-0.08783526668227637,0.006946444511413574,-0.3429234027862549,-0.07512915829099143,0.046844303607940674,-0.22358053922653198,-0.07702461579717124,0.07276040315628052,-0.3968138098716736,-0.1087046260563227,0.07971632480621338,-0.49733102321624756,-0.11155044237054312,0.09495174884796143,-0.5656052529811859,-0.11173391291774237,0.09380471706390381,-0.19165676832199097,-0.07314804145968878,0.13109445571899414,-0.32293957471847534,-0.09513992020762885,0.11085927486419678,-0.31900012493133545,-0.07456627437747443,0.08775287866592407,-0.2856512665748596,-0.053758307787546755,0.14055010080551011,0.14398041395682964,-0.022349664177399087,-0.1410599803399309,0.06695290355871464,-0.046950031926224156,0.05396608050901769,0.00016850784365846083,0.02010261567499186,-0.08839594087839497,0.08939435674295665,-0.10482432757938392,0.24222313691902092,0.1013236923834916,0.443701046578935,0.28598466571986636,0.6802121775125166,0.4174869633582427,d_minor
0.0,0.0,0.0,-0.008772969245910645,-0.24201342463493347,-0.07328004062765103,0.016531169414520264,-0.37778300046920776,-0.09484509051435452,0.009450078010559082,-0.3723849058151245,-0.08853681803338986,0.006296873092651367,-0.3403499126434326,-0.07776226521127683,0.04704338312149048,-0.22351336479187012,-0.07468405783765775,0.07151305675506592,-0.39644762873649597,-0.10484799415462476,0.07812100648880005,-0.49620679020881653,-0.1086528939067648,0.09328532218933105,-0.5652792453765869,-0.11030146897428494,0.0936276912689209,-0.1918904185295105,-0.07145472288721066,0.13015878200531006,-0.32406988739967346,-0.0933824968396948,0.10907948017120361,-0.31751272082328796,-0.07446562916629773,0.08563989400863647,-0.2835582196712494,-0.0554210436403082,0.17833090506999388,0.12101640630415694,-0.1680204778625307,0.17233275824283822,0.1376075546628414,-0.0027770362493365897,0.13959762488536137,-0.0911685056383404,0.007200144667153019,0.09040221645645896,-0.0751415352278349,-0.17292321640802466,0.2433495321169906,0.10009865903199848,0.29404897358506105,0.28711852949848393,0.4941303172850094,0.23930514970350542,d_minor
0.0,0.0,0.0,-0.009029507637023926,-0.24056479334831238,-0.0732779750802024,0.0156630277633667,-0.37747102975845337,-0.0946855494954093,0.008907079696655273,-0.3734375238418579,-0.08820767944831687,0.0060884952545166016,-0.34192267060279846,-0.07728947198171454,0.04683023691177368,-0.2222115397453308,-0.07485000288266974,0.07088267803192139,-0.3962768316268921,-0.10477323329229193,0.07727843523025513,-0.49634256958961487,-0.10817570483465033,0.09224838018417358,-0.5653979182243347,-0.10946582501907187,0.09351617097854614,-0.19083082675933838,-0.07166783010740119,0.12961119413375854,-0.32344120740890503,-0.09306469058770972,0.10850280523300171,-0.31717678904533386,-0.07362451648492652,0.08502501249313354,-0.2836145758628845,-0.05427340289730864,-0.07433867564379357,-0.029879527596050753,-0.11263035152058541,0.005147352519623144,0.14342988669665702,-0.031065901074717905,-0.17185024469111038,-0.17612965815608234,0.0818423604614737,-0.12820636944183633,0.07555817088399042,-0.16621847090509806,0.2416609810568999,0.1007995391956699,0.4474748378868294,0.2872285371143632,0.680180760983998,0.4324400334137212,d_minor
0.0,0.0,0.0,-0.009993672370910645,-0.23850685358047485,-0.0714739307677803,0.012971937656402588,-0.37579065561294556,-0.09345281570315933,0.0065879225730896,-0.37653374671936035,-0.08821909575820541,0.004536747932434082,-0.34842365980148315,-0.07820906191230392,0.04565846920013428,-0.2213042974472046,-0.0733219355261383,0.06943660974502563,-0.3955402076244354,-0.10377901493669128,0.07587873935699463,-0.49589288234710693,-0.10798866002917862,0.09070992469787598,-0.5643449425697327,-0.10956898032785034,0.09249579906463623,-0.1911129355430603,-0.07064746766448593,0.1287594437599182,-0.32269641757011414,-0.09309803395629501,0.10726189613342285,-0.31792932748794556,-0.07492984532476044,0.08352005481719971,-0.2857387065887451,-0.056016919008499144,-0.1602020486465482,0.025660461480918995,-0.09466249081599352,0.09922337073171927,0.19836671411110562,-0.008339002360312986,0.19086967776513392,-0.022936645348453105,0.05883177492948005,-0.0916450360544713,-0.1358424169127207,0.08608978260795253,0.23458742768776886,0.10324852218021871,0.28536963873146376,0.28379737882501016,0.5051238439422524,0.2708247059686886,d_minor
0.0,0.0,0.0,-0.011683225631713867,-0.24060148000717163,-0.07503663438723152,0.013799846172332764,-0.3777890205383301,-0.0965140207426316,0.006491363048553467,-0.36572134494781494,-0.08862252223656242,0.003340303897857666,-0.32841956615448,-0.0761992527858979,0.04476273059844971,-0.22205030918121338,-0.07645262468025749,0.06911462545394897,-0.39744287729263306,-0.10761934209034507,0.07531291246414185,-0.4974767863750458,-0.11064210969374244,0.08976387977600098,-0.5673040747642517,-0.11112022090122764,0.09182953834533691,-0.19086551666259766,-0.07290323513910835,0.12851834297180176,-0.3234254717826843,-0.09475582528278892,0.10814064741134644,-0.31770965456962585,-0.07447629857227867,0.0848589539527893,-0.28535494208335876,-0.05406823444531028,-0.10006119566095353,0.10515804379164723,-0.018329623623391633,-0.08679438122138504,0.07104352929617391,0.12334267754329425,0.10277213012493819,0.19632661552492858,-0.19835963989969763,0.1443685385854247,0.18606808583820228,0.19377170568827862,0.2564260457430352,0.09481368111173,0.5978886396742292,0.2877052326173529,0.8145614574935178,0.5359157562931908,d_minor
0.0,0.0,0.0,-0.010312199592590332,-0.24240928888320923,-0.07774349997293939,0.01843845844268799,-0.3780098557472229,-0.09871904502165307,0.00806957483291626,-0.3550199866294861,-0.08991322616589059,0.002558112144470215,-0.3082899749279022,-0.07684820095551004,0.04628783464431763,-0.22194761037826538,-0.07849274525892724,0.07102245092391968,-0.39698106050491333,-0.10960934261333932,0.07699614763259888,-0.49684274196624756,-0.11272843132269372,0.09219461679458618,-0.5677152276039124,-0.11400323311340799,0.09315997362136841,-0.1892738938331604,-0.07394634882462015,0.13066118955612183,-0.3235940635204315,-0.09473249266397943,0.10999035835266113,-0.3161221146583557,-0.07316311398994912,0.0864306092262268,-0.28112244606018066,-0.05261793310296525,0.08699266886843093,-0.010235854128009786,0.1769258359901722,0.08400144721042246,-0.16134087017790494,0.0751941360749474,0.038112953752516276,0.16326754682327105,0.10131901331060378,0.0314676345156136,-0.08645197380312251,0.03845759864198833,0.2769777267336787,0.09143181214278659,0.2516809222956397,0.2931497932347783,0.5084745726731882,0.2218383957759603,d_minor
0.0,0.0,0.0,-0.009689390659332275,-0.2433147430419922,-0.07453465757814115,0.019023418426513672,-0.3792402148246765,-0.09628571120944684,0.009126365184783936,-0.3581346571445465,-0.0888296022817201,0.0038908720016479492,-0.31300878524780273,-0.07650471029725736,0.04668903350830078,-0.22305694222450256,-0.07558902649131483,0.0715213418006897,-0.39756348729133606,-0.10622600762096113,0.07765328884124756,-0.49711814522743225,-0.109717416743905,0.09277999401092529,-0.5675844848155975,-0.11118583677259153,0.09365594387054443,-0.19047951698303223,-0.07176958320584959,0.1311461329460144,-0.32489216327667236,-0.09254525897947019,0.11037015914916992,-0.3168063163757324,-0.07170043436732954,0.08678066730499268,-0.28171733021736145,-0.05155696270909971,0.11210144417391582,0.1867506906959825,-0.021143697104361536,-0.18713187596037795,0.14460620686836967,-0.060384486888256594,-0.13634672518098517,0.15762171130640884,-0.12085468140457656,0.1839236619771793,0.09811668703643905,-0.1972075486980709,0.2718691658787558,0.09204489900627272,0.46476352548939076,0.29208153762450667,0.677395713994492,0.4182400450410883,d_minor
0.0,0.0,0.0,-0.010150730609893799,-0.239513099193573,-0.07116216096113703,0.01406639814376831,-0.3761494755744934,-0.09266046854685328,0.006972610950469971,-0.38201045989990234,-0.08715378913115046,0.0042784810066223145,-0.35761332511901855,-0.07708307030628703,0.04525411128997803,-0.22278642654418945,-0.0733379465622761,0.06917011737823486,-0.39775168895721436,-0.1049546417875149,0.07522815465927124,-0.4982679784297943,-0.10905194702576182,0.09116154909133911,-0.5653563439846039,-0.11011804315279505,0.09268295764923096,-0.19265514612197876,-0.07033190551231883,0.1289563775062561,-0.3256344199180603,-0.09184338572453044,0.10698544979095459,-0.32093343138694763,-0.07112825336884043,0.0838468074798584,-0.2865544855594635,-0.05023318576644442,0.19166514809680607,-0.03152548506001834,0.1867975211431429,0.11522885185722798,-0.08033902551068071,-0.1715786068716524,0.022656465002927118,0.014716888075399032,0.1127815699299693,-0.031395352816198374,-0.19403335774313346,-0.17758822301853391,0.22758984783634353,0.11000633416810573,0.19527496989636417,0.2852545842757629,0.39680370397410875,0.1950902870867456,d_minor
0.0,0.0,0.0,-0.012289941310882568,-0.23714426159858704,-0.0685541160836749,0.010148227214813232,-0.36943519115448,-0.09114683200269269,0.007380425930023193,-0.38657501339912415,-0.08773191054015683,0.008224666118621826,-0.3730792999267578,-0.07931729186921643,0.04274517297744751,-0.22144722938537598,-0.07228240151553678,0.06766831874847412,-0.3956945538520813,-0.10503983278422879,0.07464796304702759,-0.49803516268730164,-0.11036434550433682,0.09086775779724121,-0.5657613575458527,-0.11169920642524289,0.09057611227035522,-0.19175034761428833,-0.07081073303371,0.12757426500320435,-0.3226909339427948,-0.09361722101121472,0.10588312149047852,-0.32084494829177856,-0.0742260121241145,0.08298385143280029,-0.28912022709846497,-0.05363772590308713,-0.00856069532638104,0.04460728475834866,-0.10074880951012899,-0.17701340363526238,-0.07868599378559443,0.11205869302942156,-0.03445342390380643,-0.04153724110261975,0.03723197751891125,0.11605301433018755,0.08501714307234243,0.01158695241933319,0.21214345222241168,0.11531479439878929,0.47931501686900535,0.282778370027123,0.6628321288049837,0.38121726083078256,d_minor
0.0,0.0,0.0,-0.012647390365600586,-0.23811563849449158,-0.07114647510360328,0.011988461017608643,-0.37152668833732605,-0.09236835124801246,0.007253706455230713,-0.38324087858200073,-0.0853451061518058,0.005734086036682129,-0.3623793125152588,-0.0739780235559806,0.042936086654663086,-0.22133731842041016,-0.07534892293523399,0.06882554292678833,-0.3958514928817749,-0.11074187788079826,0.07481926679611206,-0.49904561042785645,-0.11580507638763038,0.09014147520065308,-0.5660609304904938,-0.11619337084601966,0.09087944030761719,-0.1912369728088379,-0.0729629341037139,0.1276015043258667,-0.32272717356681824,-0.09446364822696296,0.10684138536453247,-0.3218393325805664,-0.07120678755353538,0.0843629240989685,-0.2893044650554657,-0.047809766557918465,0.1102845324072112,-0.16075393607505234,0.05800614857099057,0.08576267132571586,-0.10655864934290422,-0.0360344375361184,0.01880784003114494,-0.18316434221063266,-0.1202243450236089,-0.1689931599720155,0.18522006465286167,0.028740600907069064,0.22448372857137378,0.11048622167770021,0.5839056466453107,0.2851383000376419,0.8078240829399601,0.5433440837901131,d_minor
0.0,0.0,0.0,-0.010867953300476074,-0.23773464560508728,-0.07433351686051992,0.012992620468139648,-0.37156468629837036,-0.09415052642873434,0.0072557926177978516,-0.3797760009765625,-0.08511200358918813,0.004703879356384277,-0.3566534221172333,-0.07256049474528936,0.0445713996887207,-0.22080457210540771,-0.07741088231853155,0.0694931149482727,-0.3953140377998352,-0.11151539346030859,0.07519721984863281,-0.4978368282318115,-0.11527883818200735,0.08994889259338379,-0.5649170875549316,-0.11524975856593755,0.0919715166091919,-0.19084304571151733,-0.073962276781117,0.1285303235054016,-0.32266300916671753,-0.09507095625451711,0.1077113151550293,-0.3222292363643646,-0.07210124095729498,0.08478540182113647,-0.29032087326049805,-0.04939139073542265,0.18731443603800169,0.12198798729202415,0.16817897666957615,0.08369587363909436,0.09032861724833391,0.10488269169509429,0.13189852802588092,0.03906561981141446,-0.13370606141591548,0.12712579170255783,-0.02296937267354293,-0.19877462708117313,0.22904768033942338,0.10653574357333692,0.37717658553644784,0.2824306413176321,0.5496051775165697,0.3091680526550856,d_minor
0.0,0.0,0.0,-0.011199414730072021,-0.23887145519256592,-0.07434015879906042,0.011958718299865723,-0.3748701810836792,-0.09320260743177755,0.00489729642868042,-0.3770729601383209,-0.08345515439785345,0.002045929431915283,-0.34878432750701904,-0.07042372385538442,0.04499763250350952,-0.22199296951293945,-0.07644958207882269,0.06882822513580322,-0.3967030644416809,-0.10919034639871938,0.07425010204315186,-0.49849215149879456,-0.11257988373316152,0.08871585130691528,-0.5659553110599518,-0.11268185237921102,0.09240740537643433,-0.19230049848556519,-0.07221880713976248,0.12767034769058228,-0.32346364855766296,-0.09249029467380865,0.10675251483917236,-0.32365691661834717,-0.07031837264574392,0.08347564935684204,-0.29241427779197693,-0.048565530875094964,-0.08883197008819398,0.03870508686065571,-0.06858046166779783,-0.12476049775235776,-0.16157509104040912,0.057234787984572155,0.11627319848584355,-0.11027323279505925,0.17638621691209638,0.024472140328500036,0.19382117061822357,0.16269913176339607,0.23761452161326974,0.10142071973858156,0.5909906321954482,0.2810036641771919,0.810692446578168,0.5334220496455708,d_minor
0.0,0.0,0.0,-0.011185824871063232,-0.23730745911598206,-0.07544824891959934,0.01255500316619873,-0.3728235960006714,-0.09488623255168704,0.005615890026092529,-0.3772626221179962,-0.08571471684848575,0.00278395414352417,-0.35102033615112305,-0.07313631140863208,0.04485011100769043,-0.2206060290336609,-0.0770950805512598,0.0690152645111084,-0.3949997127056122,-0.11002558135663776,0.07474899291992188,-0.4961812496185303,-0.11335037314569263,0.08989644050598145,-0.5634864568710327,-0.11344784909164218,0.09235000610351562,-0.19108843803405762,-0.07258174979364185,0.1279292106628418,-0.32351526618003845,-0.09348486774837284,0.10678237676620483,-0.3219392001628876,-0.07120169365083484,0.08381789922714233,-0.2895754873752594,-0.049257316079490465,0.02577494435251096,-0.008163137958202615,0.03395024443284514,0.18981068257190437,0.19257914940331883,-0.11493605030442332,-0.022244346998386233,0.04852683409516839,-0.11829951674746925,0.11361230059983418,-0.004025518903325059,-0.09354411948767427,0.23314256969585215,0.10446136182738938,0.3648353110729054,0.2813975700011945,0.5603170009769883,0.2904958034182162,d_minor
0.0,0.0,0.0,-0.01119685173034668,-0.23914968967437744,-0.07486113310957876,0.012584030628204346,-0.37567442655563354,-0.09300474972630468,0.004815101623535156,-0.3736698627471924,-0.08223423511887518,0.0011057853698730469,-0.34238484501838684,-0.06851897538805929,0.04507237672805786,-0.22197118401527405,-0.07660810054446188,0.06922292709350586,-0.3965449035167694,-0.10898860694075552,0.07478809356689453,-0.4973561465740204,-0.11197027714158025,0.08930379152297974,-0.5653795301914215,-0.11195848287249532,0.09227108955383301,-0.1921215057373047,-0.07194739730263677,0.12807458639144897,-0.3242199420928955,-0.09187012315894094,0.10750597715377808,-0.32217568159103394,-0.06907645018006292,0.08445918560028076,-0.2900364100933075,-0.04708511532450643,-0.18066636799035513,0.02060359570170714,-0.17421577349442258,0.014141320849867162,0.19400992714346216,0.03765180484717448,-0.17887035902433968,0.17931314963620149,-0.09834796587815893,0.1696330689893687,0.12656916544035485,0.0032528329274579826,0.24370578309776456,0.10073508984608971,0.5034585402179438,0.28292376677989983,0.706059089236266,0.42819236916545983,d_minor
0.0,0.0,0.0,-0.010361254215240479,-0.23922115564346313,-0.07640578242606466,0.014183104038238525,-0.3755619525909424,-0.09517779591149633,0.005554616451263428,-0.37281957268714905,-0.08471334370440786,0.0012186765670776367,-0.3413776457309723,-0.07107107731170004,0.04585307836532593,-0.2217068076133728,-0.07750855031079595,0.07015824317932129,-0.3958814740180969,-0.10991673561400717,0.07564008235931396,-0.4958392083644867,-0.11260739358729666,0.09051638841629028,-0.5634846985340118,-0.11243269982404058,0.0931847095489502,-0.19160646200180054,-0.07244269939727133,0.12904435396194458,-0.3242049813270569,-0.09306593629187887,0.10761147737503052,-0.3208574950695038,-0.07036938163108175,0.0842331051826477,-0.28767627477645874,-0.04826271178788488,0.13623467964482572,-0.08101023391809092,-0.11674282948444109,0.08138605196236925,0.13734409834492495,-0.0681157940035905,-0.013864353889667086,0.06683075967704322,-0.14346071293073628,0.047501097042265406,0.15364339818513362,0.19262399907931466,0.24293292914549597,0.10146651732779542,0.5627814759546519,0.2832446886145979,0.7805015130938752,0.5041217131183399,d_minor
0.0,0.0,0.0,-0.010145068168640137,-0.24103042483329773,-0.07757736574760088,0.016520261764526367,-0.3761886954307556,-0.09621787648549684,0.005288481712341309,-0.356816828250885,-0.08479572664847979,-0.0004987716674804688,-0.3120943307876587,-0.0700825808559955,0.04642009735107422,-0.22131040692329407,-0.07822443377128252,0.07075726985931396,-0.3965628743171692,-0.1103129742657245,0.07585889101028442,-0.4962899386882782,-0.11276890914788851,0.09041023254394531,-0.5662592053413391,-0.11288486998429903,0.09353047609329224,-0.18996357917785645,-0.07273425739160189,0.13011348247528076,-0.3244020342826843,-0.09287657420983919,0.109402596950531,-0.3185727894306183,-0.06962740253558763,0.08600825071334839,-0.2847924828529358,-0.04761135782948145,-0.07720934357137388,-0.0541435619602286,-0.040861052303011874,0.17366766837652764,-0.08974914948508271,0.12405552903103678,0.1525309478504575,0.08378641735651104,0.01900163374901473,0.05311071689193214,0.11987206426175945,0.1845617422447806,0.2733061771314802,0.09345486443281213,0.504294234552651,0.2889697643377692,0.7487602153704424,0.4676964740311455,d_minor
0.0,0.0,0.0,-0.008733510971069336,-0.24171939492225647,-0.0773906796182473,0.018030226230621338,-0.3761439025402069,-0.09605667879236535,0.00547260046005249,-0.3512243330478668,-0.08503344049108819,-0.0008969306945800781,-0.30274271965026855,-0.07070957263363198,0.047590553760528564,-0.221767395734787,-0.07780811329735116,0.07150954008102417,-0.39700865745544434,-0.10858040442121819,0.07662707567214966,-0.49591588973999023,-0.11064631631029442,0.09162282943725586,-0.566242128610611,-0.11107674380195931,0.09420996904373169,-0.18985682725906372,-0.07246181507957772,0.13018101453781128,-0.32587915658950806,-0.09202795614851311,0.10897141695022583,-0.31679975986480713,-0.06846547265899972,0.08551019430160522,-0.2807590663433075,-0.04668852826011971,0.06572530340199978,-0.015453919686462647,-0.040899223437656784,0.12454780304290985,-0.04857672792784645,0.07050708433323177,-0.10409616238018411,-0.19947649934394748,-0.13911012267599562,-0.07791291491037225,0.08335350153060622,0.03630297419016962,0.2821725589872893,0.09233895621903734,0.4079870574081909,0.2927179281330084,0.6873409871275746,0.4076428144677663,d_minor
0.0,0.0,0.0,-0.00795900821685791,-0.23912960290908813,-0.0782339616665979,0.0169447660446167,-0.37466293573379517,-0.09850432416297394,0.005142152309417725,-0.3613015115261078,-0.0890648259768625,-0.0006180405616760254,-0.321983277797699,-0.07589739998675782,0.047591209411621094,-0.22011861205101013,-0.07881751349069077,0.07125449180603027,-0.3948056697845459,-0.11169837107755143,0.07613486051559448,-0.4941706359386444,-0.11487525394059617,0.09121131896972656,-0.5633653402328491,-0.11556043913461167,0.09423136711120605,-0.1886710524559021,-0.07372313430406052,0.13119131326675415,-0.32407692074775696,-0.0955265357146402,0.10920882225036621,-0.3170619606971741,-0.07280008187390763,0.08546078205108643,-0.28216931223869324,-0.050888520384802405,0.026717962486036584,0.03382113824245053,-0.16735514594781595,0.1590924868176084,0.04997593529753627,0.09463482712101273,0.042651574697387756,-0.09863057748577662,-0.008920281795122331,0.1891748782103172,-0.15639667685878056,0.10607410109269771,0.26128736672835623,0.09808241236265665,0.31073123697434624,0.28859440727312213,0.4736477819322407,0.22630208592415496,d_minor
0.0,0.0,0.0,-0.008717775344848633,-0.2397613227367401,-0.07566701790321417,0.01406872272491455,-0.377077579498291,-0.09605711122978278,0.004389643669128418,-0.3697749376296997,-0.08690483292568274,0.0003427863121032715,-0.33478274941444397,-0.07386797836053915,0.047389209270477295,-0.2214908003807068,-0.07685240527618475,0.07043576240539551,-0.39605599641799927,-0.11052436551082678,0.07541090250015259,-0.496023952960968,-0.11417732557285376,0.09022468328475952,-0.5640954971313477,-0.11463995447385855,0.09436756372451782,-0.19036465883255005,-0.07222179492939063,0.1302485466003418,-0.32511526346206665,-0.09409260174263068,0.10798794031143188,-0.31839898228645325,-0.07079957595098563,0.08437025547027588,-0.2832683324813843,-0.047971704807167725,0.015254546777153516,-0.19565638386553472,-0.03693162286897342,-0.12057915795804944,0.18713826753855423,0.05073196843018307,-0.12154927686935726,-0.060454370516165506,0.13019077130657547,-0.041808008073222325,0.1818779811689168,0.11042875482467945,0.2496506473155329,0.10190666175001417,0.5501638718209237,0.28869157633016046,0.790294240027053,0.5073191824728267,d_minor
0.0,0.0,0.0,-0.009309649467468262,-0.23934406042099,-0.07655243027818415,0.014104723930358887,-0.37759727239608765,-0.09570124942672464,0.004585206508636475,-0.3694460988044739,-0.08519126672160837,0.000526130199432373,-0.33407145738601685,-0.07126829970491144,0.04727184772491455,-0.2217685580253601,-0.07742031860959742,0.07017344236373901,-0.3965991139411926,-0.10958731371772501,0.07492250204086304,-0.49614500999450684,-0.11207006323945734,0.08942210674285889,-0.5639614760875702,-0.11184852767598841,0.09458637237548828,-0.19117110967636108,-0.07243913609397623,0.12892252206802368,-0.3258898854255676,-0.0935132895768902,0.10721832513809204,-0.3196669816970825,-0.07068406987798426,0.0840272307395935,-0.28403252363204956,-0.04842250618946764,-0.0430421570665136,0.02177754561322559,-0.010296596232593602,-0.00925967005782552,0.07107924589881798,-0.05174099439476332,0.11097879625805812,0.146169112910791,0.04759691848963357,-0.07223192951419347,-0.07237500098618171,0.19642826956356896,0.24979725828438262,0.09999129444107781,0.381366259314634,0.28707522239222305,0.6023486313233255,0.35939912971885246,d_minor
0.0,0.0,0.0,-0.008796751499176025,-0.2418065071105957,-0.07656863281678739,0.014664947986602783,-0.37882328033447266,-0.0951637322659451,0.0046579837799072266,-0.3699495792388916,-0.0840674335713345,0.00017839670181274414,-0.33421871066093445,-0.06981396624993863,0.04826843738555908,-0.22371900081634521,-0.07726187953900876,0.07110393047332764,-0.39762505888938904,-0.11003176817845883,0.07609063386917114,-0.49727368354797363,-0.11301226863812985,0.09085679054260254,-0.5656045973300934,-0.11314471760940137,0.09579747915267944,-0.193132221698761,-0.07174328664493146,0.12973153591156006,-0.3268887400627136,-0.09253560701560559,0.1079375147819519,-0.32132619619369507,-0.06950338134717526,0.08444815874099731,-0.28618407249450684,-0.04717859575700345,-0.078931961395707,-0.02123135399589407,-0.07451021204408301,-0.13863909659965526,-0.17405292981606824,0.012590820023001381,0.017787890786446603,-0.16959572591521688,0.11869462974363654,-0.0465505879340411,-0.10036391218716392,-0.0879445980934809,0.25226881232644244,0.09960461462840393,0.23916601887674543,0.28717316987004304,0.4857620083906343,0.2309798055102982,d_minor
0.0,0.0,0.0,-0.008421182632446289,-0.24061039090156555,-0.07629700635962422,0.015253663063049316,-0.3778449594974518,-0.0951133135467046,0.0055460333824157715,-0.37016332149505615,-0.08431079124503071,0.0006056427955627441,-0.33544060587882996,-0.07023452108197148,0.04845243692398071,-0.22292709350585938,-0.07679216449551518,0.07173967361450195,-0.39661985635757446,-0.10950145756297047,0.07708132266998291,-0.4963739514350891,-0.11278100942664082,0.09130978584289551,-0.5648965239524841,-0.11317422126822407,0.09593385457992554,-0.19285619258880615,-0.07114890848689015,0.13016819953918457,-0.3253653049468994,-0.09187053774886067,0.10930585861206055,-0.32118573784828186,-0.06978631650500233,0.08592510223388672,-0.2878338098526001,-0.048264640173243833,-0.14401601655002458,0.016686368573846144,0.09509639125838465,-0.08153785919523347,-0.06028419443549571,0.011327803714507256,0.08901517430622274,0.05835928459542428,-0.10355225335831109,-0.10709508970551812,-0.1489872881525831,-0.025275272421980383,0.25044176520113365,0.10014236293334874,0.21996731919188597,0.28461552325881495,0.4691174823786828,0.2388800161464345,d_minor
0.0,0.0,0.0,-0.008477628231048584,-0.24063843488693237,-0.07601128334565033,0.015056967735290527,-0.3779842257499695,-0.09529600853485931,0.004187345504760742,-0.36585164070129395,-0.08447982186837066,-0.0012992620468139648,-0.3273879587650299,-0.07005006635947097,0.04839867353439331,-0.22258210182189941,-0.07611774469179977,0.07202351093292236,-0.39584439992904663,-0.10942815060181488,0.07721954584121704,-0.4962000548839569,-0.11289337093396057,0.09133738279342651,-0.5661357641220093,-0.11323439145846237,0.09563899040222168,-0.19245481491088867,-0.07030693257613052,0.13043296337127686,-0.324201762676239,-0.0917017590479361,0.1090269684791565,-0.32093361020088196,-0.06989868546290268,0.0850324034690857,-0.28894251585006714,-0.048292195446919095,0.04305960933453731,0.08791115024848928,-0.17969358345339936,0.18151203417101408,0.1256436279216377,-0.04226406940088556,-0.0023387488578714977,-0.1700014717183117,-0.17015003029452602,0.04476567363984674,0.05866985578824474,0.14591548071110488,0.2597055033384667,0.09697738653069647,0.4447513147804736,0.28476892118809705,0.6780189105109278,0.40021543189368985,d_minor
0.0,0.0,0.0,-0.007862687110900879,-0.24077725410461426,-0.07675655579228646,0.01590597629547119,-0.3775443434715271,-0.09530528282780892,0.005661964416503906,-0.3666453957557678,-0.08387398367781884,0.0008743405342102051,-0.32934942841529846,-0.06920463984866387,0.04897642135620117,-0.22252795100212097,-0.07690386867184884,0.0726361870765686,-0.395698219537735,-0.10995180552859551,0.07786911725997925,-0.49596571922302246,-0.1126490200128103,0.09231221675872803,-0.5653081238269806,-0.11243464445729501,0.09602111577987671,-0.19240021705627441,-0.07087640112300164,0.13082534074783325,-0.32485246658325195,-0.09155504053492791,0.10931390523910522,-0.3208627998828888,-0.06843018924851663,0.08561265468597412,-0.28730684518814087,-0.045966908540918894,-0.189826670199191,-0.06219054945256369,0.18782539285682692,-0.049456754316645535,0.0021532932026721574,0.05613853963961274,-0.17880593150712842,-0.1467971135288019,0.11748783843306393,0.1889650483380873,-0.06559430653992285,-0.09019416071450759,0.2567220762756789,0.09740714987117967,0.32463123488634826,0.28591529335564686,0.5094608013940073,0.24858442610566966,d_minor
0.0,0.0,0.0,-0.009844779968261719,-0.2410816252231598,-0.07657872263192189,0.015458166599273682,-0.3788679242134094,-0.09483586374520314,0.006059587001800537,-0.3649194836616516,-0.08256356540917409,0.0011011958122253418,-0.32560455799102783,-0.0670831364750768,0.047034502029418945,-0.2227165699005127,-0.0765728813767339,0.07275950908660889,-0.3962986469268799,-0.10927039507626546,0.0783889889717102,-0.495775043964386,-0.11174409959315312,0.09229737520217896,-0.5657966136932373,-0.11131669703721059,0.0941551923751831,-0.1927434802055359,-0.070520953571787,0.1299484372138977,-0.324310302734375,-0.09144580487011922,0.1078677773475647,-0.32152876257896423,-0.06957083318232549,0.08299702405929565,-0.2903757095336914,-0.04789469141363156,-0.14266608453244284,-0.1754978538360777,-0.09067773124222787,0.05552665609206947,-0.11878047044517617,0.1469812319040415,0.13053093339172328,0.05344329590504582,0.03629294369921521,0.03456070396431482,0.14559832343824075,-0.04680510947521904,0.26070208023293917,0.09119317338364598,0.472824378106747,0.2827817564425965,0.7166435827604245,0.4386577500956245,d_minor
0.0,0.0,0.0,-0.010684728622436523,-0.23946735262870789,-0.07712424886551617,0.013939499855041504,-0.37654441595077515,-0.09625848722782848,0.005859494209289551,-0.3675829768180847,-0.08547278088656185,0.0018191933631896973,-0.3318428099155426,-0.0713444609674525,0.04575127363204956,-0.2220507562160492,-0.07718093288269756,0.07050806283950806,-0.3951174318790436,-0.1096624318989825,0.07638990879058838,-0.4947997033596039,-0.11291556400385616,0.09025394916534424,-0.5639588832855225,-0.11340491068688152,0.0930248498916626,-0.19225198030471802,-0.07135868412581203,0.12924975156784058,-0.32247501611709595,-0.09258133513060329,0.10890132188796997,-0.3204014301300049,-0.0717319880160403,0.08522635698318481,-0.29007887840270996,-0.051123320731790045,0.021783851612239502,0.1474761458102759,-0.09260493453277091,0.04257019636792361,0.03743772286470018,0.18774562656088167,0.10315848617208945,0.12068391460307765,0.18983400756461727,0.11344542815646674,-0.16792955490937161,0.03288038640553165,0.2519278844849954,0.09544566742902236,0.2240330115647328,0.2809173013630411,0.42281965632793894,0.1509085684133803,d_minor
0.0,0.0,0.0,-0.010201752185821533,-0.2394617199897766,-0.07721835744663963,0.01495373249053955,-0.37565043568611145,-0.09611624849125633,0.007118523120880127,-0.3657125234603882,-0.08517934751793632,0.003531038761138916,-0.32927095890045166,-0.07112585377976188,0.04615706205368042,-0.22138845920562744,-0.07783166688963661,0.07110446691513062,-0.3943735957145691,-0.11084107679411659,0.07671207189559937,-0.494065523147583,-0.11446388435646782,0.09107387065887451,-0.5630699396133423,-0.11522650343462715,0.09317642450332642,-0.1910337209701538,-0.07230321687742958,0.12970691919326782,-0.3227452039718628,-0.09315680337235221,0.10887724161148071,-0.319229394197464,-0.07117259127184639,0.08528447151184082,-0.2872544229030609,-0.04988995936795959,0.17090448709139483,0.10150179260964615,0.05560512406190388,0.18044971341979943,-0.1606938680337422,0.07819759214788857,-0.1914685460013098,0.17796912652296953,-0.04793124025168108,0.19598609674106182,-0.11098865700147283,-0.01809772096316098,0.25351642569869703,0.0943396855793615,0.29580077000303345,0.2835076372714124,0.47414983038476605,0.21055929445182872,d_minor
0.0,0.0,0.0,-0.010700702667236328,-0.23999252915382385,-0.07673595113240594,0.01517707109451294,-0.37580740451812744,-0.09594181192599649,0.007250845432281494,-0.36824339628219604,-0.08538847429238672,0.003337085247039795,-0.3330293297767639,-0.071532324082483,0.04556149244308472,-0.2216140627861023,-0.07777578396283502,0.07092732191085815,-0.3946463465690613,-0.11150353414498682,0.07693076133728027,-0.4948495924472809,-0.11537479621850366,0.09168118238449097,-0.5629905760288239,-0.11595184368573541,0.09283125400543213,-0.1909582018852234,-0.07255729300462122,0.12981945276260376,-0.3226638436317444,-0.09380761546574945,0.10951811075210571,-0.31955671310424805,-0.07147272688828821,0.08623510599136353,-0.28742358088493347,-0.04959306878529901,-0.19189560041136824,0.03949513417064435,-0.018654679427569876,-0.1670012672247433,0.11429437883358079,0.034376481605371406,0.18879976748749522,-0.15519024299265183,-0.022725104193496826,0.0220686469987883,0.09848896801113749,-0.08746032831604805,0.2503196915918036,0.09712516202460636,0.4322182481690147,0.28349658828105756,0.6657423365794022,0.3930391318933489,d_minor
0.0,0.0,0.0,-0.009444594383239746,-0.23927530646324158,-0.07671483352356745,0.015659570693969727,-0.37571513652801514,-0.09570297345095469,0.007728159427642822,-0.3674238324165344,-0.0850164492385943,0.0037958621978759766,-0.3318183124065399,-0.07112069919281794,0.046838462352752686,-0.22124487161636353,-0.07761747881346537,0.07234472036361694,-0.3939199447631836,-0.11075098558836771,0.07828760147094727,-0.49384793639183044,-0.11458625390702082,0.0928005576133728,-0.5620143413543701,-0.11533922448330713,0.09373754262924194,-0.19075685739517212,-0.07234445705586268,0.13057929277420044,-0.32129865884780884,-0.09318600341254069,0.11002641916275024,-0.3195423483848572,-0.07142527147703959,0.0863579511642456,-0.28839755058288574,-0.0501740996497233,-0.15991582169801255,-0.0036938049247766946,0.008581149515030445,0.12866742174099127,-0.019676190349790096,-0.029310101834695595,-0.06128639009979278,0.10308828186578783,0.16662262072894285,0.19049136226305452,-0.18008488764320785,-0.11895947281580904,0.2507335747924902,0.09560659561063771,0.24528919706491076,0.28134347133800913,0.3942419398328875,0.16524777705541302,d_minor
0.0,0.0,0.0,-0.009972751140594482,-0.24049445986747742,-0.0753545652218861,0.014705121517181396,-0.37777817249298096,-0.09487355901680417,0.006039261817932129,-0.3702329397201538,-0.08520222111425824,0.0017281174659729004,-0.33475640416145325,-0.0719823877402348,0.0465887188911438,-0.22261008620262146,-0.07600238575420803,0.07138824462890625,-0.39516639709472656,-0.10873637004576153,0.0772063136100769,-0.49489277601242065,-0.1130934472271008,0.0919656753540039,-0.5624523162841797,-0.11436140938482708,0.0936959981918335,-0.1918237805366516,-0.07081319047890133,0.12962818145751953,-0.3229265511035919,-0.09175596787414975,0.10867494344711304,-0.318835973739624,-0.07026718213043637,0.08506578207015991,-0.2856196463108063,-0.0491382743307156,0.194376383745692,0.04399648083744628,-0.05277781505537851,0.15779590985192743,0.034626477141952605,-0.1445969074616132,0.14734191677507086,0.14295216705598335,0.1124418267445309,0.19928368567070287,0.09036822285299179,-0.09488715248760902,0.24856433116307924,0.09940543662808417,0.4693439882122677,0.284496033431403,0.6618693665213561,0.3956078451116087,d_minor
0.0,0.0,0.0,-0.009667158126831055,-0.238917738199234,-0.07703601489828316,0.014290452003479004,-0.3768352270126343,-0.0953459806279966,0.006512701511383057,-0.373398095369339,-0.08433961789177147,0.00266951322555542,-0.34135282039642334,-0.07051341901586738,0.04711049795150757,-0.22169533371925354,-0.07751373122499672,0.07179909944534302,-0.3944311738014221,-0.1094247467355558,0.07809090614318848,-0.4941199719905853,-0.11259788940714088,0.093325674533844,-0.5613053739070892,-0.11320355455444542,0.09436720609664917,-0.19167691469192505,-0.07195984493063179,0.1296190619468689,-0.3236244022846222,-0.09239259283111778,0.10859626531600952,-0.3185192942619324,-0.07026316146419731,0.08531147241592407,-0.2837221026420593,-0.048908378137809905,-0.17198252742586298,-0.13133729571920555,-0.1923091339114904,-0.0025080301109186853,-0.09686173811730076,-0.11443400703646862,0.11684753080399213,0.19470465900964973,-0.10804094849289268,-0.13596068420685561,0.1246136482960356,-0.11605305767667239,0.24170253008878279,0.10304256809226107,0.4882795718389479,0.285044855474061,0.7232325068694737,0.46926310400568505,d_minor
0.0,0.0,0.0,-0.011308729648590088,-0.240308940410614,-0.07711881082531136,0.01347041130065918,-0.3788292706012726,-0.09437123369451683,0.005638062953948975,-0.37319403886795044,-0.08169491272445839,0.0016475319862365723,-0.3388316333293915,-0.06657711844917458,0.0463680624961853,-0.2227020263671875,-0.07754990886922997,0.07214468717575073,-0.3951038122177124,-0.10979099255081337,0.0785626769065857,-0.4948410391807556,-0.11241876017328423,0.09374511241912842,-0.561761349439621,-0.11232472639557045,0.09413498640060425,-0.19267237186431885,-0.07146160732980888,0.1293199062347412,-0.32434409856796265,-0.0909385649489991,0.10839337110519409,-0.3220275044441223,-0.06763933282371681,0.0849652886390686,-0.28886041045188904,-0.04542780350919884,-0.1215379125719967,-0.08059773943270354,0.013324300213644058,0.14746338095663614,-0.06823058130334034,-0.019215987775001414,0.01471693771659402,-0.10860799953431442,0.12026125518352176,0.012829712499807577,-0.11073121036825442,0.17412592113936215,0.2455045137658321,0.09942969984850523,0.33180234686217697,0.28111777976083235,0.5403975034805603,0.2917831236970959,d_minor
0.0,0.0,0.0,-0.009809494018554688,-0.23796680569648743,-0.07819473612261163,0.013590455055236816,-0.3770909905433655,-0.09557421374273645,0.006070911884307861,-0.37652862071990967,-0.0831526951785122,0.0022104978561401367,-0.3452996015548706,-0.06840269136381494,0.04741334915161133,-0.2212148904800415,-0.07936503606987344,0.07359445095062256,-0.3956127166748047,-0.1111823679800068,0.08097964525222778,-0.4954379200935364,-0.113576321482185,0.09699481725692749,-0.5618811845779419,-0.1134399460549389,0.09487408399581909,-0.1913989782333374,-0.07406341898393975,0.13087379932403564,-0.3231852650642395,-0.09429171550226556,0.11015808582305908,-0.31864166259765625,-0.0716497735972439,0.08737504482269287,-0.2841712236404419,-0.04986369106126176,-0.09066769807844288,0.18176989741601152,-0.1377307718630453,0.02947522093821614,-0.18590340106860742,0.10268781054006121,-0.04857769065310952,0.062080980572878974,-0.1673964312744347,0.18782530674037695,-0.11669776518120134,-0.19507868341626874,0.24066575082292696,0.1064583166252663,0.32055961042061887,0.2850566656379312,0.4616311711350626,0.24336188775626935,d_minor
0.0,0.0,0.0,-0.008832275867462158,-0.23900529742240906,-0.07777558224591985,0.014498770236968994,-0.3783527612686157,-0.09455475168618932,0.005822241306304932,-0.377826064825058,-0.08232025759610906,0.000855565071105957,-0.3464127779006958,-0.0679098214426972,0.0485306978225708,-0.2219376564025879,-0.07789804743919149,0.07634967565536499,-0.3945409655570984,-0.1072430904427506,0.08457183837890625,-0.49351271986961365,-0.10914795803222432,0.10099148750305176,-0.5593416690826416,-0.10934185939225927,0.09567666053771973,-0.19180196523666382,-0.07210414814147725,0.13090354204177856,-0.3221515417098999,-0.09153751986417547,0.10979992151260376,-0.31727901101112366,-0.07068218993339315,0.08695375919342041,-0.2828403413295746,-0.05065369563493505,0.10902345076219361,0.0766095336710555,-0.0040766676688862025,0.029811310446463984,0.08556279189226268,0.171445886791182,0.08503140872069714,-0.1804842437641177,-0.012133823425019286,-0.07611495963622575,0.16008717460498562,-0.03950271730743768,0.2389195040801892,0.1084072303889657,0.5131019656241156,0.2830094391191052,0.7441922201388281,0.47212343274864316,d_minor
0.0,0.0,0.0,-0.008733093738555908,-0.2370624542236328,-0.07723137882868514,0.014630138874053955,-0.37707486748695374,-0.094087102984588,0.006812691688537598,-0.38093578815460205,-0.08212925640265212,0.002769768238067627,-0.35134953260421753,-0.06776808348814711,0.048591792583465576,-0.21992409229278564,-0.07755352703253493,0.07750380039215088,-0.3941551148891449,-0.1074327319614099,0.08624625205993652,-0.49294134974479675,-0.10895535496393904,0.10362374782562256,-0.557494580745697,-0.10842708644787535,0.09576374292373657,-0.19077038764953613,-0.07166111615816817,0.13063377141952515,-0.32455363869667053,-0.09052007791916594,0.10912352800369263,-0.31863662600517273,-0.06774974015871749,0.08709114789962769,-0.2822401821613312,-0.04604924244205222,-0.05786694137346035,-0.1937678129678262,-0.14091923806266166,0.05662068228633088,0.02508875136109312,-0.14988088463562074,-0.009741807455025814,0.14407003269447838,0.18673873169635075,0.08002324852724801,-0.01712609297377385,-0.1599949909605255,0.23306750222538328,0.11116611643415528,0.3552171311706605,0.28271771473179524,0.5433363000204141,0.2886504271479973,d_minor
0.0,0.0,0.0,-0.007913649082183838,-0.23663797974586487,-0.07955479309134716,0.015990018844604492,-0.3782632648944855,-0.09560426756911511,0.006826996803283691,-0.379209041595459,-0.08230611369185681,0.001307845115661621,-0.3472631871700287,-0.06705014839940304,0.04956012964248657,-0.21931666135787964,-0.07938488260083432,0.07855856418609619,-0.39412254095077515,-0.10903101846747631,0.08667558431625366,-0.4926419258117676,-0.11023379549556012,0.10314381122589111,-0.5572753846645355,-0.1097009895759129,0.09670448303222656,-0.1900719404220581,-0.07260770783000225,0.13068872690200806,-0.32420626282691956,-0.09049348965459103,0.10963839292526245,-0.3188953399658203,-0.06729613676839108,0.08765411376953125,-0.2831208109855652,-0.045754153879215664,-0.00659055536682826,-0.02008032571625376,0.06964634191870755,-0.1914506005178238,0.11960686285960964,-0.15397906273403153,-0.06227131713199388,-0.04236112508228146,0.08401838660054028,0.16121210183358153,0.1920222352565067,-0.1623898558237932,0.2372652130910459,0.10965145651398941,0.5705153792581278,0.2819394594447679,0.7533889873232318,0.4947479954161825,d_minor
0.0,0.0,0.0,-0.007665693759918213,-0.23652026057243347,-0.08238857543381073,0.01750171184539795,-0.37936896085739136,-0.0986293137660823,0.007701218128204346,-0.3775947391986847,-0.08431338077696182,0.0016531944274902344,-0.34328246116638184,-0.06809585100324966,0.05015385150909424,-0.21885061264038086,-0.0820602283469043,0.07990843057632446,-0.39348599314689636,-0.1133264408102832,0.08815580606460571,-0.4919484257698059,-0.11451024120958664,0.10483330488204956,-0.5565520524978638,-0.11367567187460281,0.09762412309646606,-0.189214289188385,-0.07447506791265823,0.13236969709396362,-0.3231676518917084,-0.09193560039909698,0.11122268438339233,-0.3179892301559448,-0.06676433539303162,0.08908909559249878,-0.2821599841117859,-0.04381333595426895,-0.05331123191109008,-0.16250934621745952,0.1704474914590709,-0.06999774713268031,-0.18816447263194408,0.03615023160327718,0.12876328367567497,-0.10914397103866401,0.1130556710081358,-0.0013700858947407468,0.1339205619893727,-0.05008753184675885,0.24126245843640287,0.10941039507711653,0.4775522642515062,0.283583556116339,0.7014806078014759,0.4258465097817253,d_minor
0.0,0.0,0.0,-0.00815051794052124,-0.23662903904914856,-0.08368959658392328,0.017641127109527588,-0.3795815706253052,-0.10028588407286065,0.007740437984466553,-0.3808063268661499,-0.08585271619804757,0.0012900233268737793,-0.3478713631629944,-0.06937941544302362,0.04976654052734375,-0.21899092197418213,-0.08335300915487664,0.0800774097442627,-0.3940126895904541,-0.11628767483480829,0.08842873573303223,-0.493396520614624,-0.11789021276482003,0.10486996173858643,-0.5574896931648254,-0.11678188674696344,0.09748560190200806,-0.18936026096343994,-0.0752337613011207,0.13227152824401855,-0.32252243161201477,-0.09282488756426233,0.11189806461334229,-0.31883615255355835,-0.0667377599383201,0.09036052227020264,-0.2838371992111206,-0.04276483141430276,0.13384989285898535,0.1904317779773942,-0.07592374547947328,0.1724532391642139,-0.10629814413805493,0.19037950809794107,0.11109648643383613,-0.0032367837575448255,-0.1313134764009622,-0.14837704091304227,-0.002736782598852988,-0.10113964050605113,0.2385699943409723,0.11288163720486535,0.37752724499754337,0.2838568931008851,0.6100241929636178,0.3733907961248675,d_minor
0.0,0.0,0.0,-0.008778989315032959,-0.23719868063926697,-0.08376590434428977,0.016760587692260742,-0.37894579768180847,-0.10017687354203986,0.008346855640411377,-0.3866005539894104,-0.08548608694192694,0.002716362476348877,-0.3590325117111206,-0.06887879494544791,0.04871934652328491,-0.2196885347366333,-0.0834717926752262,0.07990890741348267,-0.39440253376960754,-0.11704512957450675,0.0886145830154419,-0.49401673674583435,-0.11827406559106635,0.1052255630493164,-0.5567471981048584,-0.11636508528110312,0.09688389301300049,-0.19017452001571655,-0.07505141470548438,0.13231724500656128,-0.323009729385376,-0.09268715504524039,0.11197984218597412,-0.3240194320678711,-0.06665833566304968,0.09013903141021729,-0.2917260229587555,-0.04235375571963118,0.17517426270127623,0.06652485526852181,-0.09970782159112393,-0.13475786404093015,-0.1524554080696063,-0.0042524785994480785,0.04502593592632009,-0.16118306535803378,0.19059353298730758,0.19737456842589374,0.11771484606234084,-0.10286766881433373,0.22771513166174337,0.11347450893317022,0.5160766453099261,0.27557486027607037,0.680861710235909,0.4275549313267528,d_minor
0.0,0.0,0.0,-0.00909346342086792,-0.240696519613266,-0.08230486530965209,0.017548978328704834,-0.37914174795150757,-0.09785117972796797,0.01064974069595337,-0.3911305069923401,-0.082883924433645,0.006059825420379639,-0.3682934641838074,-0.06646303106253981,0.04866307973861694,-0.22295045852661133,-0.08277843911355376,0.08146637678146362,-0.395516037940979,-0.11624989677375197,0.0912742018699646,-0.4949396103620529,-0.11758487690394759,0.10850006341934204,-0.5570965111255646,-0.11566764135068297,0.0975223183631897,-0.19314539432525635,-0.07485816646521926,0.1341930627822876,-0.32364892959594727,-0.09219103325312972,0.11391323804855347,-0.3266260027885437,-0.06631824392979979,0.09150725603103638,-0.29556018114089966,-0.04219907540982604,-0.09640316028670544,0.008653277031886258,-0.05317727734162486,0.05818510027892232,0.17712875741033995,-0.001045546513812473,-0.16926483740521037,0.18876453917563973,-0.033368169607818826,-0.14840344896778662,-0.11613632965313805,0.04350831301987804,0.22036716309237972,0.11480476211411958,0.3154929795553707,0.2721904435982087,0.5345860835925472,0.3116020238817052,d_minor
0.0,0.0,0.0,-0.005671799182891846,-0.2405613362789154,-0.08072947694654431,0.018979549407958984,-0.380210280418396,-0.09603906406755414,0.011173129081726074,-0.3875194787979126,-0.08195952309961285,0.006923258304595947,-0.3603475093841553,-0.06632828696365323,0.05197310447692871,-0.22238004207611084,-0.0806447191416737,0.08275806903839111,-0.39449477195739746,-0.11176528765554394,0.09224480390548706,-0.49374571442604065,-0.11316665245885815,0.10993105173110962,-0.5569713115692139,-0.11223989709014859,0.09968096017837524,-0.1927645206451416,-0.07291915996665921,0.1342981457710266,-0.32360905408859253,-0.08962511255140271,0.11277472972869873,-0.3243268132209778,-0.06535167230958905,0.09009373188018799,-0.2916543185710907,-0.043107341813993116,0.05774612128009865,-0.19605997595971153,0.05399275121329139,0.19042850959928476,0.17421706953429744,0.00471599489894764,-0.18725156914626184,0.11567576583171457,0.13438458424949645,-0.1079916144492946,0.01240487231828502,-0.12524221601162122,0.22667024735662966,0.11034171664656969,0.39448779078794516,0.27489259035384095,0.6097938893682049,0.37206979661648576,d_minor
0.0,0.0,0.0,-0.0065735578536987305,-0.23661261796951294,-0.07977038128939284,0.016474127769470215,-0.3755834698677063,-0.09658675147858276,0.009525537490844727,-0.39073577523231506,-0.08466889961329116,0.006232917308807373,-0.37034061551094055,-0.07052732511129989,0.0511283278465271,-0.2198973298072815,-0.07940024389591827,0.08208823204040527,-0.3935786783695221,-0.11109514786568297,0.09037363529205322,-0.49352240562438965,-0.11260354770985259,0.10728919506072998,-0.5568994879722595,-0.11128383381930007,0.09899735450744629,-0.19125968217849731,-0.07181997104254378,0.13384419679641724,-0.3244568109512329,-0.08940541251268996,0.11142212152481079,-0.3244204819202423,-0.06437697513666762,0.08895516395568848,-0.29122021794319153,-0.04099030299749984,0.00769636820288136,0.09948921213849343,0.1669684655478596,0.1527245962397728,0.09002019392946614,0.13454142724189355,-0.12919035082585978,-0.14903695863246136,-0.04270542782947312,0.004622686540859761,0.1699584509050645,-0.07507296376736172,0.2160501728052484,0.11821777817628451,0.5403205870998478,0.2754320092057828,0.7349653749603247,0.4700631437506301,d_minor
0.0,0.0,0.0,-0.006236135959625244,-0.23828890919685364,-0.07688921473589971,0.01567208766937256,-0.3770714998245239,-0.09366182766524389,0.010018706321716309,-0.39398622512817383,-0.082625811618243,0.007986843585968018,-0.37556886672973633,-0.06918848089543417,0.051461994647979736,-0.22158467769622803,-0.07709783844319418,0.08197134733200073,-0.3949747085571289,-0.10705633990136221,0.09032332897186279,-0.49451079964637756,-0.10852898440924719,0.1069025993347168,-0.5575929284095764,-0.10749083541003301,0.09910696744918823,-0.19291353225708008,-0.07064408592549398,0.13390368223190308,-0.32563748955726624,-0.08837263069716528,0.11151617765426636,-0.3258092701435089,-0.0651840620454891,0.08882886171340942,-0.2929110825061798,-0.04317043132749632,-0.06409229374073236,0.11919298733359313,0.03561423016246418,0.15914709214337258,-0.18817900352294217,0.04637268318331014,-0.14332589780637706,-0.18141811465487293,-0.1439365002345664,-0.1636168031515752,-0.13855261379247175,0.10881904824686589,0.21067547585595806,0.11851025310489074,0.3425072205974521,0.27298398107539945,0.5436593585726301,0.33265019536150947,d_minor
0.0,0.0,0.0,-0.006034374237060547,-0.23836973309516907,-0.07591917868973042,0.016431212425231934,-0.3784012198448181,-0.09232855346323277,0.010401129722595215,-0.3935025930404663,-0.08084783461214329,0.007928431034088135,-0.3727183938026428,-0.06701020654560352,0.05238509178161621,-0.2215922474861145,-0.0759925967109325,0.08367353677749634,-0.39483505487442017,-0.10481220986963535,0.09172487258911133,-0.4937704801559448,-0.10596213992954517,0.10766482353210449,-0.557020366191864,-0.10502200331808353,0.10046035051345825,-0.19298428297042847,-0.06964045521141315,0.13579809665679932,-0.3267591893672943,-0.08733381834150578,0.11300188302993774,-0.32655856013298035,-0.06482290979744221,0.08987003564834595,-0.2932751774787903,-0.04342947658420826,0.03658587972714464,-0.10171888107833911,-0.17830210057813622,-0.19486761571578226,0.12057842095104548,-0.16357648217716983,-0.03657555675319327,-0.07670232900821294,-0.16918138693258042,0.05461819630381226,0.16331126312465222,-0.024697065292337367,0.21297760846846775,0.11654055951534656,0.539720417632365,0.2714255301083264,0.7267349561724167,0.4583282373505931,d_minor
0.0,0.0,0.0,-0.006119251251220703,-0.23763731122016907,-0.0749830765025763,0.014624595642089844,-0.37739628553390503,-0.0903786954777388,0.0098038911819458,-0.39448243379592896,-0.07898660873343033,0.008969247341156006,-0.3768536150455475,-0.06568592165876908,0.05247163772583008,-0.2209952473640442,-0.07454887901712937,0.08209306001663208,-0.3940501809120178,-0.10059400026966614,0.09011930227279663,-0.49099133908748627,-0.10049864028860611,0.10618031024932861,-0.5531043708324432,-0.09923642252852005,0.10055786371231079,-0.1926097869873047,-0.06822537754942459,0.13456594944000244,-0.3276776671409607,-0.08532989149261994,0.11135303974151611,-0.3261159658432007,-0.06390452509094757,0.088431715965271,-0.29200279712677,-0.043644671638503496,0.1183294501777406,-0.0715518184036825,0.12095474291794223,-0.1900025960685306,0.019751440200005632,-0.19745592520908334,0.1331915589048578,0.08923741445140926,0.1602681650099691,-0.01647803030428069,0.07539640514888796,0.1977325994630798,0.20405870668952064,0.11832058960206311,0.5239913758598066,0.2675434304139364,0.7058674761873847,0.45194160651524307,d_minor
0.0,0.0,0.0,-0.007385730743408203,-0.23845797777175903,-0.07244441222766795,0.013441205024719238,-0.37230199575424194,-0.08845829528192439,0.011948049068450928,-0.4005212187767029,-0.07910577517370143,0.01253664493560791,-0.3957064151763916,-0.06735647779325404,0.05101662874221802,-0.22133880853652954,-0.07286332857231059,0.08283698558807373,-0.38885751366615295,-0.09766058188299098,0.09147006273269653,-0.4838898777961731,-0.09680537443975368,0.10680848360061646,-0.542377769947052,-0.09468851548055568,0.09936195611953735,-0.19277292490005493,-0.06753984403232494,0.1351190209388733,-0.32588812708854675,-0.08340062510589519,0.11237996816635132,-0.3321748375892639,-0.06173923548678317,0.08919292688369751,-0.30325832962989807,-0.04127388384560504,0.1073976259372022,-0.020200020788582906,0.13779811269106296,-0.10140554508230624,-0.08004126153952176,-0.00399688665649256,0.06223130697753809,0.05616217088591846,-0.09426902515255514,-0.09563981643519154,-0.03058992328978985,0.028933821138786342,0.17648429437114907,0.12289481596208494,0.3927900471125875,0.24564514537994314,0.5640874012816558,0.33680903292224224,d_minor
0.0,0.0,0.0,-0.006459593772888184,-0.2313241958618164,-0.07077732229092248,0.014226377010345459,-0.36826062202453613,-0.08840859973290094,0.01360708475112915,-0.40896207094192505,-0.08242899471380838,0.013341844081878662,-0.41606414318084717,-0.07317672961809762,0.052344560623168945,-0.21424555778503418,-0.07111150318243631,0.08448201417922974,-0.38195163011550903,-0.09228373610832818,0.09132838249206543,-0.47481679916381836,-0.09005285346367486,0.10396891832351685,-0.5303277969360352,-0.08759177768089899,0.10012394189834595,-0.18767696619033813,-0.06660238200285562,0.13627386093139648,-0.3235538899898529,-0.08078053140499719,0.11315906047821045,-0.3318900763988495,-0.061190488873506865,0.09038311243057251,-0.30450910329818726,-0.04281652265646585,-0.021960535091033823,0.09247335760117747,0.01804021763366284,0.12643298747300497,0.124654354542447,0.02169887643727758,0.16176913400761422,-0.031111093573755466,0.11008118121349902,-0.04080687062630878,0.031388442418972595,-0.1192500820778045,0.14655116091569442,0.13893029230067291,0.45306583789929367,0.2306154374289978,0.5809366668221794,0.36861912847693024,d_minor
0.0,0.0,0.0,-0.006944894790649414,-0.23236572742462158,-0.07033665998991978,0.01429659128189087,-0.37327051162719727,-0.08785379453715336,0.011887013912200928,-0.4078179597854614,-0.08099581076916706,0.010300397872924805,-0.4073193669319153,-0.07086233570393574,0.05223184823989868,-0.2150501012802124,-0.06950358077105534,0.08248430490493774,-0.38133305311203003,-0.09036908819493306,0.08906656503677368,-0.47093117237091064,-0.08766475095566761,0.1013106107711792,-0.5241609811782837,-0.08490720912035954,0.09943914413452148,-0.18793433904647827,-0.06446999087151539,0.1347629427909851,-0.3237381875514984,-0.0797616965990926,0.11245256662368774,-0.33062824606895447,-0.06052430867370617,0.08947926759719849,-0.30267807841300964,-0.04220662041720402,-0.1562748518698247,-0.11491063602306695,0.1545581276372363,0.08199741986046549,0.1932475961877086,-0.00810330032613965,0.13307518576296834,0.04150950419294483,-0.022840420786428922,-0.04254115943297654,0.1982318557122874,0.020694785631144047,0.14876854553556043,0.13431397057754113,0.6147090530418177,0.22587163871152216,0.7441078711296991,0.521820603408392,d_minor
0.0,0.0,0.0,-0.006207883358001709,-0.23093503713607788,-0.06924970921011209,0.015250563621520996,-0.3665789067745209,-0.087204915544703,0.013488709926605225,-0.4054807424545288,-0.08142467316122293,0.011971116065979004,-0.4108298122882843,-0.0722430693718934,0.05269646644592285,-0.21372538805007935,-0.06875458832712411,0.08311212062835693,-0.37825319170951843,-0.09027042712898492,0.08897185325622559,-0.46872711181640625,-0.08806664224596261,0.10038137435913086,-0.5222611129283905,-0.08540297027559518,0.09978944063186646,-0.18688130378723145,-0.06429255481691598,0.13623905181884766,-0.3205763101577759,-0.08109615471096276,0.11434394121170044,-0.33040788769721985,-0.0632650974008584,0.09198296070098877,-0.30493539571762085,-0.04541799899072885,0.03023589078610059,0.09854510081332457,-0.08716192656306188,0.1389067838668116,0.11553827773341258,0.1815986144545979,0.07469353927599937,0.14520491588233075,-0.05393362396079035,-0.07333153221933228,0.14682085466321682,-0.011289796167181121,0.142851291648353,0.13540719014768962,0.5674205756494117,0.22113298858786373,0.6952263054895281,0.48226271424983935,d_minor
0.0,0.0,0.0,-0.0055086612701416016,-0.2339383363723755,-0.07159571036183365,0.01615983247756958,-0.3752061426639557,-0.08912896051489838,0.013322710990905762,-0.40876275300979614,-0.08162370755755433,0.011346578598022461,-0.40743714570999146,-0.07101118251168259,0.05348235368728638,-0.21631640195846558,-0.07052851899945267,0.08431988954544067,-0.38188084959983826,-0.09234292491757401,0.09032714366912842,-0.4719374179840088,-0.090082239950533,0.10195207595825195,-0.525104433298111,-0.08757900133215912,0.10036158561706543,-0.1889311671257019,-0.06518192275845536,0.13722658157348633,-0.32371100783348083,-0.0814336432465268,0.11429280042648315,-0.3330160081386566,-0.06293970033013352,0.09021204710006714,-0.3068789541721344,-0.04500320985400208,0.1817714663186913,-0.10559098858748964,0.07830448946198831,-0.13723458868598587,-0.09842078790266569,0.011495232123386406,0.0766212804613226,-0.052404615236939706,0.02384686035633843,-0.15217777745711306,0.10456659891495768,0.03494354018689591,0.14943038292364746,0.13041520865747985,0.5478270281716205,0.22264969354873262,0.6899850464941069,0.4841815290220245,d_minor
0.0,0.0,0.0,-0.006089568138122559,-0.2345108985900879,-0.07227179499992076,0.015580356121063232,-0.37559038400650024,-0.08955691846736613,0.012548446655273438,-0.4095267355442047,-0.0814979160083169,0.010522067546844482,-0.408802330493927,-0.07044033798106852,0.052881062030792236,-0.2171267867088318,-0.07093646469243708,0.08346998691558838,-0.3822127878665924,-0.09371265115865413,0.08903712034225464,-0.47345396876335144,-0.09169001224168483,0.10014992952346802,-0.5275194644927979,-0.08905768486388865,0.09971511363983154,-0.19012999534606934,-0.06506800743468943,0.1364755630493164,-0.3232550621032715,-0.08154647889264766,0.11347788572311401,-0.3336482644081116,-0.06281270923742,0.08933085203170776,-0.3079017996788025,-0.04446641820200625,0.08301603535042995,0.13810146874328127,-0.015572502496524171,0.01927697976413914,0.04188401649593318,-0.14608610110253273,-0.19452572623825615,0.19855875949695173,0.06192512241477832,0.07136255401105063,-0.06420083856220696,0.04631257278480727,0.14991169785030717,0.13063837927441033,0.36889428730609686,0.22435987207750907,0.48354727667414077,0.26067957992043705,d_minor
